INSERT INTO user (id, first_name, last_name, username, email, password, birthdate, gender, orientation, bio, country, state, city, zip, file_1, file_2, file_3, file_4, file_5, score, token, token_date, active, register, created_at, updated_at) VALUES ("1","Ena","Batz","stuarthayes","franecki.christa@blick.com","$2y$10$p58pkYK1t2cINZpmcsCsP.D08xijS0yr9ThUQt61lRo3GvvK5SpqC","1955-10-03 13:56:33","2","1","Veritatis aut cum velit rerum at eum. Et illo dolores ut ut repellat dolores.","Bangladesh","","North Shanna","67684","../fixtures/female7.jpg","../fixtures/female4.jpg","../fixtures/female8.jpg","../fixtures/female10.jpg","","37","36e3e479a5ead7dd35365bd948089022","1984-06-28 11:53:26","1","1","1974-08-06 19:52:44","2013-04-08 16:46:21");
INSERT INTO user_tag (user_id, tag_id) VALUES ("1","6");
INSERT INTO user_tag (user_id, tag_id) VALUES ("1","44");
INSERT INTO user_tag (user_id, tag_id) VALUES ("1","38");
INSERT INTO user_tag (user_id, tag_id) VALUES ("1","28");
INSERT INTO user_tag (user_id, tag_id) VALUES ("1","30");
INSERT INTO user_tag (user_id, tag_id) VALUES ("1","42");
INSERT INTO user_tag (user_id, tag_id) VALUES ("1","29");
INSERT INTO user_tag (user_id, tag_id) VALUES ("1","34");
INSERT INTO user_tag (user_id, tag_id) VALUES ("1","27");
INSERT INTO user_tag (user_id, tag_id) VALUES ("1","7");
INSERT INTO user_tag (user_id, tag_id) VALUES ("1","11");
INSERT INTO user_tag (user_id, tag_id) VALUES ("1","48");
INSERT INTO user_tag (user_id, tag_id) VALUES ("1","7");


INSERT INTO likes (like_id, liked_id, like_date) VALUES ("1","451","2017-12-15 01:46:34");
INSERT INTO likes (like_id, liked_id, like_date) VALUES ("1","484","2017-10-11 20:32:54");
INSERT INTO likes (like_id, liked_id, like_date) VALUES ("1","343","2017-06-20 11:51:06");
INSERT INTO likes (like_id, liked_id, like_date) VALUES ("1","61","2017-03-08 11:28:10");
INSERT INTO likes (like_id, liked_id, like_date) VALUES ("1","114","2018-01-29 01:59:31");
INSERT INTO likes (like_id, liked_id, like_date) VALUES ("1","86","2017-04-06 11:09:41");
INSERT INTO likes (like_id, liked_id, like_date) VALUES ("1","312","2017-11-07 11:36:42");
INSERT INTO likes (like_id, liked_id, like_date) VALUES ("1","77","2017-11-05 21:12:37");
INSERT INTO likes (like_id, liked_id, like_date) VALUES ("1","331","2017-09-13 13:43:25");
INSERT INTO likes (like_id, liked_id, like_date) VALUES ("1","471","2017-05-06 09:48:51");
INSERT INTO likes (like_id, liked_id, like_date) VALUES ("1","482","2017-09-22 05:00:22");
INSERT INTO likes (like_id, liked_id, like_date) VALUES ("1","311","2017-06-30 02:08:31");
INSERT INTO likes (like_id, liked_id, like_date) VALUES ("1","421","2017-07-24 02:35:54");
INSERT INTO likes (like_id, liked_id, like_date) VALUES ("1","285","2017-10-16 18:38:30");
INSERT INTO likes (like_id, liked_id, like_date) VALUES ("1","230","2017-10-06 13:32:30");
INSERT INTO likes (like_id, liked_id, like_date) VALUES ("1","198","2018-02-10 21:18:53");
INSERT INTO likes (like_id, liked_id, like_date) VALUES ("1","413","2017-03-22 22:46:44");
INSERT INTO likes (like_id, liked_id, like_date) VALUES ("1","352","2017-11-10 17:06:16");


INSERT INTO user (id, first_name, last_name, username, email, password, birthdate, gender, orientation, bio, country, state, city, zip, file_1, file_2, file_3, file_4, file_5, score, token, token_date, active, register, created_at, updated_at) VALUES ("2","Harmony","Auer","tabithaebert","fausto.hirthe@hotmail.com","$2y$10$LLJmb5LzcuMS.N8xPM4uVeBmSXg.mxataHEeBp3HngaG0g8mRQG4W","1966-06-04 23:37:52","1","1","Aut tempora incidunt velit dolorum. Quaerat maiores dolorem iure distinctio amet et harum. Iste ullam sed deserunt reprehenderit. Voluptatem qui ut voluptatum doloremque eveniet voluptatem.","Chad","","West Candidoburgh","43572-0123","../fixtures/male4.jpg","../fixtures/male9.jpg","","","","19","934ed806d840061ce65dafe0f6d461bd","2005-04-22 14:43:27","0","0","2004-04-28 03:14:55","1997-07-14 17:25:21");
INSERT INTO user_tag (user_id, tag_id) VALUES ("2","48");
INSERT INTO user_tag (user_id, tag_id) VALUES ("2","41");
INSERT INTO user_tag (user_id, tag_id) VALUES ("2","25");
INSERT INTO user_tag (user_id, tag_id) VALUES ("2","47");
INSERT INTO user_tag (user_id, tag_id) VALUES ("2","23");
INSERT INTO user_tag (user_id, tag_id) VALUES ("2","36");
INSERT INTO user_tag (user_id, tag_id) VALUES ("2","37");
INSERT INTO user_tag (user_id, tag_id) VALUES ("2","13");
INSERT INTO user_tag (user_id, tag_id) VALUES ("2","50");
INSERT INTO user_tag (user_id, tag_id) VALUES ("2","47");


INSERT INTO likes (like_id, liked_id, like_date) VALUES ("2","322","2017-10-08 04:20:08");
INSERT INTO likes (like_id, liked_id, like_date) VALUES ("2","327","2017-03-28 22:49:09");
INSERT INTO likes (like_id, liked_id, like_date) VALUES ("2","274","2017-03-03 20:13:46");
INSERT INTO likes (like_id, liked_id, like_date) VALUES ("2","205","2017-11-18 03:08:32");
INSERT INTO likes (like_id, liked_id, like_date) VALUES ("2","393","2017-03-01 19:27:03");
INSERT INTO likes (like_id, liked_id, like_date) VALUES ("2","384","2017-04-23 08:26:52");
INSERT INTO likes (like_id, liked_id, like_date) VALUES ("2","482","2017-09-23 15:30:43");


INSERT INTO user (id, first_name, last_name, username, email, password, birthdate, gender, orientation, bio, country, state, city, zip, file_1, file_2, file_3, file_4, file_5, score, token, token_date, active, register, created_at, updated_at) VALUES ("3","Valentina","Conn","juliusbruen","summer24@stokes.info","$2y$10$1CjQNIHd8QI/C/aF2B2u0O4zv9JQu6Cdp4/KcqvHPDc.U790xHKMS","1966-10-30 12:26:48","2","2","At sint quo aliquid eligendi ad rerum. Architecto repellendus vel et perspiciatis atque vel est. Aspernatur ea aut officia eligendi. Maxime possimus impedit ipsa assumenda iure est.","South Africa","","North Elmiraport","98998","../fixtures/female5.jpg","","","","","14","cfa5f73ead6911cb5c732d5e94c2d354","1979-10-26 13:46:59","0","0","1994-11-04 07:00:48","1972-01-07 23:52:21");
INSERT INTO user_tag (user_id, tag_id) VALUES ("3","38");
INSERT INTO user_tag (user_id, tag_id) VALUES ("3","25");
INSERT INTO user_tag (user_id, tag_id) VALUES ("3","42");
INSERT INTO user_tag (user_id, tag_id) VALUES ("3","15");
INSERT INTO user_tag (user_id, tag_id) VALUES ("3","7");
INSERT INTO user_tag (user_id, tag_id) VALUES ("3","13");
INSERT INTO user_tag (user_id, tag_id) VALUES ("3","4");
INSERT INTO user_tag (user_id, tag_id) VALUES ("3","33");
INSERT INTO user_tag (user_id, tag_id) VALUES ("3","46");
INSERT INTO user_tag (user_id, tag_id) VALUES ("3","14");
INSERT INTO user_tag (user_id, tag_id) VALUES ("3","49");
INSERT INTO user_tag (user_id, tag_id) VALUES ("3","39");
INSERT INTO user_tag (user_id, tag_id) VALUES ("3","49");
INSERT INTO user_tag (user_id, tag_id) VALUES ("3","36");
INSERT INTO user_tag (user_id, tag_id) VALUES ("3","38");


INSERT INTO likes (like_id, liked_id, like_date) VALUES ("3","93","2017-02-24 01:56:03");
INSERT INTO likes (like_id, liked_id, like_date) VALUES ("3","62","2017-08-20 06:17:45");
INSERT INTO likes (like_id, liked_id, like_date) VALUES ("3","308","2017-10-08 14:02:48");
INSERT INTO likes (like_id, liked_id, like_date) VALUES ("3","297","2017-11-11 22:03:37");
INSERT INTO likes (like_id, liked_id, like_date) VALUES ("3","359","2018-01-15 03:27:59");
INSERT INTO likes (like_id, liked_id, like_date) VALUES ("3","203","2017-11-07 07:46:48");
INSERT INTO likes (like_id, liked_id, like_date) VALUES ("3","209","2017-11-07 04:31:44");
INSERT INTO likes (like_id, liked_id, like_date) VALUES ("3","7","2017-05-02 15:07:16");
INSERT INTO likes (like_id, liked_id, like_date) VALUES ("3","115","2017-09-08 05:33:23");
INSERT INTO likes (like_id, liked_id, like_date) VALUES ("3","426","2017-06-01 16:26:09");
INSERT INTO likes (like_id, liked_id, like_date) VALUES ("3","369","2017-06-29 15:46:35");
INSERT INTO likes (like_id, liked_id, like_date) VALUES ("3","120","2017-11-02 21:41:37");
INSERT INTO likes (like_id, liked_id, like_date) VALUES ("3","119","2017-03-21 01:36:49");


INSERT INTO user (id, first_name, last_name, username, email, password, birthdate, gender, orientation, bio, country, state, city, zip, file_1, file_2, file_3, file_4, file_5, score, token, token_date, active, register, created_at, updated_at) VALUES ("4","Alda","Hettinger","lurlinestiedemann","roel12@gmail.com","$2y$10$bBBrmfKN/dak/BPKJowLr.xqm2AJ0Q2IEOq9XU6NkWzxLEhWlFaXe","1974-01-20 19:19:40","1","1","Nemo quia qui in labore in. Quos facere quibusdam incidunt.","Tokelau","","Miltonton","38802","../fixtures/male6.jpg","../fixtures/male9.jpg","../fixtures/male7.jpg","","","68","2516caf1aed49f5773777893d42fa327","1971-10-03 11:46:30","0","0","1989-03-28 08:47:18","1982-12-21 19:05:01");
INSERT INTO user_tag (user_id, tag_id) VALUES ("4","12");
INSERT INTO user_tag (user_id, tag_id) VALUES ("4","12");
INSERT INTO user_tag (user_id, tag_id) VALUES ("4","20");
INSERT INTO user_tag (user_id, tag_id) VALUES ("4","34");
INSERT INTO user_tag (user_id, tag_id) VALUES ("4","3");
INSERT INTO user_tag (user_id, tag_id) VALUES ("4","27");
INSERT INTO user_tag (user_id, tag_id) VALUES ("4","46");
INSERT INTO user_tag (user_id, tag_id) VALUES ("4","31");


INSERT INTO likes (like_id, liked_id, like_date) VALUES ("4","347","2017-04-07 16:23:08");
INSERT INTO likes (like_id, liked_id, like_date) VALUES ("4","229","2017-03-22 19:39:34");
INSERT INTO likes (like_id, liked_id, like_date) VALUES ("4","355","2018-01-05 09:30:04");
INSERT INTO likes (like_id, liked_id, like_date) VALUES ("4","375","2017-04-25 17:40:58");
INSERT INTO likes (like_id, liked_id, like_date) VALUES ("4","296","2017-06-01 04:03:51");
INSERT INTO likes (like_id, liked_id, like_date) VALUES ("4","441","2017-09-07 21:22:39");
INSERT INTO likes (like_id, liked_id, like_date) VALUES ("4","419","2017-03-19 08:27:25");
INSERT INTO likes (like_id, liked_id, like_date) VALUES ("4","1","2017-06-15 13:15:25");


INSERT INTO user (id, first_name, last_name, username, email, password, birthdate, gender, orientation, bio, country, state, city, zip, file_1, file_2, file_3, file_4, file_5, score, token, token_date, active, register, created_at, updated_at) VALUES ("5","Jensen","Hessel","demondpfeffer","jarrod88@daugherty.com","$2y$10$HNIHQ.S7Kvjcg8wkahOgROwK5hDq9IGrNRVA0PDzvvvmvmNtPg9qi","1986-07-04 06:04:35","2","3","Doloremque sint est qui consectetur natus nostrum. Veritatis rerum quibusdam consequuntur natus ea. Rerum labore ut quia aut eaque labore. Amet delectus totam id expedita error tempore.","South Africa","","West Dax","90665","../fixtures/female8.jpg","","","","","86","f0c37217915c19717044c6c998ad8e24","2002-12-19 19:31:44","1","0","1992-04-11 14:53:47","1987-12-11 18:18:25");
INSERT INTO user_tag (user_id, tag_id) VALUES ("5","45");
INSERT INTO user_tag (user_id, tag_id) VALUES ("5","3");
INSERT INTO user_tag (user_id, tag_id) VALUES ("5","46");
INSERT INTO user_tag (user_id, tag_id) VALUES ("5","35");
INSERT INTO user_tag (user_id, tag_id) VALUES ("5","20");
INSERT INTO user_tag (user_id, tag_id) VALUES ("5","27");
INSERT INTO user_tag (user_id, tag_id) VALUES ("5","29");
INSERT INTO user_tag (user_id, tag_id) VALUES ("5","40");
INSERT INTO user_tag (user_id, tag_id) VALUES ("5","9");
INSERT INTO user_tag (user_id, tag_id) VALUES ("5","14");
INSERT INTO user_tag (user_id, tag_id) VALUES ("5","28");


INSERT INTO likes (like_id, liked_id, like_date) VALUES ("5","226","2017-03-25 04:34:51");
INSERT INTO likes (like_id, liked_id, like_date) VALUES ("5","341","2017-05-25 14:08:28");
INSERT INTO likes (like_id, liked_id, like_date) VALUES ("5","269","2017-08-30 00:35:57");
INSERT INTO likes (like_id, liked_id, like_date) VALUES ("5","110","2018-02-04 17:27:54");
INSERT INTO likes (like_id, liked_id, like_date) VALUES ("5","433","2017-09-19 09:59:22");
INSERT INTO likes (like_id, liked_id, like_date) VALUES ("5","465","2017-03-20 07:45:38");
INSERT INTO likes (like_id, liked_id, like_date) VALUES ("5","212","2017-03-31 13:51:44");
INSERT INTO likes (like_id, liked_id, like_date) VALUES ("5","1","2017-05-02 06:56:14");
INSERT INTO likes (like_id, liked_id, like_date) VALUES ("5","387","2017-10-08 11:16:10");
INSERT INTO likes (like_id, liked_id, like_date) VALUES ("5","413","2018-02-07 22:57:20");
INSERT INTO likes (like_id, liked_id, like_date) VALUES ("5","500","2017-11-10 09:19:55");
INSERT INTO likes (like_id, liked_id, like_date) VALUES ("5","346","2017-03-29 01:28:27");
INSERT INTO likes (like_id, liked_id, like_date) VALUES ("5","470","2017-06-05 16:55:57");
INSERT INTO likes (like_id, liked_id, like_date) VALUES ("5","28","2017-11-08 10:56:09");
INSERT INTO likes (like_id, liked_id, like_date) VALUES ("5","307","2017-03-24 14:21:09");
INSERT INTO likes (like_id, liked_id, like_date) VALUES ("5","225","2018-01-18 08:16:22");
INSERT INTO likes (like_id, liked_id, like_date) VALUES ("5","393","2017-12-30 04:08:50");
INSERT INTO likes (like_id, liked_id, like_date) VALUES ("5","147","2017-11-28 11:07:36");


INSERT INTO user (id, first_name, last_name, username, email, password, birthdate, gender, orientation, bio, country, state, city, zip, file_1, file_2, file_3, file_4, file_5, score, token, token_date, active, register, created_at, updated_at) VALUES ("6","Lilla","Spencer","christ20","wschultz@jaskolski.com","$2y$10$GwpggLnuy6h4sU7KZAVxduegl9sPRLXZ..7y79BrJs2l/ipxYhyUK","1964-04-17 00:09:23","1","1","Et sit est magni doloremque natus. Enim optio vel quia molestiae sit id.","Botswana","","Connerside","85840-4730","../fixtures/male4.jpg","../fixtures/male6.jpg","../fixtures/male1.jpg","","","74","3787d50b49396d47cc821db8b8f6e64b","1998-01-03 14:28:13","0","0","1977-08-01 02:50:38","1982-08-15 11:27:06");
INSERT INTO user_tag (user_id, tag_id) VALUES ("6","33");
INSERT INTO user_tag (user_id, tag_id) VALUES ("6","45");
INSERT INTO user_tag (user_id, tag_id) VALUES ("6","35");
INSERT INTO user_tag (user_id, tag_id) VALUES ("6","34");
INSERT INTO user_tag (user_id, tag_id) VALUES ("6","31");
INSERT INTO user_tag (user_id, tag_id) VALUES ("6","7");
INSERT INTO user_tag (user_id, tag_id) VALUES ("6","30");
INSERT INTO user_tag (user_id, tag_id) VALUES ("6","2");
INSERT INTO user_tag (user_id, tag_id) VALUES ("6","8");
INSERT INTO user_tag (user_id, tag_id) VALUES ("6","15");
INSERT INTO user_tag (user_id, tag_id) VALUES ("6","43");
INSERT INTO user_tag (user_id, tag_id) VALUES ("6","46");
INSERT INTO user_tag (user_id, tag_id) VALUES ("6","20");
INSERT INTO user_tag (user_id, tag_id) VALUES ("6","43");


INSERT INTO likes (like_id, liked_id, like_date) VALUES ("6","454","2017-06-29 05:04:19");
INSERT INTO likes (like_id, liked_id, like_date) VALUES ("6","251","2017-07-08 04:56:24");
INSERT INTO likes (like_id, liked_id, like_date) VALUES ("6","258","2018-02-09 21:38:00");
INSERT INTO likes (like_id, liked_id, like_date) VALUES ("6","54","2017-04-21 02:55:52");
INSERT INTO likes (like_id, liked_id, like_date) VALUES ("6","165","2017-10-14 17:11:54");


INSERT INTO user (id, first_name, last_name, username, email, password, birthdate, gender, orientation, bio, country, state, city, zip, file_1, file_2, file_3, file_4, file_5, score, token, token_date, active, register, created_at, updated_at) VALUES ("7","Francisca","Terry","sophiabruen","dare.alexa@hotmail.com","$2y$10$qSnYx0HifKqxDo8pijIEXOSB8p7SPfJ77I4z6VIDgcNakfbxQ7fzS","1955-03-25 20:16:04","1","1","Voluptatum quisquam hic nam et quia in aperiam. Iste saepe minus voluptatem impedit distinctio illo autem architecto. Tempore illo voluptas adipisci ad voluptatem ratione. Possimus optio nihil ad dolores sunt. Et doloribus atque ut quo est.","Oman","","Laurianneland","18290-4164","../fixtures/male7.jpg","../fixtures/male6.jpg","","","","11","556caa1a55c4b734e6bec22094c2a08d","1999-03-16 15:16:18","1","0","1995-06-14 01:28:44","2015-09-10 04:18:52");
INSERT INTO user_tag (user_id, tag_id) VALUES ("7","12");
INSERT INTO user_tag (user_id, tag_id) VALUES ("7","41");
INSERT INTO user_tag (user_id, tag_id) VALUES ("7","44");
INSERT INTO user_tag (user_id, tag_id) VALUES ("7","39");
INSERT INTO user_tag (user_id, tag_id) VALUES ("7","19");
INSERT INTO user_tag (user_id, tag_id) VALUES ("7","7");
INSERT INTO user_tag (user_id, tag_id) VALUES ("7","10");
INSERT INTO user_tag (user_id, tag_id) VALUES ("7","42");
INSERT INTO user_tag (user_id, tag_id) VALUES ("7","24");
INSERT INTO user_tag (user_id, tag_id) VALUES ("7","26");


INSERT INTO likes (like_id, liked_id, like_date) VALUES ("7","225","2017-09-24 11:32:20");
INSERT INTO likes (like_id, liked_id, like_date) VALUES ("7","96","2017-02-16 15:03:02");
INSERT INTO likes (like_id, liked_id, like_date) VALUES ("7","328","2018-02-04 09:46:42");
INSERT INTO likes (like_id, liked_id, like_date) VALUES ("7","200","2017-09-02 21:16:13");
INSERT INTO likes (like_id, liked_id, like_date) VALUES ("7","31","2017-09-01 00:46:22");
INSERT INTO likes (like_id, liked_id, like_date) VALUES ("7","127","2017-09-20 11:42:22");
INSERT INTO likes (like_id, liked_id, like_date) VALUES ("7","188","2017-05-11 17:56:31");
INSERT INTO likes (like_id, liked_id, like_date) VALUES ("7","23","2017-12-24 05:48:13");
INSERT INTO likes (like_id, liked_id, like_date) VALUES ("7","317","2017-08-23 03:56:10");
INSERT INTO likes (like_id, liked_id, like_date) VALUES ("7","58","2017-05-03 02:32:02");
INSERT INTO likes (like_id, liked_id, like_date) VALUES ("7","124","2017-08-14 16:42:30");
INSERT INTO likes (like_id, liked_id, like_date) VALUES ("7","485","2017-05-18 20:37:31");
INSERT INTO likes (like_id, liked_id, like_date) VALUES ("7","452","2017-05-27 10:41:39");
INSERT INTO likes (like_id, liked_id, like_date) VALUES ("7","278","2017-09-16 07:31:09");


INSERT INTO user (id, first_name, last_name, username, email, password, birthdate, gender, orientation, bio, country, state, city, zip, file_1, file_2, file_3, file_4, file_5, score, token, token_date, active, register, created_at, updated_at) VALUES ("8","Alyce","Veum","harrisnorwood","erik.kertzmann@bergnaum.info","$2y$10$cjeb1XWkKQFIssjWAz0r7eNqXbtGDFTDgLoFFifT4PpA/yHqtH/MW","1971-09-05 16:30:14","1","1","Harum sit fuga suscipit harum quo non error. Hic commodi quia maiores. Pariatur officiis minima tempora consequatur aut illo.","Bahrain","","West Miguel","03425-1743","../fixtures/male6.jpg","","","","","74","5272601cd4b4d44ab856365f946ed3bc","1978-02-04 11:39:58","1","0","2016-04-20 17:04:31","1982-09-11 18:11:10");
INSERT INTO user_tag (user_id, tag_id) VALUES ("8","48");
INSERT INTO user_tag (user_id, tag_id) VALUES ("8","35");
INSERT INTO user_tag (user_id, tag_id) VALUES ("8","38");
INSERT INTO user_tag (user_id, tag_id) VALUES ("8","5");
INSERT INTO user_tag (user_id, tag_id) VALUES ("8","34");
INSERT INTO user_tag (user_id, tag_id) VALUES ("8","38");
INSERT INTO user_tag (user_id, tag_id) VALUES ("8","24");
INSERT INTO user_tag (user_id, tag_id) VALUES ("8","24");
INSERT INTO user_tag (user_id, tag_id) VALUES ("8","48");
INSERT INTO user_tag (user_id, tag_id) VALUES ("8","17");
INSERT INTO user_tag (user_id, tag_id) VALUES ("8","42");


INSERT INTO likes (like_id, liked_id, like_date) VALUES ("8","277","2017-05-21 22:47:09");
INSERT INTO likes (like_id, liked_id, like_date) VALUES ("8","452","2018-01-09 16:31:51");
INSERT INTO likes (like_id, liked_id, like_date) VALUES ("8","197","2017-12-25 14:26:22");
INSERT INTO likes (like_id, liked_id, like_date) VALUES ("8","363","2017-10-08 23:12:53");
INSERT INTO likes (like_id, liked_id, like_date) VALUES ("8","97","2017-04-29 21:31:17");
INSERT INTO likes (like_id, liked_id, like_date) VALUES ("8","48","2017-04-15 02:13:06");
INSERT INTO likes (like_id, liked_id, like_date) VALUES ("8","12","2017-06-05 05:45:59");
INSERT INTO likes (like_id, liked_id, like_date) VALUES ("8","117","2018-02-12 05:29:57");
INSERT INTO likes (like_id, liked_id, like_date) VALUES ("8","300","2017-04-16 09:59:59");
INSERT INTO likes (like_id, liked_id, like_date) VALUES ("8","333","2017-09-14 18:56:00");
INSERT INTO likes (like_id, liked_id, like_date) VALUES ("8","491","2017-09-25 12:44:04");
INSERT INTO likes (like_id, liked_id, like_date) VALUES ("8","12","2017-02-14 13:32:24");
INSERT INTO likes (like_id, liked_id, like_date) VALUES ("8","88","2017-08-17 02:44:31");
INSERT INTO likes (like_id, liked_id, like_date) VALUES ("8","354","2017-02-14 21:59:50");
INSERT INTO likes (like_id, liked_id, like_date) VALUES ("8","419","2017-06-14 00:48:12");
INSERT INTO likes (like_id, liked_id, like_date) VALUES ("8","240","2018-02-07 10:32:02");
INSERT INTO likes (like_id, liked_id, like_date) VALUES ("8","414","2017-10-18 12:16:32");


INSERT INTO user (id, first_name, last_name, username, email, password, birthdate, gender, orientation, bio, country, state, city, zip, file_1, file_2, file_3, file_4, file_5, score, token, token_date, active, register, created_at, updated_at) VALUES ("9","Morton","Schumm","chasekozey","aurelie21@yahoo.com","$2y$10$KFBhTp7gWsluJsKRDoGIceBr/rzzh4eNA6vZ2FhWNyhtEkt/BxkOe","1987-02-12 10:59:42","2","1","Tempore sunt libero consequatur qui et repudiandae rerum. Id est voluptatem sint culpa fugit. Rem tenetur aut culpa voluptatem a voluptate.","Turkey","","New Selmer","37462-0357","../fixtures/female9.jpg","../fixtures/female6.jpg","../fixtures/female5.jpg","../fixtures/female7.jpg","../fixtures/female9.jpg","56","b4ebffa25ff17a808115765ec6efdb49","1997-05-09 02:30:28","0","0","1971-08-14 08:13:34","2004-03-12 10:33:12");
INSERT INTO user_tag (user_id, tag_id) VALUES ("9","16");
INSERT INTO user_tag (user_id, tag_id) VALUES ("9","30");
INSERT INTO user_tag (user_id, tag_id) VALUES ("9","9");
INSERT INTO user_tag (user_id, tag_id) VALUES ("9","21");
INSERT INTO user_tag (user_id, tag_id) VALUES ("9","36");
INSERT INTO user_tag (user_id, tag_id) VALUES ("9","28");
INSERT INTO user_tag (user_id, tag_id) VALUES ("9","17");


INSERT INTO likes (like_id, liked_id, like_date) VALUES ("9","18","2018-02-12 08:17:13");
INSERT INTO likes (like_id, liked_id, like_date) VALUES ("9","30","2017-06-03 06:10:50");
INSERT INTO likes (like_id, liked_id, like_date) VALUES ("9","35","2017-03-31 07:46:13");
INSERT INTO likes (like_id, liked_id, like_date) VALUES ("9","319","2018-02-04 10:33:12");
INSERT INTO likes (like_id, liked_id, like_date) VALUES ("9","227","2018-01-07 01:20:11");
INSERT INTO likes (like_id, liked_id, like_date) VALUES ("9","109","2017-05-09 13:40:27");
INSERT INTO likes (like_id, liked_id, like_date) VALUES ("9","422","2017-12-11 06:50:00");
INSERT INTO likes (like_id, liked_id, like_date) VALUES ("9","286","2017-03-05 21:02:39");
INSERT INTO likes (like_id, liked_id, like_date) VALUES ("9","207","2018-02-12 23:35:02");
INSERT INTO likes (like_id, liked_id, like_date) VALUES ("9","452","2017-07-17 00:07:11");
INSERT INTO likes (like_id, liked_id, like_date) VALUES ("9","368","2018-01-17 04:25:04");
INSERT INTO likes (like_id, liked_id, like_date) VALUES ("9","232","2017-12-09 23:09:31");
INSERT INTO likes (like_id, liked_id, like_date) VALUES ("9","103","2017-08-31 11:12:30");
INSERT INTO likes (like_id, liked_id, like_date) VALUES ("9","359","2017-05-04 03:15:45");
INSERT INTO likes (like_id, liked_id, like_date) VALUES ("9","255","2018-01-19 09:30:12");
INSERT INTO likes (like_id, liked_id, like_date) VALUES ("9","303","2017-03-25 23:17:51");
INSERT INTO likes (like_id, liked_id, like_date) VALUES ("9","250","2017-04-28 15:37:45");
INSERT INTO likes (like_id, liked_id, like_date) VALUES ("9","249","2017-06-25 10:37:22");


INSERT INTO user (id, first_name, last_name, username, email, password, birthdate, gender, orientation, bio, country, state, city, zip, file_1, file_2, file_3, file_4, file_5, score, token, token_date, active, register, created_at, updated_at) VALUES ("10","Britney","Mitchell","friesenrosie","madge.hahn@west.org","$2y$10$rnWkBazOdzf718QZmPeODuzE7ApjaY6Hr6spIPkJ5R6Sh5QewNs36","1990-07-01 15:20:09","1","2","Voluptatem dolorum laborum culpa porro ullam quia dolore quasi. Omnis nihil commodi laborum qui voluptas. Accusamus qui qui necessitatibus reprehenderit ab temporibus.","Montenegro","","Port Rosemarie","22915-9039","../fixtures/male10.jpg","../fixtures/male8.jpg","","","","49","c4bc1e4f6b92a8706744e26938ab3148","1979-02-10 00:56:16","0","0","1989-07-14 05:34:09","1972-04-16 11:20:34");
INSERT INTO user_tag (user_id, tag_id) VALUES ("10","43");
INSERT INTO user_tag (user_id, tag_id) VALUES ("10","18");
INSERT INTO user_tag (user_id, tag_id) VALUES ("10","41");
INSERT INTO user_tag (user_id, tag_id) VALUES ("10","23");
INSERT INTO user_tag (user_id, tag_id) VALUES ("10","41");
INSERT INTO user_tag (user_id, tag_id) VALUES ("10","22");
INSERT INTO user_tag (user_id, tag_id) VALUES ("10","42");
INSERT INTO user_tag (user_id, tag_id) VALUES ("10","5");


INSERT INTO likes (like_id, liked_id, like_date) VALUES ("10","120","2017-03-29 18:18:10");
INSERT INTO likes (like_id, liked_id, like_date) VALUES ("10","36","2017-06-18 08:05:43");
INSERT INTO likes (like_id, liked_id, like_date) VALUES ("10","441","2017-06-19 00:34:49");
INSERT INTO likes (like_id, liked_id, like_date) VALUES ("10","103","2017-02-22 22:55:19");
INSERT INTO likes (like_id, liked_id, like_date) VALUES ("10","475","2017-12-06 11:30:12");
INSERT INTO likes (like_id, liked_id, like_date) VALUES ("10","202","2017-07-27 01:29:10");
INSERT INTO likes (like_id, liked_id, like_date) VALUES ("10","93","2017-10-24 20:22:41");
INSERT INTO likes (like_id, liked_id, like_date) VALUES ("10","66","2017-03-28 20:34:40");
INSERT INTO likes (like_id, liked_id, like_date) VALUES ("10","106","2018-01-10 02:17:23");
INSERT INTO likes (like_id, liked_id, like_date) VALUES ("10","352","2017-05-30 07:56:07");
INSERT INTO likes (like_id, liked_id, like_date) VALUES ("10","303","2017-05-28 23:45:01");
INSERT INTO likes (like_id, liked_id, like_date) VALUES ("10","180","2017-06-21 10:20:56");
INSERT INTO likes (like_id, liked_id, like_date) VALUES ("10","193","2018-01-14 12:27:18");
INSERT INTO likes (like_id, liked_id, like_date) VALUES ("10","244","2017-11-04 04:17:22");
INSERT INTO likes (like_id, liked_id, like_date) VALUES ("10","343","2017-12-24 09:03:48");
INSERT INTO likes (like_id, liked_id, like_date) VALUES ("10","460","2017-05-26 12:05:51");
INSERT INTO likes (like_id, liked_id, like_date) VALUES ("10","228","2017-10-23 03:20:09");
INSERT INTO likes (like_id, liked_id, like_date) VALUES ("10","50","2017-05-08 12:34:38");
INSERT INTO likes (like_id, liked_id, like_date) VALUES ("10","469","2017-05-17 16:15:21");


INSERT INTO user (id, first_name, last_name, username, email, password, birthdate, gender, orientation, bio, country, state, city, zip, file_1, file_2, file_3, file_4, file_5, score, token, token_date, active, register, created_at, updated_at) VALUES ("11","Esther","Lubowitz","bobbieoconnell","zemlak.myriam@toy.biz","$2y$10$QZ/VK9eafk.YRugzLV5biOc5zVJIqHT1c/5HA9HKYUtEOuezOKI5i","1958-07-03 16:43:26","2","1","Rerum ex expedita soluta non veniam. Aut enim ut est et. Omnis perferendis ratione dignissimos nobis perspiciatis eveniet dolorem. Occaecati ut quo eos molestias rerum.","Kyrgyz Republic","","South Natalie","91145-3663","../fixtures/female1.jpg","","","","","86","7da4e76c61b6f5eed4f88b87777c425f","1970-07-22 22:12:55","0","0","2000-07-29 02:12:20","1980-08-28 03:45:17");
INSERT INTO user_tag (user_id, tag_id) VALUES ("11","4");
INSERT INTO user_tag (user_id, tag_id) VALUES ("11","10");
INSERT INTO user_tag (user_id, tag_id) VALUES ("11","14");
INSERT INTO user_tag (user_id, tag_id) VALUES ("11","21");
INSERT INTO user_tag (user_id, tag_id) VALUES ("11","24");
INSERT INTO user_tag (user_id, tag_id) VALUES ("11","2");
INSERT INTO user_tag (user_id, tag_id) VALUES ("11","38");


INSERT INTO likes (like_id, liked_id, like_date) VALUES ("11","246","2017-10-20 19:36:58");
INSERT INTO likes (like_id, liked_id, like_date) VALUES ("11","130","2017-06-26 17:26:26");
INSERT INTO likes (like_id, liked_id, like_date) VALUES ("11","76","2017-11-21 20:00:19");
INSERT INTO likes (like_id, liked_id, like_date) VALUES ("11","117","2018-02-01 03:10:01");


INSERT INTO user (id, first_name, last_name, username, email, password, birthdate, gender, orientation, bio, country, state, city, zip, file_1, file_2, file_3, file_4, file_5, score, token, token_date, active, register, created_at, updated_at) VALUES ("12","Tomasa","Marvin","hesselcicero","kayla.douglas@yahoo.com","$2y$10$UhvJT0ezYCzq/7Xb85to6.9lgBoFx.EgoH7IUdUog7jSZ4jTsTRN6","1957-08-23 21:34:31","2","1","Voluptas autem rerum dolorem quasi occaecati laboriosam. Ut molestiae distinctio qui sint iste labore blanditiis.","United Kingdom","","Lake Israel","18279","../fixtures/female6.jpg","../fixtures/female1.jpg","../fixtures/female4.jpg","","","84","02cb808b875735549344cd6c0ad77d61","1987-09-02 06:51:34","1","0","1989-02-06 09:45:15","1999-09-10 03:51:21");
INSERT INTO user_tag (user_id, tag_id) VALUES ("12","46");
INSERT INTO user_tag (user_id, tag_id) VALUES ("12","4");
INSERT INTO user_tag (user_id, tag_id) VALUES ("12","50");
INSERT INTO user_tag (user_id, tag_id) VALUES ("12","22");
INSERT INTO user_tag (user_id, tag_id) VALUES ("12","19");
INSERT INTO user_tag (user_id, tag_id) VALUES ("12","47");
INSERT INTO user_tag (user_id, tag_id) VALUES ("12","29");
INSERT INTO user_tag (user_id, tag_id) VALUES ("12","35");
INSERT INTO user_tag (user_id, tag_id) VALUES ("12","8");
INSERT INTO user_tag (user_id, tag_id) VALUES ("12","19");


INSERT INTO likes (like_id, liked_id, like_date) VALUES ("12","219","2017-05-05 21:34:16");


INSERT INTO user (id, first_name, last_name, username, email, password, birthdate, gender, orientation, bio, country, state, city, zip, file_1, file_2, file_3, file_4, file_5, score, token, token_date, active, register, created_at, updated_at) VALUES ("13","Bennett","Willms","jlegros","koelpin.lonny@sauer.biz","$2y$10$O77FKxRCBwSv4oKD3Jw1/.nCU3z0z0lXq.CIAP/1bEl/ubFUtlBiy","1951-07-10 03:18:15","1","3","Quo suscipit voluptatem maxime voluptatibus qui autem. Qui delectus fuga ullam eligendi sapiente ad. Qui totam vel soluta fugit repudiandae. Earum et sint enim ipsam.","Romania","","Lake Orlando","43841","../fixtures/male3.jpg","../fixtures/male3.jpg","../fixtures/male10.jpg","","","35","3e27e39b1b358176f15f6a177e55f7c9","1988-03-13 22:22:31","1","0","1995-12-02 23:33:05","2017-10-18 23:02:11");
INSERT INTO user_tag (user_id, tag_id) VALUES ("13","43");
INSERT INTO user_tag (user_id, tag_id) VALUES ("13","3");
INSERT INTO user_tag (user_id, tag_id) VALUES ("13","6");
INSERT INTO user_tag (user_id, tag_id) VALUES ("13","18");
INSERT INTO user_tag (user_id, tag_id) VALUES ("13","44");
INSERT INTO user_tag (user_id, tag_id) VALUES ("13","40");
INSERT INTO user_tag (user_id, tag_id) VALUES ("13","5");
INSERT INTO user_tag (user_id, tag_id) VALUES ("13","45");


INSERT INTO likes (like_id, liked_id, like_date) VALUES ("13","85","2017-02-24 10:11:30");
INSERT INTO likes (like_id, liked_id, like_date) VALUES ("13","346","2017-06-24 15:56:37");
INSERT INTO likes (like_id, liked_id, like_date) VALUES ("13","49","2017-12-11 13:00:47");
INSERT INTO likes (like_id, liked_id, like_date) VALUES ("13","352","2017-02-27 20:09:58");
INSERT INTO likes (like_id, liked_id, like_date) VALUES ("13","468","2017-06-14 12:16:51");
INSERT INTO likes (like_id, liked_id, like_date) VALUES ("13","207","2017-03-18 21:12:48");
INSERT INTO likes (like_id, liked_id, like_date) VALUES ("13","386","2017-05-18 15:10:10");
INSERT INTO likes (like_id, liked_id, like_date) VALUES ("13","148","2017-04-09 13:46:24");
INSERT INTO likes (like_id, liked_id, like_date) VALUES ("13","492","2018-01-21 14:19:56");
INSERT INTO likes (like_id, liked_id, like_date) VALUES ("13","286","2017-05-22 11:03:03");
INSERT INTO likes (like_id, liked_id, like_date) VALUES ("13","361","2017-10-02 11:21:32");
INSERT INTO likes (like_id, liked_id, like_date) VALUES ("13","283","2017-04-26 21:48:57");
INSERT INTO likes (like_id, liked_id, like_date) VALUES ("13","407","2017-04-22 12:26:58");
INSERT INTO likes (like_id, liked_id, like_date) VALUES ("13","97","2017-03-13 03:12:41");
INSERT INTO likes (like_id, liked_id, like_date) VALUES ("13","233","2017-03-17 01:48:41");
INSERT INTO likes (like_id, liked_id, like_date) VALUES ("13","484","2017-11-26 06:56:14");
INSERT INTO likes (like_id, liked_id, like_date) VALUES ("13","385","2017-08-27 21:24:41");


INSERT INTO user (id, first_name, last_name, username, email, password, birthdate, gender, orientation, bio, country, state, city, zip, file_1, file_2, file_3, file_4, file_5, score, token, token_date, active, register, created_at, updated_at) VALUES ("14","Bertram","Mohr","myriam71","wilkinson.lora@hotmail.com","$2y$10$AnJ9s6zeYnNn7968nKvY4.9tQoCaIKnba7X85YD9kc/vyraZdILGS","1977-01-02 13:30:21","2","2","Placeat neque accusamus sit vel. Ea dolorem in aut voluptatem. Aspernatur amet dolore sapiente maiores error et aut.","Bolivia","","Gorczanyville","87645-9250","../fixtures/female10.jpg","","","","","88","e3c2d34bb01646b50db06b6bafd63790","1998-07-15 09:57:53","1","0","1992-02-01 22:12:20","1984-05-20 21:19:13");
INSERT INTO user_tag (user_id, tag_id) VALUES ("14","38");
INSERT INTO user_tag (user_id, tag_id) VALUES ("14","12");
INSERT INTO user_tag (user_id, tag_id) VALUES ("14","11");
INSERT INTO user_tag (user_id, tag_id) VALUES ("14","43");
INSERT INTO user_tag (user_id, tag_id) VALUES ("14","34");
INSERT INTO user_tag (user_id, tag_id) VALUES ("14","15");


INSERT INTO likes (like_id, liked_id, like_date) VALUES ("14","185","2017-10-28 18:41:38");
INSERT INTO likes (like_id, liked_id, like_date) VALUES ("14","146","2017-09-19 06:42:25");
INSERT INTO likes (like_id, liked_id, like_date) VALUES ("14","132","2017-08-11 02:08:59");
INSERT INTO likes (like_id, liked_id, like_date) VALUES ("14","473","2017-03-20 17:15:31");
INSERT INTO likes (like_id, liked_id, like_date) VALUES ("14","481","2017-03-07 07:34:11");
INSERT INTO likes (like_id, liked_id, like_date) VALUES ("14","340","2017-12-02 19:47:41");


INSERT INTO user (id, first_name, last_name, username, email, password, birthdate, gender, orientation, bio, country, state, city, zip, file_1, file_2, file_3, file_4, file_5, score, token, token_date, active, register, created_at, updated_at) VALUES ("15","Jan","Gaylord","koeppfabiola","edwin64@hand.com","$2y$10$Fip9UDeiDBvFK0FDK3T04Oz5cHIBoyxeodefyhnbOdBGKDaY3bhqS","1961-04-23 08:32:53","2","2","Vel illum optio aut ut consequuntur error. Minus inventore officia illum sit alias. Doloribus in omnis sed nisi numquam. Porro fuga consequatur velit reprehenderit ut.","Sierra Leone","","New Alexandrofort","72842","../fixtures/female7.jpg","../fixtures/female2.jpg","../fixtures/female2.jpg","../fixtures/female10.jpg","","41","2e4881082b8180d116d13a01d5e07023","2007-03-14 00:20:18","1","1","2012-01-17 13:16:54","1974-07-09 01:12:46");
INSERT INTO user_tag (user_id, tag_id) VALUES ("15","43");
INSERT INTO user_tag (user_id, tag_id) VALUES ("15","22");
INSERT INTO user_tag (user_id, tag_id) VALUES ("15","17");


INSERT INTO likes (like_id, liked_id, like_date) VALUES ("15","385","2017-07-03 06:40:31");
INSERT INTO likes (like_id, liked_id, like_date) VALUES ("15","22","2017-06-15 09:14:03");
INSERT INTO likes (like_id, liked_id, like_date) VALUES ("15","179","2017-05-10 00:06:47");
INSERT INTO likes (like_id, liked_id, like_date) VALUES ("15","138","2017-12-14 15:37:59");
INSERT INTO likes (like_id, liked_id, like_date) VALUES ("15","326","2017-08-31 19:37:14");
INSERT INTO likes (like_id, liked_id, like_date) VALUES ("15","4","2017-11-26 05:23:09");
INSERT INTO likes (like_id, liked_id, like_date) VALUES ("15","482","2018-01-22 00:36:11");
INSERT INTO likes (like_id, liked_id, like_date) VALUES ("15","253","2018-02-06 20:37:11");
INSERT INTO likes (like_id, liked_id, like_date) VALUES ("15","252","2018-01-11 06:15:48");
INSERT INTO likes (like_id, liked_id, like_date) VALUES ("15","437","2017-03-07 19:08:30");
INSERT INTO likes (like_id, liked_id, like_date) VALUES ("15","324","2017-12-13 02:50:56");
INSERT INTO likes (like_id, liked_id, like_date) VALUES ("15","73","2017-11-04 05:16:34");
INSERT INTO likes (like_id, liked_id, like_date) VALUES ("15","254","2017-08-28 05:06:09");
INSERT INTO likes (like_id, liked_id, like_date) VALUES ("15","273","2017-10-11 09:42:23");
INSERT INTO likes (like_id, liked_id, like_date) VALUES ("15","480","2017-12-05 12:35:38");
INSERT INTO likes (like_id, liked_id, like_date) VALUES ("15","142","2017-11-09 03:57:34");
INSERT INTO likes (like_id, liked_id, like_date) VALUES ("15","408","2017-05-16 19:53:31");


INSERT INTO user (id, first_name, last_name, username, email, password, birthdate, gender, orientation, bio, country, state, city, zip, file_1, file_2, file_3, file_4, file_5, score, token, token_date, active, register, created_at, updated_at) VALUES ("16","Kurt","Kessler","destineybode","toni13@jones.com","$2y$10$X2uXPtyYhy0d2Ei5vEfhueJeFGtFmsPj3muyi1bojvCBr6G.93z.q","1953-03-24 00:00:51","1","2","Alias cupiditate dolores sint consectetur quos. Nesciunt ut saepe harum in. Dolores et sint sit consequatur sit. Architecto ullam molestiae unde quia minus expedita.","France","","East Nicole","66900","../fixtures/male1.jpg","../fixtures/male2.jpg","../fixtures/male7.jpg","../fixtures/male8.jpg","","6","edb3ab96c092debe412690708bc5f4a5","1974-02-16 17:43:11","1","1","2008-11-09 07:29:07","1981-06-09 20:30:15");
INSERT INTO user_tag (user_id, tag_id) VALUES ("16","2");
INSERT INTO user_tag (user_id, tag_id) VALUES ("16","38");
INSERT INTO user_tag (user_id, tag_id) VALUES ("16","5");
INSERT INTO user_tag (user_id, tag_id) VALUES ("16","12");
INSERT INTO user_tag (user_id, tag_id) VALUES ("16","17");
INSERT INTO user_tag (user_id, tag_id) VALUES ("16","27");
INSERT INTO user_tag (user_id, tag_id) VALUES ("16","35");
INSERT INTO user_tag (user_id, tag_id) VALUES ("16","39");
INSERT INTO user_tag (user_id, tag_id) VALUES ("16","24");
INSERT INTO user_tag (user_id, tag_id) VALUES ("16","24");
INSERT INTO user_tag (user_id, tag_id) VALUES ("16","20");
INSERT INTO user_tag (user_id, tag_id) VALUES ("16","36");
INSERT INTO user_tag (user_id, tag_id) VALUES ("16","29");
INSERT INTO user_tag (user_id, tag_id) VALUES ("16","43");
INSERT INTO user_tag (user_id, tag_id) VALUES ("16","40");


INSERT INTO likes (like_id, liked_id, like_date) VALUES ("16","226","2017-08-16 04:53:43");
INSERT INTO likes (like_id, liked_id, like_date) VALUES ("16","36","2017-05-16 13:19:04");
INSERT INTO likes (like_id, liked_id, like_date) VALUES ("16","322","2017-08-10 21:29:16");
INSERT INTO likes (like_id, liked_id, like_date) VALUES ("16","334","2018-01-31 03:35:52");
INSERT INTO likes (like_id, liked_id, like_date) VALUES ("16","170","2017-06-20 19:48:20");
INSERT INTO likes (like_id, liked_id, like_date) VALUES ("16","321","2017-03-11 02:58:12");
INSERT INTO likes (like_id, liked_id, like_date) VALUES ("16","17","2017-05-12 23:09:54");
INSERT INTO likes (like_id, liked_id, like_date) VALUES ("16","54","2017-12-23 19:18:42");


INSERT INTO user (id, first_name, last_name, username, email, password, birthdate, gender, orientation, bio, country, state, city, zip, file_1, file_2, file_3, file_4, file_5, score, token, token_date, active, register, created_at, updated_at) VALUES ("17","Clementine","Doyle","jkunde","qschmeler@dach.com","$2y$10$u64KPYU1OKp8KHrLPBZ5W.XKMnxcwPjMGNYa5xuQFz6rSUhmt/r/i","1955-01-21 12:02:02","2","1","Fugiat laborum quaerat ipsam molestiae sed maiores. Quis sint dolores iure vel. Ut temporibus earum eum exercitationem architecto vitae.","United States Minor Outlying Islands","","West Enricoberg","33259-1191","../fixtures/female8.jpg","../fixtures/female7.jpg","../fixtures/female2.jpg","../fixtures/female4.jpg","","84","e1aa429cd1b54f8e2750a1d8da175715","2006-01-15 22:27:40","1","1","1989-10-17 04:06:00","1988-11-20 16:23:28");
INSERT INTO user_tag (user_id, tag_id) VALUES ("17","3");
INSERT INTO user_tag (user_id, tag_id) VALUES ("17","34");
INSERT INTO user_tag (user_id, tag_id) VALUES ("17","9");
INSERT INTO user_tag (user_id, tag_id) VALUES ("17","34");
INSERT INTO user_tag (user_id, tag_id) VALUES ("17","20");
INSERT INTO user_tag (user_id, tag_id) VALUES ("17","27");
INSERT INTO user_tag (user_id, tag_id) VALUES ("17","14");
INSERT INTO user_tag (user_id, tag_id) VALUES ("17","27");
INSERT INTO user_tag (user_id, tag_id) VALUES ("17","7");
INSERT INTO user_tag (user_id, tag_id) VALUES ("17","34");
INSERT INTO user_tag (user_id, tag_id) VALUES ("17","19");


INSERT INTO likes (like_id, liked_id, like_date) VALUES ("17","272","2017-05-04 21:28:11");
INSERT INTO likes (like_id, liked_id, like_date) VALUES ("17","442","2017-04-06 20:11:16");
INSERT INTO likes (like_id, liked_id, like_date) VALUES ("17","162","2017-06-19 01:59:43");
INSERT INTO likes (like_id, liked_id, like_date) VALUES ("17","434","2018-01-11 01:50:04");
INSERT INTO likes (like_id, liked_id, like_date) VALUES ("17","313","2018-01-14 12:03:03");
INSERT INTO likes (like_id, liked_id, like_date) VALUES ("17","280","2017-02-19 20:25:35");
INSERT INTO likes (like_id, liked_id, like_date) VALUES ("17","186","2017-05-15 21:54:38");
INSERT INTO likes (like_id, liked_id, like_date) VALUES ("17","182","2017-11-26 09:27:44");
INSERT INTO likes (like_id, liked_id, like_date) VALUES ("17","175","2017-04-15 07:57:50");
INSERT INTO likes (like_id, liked_id, like_date) VALUES ("17","470","2017-08-08 21:26:38");
INSERT INTO likes (like_id, liked_id, like_date) VALUES ("17","56","2017-04-24 20:38:44");
INSERT INTO likes (like_id, liked_id, like_date) VALUES ("17","58","2017-03-31 13:28:06");
INSERT INTO likes (like_id, liked_id, like_date) VALUES ("17","165","2017-09-20 10:23:53");
INSERT INTO likes (like_id, liked_id, like_date) VALUES ("17","268","2017-12-02 19:32:52");
INSERT INTO likes (like_id, liked_id, like_date) VALUES ("17","43","2017-11-24 11:58:08");
INSERT INTO likes (like_id, liked_id, like_date) VALUES ("17","317","2017-05-12 15:41:11");


INSERT INTO user (id, first_name, last_name, username, email, password, birthdate, gender, orientation, bio, country, state, city, zip, file_1, file_2, file_3, file_4, file_5, score, token, token_date, active, register, created_at, updated_at) VALUES ("18","Valentine","Kozey","harrissabrina","kristy.ohara@hotmail.com","$2y$10$NDP36R2v.Cd5xEMgXSKb9uTxc.S5O8Kay3/ZV/4cYcP9qLdVtyTv.","1966-07-31 19:07:58","1","3","Quae quis harum suscipit sint. Nam et sequi rerum dolor vel. In nihil repellendus velit tenetur. Veritatis ut est quisquam veniam corrupti omnis eum. In et aliquid at dolore et.","Seychelles","","East Lilianeshire","75777-5859","../fixtures/male4.jpg","../fixtures/male7.jpg","","","","74","433ecd7b33ffb69acb4f2f4d94035571","1983-11-18 20:06:15","1","0","1990-11-28 20:53:58","1996-12-11 02:20:32");
INSERT INTO user_tag (user_id, tag_id) VALUES ("18","40");


INSERT INTO likes (like_id, liked_id, like_date) VALUES ("18","475","2017-09-01 18:33:09");
INSERT INTO likes (like_id, liked_id, like_date) VALUES ("18","271","2017-10-07 01:08:48");
INSERT INTO likes (like_id, liked_id, like_date) VALUES ("18","217","2017-06-02 07:08:33");
INSERT INTO likes (like_id, liked_id, like_date) VALUES ("18","423","2017-08-09 11:51:44");
INSERT INTO likes (like_id, liked_id, like_date) VALUES ("18","124","2017-03-23 22:00:06");
INSERT INTO likes (like_id, liked_id, like_date) VALUES ("18","159","2017-06-12 10:12:02");
INSERT INTO likes (like_id, liked_id, like_date) VALUES ("18","19","2017-03-27 11:27:00");
INSERT INTO likes (like_id, liked_id, like_date) VALUES ("18","199","2017-04-11 16:26:26");
INSERT INTO likes (like_id, liked_id, like_date) VALUES ("18","250","2017-08-01 18:10:27");
INSERT INTO likes (like_id, liked_id, like_date) VALUES ("18","286","2017-06-15 01:08:35");
INSERT INTO likes (like_id, liked_id, like_date) VALUES ("18","22","2017-05-09 16:23:40");
INSERT INTO likes (like_id, liked_id, like_date) VALUES ("18","491","2017-09-13 15:09:21");
INSERT INTO likes (like_id, liked_id, like_date) VALUES ("18","3","2017-05-26 12:40:00");
INSERT INTO likes (like_id, liked_id, like_date) VALUES ("18","255","2017-07-22 14:33:33");
INSERT INTO likes (like_id, liked_id, like_date) VALUES ("18","282","2018-02-10 15:58:31");
INSERT INTO likes (like_id, liked_id, like_date) VALUES ("18","366","2017-12-02 21:45:19");
INSERT INTO likes (like_id, liked_id, like_date) VALUES ("18","309","2017-12-09 20:46:25");
INSERT INTO likes (like_id, liked_id, like_date) VALUES ("18","264","2018-02-05 15:55:39");


INSERT INTO user (id, first_name, last_name, username, email, password, birthdate, gender, orientation, bio, country, state, city, zip, file_1, file_2, file_3, file_4, file_5, score, token, token_date, active, register, created_at, updated_at) VALUES ("19","Yvette","Herman","tremblaykarina","cwiegand@gmail.com","$2y$10$8YxAD.hDsjOPs6fiYr01fOenhJcdmvH4Veiz02/dU5r0p6UryJHFG","1982-10-23 13:18:32","2","3","Doloribus minus earum dolores a omnis. Repudiandae rem animi pariatur aut. Quae velit aut incidunt sit illo. Quia explicabo qui aut totam.","Kyrgyz Republic","","Lake Dixieville","98759","../fixtures/female2.jpg","","","","","95","1ed9042250f164628680e21e2e67a9f2","1975-08-15 14:19:14","0","0","1994-02-04 09:36:15","1987-03-23 13:09:09");
INSERT INTO user_tag (user_id, tag_id) VALUES ("19","15");
INSERT INTO user_tag (user_id, tag_id) VALUES ("19","11");
INSERT INTO user_tag (user_id, tag_id) VALUES ("19","41");
INSERT INTO user_tag (user_id, tag_id) VALUES ("19","4");
INSERT INTO user_tag (user_id, tag_id) VALUES ("19","20");
INSERT INTO user_tag (user_id, tag_id) VALUES ("19","10");
INSERT INTO user_tag (user_id, tag_id) VALUES ("19","27");
INSERT INTO user_tag (user_id, tag_id) VALUES ("19","27");
INSERT INTO user_tag (user_id, tag_id) VALUES ("19","49");
INSERT INTO user_tag (user_id, tag_id) VALUES ("19","43");


INSERT INTO likes (like_id, liked_id, like_date) VALUES ("19","496","2018-01-12 08:36:30");
INSERT INTO likes (like_id, liked_id, like_date) VALUES ("19","123","2017-03-30 02:08:50");
INSERT INTO likes (like_id, liked_id, like_date) VALUES ("19","49","2017-06-14 18:55:29");
INSERT INTO likes (like_id, liked_id, like_date) VALUES ("19","432","2017-07-09 03:47:55");
INSERT INTO likes (like_id, liked_id, like_date) VALUES ("19","398","2017-03-13 03:20:26");
INSERT INTO likes (like_id, liked_id, like_date) VALUES ("19","256","2017-08-24 10:11:59");
INSERT INTO likes (like_id, liked_id, like_date) VALUES ("19","463","2017-11-23 16:25:40");
INSERT INTO likes (like_id, liked_id, like_date) VALUES ("19","320","2017-05-03 09:23:57");
INSERT INTO likes (like_id, liked_id, like_date) VALUES ("19","354","2017-09-07 23:25:56");
INSERT INTO likes (like_id, liked_id, like_date) VALUES ("19","245","2017-10-06 22:33:26");
INSERT INTO likes (like_id, liked_id, like_date) VALUES ("19","55","2017-08-16 12:34:26");


INSERT INTO user (id, first_name, last_name, username, email, password, birthdate, gender, orientation, bio, country, state, city, zip, file_1, file_2, file_3, file_4, file_5, score, token, token_date, active, register, created_at, updated_at) VALUES ("20","Bryce","Hilll","caroline61","hailee.schmidt@hotmail.com","$2y$10$HfsiFul/MTA412m14NmpsO25/iXlFrXDUvsxM.nzIltftheb/n3S6","1985-10-25 23:57:07","2","2","Et qui numquam voluptas aliquam quia sunt. Ab incidunt et ducimus perferendis maxime dignissimos delectus sint. Vel ex nihil dolores qui vel dolorem accusamus. Beatae voluptates quia voluptas velit.","Cambodia","","Fannieton","73775","../fixtures/female7.jpg","../fixtures/female3.jpg","../fixtures/female6.jpg","../fixtures/female8.jpg","../fixtures/female6.jpg","5","3c4af47b9d2a06a501e6a16b065f7549","2004-10-06 08:11:34","0","0","1995-11-08 21:14:23","1970-01-30 08:20:38");
INSERT INTO user_tag (user_id, tag_id) VALUES ("20","46");
INSERT INTO user_tag (user_id, tag_id) VALUES ("20","39");
INSERT INTO user_tag (user_id, tag_id) VALUES ("20","11");
INSERT INTO user_tag (user_id, tag_id) VALUES ("20","46");


INSERT INTO likes (like_id, liked_id, like_date) VALUES ("20","49","2017-04-18 08:18:13");
INSERT INTO likes (like_id, liked_id, like_date) VALUES ("20","386","2017-07-23 04:40:25");
INSERT INTO likes (like_id, liked_id, like_date) VALUES ("20","284","2017-05-12 05:52:00");
INSERT INTO likes (like_id, liked_id, like_date) VALUES ("20","261","2017-11-22 10:24:23");
INSERT INTO likes (like_id, liked_id, like_date) VALUES ("20","92","2017-07-30 15:06:03");
INSERT INTO likes (like_id, liked_id, like_date) VALUES ("20","207","2017-12-03 03:03:58");
INSERT INTO likes (like_id, liked_id, like_date) VALUES ("20","475","2017-04-14 05:46:18");
INSERT INTO likes (like_id, liked_id, like_date) VALUES ("20","316","2017-07-11 00:34:59");
INSERT INTO likes (like_id, liked_id, like_date) VALUES ("20","110","2017-10-13 00:13:08");
INSERT INTO likes (like_id, liked_id, like_date) VALUES ("20","238","2017-10-01 23:13:20");
INSERT INTO likes (like_id, liked_id, like_date) VALUES ("20","76","2017-06-26 17:13:34");


INSERT INTO user (id, first_name, last_name, username, email, password, birthdate, gender, orientation, bio, country, state, city, zip, file_1, file_2, file_3, file_4, file_5, score, token, token_date, active, register, created_at, updated_at) VALUES ("21","Ruthie","Toy","sporeredyth","pink59@hotmail.com","$2y$10$pYcmHxckcCl5Z50q5j0TjO.8jbE9t7U5trEvNOtXxTj2ZMWL2Bl12","1967-10-28 04:30:10","2","1","Necessitatibus velit architecto ipsa. Voluptates et sit maiores. Aut occaecati omnis aspernatur earum aperiam. Totam ratione quas amet voluptatem repudiandae architecto amet.","Switzerland","","Port Kobyton","86597-8242","../fixtures/female10.jpg","../fixtures/female2.jpg","../fixtures/female1.jpg","../fixtures/female7.jpg","","70","97f8b9e47ee6f7e37f2257f5867c1f7a","2001-08-21 15:00:10","1","1","1975-12-19 03:58:32","1993-02-26 07:15:38");
INSERT INTO user_tag (user_id, tag_id) VALUES ("21","19");
INSERT INTO user_tag (user_id, tag_id) VALUES ("21","3");
INSERT INTO user_tag (user_id, tag_id) VALUES ("21","39");
INSERT INTO user_tag (user_id, tag_id) VALUES ("21","39");
INSERT INTO user_tag (user_id, tag_id) VALUES ("21","19");
INSERT INTO user_tag (user_id, tag_id) VALUES ("21","23");
INSERT INTO user_tag (user_id, tag_id) VALUES ("21","24");
INSERT INTO user_tag (user_id, tag_id) VALUES ("21","32");
INSERT INTO user_tag (user_id, tag_id) VALUES ("21","48");
INSERT INTO user_tag (user_id, tag_id) VALUES ("21","1");
INSERT INTO user_tag (user_id, tag_id) VALUES ("21","24");
INSERT INTO user_tag (user_id, tag_id) VALUES ("21","44");
INSERT INTO user_tag (user_id, tag_id) VALUES ("21","31");
INSERT INTO user_tag (user_id, tag_id) VALUES ("21","25");
INSERT INTO user_tag (user_id, tag_id) VALUES ("21","29");


INSERT INTO likes (like_id, liked_id, like_date) VALUES ("21","220","2017-07-21 18:01:24");
INSERT INTO likes (like_id, liked_id, like_date) VALUES ("21","134","2018-01-09 10:20:40");
INSERT INTO likes (like_id, liked_id, like_date) VALUES ("21","129","2017-08-16 21:20:06");
INSERT INTO likes (like_id, liked_id, like_date) VALUES ("21","411","2017-04-18 23:42:24");
INSERT INTO likes (like_id, liked_id, like_date) VALUES ("21","80","2017-03-13 06:38:26");
INSERT INTO likes (like_id, liked_id, like_date) VALUES ("21","500","2017-11-27 20:13:30");
INSERT INTO likes (like_id, liked_id, like_date) VALUES ("21","455","2018-02-09 14:02:37");
INSERT INTO likes (like_id, liked_id, like_date) VALUES ("21","495","2017-07-26 09:51:19");
INSERT INTO likes (like_id, liked_id, like_date) VALUES ("21","149","2017-12-21 11:43:50");
INSERT INTO likes (like_id, liked_id, like_date) VALUES ("21","356","2017-11-21 04:56:14");
INSERT INTO likes (like_id, liked_id, like_date) VALUES ("21","335","2017-09-24 23:02:06");
INSERT INTO likes (like_id, liked_id, like_date) VALUES ("21","294","2017-06-22 02:27:01");
INSERT INTO likes (like_id, liked_id, like_date) VALUES ("21","292","2017-03-11 21:28:43");
INSERT INTO likes (like_id, liked_id, like_date) VALUES ("21","421","2017-09-18 09:35:53");
INSERT INTO likes (like_id, liked_id, like_date) VALUES ("21","154","2017-05-25 18:54:14");
INSERT INTO likes (like_id, liked_id, like_date) VALUES ("21","243","2018-01-11 12:22:40");
INSERT INTO likes (like_id, liked_id, like_date) VALUES ("21","341","2017-05-07 13:55:19");
INSERT INTO likes (like_id, liked_id, like_date) VALUES ("21","348","2017-04-15 09:28:18");
INSERT INTO likes (like_id, liked_id, like_date) VALUES ("21","238","2017-05-02 02:49:40");
INSERT INTO likes (like_id, liked_id, like_date) VALUES ("21","255","2017-10-18 03:09:34");


INSERT INTO user (id, first_name, last_name, username, email, password, birthdate, gender, orientation, bio, country, state, city, zip, file_1, file_2, file_3, file_4, file_5, score, token, token_date, active, register, created_at, updated_at) VALUES ("22","Domenic","Cruickshank","hermannstracke","jerde.olga@konopelski.org","$2y$10$QhHJvIdAsJVGbPcr2zaLTudJHJFK/Qu8YybgCKq5bsT9i0eqxVN..","1978-03-13 05:00:41","1","2","Voluptatum rerum quidem minima necessitatibus nemo culpa earum. Illo illo quasi aut. Maxime nulla quos id excepturi veritatis. Corporis rem ut ut sint quas corrupti.","Bouvet Island (Bouvetoya)","","Kiehnbury","72630-7020","../fixtures/male4.jpg","../fixtures/male2.jpg","../fixtures/male3.jpg","../fixtures/male5.jpg","../fixtures/male8.jpg","95","089c3bc22b6b827e1c841f97be302b2b","1984-12-22 08:15:17","1","0","1991-03-18 17:08:58","2012-02-09 00:29:43");
INSERT INTO user_tag (user_id, tag_id) VALUES ("22","31");


INSERT INTO likes (like_id, liked_id, like_date) VALUES ("22","145","2017-04-24 13:34:45");
INSERT INTO likes (like_id, liked_id, like_date) VALUES ("22","291","2017-07-31 18:12:13");
INSERT INTO likes (like_id, liked_id, like_date) VALUES ("22","322","2017-04-27 17:19:16");
INSERT INTO likes (like_id, liked_id, like_date) VALUES ("22","375","2017-06-04 04:41:58");
INSERT INTO likes (like_id, liked_id, like_date) VALUES ("22","375","2017-11-02 21:21:20");
INSERT INTO likes (like_id, liked_id, like_date) VALUES ("22","343","2017-03-30 19:33:13");


INSERT INTO user (id, first_name, last_name, username, email, password, birthdate, gender, orientation, bio, country, state, city, zip, file_1, file_2, file_3, file_4, file_5, score, token, token_date, active, register, created_at, updated_at) VALUES ("23","Clemens","Boehm","amina22","cremin.liliana@hotmail.com","$2y$10$Egh18UVmNpfFs9pWWGXyQuXEzYUDrzjxSq7ESCf2Goahg/bMBruUy","1958-12-05 01:54:57","1","2","Et debitis qui facilis. Repellat modi quisquam beatae. Accusamus dicta eos aut asperiores est ex. Vel hic voluptas at accusantium sunt accusantium. Maxime voluptatem eaque at debitis.","Iceland","","East Chaddbury","03004-4156","../fixtures/male9.jpg","../fixtures/male6.jpg","","","","19","17b152c9a5462b872dfd0c0cf497c601","1990-02-13 20:34:21","1","1","1995-12-02 08:55:42","2017-02-26 05:11:49");
INSERT INTO user_tag (user_id, tag_id) VALUES ("23","32");
INSERT INTO user_tag (user_id, tag_id) VALUES ("23","22");
INSERT INTO user_tag (user_id, tag_id) VALUES ("23","10");
INSERT INTO user_tag (user_id, tag_id) VALUES ("23","44");
INSERT INTO user_tag (user_id, tag_id) VALUES ("23","10");
INSERT INTO user_tag (user_id, tag_id) VALUES ("23","39");
INSERT INTO user_tag (user_id, tag_id) VALUES ("23","33");
INSERT INTO user_tag (user_id, tag_id) VALUES ("23","48");
INSERT INTO user_tag (user_id, tag_id) VALUES ("23","3");
INSERT INTO user_tag (user_id, tag_id) VALUES ("23","43");
INSERT INTO user_tag (user_id, tag_id) VALUES ("23","44");
INSERT INTO user_tag (user_id, tag_id) VALUES ("23","18");
INSERT INTO user_tag (user_id, tag_id) VALUES ("23","10");


INSERT INTO likes (like_id, liked_id, like_date) VALUES ("23","204","2017-11-15 18:14:16");
INSERT INTO likes (like_id, liked_id, like_date) VALUES ("23","253","2017-10-13 22:29:15");
INSERT INTO likes (like_id, liked_id, like_date) VALUES ("23","28","2017-07-06 13:50:40");
INSERT INTO likes (like_id, liked_id, like_date) VALUES ("23","143","2017-09-19 23:06:09");
INSERT INTO likes (like_id, liked_id, like_date) VALUES ("23","273","2017-06-15 15:22:24");
INSERT INTO likes (like_id, liked_id, like_date) VALUES ("23","167","2018-01-09 01:41:25");
INSERT INTO likes (like_id, liked_id, like_date) VALUES ("23","14","2017-10-03 12:32:34");
INSERT INTO likes (like_id, liked_id, like_date) VALUES ("23","470","2017-07-12 16:07:11");
INSERT INTO likes (like_id, liked_id, like_date) VALUES ("23","414","2017-02-16 11:39:36");
INSERT INTO likes (like_id, liked_id, like_date) VALUES ("23","120","2017-11-24 12:02:42");
INSERT INTO likes (like_id, liked_id, like_date) VALUES ("23","24","2018-01-20 18:02:27");
INSERT INTO likes (like_id, liked_id, like_date) VALUES ("23","136","2018-01-09 19:02:51");
INSERT INTO likes (like_id, liked_id, like_date) VALUES ("23","198","2017-11-03 02:17:29");
INSERT INTO likes (like_id, liked_id, like_date) VALUES ("23","88","2017-09-04 13:00:19");
INSERT INTO likes (like_id, liked_id, like_date) VALUES ("23","367","2018-01-01 12:44:34");
INSERT INTO likes (like_id, liked_id, like_date) VALUES ("23","147","2017-12-27 00:59:42");
INSERT INTO likes (like_id, liked_id, like_date) VALUES ("23","290","2017-11-07 04:59:50");
INSERT INTO likes (like_id, liked_id, like_date) VALUES ("23","393","2017-11-18 03:59:27");


INSERT INTO user (id, first_name, last_name, username, email, password, birthdate, gender, orientation, bio, country, state, city, zip, file_1, file_2, file_3, file_4, file_5, score, token, token_date, active, register, created_at, updated_at) VALUES ("24","Alvina","Gulgowski","alena33","vdietrich@hotmail.com","$2y$10$H8EfHqI5ChUFPNk4gRDGI.4ClJwV7r22s4vTuTS5jv3MV8zRoIir.","1986-05-20 11:13:14","2","2","Eum cumque ab nobis. Autem vel perferendis error consequatur ea praesentium dolor. Deleniti qui quis fugiat aut qui enim ipsa illo. Quibusdam est nostrum quis doloribus enim.","Panama","","Lake Billiemouth","94577-4220","../fixtures/female5.jpg","../fixtures/female1.jpg","../fixtures/female1.jpg","","","14","be984af08bb81d63daf932966a73807e","1979-11-12 05:10:06","0","0","1991-10-18 13:21:27","1994-07-02 08:25:51");
INSERT INTO user_tag (user_id, tag_id) VALUES ("24","22");
INSERT INTO user_tag (user_id, tag_id) VALUES ("24","11");
INSERT INTO user_tag (user_id, tag_id) VALUES ("24","33");
INSERT INTO user_tag (user_id, tag_id) VALUES ("24","34");
INSERT INTO user_tag (user_id, tag_id) VALUES ("24","33");
INSERT INTO user_tag (user_id, tag_id) VALUES ("24","4");
INSERT INTO user_tag (user_id, tag_id) VALUES ("24","26");
INSERT INTO user_tag (user_id, tag_id) VALUES ("24","36");
INSERT INTO user_tag (user_id, tag_id) VALUES ("24","31");
INSERT INTO user_tag (user_id, tag_id) VALUES ("24","42");
INSERT INTO user_tag (user_id, tag_id) VALUES ("24","36");
INSERT INTO user_tag (user_id, tag_id) VALUES ("24","3");
INSERT INTO user_tag (user_id, tag_id) VALUES ("24","38");


INSERT INTO likes (like_id, liked_id, like_date) VALUES ("24","399","2017-04-19 09:01:47");
INSERT INTO likes (like_id, liked_id, like_date) VALUES ("24","202","2017-04-16 09:48:31");
INSERT INTO likes (like_id, liked_id, like_date) VALUES ("24","368","2017-09-22 21:47:04");
INSERT INTO likes (like_id, liked_id, like_date) VALUES ("24","31","2017-08-16 15:47:06");
INSERT INTO likes (like_id, liked_id, like_date) VALUES ("24","60","2017-03-23 21:09:01");
INSERT INTO likes (like_id, liked_id, like_date) VALUES ("24","237","2017-03-14 04:14:13");
INSERT INTO likes (like_id, liked_id, like_date) VALUES ("24","7","2017-07-16 13:37:32");
INSERT INTO likes (like_id, liked_id, like_date) VALUES ("24","69","2017-12-21 01:30:10");
INSERT INTO likes (like_id, liked_id, like_date) VALUES ("24","380","2018-01-22 00:13:54");
INSERT INTO likes (like_id, liked_id, like_date) VALUES ("24","4","2017-09-01 15:44:10");
INSERT INTO likes (like_id, liked_id, like_date) VALUES ("24","391","2017-03-23 00:01:55");
INSERT INTO likes (like_id, liked_id, like_date) VALUES ("24","482","2017-04-30 07:54:05");
INSERT INTO likes (like_id, liked_id, like_date) VALUES ("24","183","2017-11-17 04:02:55");
INSERT INTO likes (like_id, liked_id, like_date) VALUES ("24","123","2017-03-27 10:18:54");


INSERT INTO user (id, first_name, last_name, username, email, password, birthdate, gender, orientation, bio, country, state, city, zip, file_1, file_2, file_3, file_4, file_5, score, token, token_date, active, register, created_at, updated_at) VALUES ("25","Dillon","Lubowitz","harrisonbeatty","faufderhar@sipes.com","$2y$10$BhTSKUzaJoOGZx2JpJbNrusBpgbPZiI/w2/sLI63FlSh/tt14ZcJi","1993-07-12 07:21:37","2","2","Aliquam quas aut nesciunt. Provident eum aut non. Quo nihil aut atque et veritatis.","Honduras","","Millsfurt","12292","../fixtures/female6.jpg","","","","","6","01f4732af6fe3be55501ae7b34e40b3d","1983-03-02 20:58:46","0","0","1970-08-31 22:33:23","1976-03-26 20:31:58");
INSERT INTO user_tag (user_id, tag_id) VALUES ("25","26");
INSERT INTO user_tag (user_id, tag_id) VALUES ("25","5");
INSERT INTO user_tag (user_id, tag_id) VALUES ("25","5");
INSERT INTO user_tag (user_id, tag_id) VALUES ("25","5");
INSERT INTO user_tag (user_id, tag_id) VALUES ("25","25");
INSERT INTO user_tag (user_id, tag_id) VALUES ("25","1");
INSERT INTO user_tag (user_id, tag_id) VALUES ("25","33");
INSERT INTO user_tag (user_id, tag_id) VALUES ("25","11");
INSERT INTO user_tag (user_id, tag_id) VALUES ("25","24");
INSERT INTO user_tag (user_id, tag_id) VALUES ("25","47");


INSERT INTO likes (like_id, liked_id, like_date) VALUES ("25","249","2017-11-14 13:07:31");
INSERT INTO likes (like_id, liked_id, like_date) VALUES ("25","63","2017-11-20 09:10:44");
INSERT INTO likes (like_id, liked_id, like_date) VALUES ("25","138","2017-04-29 06:14:23");
INSERT INTO likes (like_id, liked_id, like_date) VALUES ("25","190","2017-12-06 15:56:50");
INSERT INTO likes (like_id, liked_id, like_date) VALUES ("25","102","2017-12-29 09:59:41");


INSERT INTO user (id, first_name, last_name, username, email, password, birthdate, gender, orientation, bio, country, state, city, zip, file_1, file_2, file_3, file_4, file_5, score, token, token_date, active, register, created_at, updated_at) VALUES ("26","Derrick","Jast","santahackett","etha.schiller@dubuque.com","$2y$10$Ga/1beNvBJv/WM4ZIYwtBuEl1zuZ5cFTMTH46WPYbdAIXAaNgHgGW","1949-08-05 15:11:27","1","1","Sed ut et consequuntur molestiae quo aperiam. Eum ea ut fugit eos facere sunt ab. Harum ex alias laboriosam sunt.","Nauru","","East Maybelleside","20402-3829","../fixtures/male10.jpg","../fixtures/male2.jpg","../fixtures/male10.jpg","../fixtures/male9.jpg","../fixtures/male2.jpg","0","fbb101e913fc07fb3a9cc3dba36b2599","2001-04-30 07:45:44","1","1","2015-09-21 23:09:06","1982-12-21 11:51:41");
INSERT INTO user_tag (user_id, tag_id) VALUES ("26","36");
INSERT INTO user_tag (user_id, tag_id) VALUES ("26","33");
INSERT INTO user_tag (user_id, tag_id) VALUES ("26","42");
INSERT INTO user_tag (user_id, tag_id) VALUES ("26","29");
INSERT INTO user_tag (user_id, tag_id) VALUES ("26","34");
INSERT INTO user_tag (user_id, tag_id) VALUES ("26","11");
INSERT INTO user_tag (user_id, tag_id) VALUES ("26","23");
INSERT INTO user_tag (user_id, tag_id) VALUES ("26","32");
INSERT INTO user_tag (user_id, tag_id) VALUES ("26","7");


INSERT INTO likes (like_id, liked_id, like_date) VALUES ("26","34","2017-07-21 08:19:38");
INSERT INTO likes (like_id, liked_id, like_date) VALUES ("26","433","2017-06-05 12:27:14");
INSERT INTO likes (like_id, liked_id, like_date) VALUES ("26","83","2017-06-28 16:57:56");
INSERT INTO likes (like_id, liked_id, like_date) VALUES ("26","24","2018-01-26 10:38:37");
INSERT INTO likes (like_id, liked_id, like_date) VALUES ("26","17","2018-01-07 03:31:15");
INSERT INTO likes (like_id, liked_id, like_date) VALUES ("26","271","2017-06-28 00:04:56");
INSERT INTO likes (like_id, liked_id, like_date) VALUES ("26","390","2018-01-14 21:18:42");
INSERT INTO likes (like_id, liked_id, like_date) VALUES ("26","272","2017-05-11 21:45:18");
INSERT INTO likes (like_id, liked_id, like_date) VALUES ("26","336","2017-08-19 00:10:43");
INSERT INTO likes (like_id, liked_id, like_date) VALUES ("26","223","2017-05-20 07:48:41");
INSERT INTO likes (like_id, liked_id, like_date) VALUES ("26","420","2017-09-13 15:29:01");
INSERT INTO likes (like_id, liked_id, like_date) VALUES ("26","456","2017-10-17 20:56:20");


INSERT INTO user (id, first_name, last_name, username, email, password, birthdate, gender, orientation, bio, country, state, city, zip, file_1, file_2, file_3, file_4, file_5, score, token, token_date, active, register, created_at, updated_at) VALUES ("27","Verdie","Krajcik","vhilll","samara67@prosacco.org","$2y$10$qjYTZIlPLhSHnQHhkeE96ecxKINAMeK.BvhIu/GQoC7P7AVi1t.sW","1951-11-26 10:05:19","2","1","Corrupti sit quas deleniti enim commodi omnis soluta. Cum aut qui commodi officiis voluptatem maiores. Rerum delectus aut quam rerum rem. Aut doloremque modi rem.","Bouvet Island (Bouvetoya)","","Mertiehaven","61463","../fixtures/female4.jpg","../fixtures/female5.jpg","../fixtures/female1.jpg","","","0","008ac79747b457ad3f06313c34fe0e70","1994-10-30 22:31:40","1","0","1979-01-06 09:28:47","1983-02-09 11:52:01");
INSERT INTO user_tag (user_id, tag_id) VALUES ("27","32");


INSERT INTO likes (like_id, liked_id, like_date) VALUES ("27","351","2017-09-26 00:45:01");
INSERT INTO likes (like_id, liked_id, like_date) VALUES ("27","5","2018-01-19 01:57:51");
INSERT INTO likes (like_id, liked_id, like_date) VALUES ("27","92","2017-03-26 09:53:49");
INSERT INTO likes (like_id, liked_id, like_date) VALUES ("27","272","2017-04-22 08:06:28");
INSERT INTO likes (like_id, liked_id, like_date) VALUES ("27","424","2017-08-16 00:35:04");
INSERT INTO likes (like_id, liked_id, like_date) VALUES ("27","436","2017-11-02 14:37:38");
INSERT INTO likes (like_id, liked_id, like_date) VALUES ("27","102","2017-11-06 23:57:53");
INSERT INTO likes (like_id, liked_id, like_date) VALUES ("27","485","2017-06-24 07:09:45");
INSERT INTO likes (like_id, liked_id, like_date) VALUES ("27","386","2017-04-24 14:43:03");
INSERT INTO likes (like_id, liked_id, like_date) VALUES ("27","326","2017-05-17 16:16:32");
INSERT INTO likes (like_id, liked_id, like_date) VALUES ("27","236","2017-10-13 12:54:11");
INSERT INTO likes (like_id, liked_id, like_date) VALUES ("27","142","2017-09-05 04:57:25");
INSERT INTO likes (like_id, liked_id, like_date) VALUES ("27","195","2017-08-19 23:11:25");
INSERT INTO likes (like_id, liked_id, like_date) VALUES ("27","64","2017-04-03 16:02:07");
INSERT INTO likes (like_id, liked_id, like_date) VALUES ("27","453","2017-12-08 04:33:09");
INSERT INTO likes (like_id, liked_id, like_date) VALUES ("27","342","2017-09-08 15:25:16");
INSERT INTO likes (like_id, liked_id, like_date) VALUES ("27","122","2017-06-08 18:51:24");
INSERT INTO likes (like_id, liked_id, like_date) VALUES ("27","416","2017-06-27 02:40:36");
INSERT INTO likes (like_id, liked_id, like_date) VALUES ("27","324","2017-07-23 16:10:47");
INSERT INTO likes (like_id, liked_id, like_date) VALUES ("27","410","2017-06-01 00:08:13");


INSERT INTO user (id, first_name, last_name, username, email, password, birthdate, gender, orientation, bio, country, state, city, zip, file_1, file_2, file_3, file_4, file_5, score, token, token_date, active, register, created_at, updated_at) VALUES ("28","Jerald","Kerluke","jerod46","milan67@balistreri.com","$2y$10$8S4a5IZ0jD5V65hx/jjGWOmwkMt2A.tCkQHiahDSF33j.r4ccFsly","1965-11-09 15:35:17","2","3","Soluta deserunt ipsam dolore quis laudantium possimus voluptatem dolor. Fuga quae ipsa amet ullam quia ducimus. Beatae praesentium dolore exercitationem corporis voluptatem quia in.","Brazil","","Lake Verdie","52683-0336","../fixtures/female4.jpg","../fixtures/female1.jpg","","","","36","59932dc6e9f2a18bd716eb446fba0801","1989-07-02 04:42:49","1","1","1995-08-31 05:35:17","2012-02-29 19:05:18");
INSERT INTO user_tag (user_id, tag_id) VALUES ("28","29");
INSERT INTO user_tag (user_id, tag_id) VALUES ("28","40");
INSERT INTO user_tag (user_id, tag_id) VALUES ("28","24");
INSERT INTO user_tag (user_id, tag_id) VALUES ("28","49");
INSERT INTO user_tag (user_id, tag_id) VALUES ("28","33");
INSERT INTO user_tag (user_id, tag_id) VALUES ("28","31");
INSERT INTO user_tag (user_id, tag_id) VALUES ("28","28");
INSERT INTO user_tag (user_id, tag_id) VALUES ("28","21");
INSERT INTO user_tag (user_id, tag_id) VALUES ("28","7");
INSERT INTO user_tag (user_id, tag_id) VALUES ("28","27");
INSERT INTO user_tag (user_id, tag_id) VALUES ("28","32");
INSERT INTO user_tag (user_id, tag_id) VALUES ("28","40");
INSERT INTO user_tag (user_id, tag_id) VALUES ("28","8");


INSERT INTO likes (like_id, liked_id, like_date) VALUES ("28","295","2017-05-31 13:33:00");
INSERT INTO likes (like_id, liked_id, like_date) VALUES ("28","195","2017-08-22 14:50:52");
INSERT INTO likes (like_id, liked_id, like_date) VALUES ("28","351","2017-07-27 04:32:27");
INSERT INTO likes (like_id, liked_id, like_date) VALUES ("28","282","2017-07-12 10:53:48");
INSERT INTO likes (like_id, liked_id, like_date) VALUES ("28","316","2017-08-06 07:49:32");
INSERT INTO likes (like_id, liked_id, like_date) VALUES ("28","109","2017-09-07 10:55:51");
INSERT INTO likes (like_id, liked_id, like_date) VALUES ("28","224","2017-08-02 20:08:34");
INSERT INTO likes (like_id, liked_id, like_date) VALUES ("28","320","2017-07-02 15:28:08");
INSERT INTO likes (like_id, liked_id, like_date) VALUES ("28","350","2018-01-01 04:02:34");
INSERT INTO likes (like_id, liked_id, like_date) VALUES ("28","60","2018-02-06 09:53:24");
INSERT INTO likes (like_id, liked_id, like_date) VALUES ("28","117","2017-04-23 08:18:21");
INSERT INTO likes (like_id, liked_id, like_date) VALUES ("28","484","2017-11-23 19:16:41");
INSERT INTO likes (like_id, liked_id, like_date) VALUES ("28","104","2017-04-04 22:48:58");
INSERT INTO likes (like_id, liked_id, like_date) VALUES ("28","403","2017-04-27 12:35:10");
INSERT INTO likes (like_id, liked_id, like_date) VALUES ("28","133","2017-06-01 14:54:31");


INSERT INTO user (id, first_name, last_name, username, email, password, birthdate, gender, orientation, bio, country, state, city, zip, file_1, file_2, file_3, file_4, file_5, score, token, token_date, active, register, created_at, updated_at) VALUES ("29","Remington","Bogan","eroberts","daphnee.schuppe@gmail.com","$2y$10$SqZEpW0xzRY4jsU5hZYZoO3pn7kMf34Bdp7NeIWd8KOZ3PEdPO3ce","1984-09-29 00:22:19","1","3","Debitis explicabo et quis sed consequuntur quae consequatur. Nihil expedita facere beatae tempore illum.","Lebanon","","New Alessandroshire","29926-1013","../fixtures/male6.jpg","../fixtures/male10.jpg","","","","58","5a46813bb8d85fd7d98ef2e2ab2f7412","1973-10-17 21:19:43","1","1","1974-04-18 20:19:25","2004-12-29 09:00:19");
INSERT INTO user_tag (user_id, tag_id) VALUES ("29","38");
INSERT INTO user_tag (user_id, tag_id) VALUES ("29","45");
INSERT INTO user_tag (user_id, tag_id) VALUES ("29","46");
INSERT INTO user_tag (user_id, tag_id) VALUES ("29","31");
INSERT INTO user_tag (user_id, tag_id) VALUES ("29","10");
INSERT INTO user_tag (user_id, tag_id) VALUES ("29","18");
INSERT INTO user_tag (user_id, tag_id) VALUES ("29","45");
INSERT INTO user_tag (user_id, tag_id) VALUES ("29","22");
INSERT INTO user_tag (user_id, tag_id) VALUES ("29","27");
INSERT INTO user_tag (user_id, tag_id) VALUES ("29","18");
INSERT INTO user_tag (user_id, tag_id) VALUES ("29","31");
INSERT INTO user_tag (user_id, tag_id) VALUES ("29","4");
INSERT INTO user_tag (user_id, tag_id) VALUES ("29","5");
INSERT INTO user_tag (user_id, tag_id) VALUES ("29","7");


INSERT INTO likes (like_id, liked_id, like_date) VALUES ("29","391","2017-03-28 17:58:28");
INSERT INTO likes (like_id, liked_id, like_date) VALUES ("29","129","2017-09-25 11:37:25");
INSERT INTO likes (like_id, liked_id, like_date) VALUES ("29","279","2017-05-01 06:37:00");
INSERT INTO likes (like_id, liked_id, like_date) VALUES ("29","469","2017-09-19 06:28:45");
INSERT INTO likes (like_id, liked_id, like_date) VALUES ("29","344","2017-08-23 13:11:34");
INSERT INTO likes (like_id, liked_id, like_date) VALUES ("29","273","2017-04-28 16:50:55");
INSERT INTO likes (like_id, liked_id, like_date) VALUES ("29","170","2017-11-25 01:21:45");
INSERT INTO likes (like_id, liked_id, like_date) VALUES ("29","349","2017-04-25 05:44:57");
INSERT INTO likes (like_id, liked_id, like_date) VALUES ("29","357","2017-07-28 06:53:18");
INSERT INTO likes (like_id, liked_id, like_date) VALUES ("29","29","2017-09-06 08:11:05");
INSERT INTO likes (like_id, liked_id, like_date) VALUES ("29","137","2018-02-09 14:55:26");
INSERT INTO likes (like_id, liked_id, like_date) VALUES ("29","401","2017-06-16 19:35:28");


INSERT INTO user (id, first_name, last_name, username, email, password, birthdate, gender, orientation, bio, country, state, city, zip, file_1, file_2, file_3, file_4, file_5, score, token, token_date, active, register, created_at, updated_at) VALUES ("30","Liliane","Lebsack","balistreriroxane","sdouglas@purdy.biz","$2y$10$hl3Q2LIuTR/G2ExfzED9meLeDHeh3vJjQEYGgpYWw6S4dbzVBuNqu","1992-12-18 08:12:12","1","2","Et eos harum est iusto qui. Facilis impedit laborum qui aut ut libero voluptates quia. Voluptas qui alias enim voluptatum.","Tokelau","","Baileyport","08952-2900","../fixtures/male9.jpg","../fixtures/male9.jpg","../fixtures/male7.jpg","../fixtures/male8.jpg","","96","165446a87896fdb153a0ede9df18a8af","2013-09-24 23:32:44","1","1","2009-06-21 21:57:04","1989-01-17 08:42:40");
INSERT INTO user_tag (user_id, tag_id) VALUES ("30","4");
INSERT INTO user_tag (user_id, tag_id) VALUES ("30","2");
INSERT INTO user_tag (user_id, tag_id) VALUES ("30","21");
INSERT INTO user_tag (user_id, tag_id) VALUES ("30","48");
INSERT INTO user_tag (user_id, tag_id) VALUES ("30","45");
INSERT INTO user_tag (user_id, tag_id) VALUES ("30","16");
INSERT INTO user_tag (user_id, tag_id) VALUES ("30","27");
INSERT INTO user_tag (user_id, tag_id) VALUES ("30","8");
INSERT INTO user_tag (user_id, tag_id) VALUES ("30","33");
INSERT INTO user_tag (user_id, tag_id) VALUES ("30","37");
INSERT INTO user_tag (user_id, tag_id) VALUES ("30","48");
INSERT INTO user_tag (user_id, tag_id) VALUES ("30","21");
INSERT INTO user_tag (user_id, tag_id) VALUES ("30","18");
INSERT INTO user_tag (user_id, tag_id) VALUES ("30","49");
INSERT INTO user_tag (user_id, tag_id) VALUES ("30","15");


INSERT INTO likes (like_id, liked_id, like_date) VALUES ("30","158","2017-10-16 12:17:12");


INSERT INTO user (id, first_name, last_name, username, email, password, birthdate, gender, orientation, bio, country, state, city, zip, file_1, file_2, file_3, file_4, file_5, score, token, token_date, active, register, created_at, updated_at) VALUES ("31","Lennie","Wisoky","groverhuels","antone59@yahoo.com","$2y$10$rP1IO26KDneMOT00OkXNdOKoBg.1qbguNKIUwTcvUWs6zSgdv7Akq","1960-06-15 03:48:32","1","1","Iste illo non eum impedit et eos quaerat. Eius debitis vel nulla ea dolores et cum. Sequi saepe voluptatibus facilis quo voluptatem enim.","Jersey","","Lake Alyciatown","91971","../fixtures/male4.jpg","../fixtures/male6.jpg","../fixtures/male1.jpg","","","23","a9979b7ab416edb7547ab699973f4236","2003-10-19 01:48:13","1","1","1996-07-31 16:25:18","1989-01-09 22:53:39");
INSERT INTO user_tag (user_id, tag_id) VALUES ("31","46");
INSERT INTO user_tag (user_id, tag_id) VALUES ("31","46");
INSERT INTO user_tag (user_id, tag_id) VALUES ("31","30");
INSERT INTO user_tag (user_id, tag_id) VALUES ("31","23");
INSERT INTO user_tag (user_id, tag_id) VALUES ("31","5");
INSERT INTO user_tag (user_id, tag_id) VALUES ("31","28");
INSERT INTO user_tag (user_id, tag_id) VALUES ("31","8");
INSERT INTO user_tag (user_id, tag_id) VALUES ("31","39");
INSERT INTO user_tag (user_id, tag_id) VALUES ("31","22");
INSERT INTO user_tag (user_id, tag_id) VALUES ("31","45");
INSERT INTO user_tag (user_id, tag_id) VALUES ("31","50");
INSERT INTO user_tag (user_id, tag_id) VALUES ("31","35");
INSERT INTO user_tag (user_id, tag_id) VALUES ("31","26");
INSERT INTO user_tag (user_id, tag_id) VALUES ("31","37");
INSERT INTO user_tag (user_id, tag_id) VALUES ("31","1");


INSERT INTO likes (like_id, liked_id, like_date) VALUES ("31","125","2017-09-13 18:11:43");
INSERT INTO likes (like_id, liked_id, like_date) VALUES ("31","127","2017-07-10 17:07:52");


INSERT INTO user (id, first_name, last_name, username, email, password, birthdate, gender, orientation, bio, country, state, city, zip, file_1, file_2, file_3, file_4, file_5, score, token, token_date, active, register, created_at, updated_at) VALUES ("32","Louisa","Kulas","maymie64","kattie.klein@yahoo.com","$2y$10$cQj/gdtZ9ZzC1.I1dvq//.bjh09FZQLKBhjFZEgKJ6MeeTqCEWHaa","1989-05-06 07:25:18","2","3","Aut praesentium vel id porro nesciunt. Necessitatibus perferendis enim corporis impedit ut quia sapiente reiciendis. Ut aut explicabo atque necessitatibus consequatur voluptatem.","Lao People's Democratic Republic","","Brayanfurt","55968-2619","../fixtures/female6.jpg","","","","","17","a36421cb1426e52082e13a24fd538294","1979-09-26 12:42:37","1","0","1988-02-03 04:32:26","1982-10-24 07:35:54");
INSERT INTO user_tag (user_id, tag_id) VALUES ("32","34");
INSERT INTO user_tag (user_id, tag_id) VALUES ("32","11");
INSERT INTO user_tag (user_id, tag_id) VALUES ("32","32");
INSERT INTO user_tag (user_id, tag_id) VALUES ("32","22");
INSERT INTO user_tag (user_id, tag_id) VALUES ("32","1");
INSERT INTO user_tag (user_id, tag_id) VALUES ("32","26");
INSERT INTO user_tag (user_id, tag_id) VALUES ("32","45");
INSERT INTO user_tag (user_id, tag_id) VALUES ("32","41");
INSERT INTO user_tag (user_id, tag_id) VALUES ("32","6");
INSERT INTO user_tag (user_id, tag_id) VALUES ("32","9");
INSERT INTO user_tag (user_id, tag_id) VALUES ("32","4");
INSERT INTO user_tag (user_id, tag_id) VALUES ("32","8");
INSERT INTO user_tag (user_id, tag_id) VALUES ("32","9");
INSERT INTO user_tag (user_id, tag_id) VALUES ("32","31");
INSERT INTO user_tag (user_id, tag_id) VALUES ("32","47");


INSERT INTO likes (like_id, liked_id, like_date) VALUES ("32","495","2017-03-19 23:27:26");
INSERT INTO likes (like_id, liked_id, like_date) VALUES ("32","463","2017-04-19 23:17:06");
INSERT INTO likes (like_id, liked_id, like_date) VALUES ("32","328","2017-04-28 13:36:21");
INSERT INTO likes (like_id, liked_id, like_date) VALUES ("32","150","2018-02-03 17:11:37");
INSERT INTO likes (like_id, liked_id, like_date) VALUES ("32","202","2017-11-09 08:44:37");
INSERT INTO likes (like_id, liked_id, like_date) VALUES ("32","190","2017-03-12 11:26:59");
INSERT INTO likes (like_id, liked_id, like_date) VALUES ("32","90","2018-01-22 08:20:40");
INSERT INTO likes (like_id, liked_id, like_date) VALUES ("32","210","2017-05-18 12:02:54");
INSERT INTO likes (like_id, liked_id, like_date) VALUES ("32","309","2017-08-29 17:03:35");
INSERT INTO likes (like_id, liked_id, like_date) VALUES ("32","481","2017-03-02 04:04:56");
INSERT INTO likes (like_id, liked_id, like_date) VALUES ("32","88","2017-06-19 14:25:14");
INSERT INTO likes (like_id, liked_id, like_date) VALUES ("32","132","2017-11-04 13:12:17");
INSERT INTO likes (like_id, liked_id, like_date) VALUES ("32","173","2017-06-12 18:09:53");
INSERT INTO likes (like_id, liked_id, like_date) VALUES ("32","307","2017-06-28 05:18:27");
INSERT INTO likes (like_id, liked_id, like_date) VALUES ("32","101","2017-08-23 23:18:30");
INSERT INTO likes (like_id, liked_id, like_date) VALUES ("32","462","2017-11-26 11:38:36");


INSERT INTO user (id, first_name, last_name, username, email, password, birthdate, gender, orientation, bio, country, state, city, zip, file_1, file_2, file_3, file_4, file_5, score, token, token_date, active, register, created_at, updated_at) VALUES ("33","Hannah","Luettgen","thurman72","gerry.watsica@wilderman.com","$2y$10$EMzgPOpTvZi5JzxsKNxcVOdM3E49H432Rh7TZmV2qqCWBgzOvpIVy","1975-06-05 16:31:13","2","3","Nihil odio voluptates commodi excepturi error incidunt reiciendis autem. Blanditiis et eius odit amet est alias quam. Ut amet quam qui possimus dicta.","Luxembourg","","East Darrylville","09496","../fixtures/female1.jpg","../fixtures/female3.jpg","","","","6","7411617b51c965ad2cf768999d673d7e","1996-12-13 02:09:29","0","0","1978-09-29 20:09:29","1989-01-09 21:21:37");
INSERT INTO user_tag (user_id, tag_id) VALUES ("33","9");
INSERT INTO user_tag (user_id, tag_id) VALUES ("33","18");
INSERT INTO user_tag (user_id, tag_id) VALUES ("33","29");
INSERT INTO user_tag (user_id, tag_id) VALUES ("33","7");
INSERT INTO user_tag (user_id, tag_id) VALUES ("33","45");
INSERT INTO user_tag (user_id, tag_id) VALUES ("33","2");
INSERT INTO user_tag (user_id, tag_id) VALUES ("33","3");
INSERT INTO user_tag (user_id, tag_id) VALUES ("33","37");
INSERT INTO user_tag (user_id, tag_id) VALUES ("33","28");
INSERT INTO user_tag (user_id, tag_id) VALUES ("33","50");
INSERT INTO user_tag (user_id, tag_id) VALUES ("33","36");
INSERT INTO user_tag (user_id, tag_id) VALUES ("33","13");
INSERT INTO user_tag (user_id, tag_id) VALUES ("33","26");
INSERT INTO user_tag (user_id, tag_id) VALUES ("33","47");
INSERT INTO user_tag (user_id, tag_id) VALUES ("33","21");


INSERT INTO likes (like_id, liked_id, like_date) VALUES ("33","94","2017-02-27 14:50:02");
INSERT INTO likes (like_id, liked_id, like_date) VALUES ("33","132","2017-07-02 05:29:07");
INSERT INTO likes (like_id, liked_id, like_date) VALUES ("33","450","2017-08-08 06:21:19");
INSERT INTO likes (like_id, liked_id, like_date) VALUES ("33","160","2017-03-02 18:39:02");
INSERT INTO likes (like_id, liked_id, like_date) VALUES ("33","151","2017-04-30 17:23:08");
INSERT INTO likes (like_id, liked_id, like_date) VALUES ("33","69","2018-02-07 15:43:13");
INSERT INTO likes (like_id, liked_id, like_date) VALUES ("33","73","2017-07-29 06:00:19");
INSERT INTO likes (like_id, liked_id, like_date) VALUES ("33","98","2017-08-30 07:09:28");
INSERT INTO likes (like_id, liked_id, like_date) VALUES ("33","361","2017-02-19 14:01:39");
INSERT INTO likes (like_id, liked_id, like_date) VALUES ("33","240","2017-05-13 10:35:47");
INSERT INTO likes (like_id, liked_id, like_date) VALUES ("33","258","2017-03-06 21:04:34");
INSERT INTO likes (like_id, liked_id, like_date) VALUES ("33","497","2017-07-15 17:36:56");
INSERT INTO likes (like_id, liked_id, like_date) VALUES ("33","497","2017-12-10 18:34:14");
INSERT INTO likes (like_id, liked_id, like_date) VALUES ("33","293","2017-12-18 08:52:35");
INSERT INTO likes (like_id, liked_id, like_date) VALUES ("33","225","2017-07-14 16:26:17");
INSERT INTO likes (like_id, liked_id, like_date) VALUES ("33","165","2017-02-17 00:04:13");
INSERT INTO likes (like_id, liked_id, like_date) VALUES ("33","389","2017-09-14 20:27:34");
INSERT INTO likes (like_id, liked_id, like_date) VALUES ("33","194","2017-10-03 21:58:52");


INSERT INTO user (id, first_name, last_name, username, email, password, birthdate, gender, orientation, bio, country, state, city, zip, file_1, file_2, file_3, file_4, file_5, score, token, token_date, active, register, created_at, updated_at) VALUES ("34","Alba","Brown","iroob","emely79@hotmail.com","$2y$10$eNBHQSWjIaFi51AGliISMOAAyOK0Ti0IqL9EtfuFgOnum4MR7Tx9W","1971-07-25 10:55:13","1","1","Explicabo est ut quam numquam fuga illo. Rerum et cum dolor reprehenderit. Commodi quis ab quia rerum. Totam aut occaecati sint laborum repellendus quos et. Enim amet consequatur mollitia natus quo quod ut.","Estonia","","Dixiemouth","79341-6629","../fixtures/male7.jpg","../fixtures/male3.jpg","../fixtures/male3.jpg","../fixtures/male4.jpg","","73","2bb5bbf7732624b78cf610c01766df27","1989-09-14 20:26:41","0","0","1993-09-29 23:10:59","1986-06-29 20:41:35");
INSERT INTO user_tag (user_id, tag_id) VALUES ("34","14");
INSERT INTO user_tag (user_id, tag_id) VALUES ("34","47");
INSERT INTO user_tag (user_id, tag_id) VALUES ("34","21");
INSERT INTO user_tag (user_id, tag_id) VALUES ("34","8");
INSERT INTO user_tag (user_id, tag_id) VALUES ("34","3");
INSERT INTO user_tag (user_id, tag_id) VALUES ("34","10");
INSERT INTO user_tag (user_id, tag_id) VALUES ("34","41");
INSERT INTO user_tag (user_id, tag_id) VALUES ("34","29");
INSERT INTO user_tag (user_id, tag_id) VALUES ("34","24");
INSERT INTO user_tag (user_id, tag_id) VALUES ("34","22");
INSERT INTO user_tag (user_id, tag_id) VALUES ("34","43");
INSERT INTO user_tag (user_id, tag_id) VALUES ("34","25");


INSERT INTO likes (like_id, liked_id, like_date) VALUES ("34","383","2017-06-26 10:27:04");
INSERT INTO likes (like_id, liked_id, like_date) VALUES ("34","91","2018-01-12 18:25:14");
INSERT INTO likes (like_id, liked_id, like_date) VALUES ("34","342","2017-07-30 17:19:33");
INSERT INTO likes (like_id, liked_id, like_date) VALUES ("34","480","2017-07-21 17:50:12");
INSERT INTO likes (like_id, liked_id, like_date) VALUES ("34","336","2017-12-14 04:57:38");
INSERT INTO likes (like_id, liked_id, like_date) VALUES ("34","444","2017-07-16 16:56:25");
INSERT INTO likes (like_id, liked_id, like_date) VALUES ("34","435","2017-05-16 23:37:33");
INSERT INTO likes (like_id, liked_id, like_date) VALUES ("34","25","2017-05-05 17:04:58");
INSERT INTO likes (like_id, liked_id, like_date) VALUES ("34","190","2018-01-21 18:02:59");
INSERT INTO likes (like_id, liked_id, like_date) VALUES ("34","454","2017-04-17 01:55:00");
INSERT INTO likes (like_id, liked_id, like_date) VALUES ("34","452","2017-10-14 01:10:44");


INSERT INTO user (id, first_name, last_name, username, email, password, birthdate, gender, orientation, bio, country, state, city, zip, file_1, file_2, file_3, file_4, file_5, score, token, token_date, active, register, created_at, updated_at) VALUES ("35","Kane","Bayer","conroylinnie","dschinner@hotmail.com","$2y$10$qsEFymZ0IsrJ6y807MbfjOrnxaJvompxh.8jJ8dzUCRt8mvmrkxc6","1956-11-28 05:46:50","2","1","Eos laboriosam est dolorem itaque nisi ut. Enim quos numquam soluta quibusdam nihil.","Lao People's Democratic Republic","","Lake Imani","05873-8322","../fixtures/female1.jpg","../fixtures/female3.jpg","../fixtures/female2.jpg","../fixtures/female6.jpg","","36","723eea67c4c490e392c8b1decb76907e","2008-08-12 14:02:31","0","0","1970-08-12 12:47:02","1979-04-03 23:01:04");
INSERT INTO user_tag (user_id, tag_id) VALUES ("35","30");
INSERT INTO user_tag (user_id, tag_id) VALUES ("35","20");
INSERT INTO user_tag (user_id, tag_id) VALUES ("35","6");
INSERT INTO user_tag (user_id, tag_id) VALUES ("35","25");
INSERT INTO user_tag (user_id, tag_id) VALUES ("35","6");
INSERT INTO user_tag (user_id, tag_id) VALUES ("35","1");
INSERT INTO user_tag (user_id, tag_id) VALUES ("35","27");
INSERT INTO user_tag (user_id, tag_id) VALUES ("35","4");
INSERT INTO user_tag (user_id, tag_id) VALUES ("35","17");
INSERT INTO user_tag (user_id, tag_id) VALUES ("35","4");
INSERT INTO user_tag (user_id, tag_id) VALUES ("35","36");
INSERT INTO user_tag (user_id, tag_id) VALUES ("35","40");


INSERT INTO likes (like_id, liked_id, like_date) VALUES ("35","462","2017-09-16 20:24:51");
INSERT INTO likes (like_id, liked_id, like_date) VALUES ("35","53","2017-08-22 08:55:15");
INSERT INTO likes (like_id, liked_id, like_date) VALUES ("35","387","2017-06-23 20:57:52");
INSERT INTO likes (like_id, liked_id, like_date) VALUES ("35","222","2017-07-08 21:52:28");
INSERT INTO likes (like_id, liked_id, like_date) VALUES ("35","250","2017-03-23 07:22:26");
INSERT INTO likes (like_id, liked_id, like_date) VALUES ("35","471","2017-09-28 01:57:09");
INSERT INTO likes (like_id, liked_id, like_date) VALUES ("35","226","2017-10-15 02:41:53");
INSERT INTO likes (like_id, liked_id, like_date) VALUES ("35","331","2017-09-10 04:26:34");
INSERT INTO likes (like_id, liked_id, like_date) VALUES ("35","296","2017-12-01 18:55:18");
INSERT INTO likes (like_id, liked_id, like_date) VALUES ("35","305","2017-12-12 02:20:21");
INSERT INTO likes (like_id, liked_id, like_date) VALUES ("35","36","2017-05-27 12:51:02");


INSERT INTO user (id, first_name, last_name, username, email, password, birthdate, gender, orientation, bio, country, state, city, zip, file_1, file_2, file_3, file_4, file_5, score, token, token_date, active, register, created_at, updated_at) VALUES ("36","Isom","Lehner","ischuster","winifred.predovic@gmail.com","$2y$10$hgD7lF5Mg/GyoM54OFZ1n.jShQSmWGnrtyBLC1fTG5EFfcE6mTUr6","1960-07-26 16:55:26","2","3","Debitis quia qui optio. Quidem repudiandae nesciunt architecto ducimus voluptatem quibusdam. Veritatis non rerum quo dolorum assumenda.","Jordan","","Leastad","00244","../fixtures/female8.jpg","","","","","99","9e25303b6dc81e696bee063b431ff134","2001-02-25 03:53:57","1","0","2001-08-27 09:05:50","1989-04-26 11:36:14");
INSERT INTO user_tag (user_id, tag_id) VALUES ("36","21");
INSERT INTO user_tag (user_id, tag_id) VALUES ("36","3");
INSERT INTO user_tag (user_id, tag_id) VALUES ("36","50");
INSERT INTO user_tag (user_id, tag_id) VALUES ("36","38");
INSERT INTO user_tag (user_id, tag_id) VALUES ("36","33");


INSERT INTO likes (like_id, liked_id, like_date) VALUES ("36","343","2018-01-14 05:35:36");
INSERT INTO likes (like_id, liked_id, like_date) VALUES ("36","42","2017-09-20 09:30:07");
INSERT INTO likes (like_id, liked_id, like_date) VALUES ("36","322","2017-12-07 14:13:18");
INSERT INTO likes (like_id, liked_id, like_date) VALUES ("36","444","2017-11-23 08:10:08");
INSERT INTO likes (like_id, liked_id, like_date) VALUES ("36","362","2017-12-22 04:10:50");
INSERT INTO likes (like_id, liked_id, like_date) VALUES ("36","290","2017-11-04 06:42:32");
INSERT INTO likes (like_id, liked_id, like_date) VALUES ("36","310","2017-07-08 05:15:15");
INSERT INTO likes (like_id, liked_id, like_date) VALUES ("36","112","2017-11-17 06:00:55");
INSERT INTO likes (like_id, liked_id, like_date) VALUES ("36","315","2017-11-18 19:13:54");
INSERT INTO likes (like_id, liked_id, like_date) VALUES ("36","426","2018-01-17 17:44:26");
INSERT INTO likes (like_id, liked_id, like_date) VALUES ("36","126","2017-07-30 07:08:56");
INSERT INTO likes (like_id, liked_id, like_date) VALUES ("36","482","2017-06-24 18:34:29");
INSERT INTO likes (like_id, liked_id, like_date) VALUES ("36","366","2017-06-06 05:31:48");
INSERT INTO likes (like_id, liked_id, like_date) VALUES ("36","270","2017-07-05 00:36:39");
INSERT INTO likes (like_id, liked_id, like_date) VALUES ("36","331","2017-04-03 21:25:25");
INSERT INTO likes (like_id, liked_id, like_date) VALUES ("36","35","2017-02-15 21:40:32");
INSERT INTO likes (like_id, liked_id, like_date) VALUES ("36","319","2017-12-26 02:52:01");
INSERT INTO likes (like_id, liked_id, like_date) VALUES ("36","60","2017-05-29 06:22:13");
INSERT INTO likes (like_id, liked_id, like_date) VALUES ("36","253","2017-04-15 02:06:29");
INSERT INTO likes (like_id, liked_id, like_date) VALUES ("36","486","2017-12-06 03:00:01");


INSERT INTO user (id, first_name, last_name, username, email, password, birthdate, gender, orientation, bio, country, state, city, zip, file_1, file_2, file_3, file_4, file_5, score, token, token_date, active, register, created_at, updated_at) VALUES ("37","Jena","Cronin","kalezieme","margot.hessel@hotmail.com","$2y$10$AYYzF7v3H9hAtrBRGQTmTOwiMeMLOe9g6qr1oUxS3smmSTPnYYIfq","1966-09-01 12:53:38","1","2","Eius eveniet quo accusamus quae et et laborum. Perferendis quia expedita magni porro excepturi.","Tajikistan","","Hughfort","98085-9986","../fixtures/male8.jpg","../fixtures/male9.jpg","../fixtures/male8.jpg","../fixtures/male10.jpg","","11","7e2d3d69fb009d4c85f8fb71cb74d703","1980-05-05 22:14:56","0","0","1991-03-13 18:29:48","1995-08-05 04:42:55");
INSERT INTO user_tag (user_id, tag_id) VALUES ("37","30");
INSERT INTO user_tag (user_id, tag_id) VALUES ("37","29");
INSERT INTO user_tag (user_id, tag_id) VALUES ("37","4");
INSERT INTO user_tag (user_id, tag_id) VALUES ("37","4");
INSERT INTO user_tag (user_id, tag_id) VALUES ("37","27");
INSERT INTO user_tag (user_id, tag_id) VALUES ("37","9");
INSERT INTO user_tag (user_id, tag_id) VALUES ("37","46");
INSERT INTO user_tag (user_id, tag_id) VALUES ("37","44");
INSERT INTO user_tag (user_id, tag_id) VALUES ("37","23");
INSERT INTO user_tag (user_id, tag_id) VALUES ("37","18");
INSERT INTO user_tag (user_id, tag_id) VALUES ("37","6");
INSERT INTO user_tag (user_id, tag_id) VALUES ("37","45");
INSERT INTO user_tag (user_id, tag_id) VALUES ("37","49");
INSERT INTO user_tag (user_id, tag_id) VALUES ("37","38");


INSERT INTO likes (like_id, liked_id, like_date) VALUES ("37","457","2017-02-21 14:54:37");
INSERT INTO likes (like_id, liked_id, like_date) VALUES ("37","370","2017-05-12 15:32:52");
INSERT INTO likes (like_id, liked_id, like_date) VALUES ("37","232","2017-07-05 18:25:05");
INSERT INTO likes (like_id, liked_id, like_date) VALUES ("37","465","2017-09-19 05:10:05");
INSERT INTO likes (like_id, liked_id, like_date) VALUES ("37","175","2017-02-18 10:42:24");
INSERT INTO likes (like_id, liked_id, like_date) VALUES ("37","233","2017-10-26 16:40:28");
INSERT INTO likes (like_id, liked_id, like_date) VALUES ("37","29","2017-03-11 01:24:10");
INSERT INTO likes (like_id, liked_id, like_date) VALUES ("37","316","2017-06-05 02:50:36");
INSERT INTO likes (like_id, liked_id, like_date) VALUES ("37","311","2017-03-18 06:06:49");
INSERT INTO likes (like_id, liked_id, like_date) VALUES ("37","55","2017-05-07 03:42:19");
INSERT INTO likes (like_id, liked_id, like_date) VALUES ("37","261","2017-07-26 05:17:47");


INSERT INTO user (id, first_name, last_name, username, email, password, birthdate, gender, orientation, bio, country, state, city, zip, file_1, file_2, file_3, file_4, file_5, score, token, token_date, active, register, created_at, updated_at) VALUES ("38","Carlos","Eichmann","madelynhills","americo40@swaniawski.com","$2y$10$NxQKFMiUXJv9dL4Jsp.Z6uSJvebmob8jRodG6K1exXTufPBJfyybm","1987-06-07 05:57:16","1","1","Temporibus ipsum corporis dolorem qui voluptatibus ea necessitatibus ut. Ea qui praesentium nesciunt atque voluptas dolor. Quam et aut voluptatem placeat maxime eligendi sequi.","Guatemala","","East Chayatown","30222-0485","../fixtures/male7.jpg","../fixtures/male8.jpg","../fixtures/male1.jpg","","","75","5bfa82791fd7628ac48c65622e38bf16","1978-08-26 18:09:26","0","0","1987-04-05 20:23:32","2008-11-25 22:08:11");
INSERT INTO user_tag (user_id, tag_id) VALUES ("38","4");
INSERT INTO user_tag (user_id, tag_id) VALUES ("38","39");
INSERT INTO user_tag (user_id, tag_id) VALUES ("38","16");
INSERT INTO user_tag (user_id, tag_id) VALUES ("38","29");
INSERT INTO user_tag (user_id, tag_id) VALUES ("38","30");
INSERT INTO user_tag (user_id, tag_id) VALUES ("38","28");
INSERT INTO user_tag (user_id, tag_id) VALUES ("38","1");
INSERT INTO user_tag (user_id, tag_id) VALUES ("38","20");
INSERT INTO user_tag (user_id, tag_id) VALUES ("38","32");
INSERT INTO user_tag (user_id, tag_id) VALUES ("38","8");
INSERT INTO user_tag (user_id, tag_id) VALUES ("38","1");


INSERT INTO likes (like_id, liked_id, like_date) VALUES ("38","141","2017-05-17 15:01:26");
INSERT INTO likes (like_id, liked_id, like_date) VALUES ("38","138","2017-08-21 17:28:35");
INSERT INTO likes (like_id, liked_id, like_date) VALUES ("38","461","2017-08-14 06:24:59");
INSERT INTO likes (like_id, liked_id, like_date) VALUES ("38","19","2017-07-21 07:32:32");
INSERT INTO likes (like_id, liked_id, like_date) VALUES ("38","168","2017-11-26 00:42:50");
INSERT INTO likes (like_id, liked_id, like_date) VALUES ("38","78","2017-10-25 17:34:32");
INSERT INTO likes (like_id, liked_id, like_date) VALUES ("38","281","2018-01-28 19:36:25");
INSERT INTO likes (like_id, liked_id, like_date) VALUES ("38","217","2017-04-27 18:41:36");
INSERT INTO likes (like_id, liked_id, like_date) VALUES ("38","367","2017-03-01 12:05:08");
INSERT INTO likes (like_id, liked_id, like_date) VALUES ("38","173","2017-12-31 16:48:27");
INSERT INTO likes (like_id, liked_id, like_date) VALUES ("38","492","2017-11-16 11:45:49");
INSERT INTO likes (like_id, liked_id, like_date) VALUES ("38","110","2017-06-06 18:09:15");
INSERT INTO likes (like_id, liked_id, like_date) VALUES ("38","87","2017-04-22 23:38:57");
INSERT INTO likes (like_id, liked_id, like_date) VALUES ("38","204","2018-01-14 15:43:45");
INSERT INTO likes (like_id, liked_id, like_date) VALUES ("38","221","2017-04-04 06:03:19");
INSERT INTO likes (like_id, liked_id, like_date) VALUES ("38","117","2017-07-16 23:28:37");
INSERT INTO likes (like_id, liked_id, like_date) VALUES ("38","169","2017-06-20 05:01:05");


INSERT INTO user (id, first_name, last_name, username, email, password, birthdate, gender, orientation, bio, country, state, city, zip, file_1, file_2, file_3, file_4, file_5, score, token, token_date, active, register, created_at, updated_at) VALUES ("39","Wilhelm","Dibbert","jerroldcollins","hudson.marvin@gmail.com","$2y$10$gw2.hHjJdrnFWG6l0rHQ4eV3Da59Gif5mknpY5yXVoQqLZu5xE7Gi","1968-12-21 10:25:44","1","2","Qui eaque modi vero ipsum. Tenetur nihil quia nostrum cumque nesciunt et qui id. In facilis libero aut perspiciatis temporibus similique porro. Impedit ut sint quo quas animi.","Namibia","","North Larry","10326","../fixtures/male2.jpg","../fixtures/male2.jpg","../fixtures/male10.jpg","","","13","1caac5287e2d85d38f0aedd0e068bbb3","2014-11-19 22:25:07","1","1","2010-09-30 14:10:20","2007-02-19 03:30:47");
INSERT INTO user_tag (user_id, tag_id) VALUES ("39","38");
INSERT INTO user_tag (user_id, tag_id) VALUES ("39","35");
INSERT INTO user_tag (user_id, tag_id) VALUES ("39","17");
INSERT INTO user_tag (user_id, tag_id) VALUES ("39","49");
INSERT INTO user_tag (user_id, tag_id) VALUES ("39","30");
INSERT INTO user_tag (user_id, tag_id) VALUES ("39","1");
INSERT INTO user_tag (user_id, tag_id) VALUES ("39","25");
INSERT INTO user_tag (user_id, tag_id) VALUES ("39","45");
INSERT INTO user_tag (user_id, tag_id) VALUES ("39","19");


INSERT INTO likes (like_id, liked_id, like_date) VALUES ("39","131","2017-04-14 16:16:35");
INSERT INTO likes (like_id, liked_id, like_date) VALUES ("39","391","2017-06-22 21:02:40");
INSERT INTO likes (like_id, liked_id, like_date) VALUES ("39","497","2018-02-12 13:37:48");
INSERT INTO likes (like_id, liked_id, like_date) VALUES ("39","448","2017-06-14 09:48:55");
INSERT INTO likes (like_id, liked_id, like_date) VALUES ("39","411","2017-08-21 22:39:39");
INSERT INTO likes (like_id, liked_id, like_date) VALUES ("39","157","2017-08-05 00:56:03");
INSERT INTO likes (like_id, liked_id, like_date) VALUES ("39","94","2017-09-02 05:27:49");
INSERT INTO likes (like_id, liked_id, like_date) VALUES ("39","441","2017-09-07 13:10:39");
INSERT INTO likes (like_id, liked_id, like_date) VALUES ("39","133","2017-07-31 22:08:18");
INSERT INTO likes (like_id, liked_id, like_date) VALUES ("39","232","2017-10-09 05:59:19");
INSERT INTO likes (like_id, liked_id, like_date) VALUES ("39","423","2017-12-31 11:28:15");
INSERT INTO likes (like_id, liked_id, like_date) VALUES ("39","214","2017-11-29 22:02:58");
INSERT INTO likes (like_id, liked_id, like_date) VALUES ("39","360","2017-08-23 12:27:56");
INSERT INTO likes (like_id, liked_id, like_date) VALUES ("39","242","2017-04-14 02:19:03");
INSERT INTO likes (like_id, liked_id, like_date) VALUES ("39","277","2018-02-01 08:25:56");
INSERT INTO likes (like_id, liked_id, like_date) VALUES ("39","295","2017-02-27 12:45:38");
INSERT INTO likes (like_id, liked_id, like_date) VALUES ("39","433","2017-08-08 23:42:40");
INSERT INTO likes (like_id, liked_id, like_date) VALUES ("39","187","2017-12-17 15:53:24");


INSERT INTO user (id, first_name, last_name, username, email, password, birthdate, gender, orientation, bio, country, state, city, zip, file_1, file_2, file_3, file_4, file_5, score, token, token_date, active, register, created_at, updated_at) VALUES ("40","Dereck","Schaefer","fayjaron","melissa12@kuhic.com","$2y$10$MMlyQbNuqiSnsXHsJKc4hOT9ItIAVVoaWcMyfvqlaI6FF5wQ7ww7S","1957-01-02 15:44:05","2","2","Porro et maxime voluptatem natus. Culpa iste quia ex sunt provident. Voluptatem et praesentium perferendis omnis.","Benin","","Mrazport","99193","../fixtures/female4.jpg","../fixtures/female2.jpg","../fixtures/female1.jpg","../fixtures/female7.jpg","../fixtures/female1.jpg","34","8bb4913f300a4f003cdf5148c8f0aa2b","2011-05-21 12:51:39","0","0","2000-09-16 19:14:07","2003-06-19 01:31:56");
INSERT INTO user_tag (user_id, tag_id) VALUES ("40","36");
INSERT INTO user_tag (user_id, tag_id) VALUES ("40","19");
INSERT INTO user_tag (user_id, tag_id) VALUES ("40","21");
INSERT INTO user_tag (user_id, tag_id) VALUES ("40","17");
INSERT INTO user_tag (user_id, tag_id) VALUES ("40","42");
INSERT INTO user_tag (user_id, tag_id) VALUES ("40","7");
INSERT INTO user_tag (user_id, tag_id) VALUES ("40","49");
INSERT INTO user_tag (user_id, tag_id) VALUES ("40","12");
INSERT INTO user_tag (user_id, tag_id) VALUES ("40","37");


INSERT INTO likes (like_id, liked_id, like_date) VALUES ("40","174","2017-11-08 09:15:45");
INSERT INTO likes (like_id, liked_id, like_date) VALUES ("40","40","2017-08-25 02:54:24");


INSERT INTO user (id, first_name, last_name, username, email, password, birthdate, gender, orientation, bio, country, state, city, zip, file_1, file_2, file_3, file_4, file_5, score, token, token_date, active, register, created_at, updated_at) VALUES ("41","Jody","Parker","london05","thalvorson@hotmail.com","$2y$10$Rgu5mvHEV/mYasj7jIsjvu.vspIzkRluQ7Fc2DOgXIoeks3Evb4dS","1989-07-28 09:40:05","1","2","Id vel cum eveniet animi libero. Atque debitis sapiente autem veritatis quia.","Cote d'Ivoire","","Ullrichmouth","33136-0975","../fixtures/male9.jpg","../fixtures/male8.jpg","../fixtures/male9.jpg","../fixtures/male9.jpg","","56","d3dfbdff2c466ebbfd246301ee594205","2012-04-22 07:02:57","1","0","2003-08-15 16:59:14","2006-03-12 19:19:47");
INSERT INTO user_tag (user_id, tag_id) VALUES ("41","27");
INSERT INTO user_tag (user_id, tag_id) VALUES ("41","26");
INSERT INTO user_tag (user_id, tag_id) VALUES ("41","33");
INSERT INTO user_tag (user_id, tag_id) VALUES ("41","39");
INSERT INTO user_tag (user_id, tag_id) VALUES ("41","42");


INSERT INTO likes (like_id, liked_id, like_date) VALUES ("41","189","2017-09-13 03:35:55");
INSERT INTO likes (like_id, liked_id, like_date) VALUES ("41","457","2017-10-17 15:09:58");
INSERT INTO likes (like_id, liked_id, like_date) VALUES ("41","121","2017-04-23 04:51:45");


INSERT INTO user (id, first_name, last_name, username, email, password, birthdate, gender, orientation, bio, country, state, city, zip, file_1, file_2, file_3, file_4, file_5, score, token, token_date, active, register, created_at, updated_at) VALUES ("42","Gabriella","Sipes","armani55","cleora82@hotmail.com","$2y$10$hzSjTd6AZ5ThRYDYVpJiSeE.1hAGNdr8J5ryAqjm7Itzm.pvHQb1O","1950-01-24 03:27:33","2","1","Aperiam ipsa impedit assumenda non et eum quam. Repellendus doloremque alias animi quaerat. Deserunt expedita quo ex eum distinctio fugit expedita. Voluptates deserunt quia repellat nemo aut dicta.","Rwanda","","Ciarafort","41050","../fixtures/female6.jpg","../fixtures/female6.jpg","../fixtures/female8.jpg","../fixtures/female4.jpg","../fixtures/female8.jpg","38","6b8dcf494f0d0b6778ea087371bb9513","1988-12-09 14:23:27","1","0","1984-01-01 09:24:31","2015-05-03 05:48:57");
INSERT INTO user_tag (user_id, tag_id) VALUES ("42","47");
INSERT INTO user_tag (user_id, tag_id) VALUES ("42","5");
INSERT INTO user_tag (user_id, tag_id) VALUES ("42","6");
INSERT INTO user_tag (user_id, tag_id) VALUES ("42","32");
INSERT INTO user_tag (user_id, tag_id) VALUES ("42","29");
INSERT INTO user_tag (user_id, tag_id) VALUES ("42","44");
INSERT INTO user_tag (user_id, tag_id) VALUES ("42","25");
INSERT INTO user_tag (user_id, tag_id) VALUES ("42","7");
INSERT INTO user_tag (user_id, tag_id) VALUES ("42","16");
INSERT INTO user_tag (user_id, tag_id) VALUES ("42","21");


INSERT INTO likes (like_id, liked_id, like_date) VALUES ("42","354","2017-05-22 07:38:21");
INSERT INTO likes (like_id, liked_id, like_date) VALUES ("42","212","2017-12-21 04:11:44");
INSERT INTO likes (like_id, liked_id, like_date) VALUES ("42","273","2017-03-30 10:07:09");
INSERT INTO likes (like_id, liked_id, like_date) VALUES ("42","165","2017-07-20 04:48:03");
INSERT INTO likes (like_id, liked_id, like_date) VALUES ("42","314","2017-04-16 11:21:25");
INSERT INTO likes (like_id, liked_id, like_date) VALUES ("42","440","2017-08-26 17:35:23");
INSERT INTO likes (like_id, liked_id, like_date) VALUES ("42","297","2017-11-17 00:14:43");
INSERT INTO likes (like_id, liked_id, like_date) VALUES ("42","65","2017-11-17 10:09:01");
INSERT INTO likes (like_id, liked_id, like_date) VALUES ("42","4","2017-07-09 22:01:24");
INSERT INTO likes (like_id, liked_id, like_date) VALUES ("42","92","2017-12-06 21:15:39");
INSERT INTO likes (like_id, liked_id, like_date) VALUES ("42","466","2017-06-26 14:11:55");
INSERT INTO likes (like_id, liked_id, like_date) VALUES ("42","456","2018-01-12 00:08:41");
INSERT INTO likes (like_id, liked_id, like_date) VALUES ("42","199","2017-11-07 20:22:35");
INSERT INTO likes (like_id, liked_id, like_date) VALUES ("42","350","2017-05-19 08:02:33");
INSERT INTO likes (like_id, liked_id, like_date) VALUES ("42","279","2017-06-30 11:22:04");
INSERT INTO likes (like_id, liked_id, like_date) VALUES ("42","96","2017-10-19 03:47:12");
INSERT INTO likes (like_id, liked_id, like_date) VALUES ("42","292","2017-04-13 13:18:14");
INSERT INTO likes (like_id, liked_id, like_date) VALUES ("42","145","2018-01-22 20:23:15");
INSERT INTO likes (like_id, liked_id, like_date) VALUES ("42","413","2017-11-18 17:40:41");


INSERT INTO user (id, first_name, last_name, username, email, password, birthdate, gender, orientation, bio, country, state, city, zip, file_1, file_2, file_3, file_4, file_5, score, token, token_date, active, register, created_at, updated_at) VALUES ("43","Annamarie","Hessel","tcole","djohnston@gmail.com","$2y$10$xBXevaVs/MBaJKbY2fL8zOZvXJFi51OmPQn7u0ZlImQch5SGRUBKC","1948-10-02 18:24:19","2","1","Iure quia officiis mollitia et rem ipsum fuga. Non beatae sapiente illum cupiditate. Aperiam beatae praesentium at consequatur. Delectus voluptas laudantium ut perspiciatis tempora est. Aut quo totam aut eveniet nam vitae.","Seychelles","","North Fatimaland","25870-8599","../fixtures/female8.jpg","../fixtures/female10.jpg","../fixtures/female1.jpg","../fixtures/female1.jpg","","49","0e6a1815d55d56f5607070e7ef3477af","2005-10-28 09:59:58","0","0","1980-12-05 23:10:27","2009-09-24 19:32:15");
INSERT INTO user_tag (user_id, tag_id) VALUES ("43","8");
INSERT INTO user_tag (user_id, tag_id) VALUES ("43","16");
INSERT INTO user_tag (user_id, tag_id) VALUES ("43","26");
INSERT INTO user_tag (user_id, tag_id) VALUES ("43","23");
INSERT INTO user_tag (user_id, tag_id) VALUES ("43","46");
INSERT INTO user_tag (user_id, tag_id) VALUES ("43","26");
INSERT INTO user_tag (user_id, tag_id) VALUES ("43","43");
INSERT INTO user_tag (user_id, tag_id) VALUES ("43","7");
INSERT INTO user_tag (user_id, tag_id) VALUES ("43","48");
INSERT INTO user_tag (user_id, tag_id) VALUES ("43","25");
INSERT INTO user_tag (user_id, tag_id) VALUES ("43","33");


INSERT INTO likes (like_id, liked_id, like_date) VALUES ("43","86","2018-01-16 14:43:33");
INSERT INTO likes (like_id, liked_id, like_date) VALUES ("43","19","2017-11-23 10:19:33");
INSERT INTO likes (like_id, liked_id, like_date) VALUES ("43","179","2018-01-03 12:33:01");
INSERT INTO likes (like_id, liked_id, like_date) VALUES ("43","182","2018-02-07 08:45:37");
INSERT INTO likes (like_id, liked_id, like_date) VALUES ("43","80","2017-05-28 15:30:32");
INSERT INTO likes (like_id, liked_id, like_date) VALUES ("43","227","2017-09-19 12:02:57");
INSERT INTO likes (like_id, liked_id, like_date) VALUES ("43","431","2017-12-15 02:22:38");


INSERT INTO user (id, first_name, last_name, username, email, password, birthdate, gender, orientation, bio, country, state, city, zip, file_1, file_2, file_3, file_4, file_5, score, token, token_date, active, register, created_at, updated_at) VALUES ("44","Candida","Keebler","schinnerverner","aylin.miller@crooks.com","$2y$10$Jk3hHwE03oBQFnB8CpsJhu7iJOtaLritGREWrWCuNCxQnZaj49r9O","1951-07-06 07:40:12","1","3","Suscipit natus velit id nesciunt natus porro vitae. Voluptatem qui explicabo et omnis ut quo ex. Cum aut et quisquam at.","United Arab Emirates","","West Hettieborough","13604-0675","../fixtures/male5.jpg","../fixtures/male1.jpg","../fixtures/male3.jpg","","","18","5a431e5fdd5e1a77a6eea2c727f6ec29","1974-07-17 02:20:48","0","0","2001-11-19 03:57:50","1986-02-14 04:09:10");
INSERT INTO user_tag (user_id, tag_id) VALUES ("44","22");
INSERT INTO user_tag (user_id, tag_id) VALUES ("44","25");
INSERT INTO user_tag (user_id, tag_id) VALUES ("44","45");
INSERT INTO user_tag (user_id, tag_id) VALUES ("44","20");
INSERT INTO user_tag (user_id, tag_id) VALUES ("44","25");
INSERT INTO user_tag (user_id, tag_id) VALUES ("44","20");
INSERT INTO user_tag (user_id, tag_id) VALUES ("44","29");


INSERT INTO likes (like_id, liked_id, like_date) VALUES ("44","162","2017-12-21 11:40:17");
INSERT INTO likes (like_id, liked_id, like_date) VALUES ("44","364","2017-08-11 09:02:03");
INSERT INTO likes (like_id, liked_id, like_date) VALUES ("44","247","2017-08-16 15:19:06");
INSERT INTO likes (like_id, liked_id, like_date) VALUES ("44","161","2017-11-09 19:26:35");
INSERT INTO likes (like_id, liked_id, like_date) VALUES ("44","146","2017-08-28 03:07:48");
INSERT INTO likes (like_id, liked_id, like_date) VALUES ("44","480","2017-02-16 13:38:25");
INSERT INTO likes (like_id, liked_id, like_date) VALUES ("44","275","2017-07-16 09:36:02");
INSERT INTO likes (like_id, liked_id, like_date) VALUES ("44","330","2017-05-14 19:05:00");
INSERT INTO likes (like_id, liked_id, like_date) VALUES ("44","215","2018-01-17 19:50:35");
INSERT INTO likes (like_id, liked_id, like_date) VALUES ("44","368","2017-04-13 19:48:29");
INSERT INTO likes (like_id, liked_id, like_date) VALUES ("44","285","2017-04-18 07:59:47");
INSERT INTO likes (like_id, liked_id, like_date) VALUES ("44","491","2017-06-15 15:42:01");
INSERT INTO likes (like_id, liked_id, like_date) VALUES ("44","161","2017-06-05 17:03:28");
INSERT INTO likes (like_id, liked_id, like_date) VALUES ("44","245","2017-09-20 02:10:06");


INSERT INTO user (id, first_name, last_name, username, email, password, birthdate, gender, orientation, bio, country, state, city, zip, file_1, file_2, file_3, file_4, file_5, score, token, token_date, active, register, created_at, updated_at) VALUES ("45","Lane","Purdy","jadoncorwin","considine.anastasia@parisian.com","$2y$10$SA.XnsJ31HTc9ZcgBJX5gOWas7G/FVGVYU0GbgLULEyocIhoRO.ke","1964-08-22 12:08:50","2","1","Labore neque ipsum nihil molestiae. Quibusdam voluptatem perferendis et harum architecto delectus animi.","Malta","","Johnsonhaven","03859-5294","../fixtures/female10.jpg","","","","","87","ed932f1a5b4f35b9b5997b5e866e0550","2004-06-13 14:39:11","0","0","1994-10-03 06:40:04","2000-12-15 02:38:41");
INSERT INTO user_tag (user_id, tag_id) VALUES ("45","32");
INSERT INTO user_tag (user_id, tag_id) VALUES ("45","40");


INSERT INTO likes (like_id, liked_id, like_date) VALUES ("45","145","2017-04-03 04:27:44");
INSERT INTO likes (like_id, liked_id, like_date) VALUES ("45","88","2017-05-04 12:25:06");
INSERT INTO likes (like_id, liked_id, like_date) VALUES ("45","113","2017-12-20 16:06:25");
INSERT INTO likes (like_id, liked_id, like_date) VALUES ("45","130","2017-08-19 16:38:58");
INSERT INTO likes (like_id, liked_id, like_date) VALUES ("45","66","2017-11-14 02:30:52");
INSERT INTO likes (like_id, liked_id, like_date) VALUES ("45","181","2017-03-04 01:01:26");
INSERT INTO likes (like_id, liked_id, like_date) VALUES ("45","170","2018-01-29 07:22:48");
INSERT INTO likes (like_id, liked_id, like_date) VALUES ("45","300","2017-03-10 15:11:01");
INSERT INTO likes (like_id, liked_id, like_date) VALUES ("45","76","2017-08-26 22:19:42");
INSERT INTO likes (like_id, liked_id, like_date) VALUES ("45","463","2017-11-12 21:22:57");
INSERT INTO likes (like_id, liked_id, like_date) VALUES ("45","495","2017-11-10 13:56:50");
INSERT INTO likes (like_id, liked_id, like_date) VALUES ("45","210","2017-08-15 13:43:53");
INSERT INTO likes (like_id, liked_id, like_date) VALUES ("45","296","2017-06-13 20:13:45");
INSERT INTO likes (like_id, liked_id, like_date) VALUES ("45","19","2017-06-21 21:25:39");
INSERT INTO likes (like_id, liked_id, like_date) VALUES ("45","453","2017-07-29 12:31:20");
INSERT INTO likes (like_id, liked_id, like_date) VALUES ("45","293","2017-04-19 14:39:26");
INSERT INTO likes (like_id, liked_id, like_date) VALUES ("45","403","2017-06-15 14:09:54");
INSERT INTO likes (like_id, liked_id, like_date) VALUES ("45","380","2017-08-24 14:57:22");
INSERT INTO likes (like_id, liked_id, like_date) VALUES ("45","439","2017-06-19 05:21:19");
INSERT INTO likes (like_id, liked_id, like_date) VALUES ("45","369","2017-05-04 14:23:40");


INSERT INTO user (id, first_name, last_name, username, email, password, birthdate, gender, orientation, bio, country, state, city, zip, file_1, file_2, file_3, file_4, file_5, score, token, token_date, active, register, created_at, updated_at) VALUES ("46","Evert","Feeney","gwindler","hwolff@schumm.com","$2y$10$0nD1XRjOgRsSsahFP7pUEe8t0DaYjQTlGrYmqcSGGJCzNg9wcJEQ2","1952-09-10 05:27:29","2","2","Et sed exercitationem ut vel. Autem hic corporis qui expedita cumque aperiam et sequi. Beatae quam qui cumque et aspernatur est est. Ipsam ad voluptatum laudantium voluptatum odio.","Germany","","Port Patberg","72101-2060","../fixtures/female5.jpg","../fixtures/female8.jpg","../fixtures/female1.jpg","","","10","713d1427ef004ac243d7c911facf61ba","1987-02-19 05:00:55","0","0","2002-09-28 09:26:30","1976-05-12 11:00:23");
INSERT INTO user_tag (user_id, tag_id) VALUES ("46","33");
INSERT INTO user_tag (user_id, tag_id) VALUES ("46","28");
INSERT INTO user_tag (user_id, tag_id) VALUES ("46","37");
INSERT INTO user_tag (user_id, tag_id) VALUES ("46","30");
INSERT INTO user_tag (user_id, tag_id) VALUES ("46","39");
INSERT INTO user_tag (user_id, tag_id) VALUES ("46","47");
INSERT INTO user_tag (user_id, tag_id) VALUES ("46","8");
INSERT INTO user_tag (user_id, tag_id) VALUES ("46","40");
INSERT INTO user_tag (user_id, tag_id) VALUES ("46","17");
INSERT INTO user_tag (user_id, tag_id) VALUES ("46","42");
INSERT INTO user_tag (user_id, tag_id) VALUES ("46","45");
INSERT INTO user_tag (user_id, tag_id) VALUES ("46","43");
INSERT INTO user_tag (user_id, tag_id) VALUES ("46","17");
INSERT INTO user_tag (user_id, tag_id) VALUES ("46","9");
INSERT INTO user_tag (user_id, tag_id) VALUES ("46","45");


INSERT INTO likes (like_id, liked_id, like_date) VALUES ("46","381","2018-01-07 20:18:51");
INSERT INTO likes (like_id, liked_id, like_date) VALUES ("46","3","2017-05-03 11:43:39");
INSERT INTO likes (like_id, liked_id, like_date) VALUES ("46","171","2017-07-03 09:03:06");
INSERT INTO likes (like_id, liked_id, like_date) VALUES ("46","475","2018-01-26 23:35:57");
INSERT INTO likes (like_id, liked_id, like_date) VALUES ("46","489","2017-03-15 10:27:32");
INSERT INTO likes (like_id, liked_id, like_date) VALUES ("46","50","2017-06-10 02:52:09");
INSERT INTO likes (like_id, liked_id, like_date) VALUES ("46","223","2018-01-10 08:19:50");
INSERT INTO likes (like_id, liked_id, like_date) VALUES ("46","217","2017-12-03 22:25:17");


INSERT INTO user (id, first_name, last_name, username, email, password, birthdate, gender, orientation, bio, country, state, city, zip, file_1, file_2, file_3, file_4, file_5, score, token, token_date, active, register, created_at, updated_at) VALUES ("47","Jasmin","Wisozk","rossschmeler","lconsidine@gleason.net","$2y$10$f8Sd5JfRBQZ.yvZPHaTSlOHZsXEirK3ohHjxIKl1m2biL/AzSxNnC","1960-03-09 19:27:04","2","3","Eveniet impedit voluptatem tempore. Facere aut quos odio qui nobis molestiae expedita. Eos quidem eum aliquid sunt delectus aperiam. Consequuntur quia iure eligendi voluptatum.","Belgium","","New Lorenzo","59289","../fixtures/female2.jpg","../fixtures/female10.jpg","../fixtures/female6.jpg","../fixtures/female7.jpg","../fixtures/female2.jpg","32","e76e56aa222754907a25ecef7a764012","2017-10-23 14:26:07","0","0","1992-01-28 10:19:10","1995-10-22 01:51:04");
INSERT INTO user_tag (user_id, tag_id) VALUES ("47","39");
INSERT INTO user_tag (user_id, tag_id) VALUES ("47","32");
INSERT INTO user_tag (user_id, tag_id) VALUES ("47","4");


INSERT INTO likes (like_id, liked_id, like_date) VALUES ("47","27","2017-07-17 00:57:17");
INSERT INTO likes (like_id, liked_id, like_date) VALUES ("47","3","2018-01-27 23:55:24");
INSERT INTO likes (like_id, liked_id, like_date) VALUES ("47","401","2017-08-02 10:11:51");
INSERT INTO likes (like_id, liked_id, like_date) VALUES ("47","471","2017-12-30 01:32:06");
INSERT INTO likes (like_id, liked_id, like_date) VALUES ("47","85","2017-10-20 18:57:08");
INSERT INTO likes (like_id, liked_id, like_date) VALUES ("47","336","2017-05-20 21:48:17");
INSERT INTO likes (like_id, liked_id, like_date) VALUES ("47","339","2017-04-28 20:29:28");
INSERT INTO likes (like_id, liked_id, like_date) VALUES ("47","97","2017-09-17 19:31:07");
INSERT INTO likes (like_id, liked_id, like_date) VALUES ("47","465","2017-04-13 02:32:35");
INSERT INTO likes (like_id, liked_id, like_date) VALUES ("47","276","2017-11-19 17:23:08");
INSERT INTO likes (like_id, liked_id, like_date) VALUES ("47","98","2017-04-05 16:39:50");
INSERT INTO likes (like_id, liked_id, like_date) VALUES ("47","361","2018-01-19 03:01:15");
INSERT INTO likes (like_id, liked_id, like_date) VALUES ("47","163","2017-04-02 12:25:55");
INSERT INTO likes (like_id, liked_id, like_date) VALUES ("47","307","2017-08-10 03:07:32");
INSERT INTO likes (like_id, liked_id, like_date) VALUES ("47","67","2017-12-23 04:28:07");
INSERT INTO likes (like_id, liked_id, like_date) VALUES ("47","427","2017-05-08 22:47:24");
INSERT INTO likes (like_id, liked_id, like_date) VALUES ("47","207","2017-11-22 11:04:42");
INSERT INTO likes (like_id, liked_id, like_date) VALUES ("47","183","2017-06-23 03:23:35");
INSERT INTO likes (like_id, liked_id, like_date) VALUES ("47","280","2017-07-10 20:35:47");


INSERT INTO user (id, first_name, last_name, username, email, password, birthdate, gender, orientation, bio, country, state, city, zip, file_1, file_2, file_3, file_4, file_5, score, token, token_date, active, register, created_at, updated_at) VALUES ("48","Alize","McGlynn","jdoyle","declan.reynolds@gmail.com","$2y$10$GOKvrYe/v4h6/AAtzAdSJOxH5MOPPPgP6ZDGiIQ3UQ7wlgsb2AJOW","1973-04-10 16:59:58","2","3","Qui laboriosam iste qui esse minima ipsa perspiciatis. Et similique porro consectetur doloribus non ut quos numquam. Deserunt laboriosam necessitatibus quas. Cupiditate qui odit provident distinctio eum corrupti est.","Madagascar","","Legrosfort","46324-7363","../fixtures/female2.jpg","../fixtures/female6.jpg","../fixtures/female4.jpg","","","18","e27c670f9c8eadc8618c696af8f04dd0","1976-07-30 12:43:56","0","0","1985-11-02 19:14:55","2013-03-21 03:59:47");
INSERT INTO user_tag (user_id, tag_id) VALUES ("48","32");
INSERT INTO user_tag (user_id, tag_id) VALUES ("48","42");
INSERT INTO user_tag (user_id, tag_id) VALUES ("48","7");
INSERT INTO user_tag (user_id, tag_id) VALUES ("48","11");
INSERT INTO user_tag (user_id, tag_id) VALUES ("48","13");
INSERT INTO user_tag (user_id, tag_id) VALUES ("48","28");
INSERT INTO user_tag (user_id, tag_id) VALUES ("48","47");
INSERT INTO user_tag (user_id, tag_id) VALUES ("48","20");
INSERT INTO user_tag (user_id, tag_id) VALUES ("48","32");
INSERT INTO user_tag (user_id, tag_id) VALUES ("48","15");
INSERT INTO user_tag (user_id, tag_id) VALUES ("48","14");
INSERT INTO user_tag (user_id, tag_id) VALUES ("48","9");
INSERT INTO user_tag (user_id, tag_id) VALUES ("48","31");
INSERT INTO user_tag (user_id, tag_id) VALUES ("48","5");


INSERT INTO likes (like_id, liked_id, like_date) VALUES ("48","247","2017-03-21 18:23:13");
INSERT INTO likes (like_id, liked_id, like_date) VALUES ("48","63","2017-09-28 12:47:40");
INSERT INTO likes (like_id, liked_id, like_date) VALUES ("48","109","2017-04-11 14:46:09");
INSERT INTO likes (like_id, liked_id, like_date) VALUES ("48","189","2017-05-17 02:34:18");
INSERT INTO likes (like_id, liked_id, like_date) VALUES ("48","257","2017-09-06 02:35:57");
INSERT INTO likes (like_id, liked_id, like_date) VALUES ("48","1","2017-02-17 15:56:05");
INSERT INTO likes (like_id, liked_id, like_date) VALUES ("48","401","2017-08-11 10:04:44");
INSERT INTO likes (like_id, liked_id, like_date) VALUES ("48","11","2017-04-06 17:09:26");
INSERT INTO likes (like_id, liked_id, like_date) VALUES ("48","482","2018-01-23 06:59:30");
INSERT INTO likes (like_id, liked_id, like_date) VALUES ("48","73","2017-11-13 22:01:07");
INSERT INTO likes (like_id, liked_id, like_date) VALUES ("48","31","2017-11-01 23:50:28");
INSERT INTO likes (like_id, liked_id, like_date) VALUES ("48","390","2017-12-21 05:38:55");
INSERT INTO likes (like_id, liked_id, like_date) VALUES ("48","207","2017-03-16 17:41:06");
INSERT INTO likes (like_id, liked_id, like_date) VALUES ("48","39","2017-04-09 13:57:31");
INSERT INTO likes (like_id, liked_id, like_date) VALUES ("48","308","2017-12-08 23:00:09");
INSERT INTO likes (like_id, liked_id, like_date) VALUES ("48","217","2018-01-13 10:01:00");
INSERT INTO likes (like_id, liked_id, like_date) VALUES ("48","373","2017-02-14 07:46:11");


INSERT INTO user (id, first_name, last_name, username, email, password, birthdate, gender, orientation, bio, country, state, city, zip, file_1, file_2, file_3, file_4, file_5, score, token, token_date, active, register, created_at, updated_at) VALUES ("49","Rickie","Hickle","aufderharlukas","cward@hotmail.com","$2y$10$C5r/Cu/iLW44FcVfcsSUI.vSDFPU6Lloar4BiVdW28dvuMhswrgw.","1992-03-05 09:36:59","1","2","Minima voluptatem voluptatem doloremque voluptatem porro consequatur. Eos quia rem totam. Voluptatem voluptas repudiandae quia molestiae nemo eaque inventore ab. Provident sapiente ut at.","Mayotte","","Kohlerchester","48969","../fixtures/male1.jpg","","","","","64","d78bec10e228405acafbd22bbb7058af","1979-03-20 20:16:01","1","0","1997-05-05 06:52:43","2000-05-28 11:43:41");
INSERT INTO user_tag (user_id, tag_id) VALUES ("49","35");
INSERT INTO user_tag (user_id, tag_id) VALUES ("49","47");
INSERT INTO user_tag (user_id, tag_id) VALUES ("49","48");
INSERT INTO user_tag (user_id, tag_id) VALUES ("49","1");
INSERT INTO user_tag (user_id, tag_id) VALUES ("49","18");
INSERT INTO user_tag (user_id, tag_id) VALUES ("49","8");
INSERT INTO user_tag (user_id, tag_id) VALUES ("49","15");


INSERT INTO likes (like_id, liked_id, like_date) VALUES ("49","18","2017-09-01 11:21:36");
INSERT INTO likes (like_id, liked_id, like_date) VALUES ("49","235","2017-12-21 19:32:49");
INSERT INTO likes (like_id, liked_id, like_date) VALUES ("49","90","2017-04-28 07:59:52");
INSERT INTO likes (like_id, liked_id, like_date) VALUES ("49","380","2017-10-08 18:29:13");
INSERT INTO likes (like_id, liked_id, like_date) VALUES ("49","33","2017-08-10 16:40:58");
INSERT INTO likes (like_id, liked_id, like_date) VALUES ("49","140","2017-08-15 21:34:09");
INSERT INTO likes (like_id, liked_id, like_date) VALUES ("49","177","2017-06-25 00:30:24");
INSERT INTO likes (like_id, liked_id, like_date) VALUES ("49","457","2017-04-05 06:23:26");
INSERT INTO likes (like_id, liked_id, like_date) VALUES ("49","314","2017-05-18 12:52:32");
INSERT INTO likes (like_id, liked_id, like_date) VALUES ("49","207","2017-04-15 09:58:47");
INSERT INTO likes (like_id, liked_id, like_date) VALUES ("49","415","2017-11-12 21:57:47");
INSERT INTO likes (like_id, liked_id, like_date) VALUES ("49","150","2017-06-02 22:17:31");
INSERT INTO likes (like_id, liked_id, like_date) VALUES ("49","106","2017-05-24 14:22:39");
INSERT INTO likes (like_id, liked_id, like_date) VALUES ("49","192","2018-01-01 09:06:32");
INSERT INTO likes (like_id, liked_id, like_date) VALUES ("49","477","2018-01-31 15:01:28");


INSERT INTO user (id, first_name, last_name, username, email, password, birthdate, gender, orientation, bio, country, state, city, zip, file_1, file_2, file_3, file_4, file_5, score, token, token_date, active, register, created_at, updated_at) VALUES ("50","Melyna","Lind","trentmraz","anabel.williamson@lang.com","$2y$10$Nsh3mcHy8Ljy7uyRzOhs4unlpR/JHFZ.jSWQwwn3PjCqNk.5aj3tK","1993-01-29 04:39:25","2","2","Est ut laudantium aliquid numquam autem placeat. Eveniet enim aut modi ducimus. Cupiditate rem omnis non autem ea minus laudantium. Praesentium architecto nostrum quia voluptates.","Monaco","","East Ernaview","44194-4656","../fixtures/female9.jpg","../fixtures/female6.jpg","../fixtures/female8.jpg","../fixtures/female7.jpg","","23","0522ce6eb02fb04036893b9138de503c","1986-07-23 09:35:26","1","0","1987-12-29 17:14:56","2002-11-14 09:20:31");
INSERT INTO user_tag (user_id, tag_id) VALUES ("50","17");
INSERT INTO user_tag (user_id, tag_id) VALUES ("50","48");
INSERT INTO user_tag (user_id, tag_id) VALUES ("50","20");
INSERT INTO user_tag (user_id, tag_id) VALUES ("50","15");
INSERT INTO user_tag (user_id, tag_id) VALUES ("50","19");
INSERT INTO user_tag (user_id, tag_id) VALUES ("50","4");
INSERT INTO user_tag (user_id, tag_id) VALUES ("50","32");
INSERT INTO user_tag (user_id, tag_id) VALUES ("50","13");
INSERT INTO user_tag (user_id, tag_id) VALUES ("50","26");
INSERT INTO user_tag (user_id, tag_id) VALUES ("50","28");
INSERT INTO user_tag (user_id, tag_id) VALUES ("50","36");
INSERT INTO user_tag (user_id, tag_id) VALUES ("50","42");
INSERT INTO user_tag (user_id, tag_id) VALUES ("50","42");
INSERT INTO user_tag (user_id, tag_id) VALUES ("50","28");


INSERT INTO likes (like_id, liked_id, like_date) VALUES ("50","35","2017-10-13 17:12:28");
INSERT INTO likes (like_id, liked_id, like_date) VALUES ("50","238","2017-03-26 19:21:30");
INSERT INTO likes (like_id, liked_id, like_date) VALUES ("50","264","2017-12-06 15:46:23");
INSERT INTO likes (like_id, liked_id, like_date) VALUES ("50","393","2017-07-12 02:28:15");


INSERT INTO user (id, first_name, last_name, username, email, password, birthdate, gender, orientation, bio, country, state, city, zip, file_1, file_2, file_3, file_4, file_5, score, token, token_date, active, register, created_at, updated_at) VALUES ("51","Patience","Von","hettie88","vicenta58@nitzsche.com","$2y$10$SXqodr0BdU95mDjH3UybduLbpnBMofPxfbLreMfAlwSXK6hh7RTUa","1957-04-27 05:39:22","1","2","Officiis quam temporibus dolor quae rerum et. Ipsa vitae maxime eligendi est eius illum dolore quis. Eum nostrum odit vitae nesciunt sit non iure.","Martinique","","East Magnoliaborough","50253","../fixtures/male10.jpg","","","","","70","735b9d03b159ed8a4afcf9deb6fc29fc","1982-05-22 10:07:06","1","1","1981-10-28 22:49:12","2006-01-03 18:09:01");
INSERT INTO user_tag (user_id, tag_id) VALUES ("51","42");
INSERT INTO user_tag (user_id, tag_id) VALUES ("51","4");
INSERT INTO user_tag (user_id, tag_id) VALUES ("51","45");
INSERT INTO user_tag (user_id, tag_id) VALUES ("51","45");
INSERT INTO user_tag (user_id, tag_id) VALUES ("51","50");
INSERT INTO user_tag (user_id, tag_id) VALUES ("51","16");
INSERT INTO user_tag (user_id, tag_id) VALUES ("51","4");


INSERT INTO likes (like_id, liked_id, like_date) VALUES ("51","159","2017-05-24 00:01:34");
INSERT INTO likes (like_id, liked_id, like_date) VALUES ("51","376","2017-03-21 06:33:02");
INSERT INTO likes (like_id, liked_id, like_date) VALUES ("51","193","2017-06-13 18:29:09");
INSERT INTO likes (like_id, liked_id, like_date) VALUES ("51","196","2017-11-03 07:32:44");
INSERT INTO likes (like_id, liked_id, like_date) VALUES ("51","127","2017-04-27 05:03:37");
INSERT INTO likes (like_id, liked_id, like_date) VALUES ("51","37","2017-03-23 02:30:35");
INSERT INTO likes (like_id, liked_id, like_date) VALUES ("51","190","2017-09-29 12:14:09");
INSERT INTO likes (like_id, liked_id, like_date) VALUES ("51","279","2017-03-18 22:25:16");
INSERT INTO likes (like_id, liked_id, like_date) VALUES ("51","33","2017-10-13 18:03:42");
INSERT INTO likes (like_id, liked_id, like_date) VALUES ("51","37","2017-09-05 00:01:53");
INSERT INTO likes (like_id, liked_id, like_date) VALUES ("51","299","2017-04-07 03:31:00");
INSERT INTO likes (like_id, liked_id, like_date) VALUES ("51","282","2018-01-20 17:18:56");
INSERT INTO likes (like_id, liked_id, like_date) VALUES ("51","4","2017-03-14 22:05:28");
INSERT INTO likes (like_id, liked_id, like_date) VALUES ("51","122","2017-09-20 05:21:19");
INSERT INTO likes (like_id, liked_id, like_date) VALUES ("51","319","2018-01-23 08:48:50");
INSERT INTO likes (like_id, liked_id, like_date) VALUES ("51","228","2017-04-28 16:34:38");


INSERT INTO user (id, first_name, last_name, username, email, password, birthdate, gender, orientation, bio, country, state, city, zip, file_1, file_2, file_3, file_4, file_5, score, token, token_date, active, register, created_at, updated_at) VALUES ("52","Amiya","Swaniawski","dennis82","reagan94@hotmail.com","$2y$10$L0N0LJi3fnSzSd0eeDIdU.lBjhuxVHiHot/7pnNnPi85Dod.E9pNO","1966-11-07 09:22:13","1","2","Praesentium reiciendis labore omnis vel ex harum sit. Expedita neque et culpa voluptatem. Quo vel qui sed provident.","Guernsey","","New Guy","03742","../fixtures/male9.jpg","../fixtures/male9.jpg","","","","58","1a4b904487fd093e1d05359e55d7816b","2004-12-11 04:27:40","0","0","1993-10-25 06:17:20","1992-05-12 02:46:45");
INSERT INTO user_tag (user_id, tag_id) VALUES ("52","50");
INSERT INTO user_tag (user_id, tag_id) VALUES ("52","3");
INSERT INTO user_tag (user_id, tag_id) VALUES ("52","37");
INSERT INTO user_tag (user_id, tag_id) VALUES ("52","26");
INSERT INTO user_tag (user_id, tag_id) VALUES ("52","19");
INSERT INTO user_tag (user_id, tag_id) VALUES ("52","19");
INSERT INTO user_tag (user_id, tag_id) VALUES ("52","26");
INSERT INTO user_tag (user_id, tag_id) VALUES ("52","35");
INSERT INTO user_tag (user_id, tag_id) VALUES ("52","30");
INSERT INTO user_tag (user_id, tag_id) VALUES ("52","12");


INSERT INTO likes (like_id, liked_id, like_date) VALUES ("52","35","2017-05-03 14:51:44");
INSERT INTO likes (like_id, liked_id, like_date) VALUES ("52","43","2017-09-20 23:55:41");
INSERT INTO likes (like_id, liked_id, like_date) VALUES ("52","262","2017-05-22 06:06:15");
INSERT INTO likes (like_id, liked_id, like_date) VALUES ("52","13","2017-11-07 02:07:28");
INSERT INTO likes (like_id, liked_id, like_date) VALUES ("52","249","2017-07-08 11:58:15");
INSERT INTO likes (like_id, liked_id, like_date) VALUES ("52","437","2017-05-28 14:28:42");
INSERT INTO likes (like_id, liked_id, like_date) VALUES ("52","174","2017-07-15 23:06:49");
INSERT INTO likes (like_id, liked_id, like_date) VALUES ("52","144","2017-11-29 04:52:37");
INSERT INTO likes (like_id, liked_id, like_date) VALUES ("52","373","2017-08-20 12:27:42");
INSERT INTO likes (like_id, liked_id, like_date) VALUES ("52","271","2017-07-13 18:22:04");
INSERT INTO likes (like_id, liked_id, like_date) VALUES ("52","11","2018-01-24 13:21:55");
INSERT INTO likes (like_id, liked_id, like_date) VALUES ("52","198","2017-12-02 01:54:31");


INSERT INTO user (id, first_name, last_name, username, email, password, birthdate, gender, orientation, bio, country, state, city, zip, file_1, file_2, file_3, file_4, file_5, score, token, token_date, active, register, created_at, updated_at) VALUES ("53","Gregorio","Waters","zackgottlieb","lillian04@hotmail.com","$2y$10$e3zpk4jxqNDV3cJSMj3tDeu/CFgPzDcdrsGVBVhLaWpQTsAj5o9RK","1976-01-19 04:02:24","1","1","Fugiat nobis rerum repellat. Nemo cum sit tempore maiores facere odit omnis. Rerum maxime vel eius.","Isle of Man","","Lake Mike","30957-6861","../fixtures/male9.jpg","","","","","79","ee833cb0d648e6d93142347d334925c9","2014-08-04 06:07:15","1","1","1973-07-04 07:14:31","2006-06-19 04:22:07");
INSERT INTO user_tag (user_id, tag_id) VALUES ("53","3");
INSERT INTO user_tag (user_id, tag_id) VALUES ("53","26");
INSERT INTO user_tag (user_id, tag_id) VALUES ("53","18");
INSERT INTO user_tag (user_id, tag_id) VALUES ("53","44");
INSERT INTO user_tag (user_id, tag_id) VALUES ("53","22");
INSERT INTO user_tag (user_id, tag_id) VALUES ("53","17");
INSERT INTO user_tag (user_id, tag_id) VALUES ("53","18");
INSERT INTO user_tag (user_id, tag_id) VALUES ("53","33");
INSERT INTO user_tag (user_id, tag_id) VALUES ("53","3");
INSERT INTO user_tag (user_id, tag_id) VALUES ("53","23");
INSERT INTO user_tag (user_id, tag_id) VALUES ("53","33");
INSERT INTO user_tag (user_id, tag_id) VALUES ("53","16");
INSERT INTO user_tag (user_id, tag_id) VALUES ("53","50");
INSERT INTO user_tag (user_id, tag_id) VALUES ("53","44");
INSERT INTO user_tag (user_id, tag_id) VALUES ("53","49");


INSERT INTO likes (like_id, liked_id, like_date) VALUES ("53","119","2018-01-03 15:13:58");
INSERT INTO likes (like_id, liked_id, like_date) VALUES ("53","444","2017-06-10 13:41:59");
INSERT INTO likes (like_id, liked_id, like_date) VALUES ("53","142","2017-07-25 06:25:33");
INSERT INTO likes (like_id, liked_id, like_date) VALUES ("53","54","2017-07-06 21:54:32");
INSERT INTO likes (like_id, liked_id, like_date) VALUES ("53","405","2017-07-02 15:43:25");
INSERT INTO likes (like_id, liked_id, like_date) VALUES ("53","453","2017-09-16 23:58:31");
INSERT INTO likes (like_id, liked_id, like_date) VALUES ("53","45","2017-05-05 09:07:40");
INSERT INTO likes (like_id, liked_id, like_date) VALUES ("53","181","2017-09-29 08:48:59");
INSERT INTO likes (like_id, liked_id, like_date) VALUES ("53","154","2018-01-19 06:02:28");
INSERT INTO likes (like_id, liked_id, like_date) VALUES ("53","225","2018-02-12 06:24:32");
INSERT INTO likes (like_id, liked_id, like_date) VALUES ("53","58","2017-10-10 15:36:56");
INSERT INTO likes (like_id, liked_id, like_date) VALUES ("53","251","2017-05-06 13:38:46");
INSERT INTO likes (like_id, liked_id, like_date) VALUES ("53","64","2017-12-30 10:47:13");
INSERT INTO likes (like_id, liked_id, like_date) VALUES ("53","432","2017-03-16 03:57:25");


INSERT INTO user (id, first_name, last_name, username, email, password, birthdate, gender, orientation, bio, country, state, city, zip, file_1, file_2, file_3, file_4, file_5, score, token, token_date, active, register, created_at, updated_at) VALUES ("54","Robert","Erdman","qleffler","lesch.verna@wisoky.com","$2y$10$GMH0C3Cbdv7snlTX1PZq2.GdSq71fWWdfcYDcLoDOSRUxt5A6iW/e","1978-10-13 08:24:10","2","1","Velit in accusantium odit odio minus consequuntur aperiam veritatis. Quo aut officia enim et esse omnis. Occaecati soluta placeat molestiae repellendus nobis sunt aut sint.","Nepal","","Feeneyhaven","68665","../fixtures/female8.jpg","../fixtures/female6.jpg","../fixtures/female9.jpg","../fixtures/female9.jpg","../fixtures/female4.jpg","61","02a07d878cbd3dff90eab0a7bf23154a","2015-12-23 09:15:41","1","1","2010-10-12 10:30:05","1977-09-14 21:37:05");
INSERT INTO user_tag (user_id, tag_id) VALUES ("54","35");
INSERT INTO user_tag (user_id, tag_id) VALUES ("54","43");
INSERT INTO user_tag (user_id, tag_id) VALUES ("54","49");
INSERT INTO user_tag (user_id, tag_id) VALUES ("54","16");
INSERT INTO user_tag (user_id, tag_id) VALUES ("54","9");
INSERT INTO user_tag (user_id, tag_id) VALUES ("54","19");
INSERT INTO user_tag (user_id, tag_id) VALUES ("54","20");
INSERT INTO user_tag (user_id, tag_id) VALUES ("54","11");
INSERT INTO user_tag (user_id, tag_id) VALUES ("54","29");
INSERT INTO user_tag (user_id, tag_id) VALUES ("54","7");
INSERT INTO user_tag (user_id, tag_id) VALUES ("54","44");
INSERT INTO user_tag (user_id, tag_id) VALUES ("54","18");
INSERT INTO user_tag (user_id, tag_id) VALUES ("54","4");


INSERT INTO likes (like_id, liked_id, like_date) VALUES ("54","315","2017-08-09 01:26:22");
INSERT INTO likes (like_id, liked_id, like_date) VALUES ("54","112","2017-04-01 06:32:16");
INSERT INTO likes (like_id, liked_id, like_date) VALUES ("54","108","2017-04-18 19:50:31");
INSERT INTO likes (like_id, liked_id, like_date) VALUES ("54","349","2017-03-20 18:51:30");
INSERT INTO likes (like_id, liked_id, like_date) VALUES ("54","176","2018-01-04 07:40:58");
INSERT INTO likes (like_id, liked_id, like_date) VALUES ("54","357","2017-10-10 20:08:02");


INSERT INTO user (id, first_name, last_name, username, email, password, birthdate, gender, orientation, bio, country, state, city, zip, file_1, file_2, file_3, file_4, file_5, score, token, token_date, active, register, created_at, updated_at) VALUES ("55","Rozella","Hartmann","ykoss","meda97@mante.com","$2y$10$uqV6A127oCaKOhKWTJ5P.eATq9CR5vWtv8.FiWxYvUT5OYf19/.V6","1976-04-30 21:48:50","1","2","Enim in porro ullam veniam assumenda placeat. Cumque occaecati aliquid quibusdam sed quasi voluptas laudantium. Assumenda totam earum quas iste. Consectetur saepe et aut ducimus voluptatem consequuntur aut.","Qatar","","North Kacieport","37718","../fixtures/male6.jpg","../fixtures/male1.jpg","../fixtures/male3.jpg","../fixtures/male9.jpg","../fixtures/male2.jpg","8","3ad9f8ada6748ae51da4f2190127c996","2009-08-22 04:11:42","0","0","1992-12-07 13:19:21","1992-03-16 00:19:37");
INSERT INTO user_tag (user_id, tag_id) VALUES ("55","39");
INSERT INTO user_tag (user_id, tag_id) VALUES ("55","7");
INSERT INTO user_tag (user_id, tag_id) VALUES ("55","36");
INSERT INTO user_tag (user_id, tag_id) VALUES ("55","33");
INSERT INTO user_tag (user_id, tag_id) VALUES ("55","40");
INSERT INTO user_tag (user_id, tag_id) VALUES ("55","31");
INSERT INTO user_tag (user_id, tag_id) VALUES ("55","3");
INSERT INTO user_tag (user_id, tag_id) VALUES ("55","19");
INSERT INTO user_tag (user_id, tag_id) VALUES ("55","37");
INSERT INTO user_tag (user_id, tag_id) VALUES ("55","38");


INSERT INTO likes (like_id, liked_id, like_date) VALUES ("55","479","2017-10-24 10:01:16");
INSERT INTO likes (like_id, liked_id, like_date) VALUES ("55","276","2017-09-14 13:25:02");
INSERT INTO likes (like_id, liked_id, like_date) VALUES ("55","73","2017-12-27 23:22:49");


INSERT INTO user (id, first_name, last_name, username, email, password, birthdate, gender, orientation, bio, country, state, city, zip, file_1, file_2, file_3, file_4, file_5, score, token, token_date, active, register, created_at, updated_at) VALUES ("56","Vivien","Gulgowski","yferry","schuster.roselyn@gmail.com","$2y$10$gdOC77t6RdyXmKyRq5yqauaIXsBlq077RcYvhkUpq4rTCFkY1A3Rm","1965-02-27 23:41:28","1","2","Occaecati incidunt vel sed pariatur et molestias. Asperiores repudiandae nostrum commodi impedit. Et consequuntur est optio nemo doloremque laborum autem.","Germany","","Pacochaland","26431","../fixtures/male9.jpg","../fixtures/male7.jpg","../fixtures/male4.jpg","../fixtures/male7.jpg","../fixtures/male7.jpg","12","86048ff8aca38ebd5153641059fd56c5","2015-09-27 12:33:33","0","0","1995-03-17 11:03:54","1980-10-26 09:30:49");
INSERT INTO user_tag (user_id, tag_id) VALUES ("56","22");
INSERT INTO user_tag (user_id, tag_id) VALUES ("56","47");
INSERT INTO user_tag (user_id, tag_id) VALUES ("56","4");
INSERT INTO user_tag (user_id, tag_id) VALUES ("56","32");
INSERT INTO user_tag (user_id, tag_id) VALUES ("56","10");


INSERT INTO likes (like_id, liked_id, like_date) VALUES ("56","68","2017-12-12 02:43:36");
INSERT INTO likes (like_id, liked_id, like_date) VALUES ("56","314","2017-05-14 14:55:48");
INSERT INTO likes (like_id, liked_id, like_date) VALUES ("56","68","2017-11-28 18:09:37");
INSERT INTO likes (like_id, liked_id, like_date) VALUES ("56","365","2017-09-28 02:19:44");
INSERT INTO likes (like_id, liked_id, like_date) VALUES ("56","465","2017-06-16 10:53:36");
INSERT INTO likes (like_id, liked_id, like_date) VALUES ("56","129","2017-03-21 14:45:06");
INSERT INTO likes (like_id, liked_id, like_date) VALUES ("56","471","2017-08-30 06:03:49");
INSERT INTO likes (like_id, liked_id, like_date) VALUES ("56","183","2017-07-01 22:41:10");
INSERT INTO likes (like_id, liked_id, like_date) VALUES ("56","119","2017-08-06 05:26:59");
INSERT INTO likes (like_id, liked_id, like_date) VALUES ("56","20","2017-04-08 11:41:11");
INSERT INTO likes (like_id, liked_id, like_date) VALUES ("56","277","2017-08-23 22:56:05");
INSERT INTO likes (like_id, liked_id, like_date) VALUES ("56","442","2018-01-15 20:12:57");


INSERT INTO user (id, first_name, last_name, username, email, password, birthdate, gender, orientation, bio, country, state, city, zip, file_1, file_2, file_3, file_4, file_5, score, token, token_date, active, register, created_at, updated_at) VALUES ("57","Oral","Schaefer","tamara22","michel97@lynch.com","$2y$10$EGaLgYwDhc585SJZBpGWBuqvYT9J6yqgKSoGzb5SJlgMJWivTD.Yi","1964-05-04 19:50:41","2","3","Perferendis nam natus labore. Ut animi quae nisi quidem. Odio voluptas aperiam quis sapiente dolor corrupti.","Norway","","Coleland","88725","../fixtures/female7.jpg","","","","","100","679ddfc6d9dcd2c1f14cce70f8257e61","2003-11-19 12:47:26","1","0","1979-05-18 04:59:22","2004-03-21 05:40:17");
INSERT INTO user_tag (user_id, tag_id) VALUES ("57","45");


INSERT INTO likes (like_id, liked_id, like_date) VALUES ("57","4","2017-06-28 20:57:49");
INSERT INTO likes (like_id, liked_id, like_date) VALUES ("57","306","2017-05-03 00:33:19");
INSERT INTO likes (like_id, liked_id, like_date) VALUES ("57","288","2017-12-16 07:28:22");
INSERT INTO likes (like_id, liked_id, like_date) VALUES ("57","321","2017-07-22 04:20:50");
INSERT INTO likes (like_id, liked_id, like_date) VALUES ("57","410","2017-02-26 01:03:18");
INSERT INTO likes (like_id, liked_id, like_date) VALUES ("57","225","2017-03-18 21:10:29");
INSERT INTO likes (like_id, liked_id, like_date) VALUES ("57","399","2017-11-10 03:19:16");
INSERT INTO likes (like_id, liked_id, like_date) VALUES ("57","251","2017-12-10 20:44:42");
INSERT INTO likes (like_id, liked_id, like_date) VALUES ("57","345","2017-03-18 18:14:11");
INSERT INTO likes (like_id, liked_id, like_date) VALUES ("57","26","2018-01-27 14:24:33");
INSERT INTO likes (like_id, liked_id, like_date) VALUES ("57","39","2017-11-07 07:08:50");


INSERT INTO user (id, first_name, last_name, username, email, password, birthdate, gender, orientation, bio, country, state, city, zip, file_1, file_2, file_3, file_4, file_5, score, token, token_date, active, register, created_at, updated_at) VALUES ("58","Denis","Rippin","bwill","evan.gutmann@gerhold.net","$2y$10$2HeLu6L9z6Uw2gHc6./lY.8oqQXMjE3c7K1Ibd8P69T6g3xMxp4v6","1951-05-15 22:22:18","2","1","Atque perspiciatis nam sed consectetur explicabo. Nihil repellat officiis ipsam et sapiente. Sequi harum ex ratione facere.","Zambia","","Makennabury","34929","../fixtures/female10.jpg","../fixtures/female4.jpg","../fixtures/female6.jpg","","","41","d09828b7db683a2e1537abb254582451","2013-03-22 10:11:14","1","0","2005-09-01 06:58:42","1981-05-29 01:27:24");
INSERT INTO user_tag (user_id, tag_id) VALUES ("58","27");
INSERT INTO user_tag (user_id, tag_id) VALUES ("58","26");
INSERT INTO user_tag (user_id, tag_id) VALUES ("58","22");
INSERT INTO user_tag (user_id, tag_id) VALUES ("58","28");
INSERT INTO user_tag (user_id, tag_id) VALUES ("58","8");
INSERT INTO user_tag (user_id, tag_id) VALUES ("58","3");
INSERT INTO user_tag (user_id, tag_id) VALUES ("58","46");
INSERT INTO user_tag (user_id, tag_id) VALUES ("58","24");
INSERT INTO user_tag (user_id, tag_id) VALUES ("58","40");
INSERT INTO user_tag (user_id, tag_id) VALUES ("58","5");
INSERT INTO user_tag (user_id, tag_id) VALUES ("58","49");
INSERT INTO user_tag (user_id, tag_id) VALUES ("58","17");
INSERT INTO user_tag (user_id, tag_id) VALUES ("58","27");
INSERT INTO user_tag (user_id, tag_id) VALUES ("58","7");


INSERT INTO likes (like_id, liked_id, like_date) VALUES ("58","297","2018-02-10 05:12:57");
INSERT INTO likes (like_id, liked_id, like_date) VALUES ("58","497","2017-02-15 03:14:31");
INSERT INTO likes (like_id, liked_id, like_date) VALUES ("58","78","2017-05-11 18:45:02");
INSERT INTO likes (like_id, liked_id, like_date) VALUES ("58","476","2017-03-08 20:39:17");
INSERT INTO likes (like_id, liked_id, like_date) VALUES ("58","228","2017-07-08 04:40:17");
INSERT INTO likes (like_id, liked_id, like_date) VALUES ("58","272","2017-07-18 07:43:47");
INSERT INTO likes (like_id, liked_id, like_date) VALUES ("58","219","2017-09-07 03:36:32");
INSERT INTO likes (like_id, liked_id, like_date) VALUES ("58","490","2017-10-27 13:59:47");
INSERT INTO likes (like_id, liked_id, like_date) VALUES ("58","269","2017-03-22 01:02:12");
INSERT INTO likes (like_id, liked_id, like_date) VALUES ("58","52","2017-10-21 22:36:24");
INSERT INTO likes (like_id, liked_id, like_date) VALUES ("58","17","2017-12-06 20:35:16");
INSERT INTO likes (like_id, liked_id, like_date) VALUES ("58","151","2018-01-07 15:55:03");
INSERT INTO likes (like_id, liked_id, like_date) VALUES ("58","354","2017-12-12 11:35:30");
INSERT INTO likes (like_id, liked_id, like_date) VALUES ("58","434","2017-07-29 12:38:43");
INSERT INTO likes (like_id, liked_id, like_date) VALUES ("58","463","2017-10-22 06:56:09");
INSERT INTO likes (like_id, liked_id, like_date) VALUES ("58","396","2018-01-25 22:35:45");
INSERT INTO likes (like_id, liked_id, like_date) VALUES ("58","230","2017-12-02 02:29:10");


INSERT INTO user (id, first_name, last_name, username, email, password, birthdate, gender, orientation, bio, country, state, city, zip, file_1, file_2, file_3, file_4, file_5, score, token, token_date, active, register, created_at, updated_at) VALUES ("59","Craig","Rutherford","vdaniel","jazmyn86@yahoo.com","$2y$10$AFkk53EBuQUp5FQ9xdgN2OK6y9m6tcMTJtLUW1aodZG.8bZBcmC4y","1989-01-03 13:20:22","1","3","Nostrum aliquid aliquid autem debitis deserunt. Sit earum tempore qui doloremque vel debitis ea dolorum. Voluptas quia unde sed ab est expedita. Blanditiis facere deserunt sed.","New Zealand","","Volkmanton","55267","../fixtures/male2.jpg","../fixtures/male3.jpg","","","","60","c2517eb21957fde7e93e26b8d138d381","1996-02-25 23:12:53","1","0","1979-01-26 20:28:21","1995-10-26 08:57:23");
INSERT INTO user_tag (user_id, tag_id) VALUES ("59","50");
INSERT INTO user_tag (user_id, tag_id) VALUES ("59","12");
INSERT INTO user_tag (user_id, tag_id) VALUES ("59","37");
INSERT INTO user_tag (user_id, tag_id) VALUES ("59","39");
INSERT INTO user_tag (user_id, tag_id) VALUES ("59","35");
INSERT INTO user_tag (user_id, tag_id) VALUES ("59","8");
INSERT INTO user_tag (user_id, tag_id) VALUES ("59","44");
INSERT INTO user_tag (user_id, tag_id) VALUES ("59","13");


INSERT INTO likes (like_id, liked_id, like_date) VALUES ("59","18","2017-09-07 21:36:57");
INSERT INTO likes (like_id, liked_id, like_date) VALUES ("59","493","2017-10-23 00:56:36");
INSERT INTO likes (like_id, liked_id, like_date) VALUES ("59","143","2017-11-04 03:23:34");
INSERT INTO likes (like_id, liked_id, like_date) VALUES ("59","234","2017-06-10 04:09:46");
INSERT INTO likes (like_id, liked_id, like_date) VALUES ("59","192","2017-06-25 06:39:05");
INSERT INTO likes (like_id, liked_id, like_date) VALUES ("59","208","2017-08-11 17:26:25");
INSERT INTO likes (like_id, liked_id, like_date) VALUES ("59","435","2017-12-28 19:50:21");
INSERT INTO likes (like_id, liked_id, like_date) VALUES ("59","303","2017-03-26 22:31:05");
INSERT INTO likes (like_id, liked_id, like_date) VALUES ("59","126","2017-05-05 20:41:54");
INSERT INTO likes (like_id, liked_id, like_date) VALUES ("59","370","2017-11-10 23:51:41");
INSERT INTO likes (like_id, liked_id, like_date) VALUES ("59","30","2017-12-19 14:05:40");
INSERT INTO likes (like_id, liked_id, like_date) VALUES ("59","36","2017-03-23 16:38:20");
INSERT INTO likes (like_id, liked_id, like_date) VALUES ("59","372","2017-11-09 04:49:02");
INSERT INTO likes (like_id, liked_id, like_date) VALUES ("59","6","2017-11-24 22:21:51");
INSERT INTO likes (like_id, liked_id, like_date) VALUES ("59","319","2017-10-17 23:03:33");
INSERT INTO likes (like_id, liked_id, like_date) VALUES ("59","303","2017-08-26 19:25:32");
INSERT INTO likes (like_id, liked_id, like_date) VALUES ("59","190","2017-09-05 01:58:20");
INSERT INTO likes (like_id, liked_id, like_date) VALUES ("59","350","2017-05-24 23:39:23");


INSERT INTO user (id, first_name, last_name, username, email, password, birthdate, gender, orientation, bio, country, state, city, zip, file_1, file_2, file_3, file_4, file_5, score, token, token_date, active, register, created_at, updated_at) VALUES ("60","Alisa","Schmidt","jzemlak","roy54@hotmail.com","$2y$10$E6tiFzKOBfm4Lnf4cbnY8e8vKwAuo/qCdKa2fwLxkHtIFLHzfHvyC","1989-07-29 17:55:10","1","1","Id dicta nihil quia adipisci eos numquam. Maiores delectus reiciendis numquam et. Aliquid ea dolor aliquam rerum. Ut vitae sapiente corporis vitae.","Dominican Republic","","Luisport","39782-3873","../fixtures/male10.jpg","../fixtures/male4.jpg","../fixtures/male9.jpg","../fixtures/male4.jpg","","63","9b74fda474cfa0b2fb132e094409bc45","2003-04-07 12:00:21","1","0","2004-12-03 06:37:22","2016-01-26 23:06:17");
INSERT INTO user_tag (user_id, tag_id) VALUES ("60","17");
INSERT INTO user_tag (user_id, tag_id) VALUES ("60","17");
INSERT INTO user_tag (user_id, tag_id) VALUES ("60","31");
INSERT INTO user_tag (user_id, tag_id) VALUES ("60","49");
INSERT INTO user_tag (user_id, tag_id) VALUES ("60","3");
INSERT INTO user_tag (user_id, tag_id) VALUES ("60","4");
INSERT INTO user_tag (user_id, tag_id) VALUES ("60","22");
INSERT INTO user_tag (user_id, tag_id) VALUES ("60","16");
INSERT INTO user_tag (user_id, tag_id) VALUES ("60","18");
INSERT INTO user_tag (user_id, tag_id) VALUES ("60","34");


INSERT INTO likes (like_id, liked_id, like_date) VALUES ("60","380","2017-11-25 11:36:21");


INSERT INTO user (id, first_name, last_name, username, email, password, birthdate, gender, orientation, bio, country, state, city, zip, file_1, file_2, file_3, file_4, file_5, score, token, token_date, active, register, created_at, updated_at) VALUES ("61","Emma","Roberts","melany27","merl.baumbach@yahoo.com","$2y$10$TQW/sVP0gpDZ1TChFT6Xa.NMh4KIMHWZ88iyKDJk9tePXMVYDoDEa","1949-12-25 18:16:44","1","2","Exercitationem unde sunt eligendi esse necessitatibus. Rem impedit est beatae deserunt qui quod. Nisi consectetur odio doloremque autem impedit quod. Aut sed sapiente optio possimus a necessitatibus. Rerum tenetur adipisci sunt aut consequuntur rerum impedit.","Senegal","","West Parishaven","06220-6727","../fixtures/male8.jpg","../fixtures/male1.jpg","","","","99","d6ae87f80f41e704ac4fb32c69d0af12","2010-08-05 03:15:49","1","1","1992-06-01 01:50:19","2000-09-10 14:52:54");
INSERT INTO user_tag (user_id, tag_id) VALUES ("61","42");


INSERT INTO likes (like_id, liked_id, like_date) VALUES ("61","114","2017-11-01 03:30:50");
INSERT INTO likes (like_id, liked_id, like_date) VALUES ("61","454","2018-01-01 12:37:38");


INSERT INTO user (id, first_name, last_name, username, email, password, birthdate, gender, orientation, bio, country, state, city, zip, file_1, file_2, file_3, file_4, file_5, score, token, token_date, active, register, created_at, updated_at) VALUES ("62","Zita","Mosciski","gretarunolfsdottir","glangworth@hotmail.com","$2y$10$gttSFilMvUOQIQKNo2WNXeHCiAZ7pFshgCAOFEqWz2AFxv209MYly","1950-09-21 02:47:00","1","1","Inventore laboriosam porro magni tempora molestiae. Officia vel quod voluptates odio modi. Sint nam dolor est porro praesentium dolorum distinctio minima.","Albania","","Port Georgette","01974-0060","../fixtures/male8.jpg","../fixtures/male1.jpg","../fixtures/male4.jpg","","","83","7cbbc11fa4c1f19a7cab15b0ccb93b59","1973-12-02 21:53:29","1","1","1998-08-12 01:21:19","1972-01-09 01:51:21");
INSERT INTO user_tag (user_id, tag_id) VALUES ("62","30");
INSERT INTO user_tag (user_id, tag_id) VALUES ("62","9");
INSERT INTO user_tag (user_id, tag_id) VALUES ("62","43");
INSERT INTO user_tag (user_id, tag_id) VALUES ("62","31");
INSERT INTO user_tag (user_id, tag_id) VALUES ("62","17");
INSERT INTO user_tag (user_id, tag_id) VALUES ("62","3");


INSERT INTO likes (like_id, liked_id, like_date) VALUES ("62","386","2017-10-09 02:41:53");
INSERT INTO likes (like_id, liked_id, like_date) VALUES ("62","10","2017-11-14 22:20:18");
INSERT INTO likes (like_id, liked_id, like_date) VALUES ("62","349","2018-01-20 00:44:46");
INSERT INTO likes (like_id, liked_id, like_date) VALUES ("62","206","2017-07-05 16:02:13");
INSERT INTO likes (like_id, liked_id, like_date) VALUES ("62","32","2018-01-13 20:11:22");
INSERT INTO likes (like_id, liked_id, like_date) VALUES ("62","251","2017-12-08 02:07:19");
INSERT INTO likes (like_id, liked_id, like_date) VALUES ("62","384","2017-04-09 16:30:48");
INSERT INTO likes (like_id, liked_id, like_date) VALUES ("62","305","2018-01-12 06:22:02");
INSERT INTO likes (like_id, liked_id, like_date) VALUES ("62","299","2017-07-22 06:44:48");
INSERT INTO likes (like_id, liked_id, like_date) VALUES ("62","283","2017-04-02 10:01:51");
INSERT INTO likes (like_id, liked_id, like_date) VALUES ("62","467","2017-02-19 04:39:00");
INSERT INTO likes (like_id, liked_id, like_date) VALUES ("62","398","2018-01-18 00:59:06");
INSERT INTO likes (like_id, liked_id, like_date) VALUES ("62","140","2017-02-26 19:49:45");
INSERT INTO likes (like_id, liked_id, like_date) VALUES ("62","450","2017-03-18 17:57:46");
INSERT INTO likes (like_id, liked_id, like_date) VALUES ("62","23","2017-03-31 04:03:12");
INSERT INTO likes (like_id, liked_id, like_date) VALUES ("62","188","2017-03-27 17:53:19");


INSERT INTO user (id, first_name, last_name, username, email, password, birthdate, gender, orientation, bio, country, state, city, zip, file_1, file_2, file_3, file_4, file_5, score, token, token_date, active, register, created_at, updated_at) VALUES ("63","Leonardo","Reinger","grant23","cloyd30@yahoo.com","$2y$10$LRzd9TV3bPKQXRZbteZEDe4mra9RwDbsHAs5n/nlawZTjgLaVEACK","1973-09-16 11:50:19","2","3","Labore vitae in facere est sint. Aut ut ratione maiores a occaecati et nisi. In et dolor vitae odit.","Saint Lucia","","Parkerland","94995-6872","../fixtures/female3.jpg","../fixtures/female1.jpg","","","","53","960f5d69aa74968c666df4c8ca165bc8","2006-12-31 10:09:23","0","0","1998-02-21 03:49:51","2000-03-25 02:48:49");
INSERT INTO user_tag (user_id, tag_id) VALUES ("63","42");
INSERT INTO user_tag (user_id, tag_id) VALUES ("63","4");
INSERT INTO user_tag (user_id, tag_id) VALUES ("63","25");
INSERT INTO user_tag (user_id, tag_id) VALUES ("63","32");


INSERT INTO likes (like_id, liked_id, like_date) VALUES ("63","162","2017-02-22 18:23:08");
INSERT INTO likes (like_id, liked_id, like_date) VALUES ("63","240","2018-01-15 03:04:58");
INSERT INTO likes (like_id, liked_id, like_date) VALUES ("63","427","2017-06-06 15:14:54");
INSERT INTO likes (like_id, liked_id, like_date) VALUES ("63","335","2017-08-05 20:28:25");
INSERT INTO likes (like_id, liked_id, like_date) VALUES ("63","406","2017-06-28 22:02:51");
INSERT INTO likes (like_id, liked_id, like_date) VALUES ("63","434","2017-11-25 08:21:31");


INSERT INTO user (id, first_name, last_name, username, email, password, birthdate, gender, orientation, bio, country, state, city, zip, file_1, file_2, file_3, file_4, file_5, score, token, token_date, active, register, created_at, updated_at) VALUES ("64","Kaylin","Heidenreich","dickensrafael","loyce.blanda@connelly.biz","$2y$10$YdHkOzXW5nh8N7CZk2.ddew1DrcEFrSCFxBfAXhwupTWNmM60euIW","1960-02-10 00:17:59","1","3","Et eaque sit aliquam dolores. Porro odio ex inventore libero et et. Quos molestiae incidunt accusantium natus eum. Minima nesciunt placeat possimus qui.","Portugal","","Norrisshire","95927-4632","../fixtures/male4.jpg","../fixtures/male4.jpg","../fixtures/male3.jpg","../fixtures/male1.jpg","../fixtures/male10.jpg","85","3987421e65c7473d5f348db025922ce0","2004-07-19 13:53:27","1","1","1970-12-12 06:15:38","1974-09-22 08:51:09");
INSERT INTO user_tag (user_id, tag_id) VALUES ("64","39");
INSERT INTO user_tag (user_id, tag_id) VALUES ("64","35");
INSERT INTO user_tag (user_id, tag_id) VALUES ("64","22");
INSERT INTO user_tag (user_id, tag_id) VALUES ("64","50");
INSERT INTO user_tag (user_id, tag_id) VALUES ("64","41");
INSERT INTO user_tag (user_id, tag_id) VALUES ("64","17");
INSERT INTO user_tag (user_id, tag_id) VALUES ("64","44");


INSERT INTO likes (like_id, liked_id, like_date) VALUES ("64","73","2017-05-08 06:22:09");
INSERT INTO likes (like_id, liked_id, like_date) VALUES ("64","485","2017-02-25 10:23:00");
INSERT INTO likes (like_id, liked_id, like_date) VALUES ("64","119","2017-08-11 22:04:43");
INSERT INTO likes (like_id, liked_id, like_date) VALUES ("64","278","2018-01-17 05:52:55");
INSERT INTO likes (like_id, liked_id, like_date) VALUES ("64","25","2017-11-27 04:48:08");
INSERT INTO likes (like_id, liked_id, like_date) VALUES ("64","241","2017-04-17 13:44:46");
INSERT INTO likes (like_id, liked_id, like_date) VALUES ("64","493","2017-09-20 10:24:02");
INSERT INTO likes (like_id, liked_id, like_date) VALUES ("64","137","2017-10-19 01:28:56");
INSERT INTO likes (like_id, liked_id, like_date) VALUES ("64","448","2017-12-28 01:17:44");
INSERT INTO likes (like_id, liked_id, like_date) VALUES ("64","152","2017-07-28 19:05:24");
INSERT INTO likes (like_id, liked_id, like_date) VALUES ("64","481","2017-12-24 11:11:05");


INSERT INTO user (id, first_name, last_name, username, email, password, birthdate, gender, orientation, bio, country, state, city, zip, file_1, file_2, file_3, file_4, file_5, score, token, token_date, active, register, created_at, updated_at) VALUES ("65","Earline","Weissnat","jordanbednar","susie.yundt@padberg.com","$2y$10$4cje0A/dhGaquEbOV3MaQOA6WD0M1G5gIhEN8SB/YK30CcpNJva3a","1994-03-04 21:53:56","1","2","Et minus enim illo voluptatibus libero nisi deleniti. Consectetur adipisci voluptatibus alias dicta minus eligendi velit. Nihil laudantium fugiat omnis est voluptatem. Esse voluptate at ea voluptatem fugit non.","Sri Lanka","","West Jaedenview","99402-2664","../fixtures/male1.jpg","../fixtures/male5.jpg","../fixtures/male7.jpg","../fixtures/male3.jpg","","16","56df31e03b98ab09d4cdfc7d46b6a90d","1988-10-15 18:39:10","1","0","1993-04-17 09:53:15","1984-08-20 03:36:14");
INSERT INTO user_tag (user_id, tag_id) VALUES ("65","48");
INSERT INTO user_tag (user_id, tag_id) VALUES ("65","50");
INSERT INTO user_tag (user_id, tag_id) VALUES ("65","32");


INSERT INTO likes (like_id, liked_id, like_date) VALUES ("65","208","2017-08-14 06:02:14");
INSERT INTO likes (like_id, liked_id, like_date) VALUES ("65","376","2018-01-29 04:07:35");
INSERT INTO likes (like_id, liked_id, like_date) VALUES ("65","257","2017-07-01 08:23:52");
INSERT INTO likes (like_id, liked_id, like_date) VALUES ("65","56","2017-07-10 13:15:29");
INSERT INTO likes (like_id, liked_id, like_date) VALUES ("65","72","2018-01-28 10:58:09");
INSERT INTO likes (like_id, liked_id, like_date) VALUES ("65","159","2017-03-10 05:35:01");
INSERT INTO likes (like_id, liked_id, like_date) VALUES ("65","237","2017-03-21 01:59:44");
INSERT INTO likes (like_id, liked_id, like_date) VALUES ("65","243","2017-03-18 05:21:12");
INSERT INTO likes (like_id, liked_id, like_date) VALUES ("65","154","2017-03-24 03:33:09");
INSERT INTO likes (like_id, liked_id, like_date) VALUES ("65","206","2017-05-14 14:29:49");
INSERT INTO likes (like_id, liked_id, like_date) VALUES ("65","213","2017-07-26 14:57:31");
INSERT INTO likes (like_id, liked_id, like_date) VALUES ("65","61","2018-02-09 22:34:06");


INSERT INTO user (id, first_name, last_name, username, email, password, birthdate, gender, orientation, bio, country, state, city, zip, file_1, file_2, file_3, file_4, file_5, score, token, token_date, active, register, created_at, updated_at) VALUES ("66","Johnny","Crona","moshetreutel","cara75@roob.com","$2y$10$KTCtVoGaRe4ungvaeKTMG.86vhZS9Ol5lcnzOzfJCmBf7nyd6j9Y.","1970-11-15 00:58:04","2","2","Omnis aspernatur debitis quidem vel qui. Sequi ipsum dolorem delectus ut dolor et. Et est eveniet cupiditate ipsam fugiat blanditiis ea.","Qatar","","New Sierra","20066","../fixtures/female6.jpg","../fixtures/female9.jpg","../fixtures/female9.jpg","../fixtures/female9.jpg","","14","03731556ca90d26ce38f3013fcd5873a","2004-02-22 07:18:41","1","0","2014-03-11 05:41:32","1980-11-04 00:32:37");
INSERT INTO user_tag (user_id, tag_id) VALUES ("66","11");
INSERT INTO user_tag (user_id, tag_id) VALUES ("66","5");
INSERT INTO user_tag (user_id, tag_id) VALUES ("66","42");
INSERT INTO user_tag (user_id, tag_id) VALUES ("66","17");
INSERT INTO user_tag (user_id, tag_id) VALUES ("66","38");
INSERT INTO user_tag (user_id, tag_id) VALUES ("66","8");
INSERT INTO user_tag (user_id, tag_id) VALUES ("66","32");
INSERT INTO user_tag (user_id, tag_id) VALUES ("66","47");
INSERT INTO user_tag (user_id, tag_id) VALUES ("66","4");


INSERT INTO likes (like_id, liked_id, like_date) VALUES ("66","228","2017-08-05 06:59:32");
INSERT INTO likes (like_id, liked_id, like_date) VALUES ("66","305","2017-07-18 02:49:59");
INSERT INTO likes (like_id, liked_id, like_date) VALUES ("66","25","2017-07-03 14:55:09");
INSERT INTO likes (like_id, liked_id, like_date) VALUES ("66","362","2017-07-07 04:04:09");
INSERT INTO likes (like_id, liked_id, like_date) VALUES ("66","474","2017-09-28 20:44:10");
INSERT INTO likes (like_id, liked_id, like_date) VALUES ("66","470","2017-08-02 12:03:29");
INSERT INTO likes (like_id, liked_id, like_date) VALUES ("66","134","2017-10-16 04:54:36");
INSERT INTO likes (like_id, liked_id, like_date) VALUES ("66","266","2017-06-14 22:54:54");
INSERT INTO likes (like_id, liked_id, like_date) VALUES ("66","379","2017-07-07 02:19:03");


INSERT INTO user (id, first_name, last_name, username, email, password, birthdate, gender, orientation, bio, country, state, city, zip, file_1, file_2, file_3, file_4, file_5, score, token, token_date, active, register, created_at, updated_at) VALUES ("67","Vincent","Johns","perryswaniawski","orrin.willms@hotmail.com","$2y$10$oT3ogwegjhnk3Icxoa94sOp1nJPx.9S/0ML..YlMZH1APApUZtTPm","1971-10-21 15:14:37","1","1","Nihil eaque qui animi fuga iure. Aliquid praesentium deserunt ratione minima. Illum ea ut quia repudiandae itaque dolorem. Numquam neque repellendus sapiente illum nisi consequuntur ut neque.","Montserrat","","Sisterstad","23458","../fixtures/male10.jpg","","","","","61","653c5cc024036f4a6a3a6311b25bea2c","2014-10-24 02:10:55","0","0","1984-03-15 08:43:19","1988-08-05 09:04:46");
INSERT INTO user_tag (user_id, tag_id) VALUES ("67","50");
INSERT INTO user_tag (user_id, tag_id) VALUES ("67","39");
INSERT INTO user_tag (user_id, tag_id) VALUES ("67","20");


INSERT INTO likes (like_id, liked_id, like_date) VALUES ("67","364","2017-12-27 08:22:14");
INSERT INTO likes (like_id, liked_id, like_date) VALUES ("67","405","2017-09-19 00:15:11");
INSERT INTO likes (like_id, liked_id, like_date) VALUES ("67","399","2017-07-24 05:21:56");
INSERT INTO likes (like_id, liked_id, like_date) VALUES ("67","85","2017-06-22 18:33:08");
INSERT INTO likes (like_id, liked_id, like_date) VALUES ("67","490","2017-05-29 11:07:27");
INSERT INTO likes (like_id, liked_id, like_date) VALUES ("67","174","2017-09-18 09:22:00");
INSERT INTO likes (like_id, liked_id, like_date) VALUES ("67","52","2017-09-05 17:16:46");
INSERT INTO likes (like_id, liked_id, like_date) VALUES ("67","423","2017-11-03 11:50:59");
INSERT INTO likes (like_id, liked_id, like_date) VALUES ("67","381","2017-06-15 05:49:07");
INSERT INTO likes (like_id, liked_id, like_date) VALUES ("67","96","2017-06-24 02:30:26");
INSERT INTO likes (like_id, liked_id, like_date) VALUES ("67","346","2017-10-21 13:48:45");
INSERT INTO likes (like_id, liked_id, like_date) VALUES ("67","39","2017-08-12 13:51:22");
INSERT INTO likes (like_id, liked_id, like_date) VALUES ("67","216","2017-07-30 21:42:46");
INSERT INTO likes (like_id, liked_id, like_date) VALUES ("67","498","2017-06-02 20:20:42");
INSERT INTO likes (like_id, liked_id, like_date) VALUES ("67","183","2017-12-11 01:14:26");


INSERT INTO user (id, first_name, last_name, username, email, password, birthdate, gender, orientation, bio, country, state, city, zip, file_1, file_2, file_3, file_4, file_5, score, token, token_date, active, register, created_at, updated_at) VALUES ("68","Alfredo","Wisoky","gutkowskiian","jkohler@ondricka.info","$2y$10$BDErFvjV3w7h9E8flMaheufQ1U9vstLS/MRsC4OcBnMsW3s9Ic2ca","1955-04-30 10:18:52","1","3","Qui et quidem eius temporibus labore. Et quia et quis itaque nesciunt repudiandae expedita soluta. Laboriosam enim aut eos ex.","Poland","","West Brannon","72428-3833","../fixtures/male5.jpg","","","","","76","fda16d83d3c1300e4ef01f93ed6aae76","2010-10-24 06:07:52","1","1","1971-03-23 08:32:57","2005-12-10 12:40:03");
INSERT INTO user_tag (user_id, tag_id) VALUES ("68","10");
INSERT INTO user_tag (user_id, tag_id) VALUES ("68","6");
INSERT INTO user_tag (user_id, tag_id) VALUES ("68","45");


INSERT INTO likes (like_id, liked_id, like_date) VALUES ("68","391","2017-06-21 03:34:29");
INSERT INTO likes (like_id, liked_id, like_date) VALUES ("68","486","2017-12-18 20:49:09");
INSERT INTO likes (like_id, liked_id, like_date) VALUES ("68","6","2017-03-28 12:00:32");
INSERT INTO likes (like_id, liked_id, like_date) VALUES ("68","76","2017-12-24 06:14:38");
INSERT INTO likes (like_id, liked_id, like_date) VALUES ("68","365","2017-12-12 06:50:36");
INSERT INTO likes (like_id, liked_id, like_date) VALUES ("68","52","2017-02-28 12:12:14");
INSERT INTO likes (like_id, liked_id, like_date) VALUES ("68","337","2017-12-23 22:55:54");
INSERT INTO likes (like_id, liked_id, like_date) VALUES ("68","326","2018-01-25 00:05:33");
INSERT INTO likes (like_id, liked_id, like_date) VALUES ("68","194","2017-04-30 10:56:57");
INSERT INTO likes (like_id, liked_id, like_date) VALUES ("68","425","2017-07-13 19:26:29");
INSERT INTO likes (like_id, liked_id, like_date) VALUES ("68","301","2017-04-14 13:25:23");
INSERT INTO likes (like_id, liked_id, like_date) VALUES ("68","215","2017-10-26 19:04:03");
INSERT INTO likes (like_id, liked_id, like_date) VALUES ("68","249","2017-12-30 02:11:41");
INSERT INTO likes (like_id, liked_id, like_date) VALUES ("68","239","2017-11-22 09:48:10");
INSERT INTO likes (like_id, liked_id, like_date) VALUES ("68","352","2017-04-03 06:49:30");


INSERT INTO user (id, first_name, last_name, username, email, password, birthdate, gender, orientation, bio, country, state, city, zip, file_1, file_2, file_3, file_4, file_5, score, token, token_date, active, register, created_at, updated_at) VALUES ("69","Rory","Emard","thelma75","herminia.kuhic@gmail.com","$2y$10$Sv69Gvf9THzZnQfQzjFHNO3LxtyZEmNMfrJt/Up8JYhru.9L3HhK2","1991-11-28 10:40:20","1","1","Et mollitia illum labore. Rerum iste eaque laboriosam hic ab. Nulla voluptas et quia nostrum dolorem quaerat pariatur. Enim corrupti reiciendis qui inventore quidem voluptatem magnam nostrum.","Uruguay","","Jameybury","71465-6193","../fixtures/male8.jpg","../fixtures/male1.jpg","../fixtures/male10.jpg","","","21","34dd95901d0c05e6eee7d35392bba92d","1996-01-27 21:56:08","1","1","2004-07-18 18:53:32","2000-03-19 11:07:51");
INSERT INTO user_tag (user_id, tag_id) VALUES ("69","39");
INSERT INTO user_tag (user_id, tag_id) VALUES ("69","30");
INSERT INTO user_tag (user_id, tag_id) VALUES ("69","8");
INSERT INTO user_tag (user_id, tag_id) VALUES ("69","23");
INSERT INTO user_tag (user_id, tag_id) VALUES ("69","20");
INSERT INTO user_tag (user_id, tag_id) VALUES ("69","12");
INSERT INTO user_tag (user_id, tag_id) VALUES ("69","47");
INSERT INTO user_tag (user_id, tag_id) VALUES ("69","45");
INSERT INTO user_tag (user_id, tag_id) VALUES ("69","37");
INSERT INTO user_tag (user_id, tag_id) VALUES ("69","12");
INSERT INTO user_tag (user_id, tag_id) VALUES ("69","33");
INSERT INTO user_tag (user_id, tag_id) VALUES ("69","14");


INSERT INTO likes (like_id, liked_id, like_date) VALUES ("69","426","2017-06-27 21:21:59");
INSERT INTO likes (like_id, liked_id, like_date) VALUES ("69","412","2017-12-16 11:39:10");
INSERT INTO likes (like_id, liked_id, like_date) VALUES ("69","202","2017-04-07 23:52:30");
INSERT INTO likes (like_id, liked_id, like_date) VALUES ("69","364","2017-12-02 21:45:41");
INSERT INTO likes (like_id, liked_id, like_date) VALUES ("69","181","2017-04-02 06:08:07");
INSERT INTO likes (like_id, liked_id, like_date) VALUES ("69","181","2018-01-31 03:32:38");
INSERT INTO likes (like_id, liked_id, like_date) VALUES ("69","406","2017-02-20 08:32:18");
INSERT INTO likes (like_id, liked_id, like_date) VALUES ("69","10","2017-04-01 03:37:16");
INSERT INTO likes (like_id, liked_id, like_date) VALUES ("69","429","2017-10-23 05:05:46");
INSERT INTO likes (like_id, liked_id, like_date) VALUES ("69","418","2018-02-07 01:22:18");


INSERT INTO user (id, first_name, last_name, username, email, password, birthdate, gender, orientation, bio, country, state, city, zip, file_1, file_2, file_3, file_4, file_5, score, token, token_date, active, register, created_at, updated_at) VALUES ("70","Jordy","Stamm","kuphalakeem","lizeth.powlowski@rippin.com","$2y$10$fmdIT7YBCOm0BqPqjaOlYOoB9nenbvlDV/QDE./jIaya5ar7M3Cvu","1984-10-14 09:50:11","2","3","Et nihil officia id magni. Architecto perspiciatis sit enim quaerat molestias et deleniti. Facilis non quia nobis accusamus mollitia. Esse a voluptatem quasi provident.","Holy See (Vatican City State)","","Port Angelina","79453-2346","../fixtures/female7.jpg","","","","","70","0ccb94efb842fb6311f11dfc52ac3c3a","2004-10-20 09:27:14","1","0","1997-03-17 18:16:28","2009-04-27 05:37:16");
INSERT INTO user_tag (user_id, tag_id) VALUES ("70","32");
INSERT INTO user_tag (user_id, tag_id) VALUES ("70","39");
INSERT INTO user_tag (user_id, tag_id) VALUES ("70","29");
INSERT INTO user_tag (user_id, tag_id) VALUES ("70","34");
INSERT INTO user_tag (user_id, tag_id) VALUES ("70","28");
INSERT INTO user_tag (user_id, tag_id) VALUES ("70","38");
INSERT INTO user_tag (user_id, tag_id) VALUES ("70","9");
INSERT INTO user_tag (user_id, tag_id) VALUES ("70","4");


INSERT INTO likes (like_id, liked_id, like_date) VALUES ("70","143","2017-10-23 18:05:54");
INSERT INTO likes (like_id, liked_id, like_date) VALUES ("70","158","2017-11-27 17:35:39");
INSERT INTO likes (like_id, liked_id, like_date) VALUES ("70","69","2017-09-17 18:26:27");
INSERT INTO likes (like_id, liked_id, like_date) VALUES ("70","431","2017-06-16 22:53:49");
INSERT INTO likes (like_id, liked_id, like_date) VALUES ("70","19","2017-04-27 09:40:26");


INSERT INTO user (id, first_name, last_name, username, email, password, birthdate, gender, orientation, bio, country, state, city, zip, file_1, file_2, file_3, file_4, file_5, score, token, token_date, active, register, created_at, updated_at) VALUES ("71","Kyler","Kuphal","svandervort","delia34@gmail.com","$2y$10$VgzqZqafhisHdyKuCajyCuN5Fh2W7bRUHTIzscESLbkbwn6.LP3Uq","1987-07-16 12:07:04","2","2","Ut libero eveniet sapiente impedit est. Nisi perspiciatis sit est commodi. Voluptas id dolorem quia aut.","Antigua and Barbuda","","South Elinore","68079-1802","../fixtures/female10.jpg","../fixtures/female10.jpg","","","","36","e502145c4cdce8cc5c0b34ef2e420267","1985-09-24 22:44:20","1","0","1986-07-18 07:02:57","1997-02-08 07:08:28");
INSERT INTO user_tag (user_id, tag_id) VALUES ("71","2");


INSERT INTO likes (like_id, liked_id, like_date) VALUES ("71","98","2017-05-11 18:10:06");
INSERT INTO likes (like_id, liked_id, like_date) VALUES ("71","426","2017-11-30 11:57:25");
INSERT INTO likes (like_id, liked_id, like_date) VALUES ("71","93","2017-06-04 01:53:54");
INSERT INTO likes (like_id, liked_id, like_date) VALUES ("71","112","2017-11-09 22:17:24");
INSERT INTO likes (like_id, liked_id, like_date) VALUES ("71","414","2018-01-26 23:48:25");
INSERT INTO likes (like_id, liked_id, like_date) VALUES ("71","399","2017-04-25 09:27:12");
INSERT INTO likes (like_id, liked_id, like_date) VALUES ("71","325","2017-07-08 00:54:32");


INSERT INTO user (id, first_name, last_name, username, email, password, birthdate, gender, orientation, bio, country, state, city, zip, file_1, file_2, file_3, file_4, file_5, score, token, token_date, active, register, created_at, updated_at) VALUES ("72","Reinhold","Harber","richard16","marjolaine06@stoltenberg.com","$2y$10$zna/2zmQ/s/4XEG6V4u4c.GVxS0pn1D/pKnCJf.OUwssCe..7vWrS","1982-01-25 23:42:44","2","3","Qui non illum est quia provident quia. Voluptates consequuntur neque facere. Quibusdam ut ipsam est corrupti facilis. Repellat odio sed tempore porro distinctio. Et est iure assumenda deleniti quibusdam ut illum dolorum.","Svalbard & Jan Mayen Islands","","Hollieberg","20894","../fixtures/female9.jpg","","","","","78","b174d04a57491214d9b27ca2ea6bbfd9","1970-06-29 20:15:23","0","0","1984-11-17 09:39:34","2016-01-20 14:20:45");
INSERT INTO user_tag (user_id, tag_id) VALUES ("72","20");
INSERT INTO user_tag (user_id, tag_id) VALUES ("72","6");
INSERT INTO user_tag (user_id, tag_id) VALUES ("72","12");
INSERT INTO user_tag (user_id, tag_id) VALUES ("72","24");
INSERT INTO user_tag (user_id, tag_id) VALUES ("72","37");
INSERT INTO user_tag (user_id, tag_id) VALUES ("72","26");
INSERT INTO user_tag (user_id, tag_id) VALUES ("72","15");
INSERT INTO user_tag (user_id, tag_id) VALUES ("72","1");
INSERT INTO user_tag (user_id, tag_id) VALUES ("72","12");
INSERT INTO user_tag (user_id, tag_id) VALUES ("72","10");
INSERT INTO user_tag (user_id, tag_id) VALUES ("72","42");
INSERT INTO user_tag (user_id, tag_id) VALUES ("72","21");
INSERT INTO user_tag (user_id, tag_id) VALUES ("72","37");


INSERT INTO likes (like_id, liked_id, like_date) VALUES ("72","423","2017-07-10 00:45:03");
INSERT INTO likes (like_id, liked_id, like_date) VALUES ("72","298","2017-04-22 04:48:59");
INSERT INTO likes (like_id, liked_id, like_date) VALUES ("72","301","2018-02-02 01:17:42");
INSERT INTO likes (like_id, liked_id, like_date) VALUES ("72","466","2017-03-16 13:12:17");
INSERT INTO likes (like_id, liked_id, like_date) VALUES ("72","238","2017-06-27 07:06:39");
INSERT INTO likes (like_id, liked_id, like_date) VALUES ("72","44","2017-07-22 06:58:15");
INSERT INTO likes (like_id, liked_id, like_date) VALUES ("72","384","2017-08-22 21:31:38");
INSERT INTO likes (like_id, liked_id, like_date) VALUES ("72","114","2017-11-18 21:34:25");
INSERT INTO likes (like_id, liked_id, like_date) VALUES ("72","41","2018-01-04 07:14:11");
INSERT INTO likes (like_id, liked_id, like_date) VALUES ("72","102","2017-06-26 21:21:27");


INSERT INTO user (id, first_name, last_name, username, email, password, birthdate, gender, orientation, bio, country, state, city, zip, file_1, file_2, file_3, file_4, file_5, score, token, token_date, active, register, created_at, updated_at) VALUES ("73","Franco","Howell","jeffrybreitenberg","tess17@braun.com","$2y$10$s7HrL0pYElcbpK1.0lUA6umoYzF7PY2hiqa7TmpTGDcSyZKViLogW","1988-09-22 23:30:20","1","2","Assumenda veritatis dolores sed amet. Provident omnis unde nemo maiores velit assumenda nesciunt. Sed sit harum voluptas vero et minus et. Aperiam vel ut odio.","British Virgin Islands","","Weberfort","07325-2319","../fixtures/male6.jpg","../fixtures/male4.jpg","","","","92","c3752c5089fe01f6ca66f83978f830cf","1991-03-27 11:19:52","1","1","1997-12-26 19:41:24","1972-06-23 04:06:20");
INSERT INTO user_tag (user_id, tag_id) VALUES ("73","27");
INSERT INTO user_tag (user_id, tag_id) VALUES ("73","14");
INSERT INTO user_tag (user_id, tag_id) VALUES ("73","30");
INSERT INTO user_tag (user_id, tag_id) VALUES ("73","8");
INSERT INTO user_tag (user_id, tag_id) VALUES ("73","22");


INSERT INTO likes (like_id, liked_id, like_date) VALUES ("73","140","2017-12-01 16:42:46");
INSERT INTO likes (like_id, liked_id, like_date) VALUES ("73","353","2017-06-01 14:53:29");
INSERT INTO likes (like_id, liked_id, like_date) VALUES ("73","285","2017-10-27 08:05:29");
INSERT INTO likes (like_id, liked_id, like_date) VALUES ("73","222","2017-05-23 05:51:52");
INSERT INTO likes (like_id, liked_id, like_date) VALUES ("73","170","2017-04-07 11:08:58");
INSERT INTO likes (like_id, liked_id, like_date) VALUES ("73","109","2017-04-04 02:08:29");
INSERT INTO likes (like_id, liked_id, like_date) VALUES ("73","104","2017-04-10 03:41:05");
INSERT INTO likes (like_id, liked_id, like_date) VALUES ("73","245","2017-11-27 07:08:35");
INSERT INTO likes (like_id, liked_id, like_date) VALUES ("73","134","2017-06-13 23:09:28");
INSERT INTO likes (like_id, liked_id, like_date) VALUES ("73","488","2017-08-30 01:39:02");
INSERT INTO likes (like_id, liked_id, like_date) VALUES ("73","110","2017-03-06 19:33:07");
INSERT INTO likes (like_id, liked_id, like_date) VALUES ("73","157","2017-11-04 20:27:06");
INSERT INTO likes (like_id, liked_id, like_date) VALUES ("73","1","2017-10-29 21:44:04");
INSERT INTO likes (like_id, liked_id, like_date) VALUES ("73","446","2017-10-21 02:15:26");
INSERT INTO likes (like_id, liked_id, like_date) VALUES ("73","288","2017-09-27 02:05:32");
INSERT INTO likes (like_id, liked_id, like_date) VALUES ("73","441","2017-11-04 11:52:35");
INSERT INTO likes (like_id, liked_id, like_date) VALUES ("73","276","2017-10-12 16:05:36");


INSERT INTO user (id, first_name, last_name, username, email, password, birthdate, gender, orientation, bio, country, state, city, zip, file_1, file_2, file_3, file_4, file_5, score, token, token_date, active, register, created_at, updated_at) VALUES ("74","Pamela","Hagenes","margaret46","shaun.goodwin@yahoo.com","$2y$10$XLH2q2hxm7a0jyJ3C3b0gex2/6zPt8.UYIQNhePz7GkBuuDRNDVUy","1953-07-20 00:31:34","1","2","Assumenda aut rerum repellendus eveniet itaque. Corrupti vitae ratione quia ea cupiditate sapiente nobis. Ut quia et quidem quae rerum error laborum.","Cook Islands","","Schillerborough","20738-3083","../fixtures/male1.jpg","../fixtures/male10.jpg","../fixtures/male10.jpg","../fixtures/male7.jpg","../fixtures/male5.jpg","22","76c94660e8453c0dbdfb980ec69f60d4","2017-11-10 05:06:52","0","0","1988-10-10 22:11:24","2005-08-01 16:50:04");
INSERT INTO user_tag (user_id, tag_id) VALUES ("74","40");
INSERT INTO user_tag (user_id, tag_id) VALUES ("74","4");
INSERT INTO user_tag (user_id, tag_id) VALUES ("74","10");
INSERT INTO user_tag (user_id, tag_id) VALUES ("74","39");


INSERT INTO likes (like_id, liked_id, like_date) VALUES ("74","372","2017-04-27 02:29:35");
INSERT INTO likes (like_id, liked_id, like_date) VALUES ("74","265","2018-01-17 03:08:59");


INSERT INTO user (id, first_name, last_name, username, email, password, birthdate, gender, orientation, bio, country, state, city, zip, file_1, file_2, file_3, file_4, file_5, score, token, token_date, active, register, created_at, updated_at) VALUES ("75","Jasen","Mraz","stoltenbergalessia","abogan@hyatt.com","$2y$10$jOwXRKH2bwxCFzb1tDAi6u1OriGQ.lN4qE3MD.jlKTLxkOz4CDohS","1955-10-31 03:48:57","1","3","Dolorem animi quis ducimus voluptatem. Ipsa voluptatem officia dolorum autem ea veniam. Sit quae dolorem ea eum modi esse.","Yemen","","South Magalistad","51675","../fixtures/male8.jpg","../fixtures/male4.jpg","../fixtures/male10.jpg","","","34","5af329952d33b661d352cc2784f72d91","2003-08-13 17:15:45","0","0","2014-04-08 13:31:25","1989-08-19 09:03:17");
INSERT INTO user_tag (user_id, tag_id) VALUES ("75","31");
INSERT INTO user_tag (user_id, tag_id) VALUES ("75","35");
INSERT INTO user_tag (user_id, tag_id) VALUES ("75","30");
INSERT INTO user_tag (user_id, tag_id) VALUES ("75","43");


INSERT INTO likes (like_id, liked_id, like_date) VALUES ("75","3","2018-02-05 20:51:39");
INSERT INTO likes (like_id, liked_id, like_date) VALUES ("75","395","2017-04-04 17:51:17");
INSERT INTO likes (like_id, liked_id, like_date) VALUES ("75","247","2018-01-29 12:07:15");
INSERT INTO likes (like_id, liked_id, like_date) VALUES ("75","47","2017-09-13 16:13:27");
INSERT INTO likes (like_id, liked_id, like_date) VALUES ("75","53","2017-11-10 23:53:42");
INSERT INTO likes (like_id, liked_id, like_date) VALUES ("75","159","2017-11-07 01:42:38");
INSERT INTO likes (like_id, liked_id, like_date) VALUES ("75","62","2017-12-19 22:45:09");
INSERT INTO likes (like_id, liked_id, like_date) VALUES ("75","455","2018-01-06 12:37:05");
INSERT INTO likes (like_id, liked_id, like_date) VALUES ("75","283","2017-11-19 20:52:24");


INSERT INTO user (id, first_name, last_name, username, email, password, birthdate, gender, orientation, bio, country, state, city, zip, file_1, file_2, file_3, file_4, file_5, score, token, token_date, active, register, created_at, updated_at) VALUES ("76","Lorenz","Gislason","haagclarabelle","schuppe.jamar@hotmail.com","$2y$10$KqdMNUN1b4KUpy1hJCQnyOjzagugwRbbhXdKSfvMM/bI/QRNJQRNu","1969-01-08 17:54:02","2","1","Assumenda est doloremque et fugiat unde voluptatem est. Autem sit quibusdam quos dolore. Voluptatem rerum ipsa possimus possimus sit nobis qui rerum. Totam expedita enim mollitia quae nobis.","Thailand","","Mosciskiborough","57459-1030","../fixtures/female3.jpg","../fixtures/female5.jpg","../fixtures/female5.jpg","../fixtures/female3.jpg","","16","abed2acefc8377ef3f80a8593a062cc1","1996-02-05 03:53:20","0","0","1982-01-10 16:40:52","1986-02-24 06:31:01");
INSERT INTO user_tag (user_id, tag_id) VALUES ("76","14");
INSERT INTO user_tag (user_id, tag_id) VALUES ("76","46");
INSERT INTO user_tag (user_id, tag_id) VALUES ("76","1");
INSERT INTO user_tag (user_id, tag_id) VALUES ("76","20");
INSERT INTO user_tag (user_id, tag_id) VALUES ("76","12");
INSERT INTO user_tag (user_id, tag_id) VALUES ("76","12");
INSERT INTO user_tag (user_id, tag_id) VALUES ("76","31");


INSERT INTO likes (like_id, liked_id, like_date) VALUES ("76","309","2017-08-02 17:35:27");
INSERT INTO likes (like_id, liked_id, like_date) VALUES ("76","289","2017-10-07 05:59:51");


INSERT INTO user (id, first_name, last_name, username, email, password, birthdate, gender, orientation, bio, country, state, city, zip, file_1, file_2, file_3, file_4, file_5, score, token, token_date, active, register, created_at, updated_at) VALUES ("77","Javier","Denesik","thowell","nicolas.wendell@gmail.com","$2y$10$FbHK2z1udo5OUACfIqJro.KRVWNjeQzfbW7E22UXqE4PhR/ezy95.","1964-03-23 18:48:54","1","1","Placeat quis hic quod tempora. Quae saepe debitis exercitationem non praesentium. Iste doloribus sit nobis et aperiam. Nisi et et culpa eveniet voluptatem et sed.","Saint Kitts and Nevis","","West Antonette","78821-3989","../fixtures/male5.jpg","../fixtures/male6.jpg","../fixtures/male7.jpg","../fixtures/male10.jpg","","66","7262e607213c2cae4238a56e4e2a2968","1983-11-09 14:04:01","1","1","2012-05-06 23:55:00","1985-03-17 05:51:56");
INSERT INTO user_tag (user_id, tag_id) VALUES ("77","9");
INSERT INTO user_tag (user_id, tag_id) VALUES ("77","15");
INSERT INTO user_tag (user_id, tag_id) VALUES ("77","16");
INSERT INTO user_tag (user_id, tag_id) VALUES ("77","26");
INSERT INTO user_tag (user_id, tag_id) VALUES ("77","49");


INSERT INTO likes (like_id, liked_id, like_date) VALUES ("77","258","2017-06-30 15:19:31");
INSERT INTO likes (like_id, liked_id, like_date) VALUES ("77","152","2017-03-14 21:20:17");
INSERT INTO likes (like_id, liked_id, like_date) VALUES ("77","222","2017-03-05 13:17:14");
INSERT INTO likes (like_id, liked_id, like_date) VALUES ("77","254","2017-09-08 13:28:40");
INSERT INTO likes (like_id, liked_id, like_date) VALUES ("77","471","2017-11-14 10:59:11");
INSERT INTO likes (like_id, liked_id, like_date) VALUES ("77","370","2018-01-30 08:13:12");
INSERT INTO likes (like_id, liked_id, like_date) VALUES ("77","449","2017-06-22 22:06:08");
INSERT INTO likes (like_id, liked_id, like_date) VALUES ("77","80","2018-02-10 08:51:05");
INSERT INTO likes (like_id, liked_id, like_date) VALUES ("77","235","2017-11-23 22:30:40");
INSERT INTO likes (like_id, liked_id, like_date) VALUES ("77","52","2017-04-02 07:07:57");
INSERT INTO likes (like_id, liked_id, like_date) VALUES ("77","495","2018-01-21 22:54:02");
INSERT INTO likes (like_id, liked_id, like_date) VALUES ("77","374","2018-01-07 10:33:15");
INSERT INTO likes (like_id, liked_id, like_date) VALUES ("77","142","2017-12-25 14:04:46");
INSERT INTO likes (like_id, liked_id, like_date) VALUES ("77","62","2017-11-13 06:31:21");
INSERT INTO likes (like_id, liked_id, like_date) VALUES ("77","100","2017-08-31 10:22:08");
INSERT INTO likes (like_id, liked_id, like_date) VALUES ("77","121","2017-12-06 00:49:55");
INSERT INTO likes (like_id, liked_id, like_date) VALUES ("77","13","2017-11-18 23:31:12");
INSERT INTO likes (like_id, liked_id, like_date) VALUES ("77","170","2017-06-27 01:34:36");
INSERT INTO likes (like_id, liked_id, like_date) VALUES ("77","391","2017-08-09 17:54:09");
INSERT INTO likes (like_id, liked_id, like_date) VALUES ("77","362","2017-05-05 02:58:19");


INSERT INTO user (id, first_name, last_name, username, email, password, birthdate, gender, orientation, bio, country, state, city, zip, file_1, file_2, file_3, file_4, file_5, score, token, token_date, active, register, created_at, updated_at) VALUES ("78","Albina","Torp","clueilwitz","ward16@ullrich.com","$2y$10$E7o8Deg9ffY2GXjT5ezkjOW4HCYVmXrAjYN81o7ROWYUwz3W0mkNu","1955-07-06 02:05:44","1","2","Animi doloribus error accusamus iusto. Eius aut voluptatum qui. Quis expedita excepturi ea quae eos atque possimus voluptatem. Voluptas officia vitae reprehenderit culpa. Sed sit quasi sint.","Senegal","","Lake Justine","76224","../fixtures/male9.jpg","","","","","6","16d3f3402f18115f01ea19b1bf67364a","1986-07-18 15:42:33","0","0","1972-11-03 00:49:42","1985-02-11 02:59:13");
INSERT INTO user_tag (user_id, tag_id) VALUES ("78","2");
INSERT INTO user_tag (user_id, tag_id) VALUES ("78","21");
INSERT INTO user_tag (user_id, tag_id) VALUES ("78","29");
INSERT INTO user_tag (user_id, tag_id) VALUES ("78","45");
INSERT INTO user_tag (user_id, tag_id) VALUES ("78","45");
INSERT INTO user_tag (user_id, tag_id) VALUES ("78","35");
INSERT INTO user_tag (user_id, tag_id) VALUES ("78","14");
INSERT INTO user_tag (user_id, tag_id) VALUES ("78","29");


INSERT INTO likes (like_id, liked_id, like_date) VALUES ("78","98","2017-10-01 20:27:27");
INSERT INTO likes (like_id, liked_id, like_date) VALUES ("78","78","2017-12-14 09:52:25");
INSERT INTO likes (like_id, liked_id, like_date) VALUES ("78","212","2018-02-02 07:10:47");
INSERT INTO likes (like_id, liked_id, like_date) VALUES ("78","77","2017-11-14 12:27:31");
INSERT INTO likes (like_id, liked_id, like_date) VALUES ("78","310","2017-12-18 17:20:54");
INSERT INTO likes (like_id, liked_id, like_date) VALUES ("78","184","2017-05-17 19:42:11");
INSERT INTO likes (like_id, liked_id, like_date) VALUES ("78","22","2017-04-20 21:41:24");
INSERT INTO likes (like_id, liked_id, like_date) VALUES ("78","495","2017-10-21 09:18:23");


INSERT INTO user (id, first_name, last_name, username, email, password, birthdate, gender, orientation, bio, country, state, city, zip, file_1, file_2, file_3, file_4, file_5, score, token, token_date, active, register, created_at, updated_at) VALUES ("79","Reinhold","Torphy","dave52","shanon.jones@hotmail.com","$2y$10$6GneIJ1.j1/QsX6WojsBZuAOxEREoxU0HJWswwcuIf3L6CZaFOUZi","1979-11-13 22:46:46","1","3","Est id sit occaecati in. Beatae voluptatem rem rerum. In omnis dignissimos debitis facere eveniet. Non aut accusantium quibusdam occaecati.","Canada","","Dickenshaven","50840","../fixtures/male2.jpg","../fixtures/male7.jpg","../fixtures/male1.jpg","../fixtures/male5.jpg","","84","4868fae4049f30a4e20f85fb8ae5bba5","1980-07-12 02:08:59","1","0","1978-05-26 20:36:50","2007-12-06 02:34:37");
INSERT INTO user_tag (user_id, tag_id) VALUES ("79","21");
INSERT INTO user_tag (user_id, tag_id) VALUES ("79","37");
INSERT INTO user_tag (user_id, tag_id) VALUES ("79","2");
INSERT INTO user_tag (user_id, tag_id) VALUES ("79","46");
INSERT INTO user_tag (user_id, tag_id) VALUES ("79","5");
INSERT INTO user_tag (user_id, tag_id) VALUES ("79","2");
INSERT INTO user_tag (user_id, tag_id) VALUES ("79","42");
INSERT INTO user_tag (user_id, tag_id) VALUES ("79","19");
INSERT INTO user_tag (user_id, tag_id) VALUES ("79","4");
INSERT INTO user_tag (user_id, tag_id) VALUES ("79","33");
INSERT INTO user_tag (user_id, tag_id) VALUES ("79","10");
INSERT INTO user_tag (user_id, tag_id) VALUES ("79","39");
INSERT INTO user_tag (user_id, tag_id) VALUES ("79","49");


INSERT INTO likes (like_id, liked_id, like_date) VALUES ("79","471","2017-12-04 02:48:12");
INSERT INTO likes (like_id, liked_id, like_date) VALUES ("79","315","2017-03-05 04:27:57");
INSERT INTO likes (like_id, liked_id, like_date) VALUES ("79","155","2018-01-22 21:14:01");
INSERT INTO likes (like_id, liked_id, like_date) VALUES ("79","66","2017-11-22 22:18:44");
INSERT INTO likes (like_id, liked_id, like_date) VALUES ("79","195","2017-09-17 19:20:09");
INSERT INTO likes (like_id, liked_id, like_date) VALUES ("79","121","2017-11-13 17:46:37");
INSERT INTO likes (like_id, liked_id, like_date) VALUES ("79","410","2017-07-23 19:01:34");
INSERT INTO likes (like_id, liked_id, like_date) VALUES ("79","474","2017-04-27 23:18:34");


INSERT INTO user (id, first_name, last_name, username, email, password, birthdate, gender, orientation, bio, country, state, city, zip, file_1, file_2, file_3, file_4, file_5, score, token, token_date, active, register, created_at, updated_at) VALUES ("80","Ryley","Cruickshank","elishakilback","htremblay@medhurst.com","$2y$10$LSgF3HPUX1zaCz4HrI8GbO0nym/AHqmvbXhyGTiWn9lTahfmCpcla","1990-09-16 09:19:08","2","3","Iste at rerum autem consequatur fugit. Et ducimus sit et iusto quo. Non voluptas in laborum voluptates corporis tempore.","Senegal","","Herminaside","58580-8495","../fixtures/female3.jpg","../fixtures/female9.jpg","../fixtures/female7.jpg","","","87","64a76fae978bd2ab79711b06fa6c09d4","1994-11-27 01:08:18","1","1","1987-11-30 03:41:18","1996-10-19 21:43:28");
INSERT INTO user_tag (user_id, tag_id) VALUES ("80","43");
INSERT INTO user_tag (user_id, tag_id) VALUES ("80","46");
INSERT INTO user_tag (user_id, tag_id) VALUES ("80","32");
INSERT INTO user_tag (user_id, tag_id) VALUES ("80","24");
INSERT INTO user_tag (user_id, tag_id) VALUES ("80","38");


INSERT INTO likes (like_id, liked_id, like_date) VALUES ("80","51","2017-07-27 05:43:00");


INSERT INTO user (id, first_name, last_name, username, email, password, birthdate, gender, orientation, bio, country, state, city, zip, file_1, file_2, file_3, file_4, file_5, score, token, token_date, active, register, created_at, updated_at) VALUES ("81","Kayden","Bednar","mmarquardt","vtromp@yahoo.com","$2y$10$UYdtfhaEx/A2SrNI1PUwbOXlamc4ofxEmvYzPW1vJKqcfLMs0bbYi","1972-01-19 20:36:55","1","3","In et dolor voluptatem doloremque odit aliquid et est. Et omnis ut sint aut quod molestias recusandae.","Western Sahara","","Lake Candida","34969","../fixtures/male10.jpg","../fixtures/male4.jpg","../fixtures/male6.jpg","","","88","c00a1c3d7527cee883d8c21e95415218","1975-02-14 23:30:49","0","0","1973-11-04 06:20:19","1997-04-14 08:04:32");
INSERT INTO user_tag (user_id, tag_id) VALUES ("81","38");
INSERT INTO user_tag (user_id, tag_id) VALUES ("81","1");


INSERT INTO likes (like_id, liked_id, like_date) VALUES ("81","345","2017-11-26 08:00:09");
INSERT INTO likes (like_id, liked_id, like_date) VALUES ("81","309","2017-09-01 16:21:52");
INSERT INTO likes (like_id, liked_id, like_date) VALUES ("81","162","2017-09-15 11:58:23");
INSERT INTO likes (like_id, liked_id, like_date) VALUES ("81","101","2017-03-07 01:24:59");
INSERT INTO likes (like_id, liked_id, like_date) VALUES ("81","393","2018-02-09 17:05:35");
INSERT INTO likes (like_id, liked_id, like_date) VALUES ("81","102","2017-09-05 21:22:43");
INSERT INTO likes (like_id, liked_id, like_date) VALUES ("81","333","2017-09-14 10:33:21");
INSERT INTO likes (like_id, liked_id, like_date) VALUES ("81","495","2017-11-17 17:38:55");
INSERT INTO likes (like_id, liked_id, like_date) VALUES ("81","306","2017-12-26 21:35:37");


INSERT INTO user (id, first_name, last_name, username, email, password, birthdate, gender, orientation, bio, country, state, city, zip, file_1, file_2, file_3, file_4, file_5, score, token, token_date, active, register, created_at, updated_at) VALUES ("82","Haven","Emmerich","jmaggio","ispinka@harber.biz","$2y$10$NdIrrVzNGTXXP0Ua0GrWseXLvt.NkWrOCKUUP23vybZdrwyiXjdEa","1951-03-16 14:25:39","1","2","Aliquid minus consequatur velit qui error facilis autem. Ipsa inventore tempore sint ducimus et quia sapiente. Unde sed ex assumenda et. Nobis perspiciatis molestiae qui pariatur asperiores ratione.","Tuvalu","","Framiview","84613-5826","../fixtures/male5.jpg","../fixtures/male6.jpg","../fixtures/male5.jpg","../fixtures/male8.jpg","","82","b564592d9875e16a71fadd97d5be938c","1972-12-13 09:41:33","0","0","2007-11-15 08:23:37","2009-03-30 18:48:27");
INSERT INTO user_tag (user_id, tag_id) VALUES ("82","41");
INSERT INTO user_tag (user_id, tag_id) VALUES ("82","19");
INSERT INTO user_tag (user_id, tag_id) VALUES ("82","29");
INSERT INTO user_tag (user_id, tag_id) VALUES ("82","30");
INSERT INTO user_tag (user_id, tag_id) VALUES ("82","44");
INSERT INTO user_tag (user_id, tag_id) VALUES ("82","42");
INSERT INTO user_tag (user_id, tag_id) VALUES ("82","37");
INSERT INTO user_tag (user_id, tag_id) VALUES ("82","20");
INSERT INTO user_tag (user_id, tag_id) VALUES ("82","30");
INSERT INTO user_tag (user_id, tag_id) VALUES ("82","5");
INSERT INTO user_tag (user_id, tag_id) VALUES ("82","50");
INSERT INTO user_tag (user_id, tag_id) VALUES ("82","1");
INSERT INTO user_tag (user_id, tag_id) VALUES ("82","11");
INSERT INTO user_tag (user_id, tag_id) VALUES ("82","13");
INSERT INTO user_tag (user_id, tag_id) VALUES ("82","12");


INSERT INTO likes (like_id, liked_id, like_date) VALUES ("82","153","2017-10-15 01:27:14");
INSERT INTO likes (like_id, liked_id, like_date) VALUES ("82","160","2017-07-15 19:04:13");
INSERT INTO likes (like_id, liked_id, like_date) VALUES ("82","61","2017-06-04 04:16:09");
INSERT INTO likes (like_id, liked_id, like_date) VALUES ("82","239","2017-09-22 22:56:46");
INSERT INTO likes (like_id, liked_id, like_date) VALUES ("82","208","2017-07-26 15:43:40");
INSERT INTO likes (like_id, liked_id, like_date) VALUES ("82","83","2017-02-19 22:07:49");
INSERT INTO likes (like_id, liked_id, like_date) VALUES ("82","233","2017-04-26 11:30:59");
INSERT INTO likes (like_id, liked_id, like_date) VALUES ("82","208","2017-03-19 11:00:12");
INSERT INTO likes (like_id, liked_id, like_date) VALUES ("82","432","2017-08-01 20:20:41");
INSERT INTO likes (like_id, liked_id, like_date) VALUES ("82","488","2017-05-13 20:15:46");
INSERT INTO likes (like_id, liked_id, like_date) VALUES ("82","472","2017-06-01 13:02:09");
INSERT INTO likes (like_id, liked_id, like_date) VALUES ("82","485","2018-02-05 19:20:03");
INSERT INTO likes (like_id, liked_id, like_date) VALUES ("82","189","2017-08-06 21:13:07");
INSERT INTO likes (like_id, liked_id, like_date) VALUES ("82","426","2017-02-22 17:53:01");
INSERT INTO likes (like_id, liked_id, like_date) VALUES ("82","52","2017-10-02 07:17:27");
INSERT INTO likes (like_id, liked_id, like_date) VALUES ("82","92","2017-12-15 05:30:11");
INSERT INTO likes (like_id, liked_id, like_date) VALUES ("82","404","2018-01-18 13:04:27");


INSERT INTO user (id, first_name, last_name, username, email, password, birthdate, gender, orientation, bio, country, state, city, zip, file_1, file_2, file_3, file_4, file_5, score, token, token_date, active, register, created_at, updated_at) VALUES ("83","Carson","Boyer","piper37","rey11@hilll.info","$2y$10$BaT85xNJ2dnX/pw2AfKTMuC5v5HAB.dy9ZSTmxP30ne0wLCniAtfG","1994-10-03 07:42:18","2","3","Et ea nihil dolores veritatis explicabo officiis. Ut ipsum delectus natus occaecati. Ipsum sed asperiores vero repellendus voluptatem.","Mauritius","","Eunicehaven","44996-2010","../fixtures/female8.jpg","../fixtures/female5.jpg","../fixtures/female5.jpg","../fixtures/female9.jpg","","13","ffcbe853ca644939de94f3067b5cabf0","1991-01-02 09:24:05","0","0","1993-11-03 20:39:34","1974-04-24 01:14:36");
INSERT INTO user_tag (user_id, tag_id) VALUES ("83","36");
INSERT INTO user_tag (user_id, tag_id) VALUES ("83","20");
INSERT INTO user_tag (user_id, tag_id) VALUES ("83","34");
INSERT INTO user_tag (user_id, tag_id) VALUES ("83","13");


INSERT INTO likes (like_id, liked_id, like_date) VALUES ("83","241","2017-09-12 06:33:41");
INSERT INTO likes (like_id, liked_id, like_date) VALUES ("83","432","2017-03-02 16:10:53");
INSERT INTO likes (like_id, liked_id, like_date) VALUES ("83","66","2017-04-05 08:40:35");
INSERT INTO likes (like_id, liked_id, like_date) VALUES ("83","123","2017-06-01 07:08:56");
INSERT INTO likes (like_id, liked_id, like_date) VALUES ("83","205","2018-01-27 19:20:15");
INSERT INTO likes (like_id, liked_id, like_date) VALUES ("83","213","2017-05-12 21:51:32");
INSERT INTO likes (like_id, liked_id, like_date) VALUES ("83","26","2018-02-03 01:45:46");
INSERT INTO likes (like_id, liked_id, like_date) VALUES ("83","362","2017-02-14 08:14:46");
INSERT INTO likes (like_id, liked_id, like_date) VALUES ("83","437","2017-06-07 17:04:20");
INSERT INTO likes (like_id, liked_id, like_date) VALUES ("83","48","2017-06-23 22:57:21");
INSERT INTO likes (like_id, liked_id, like_date) VALUES ("83","148","2017-10-13 13:58:18");


INSERT INTO user (id, first_name, last_name, username, email, password, birthdate, gender, orientation, bio, country, state, city, zip, file_1, file_2, file_3, file_4, file_5, score, token, token_date, active, register, created_at, updated_at) VALUES ("84","Rebeca","Lindgren","ledareilly","brakus.gisselle@pfeffer.net","$2y$10$sREpnGeH0NCJiwk9VoIW3un2WNKol8SVWCLIRMimMI1V5Jz1b27Cm","1981-10-30 20:09:33","1","2","Numquam itaque et rem ducimus modi est ab. Architecto fuga nulla iure at adipisci possimus quae temporibus.","Aruba","","North Geovanyview","78968-2605","../fixtures/male6.jpg","../fixtures/male7.jpg","../fixtures/male8.jpg","../fixtures/male9.jpg","","3","3dfca22916a8f7dc9b936ac1a4447f25","1997-11-15 04:23:39","1","1","2013-08-24 12:54:29","2011-11-16 14:36:09");
INSERT INTO user_tag (user_id, tag_id) VALUES ("84","32");
INSERT INTO user_tag (user_id, tag_id) VALUES ("84","28");
INSERT INTO user_tag (user_id, tag_id) VALUES ("84","43");
INSERT INTO user_tag (user_id, tag_id) VALUES ("84","43");
INSERT INTO user_tag (user_id, tag_id) VALUES ("84","4");
INSERT INTO user_tag (user_id, tag_id) VALUES ("84","35");
INSERT INTO user_tag (user_id, tag_id) VALUES ("84","35");
INSERT INTO user_tag (user_id, tag_id) VALUES ("84","34");
INSERT INTO user_tag (user_id, tag_id) VALUES ("84","46");
INSERT INTO user_tag (user_id, tag_id) VALUES ("84","22");


INSERT INTO likes (like_id, liked_id, like_date) VALUES ("84","84","2017-03-05 02:33:29");
INSERT INTO likes (like_id, liked_id, like_date) VALUES ("84","233","2018-01-04 05:09:23");
INSERT INTO likes (like_id, liked_id, like_date) VALUES ("84","118","2017-03-28 20:10:21");


INSERT INTO user (id, first_name, last_name, username, email, password, birthdate, gender, orientation, bio, country, state, city, zip, file_1, file_2, file_3, file_4, file_5, score, token, token_date, active, register, created_at, updated_at) VALUES ("85","Sabina","Greenfelder","gheller","christopher45@yahoo.com","$2y$10$is0oQVJjNFCNpUgnvK7rPeyZAwdpGrKCItmhgakfMcFqNu26Py/SC","1976-05-10 20:59:54","1","2","Libero officiis consequatur architecto dolores quae. Minima in quod adipisci excepturi voluptas exercitationem voluptatem. Possimus sunt velit aut exercitationem voluptatum consequuntur saepe.","Japan","","Lake Alvenaton","45773-8332","../fixtures/male6.jpg","../fixtures/male3.jpg","../fixtures/male1.jpg","../fixtures/male8.jpg","../fixtures/male4.jpg","89","d2ab47e06f4ca9517b85c4cd374ff471","2015-12-13 10:47:45","1","0","2005-05-25 13:37:20","2004-09-25 10:53:34");
INSERT INTO user_tag (user_id, tag_id) VALUES ("85","43");
INSERT INTO user_tag (user_id, tag_id) VALUES ("85","22");
INSERT INTO user_tag (user_id, tag_id) VALUES ("85","34");


INSERT INTO likes (like_id, liked_id, like_date) VALUES ("85","198","2017-10-19 19:17:04");
INSERT INTO likes (like_id, liked_id, like_date) VALUES ("85","419","2017-02-22 04:19:06");
INSERT INTO likes (like_id, liked_id, like_date) VALUES ("85","389","2018-01-15 07:20:06");
INSERT INTO likes (like_id, liked_id, like_date) VALUES ("85","291","2017-08-17 03:45:48");
INSERT INTO likes (like_id, liked_id, like_date) VALUES ("85","321","2017-12-17 21:39:19");
INSERT INTO likes (like_id, liked_id, like_date) VALUES ("85","159","2017-03-01 09:35:47");
INSERT INTO likes (like_id, liked_id, like_date) VALUES ("85","154","2017-07-24 05:56:42");
INSERT INTO likes (like_id, liked_id, like_date) VALUES ("85","291","2018-01-06 05:47:28");


INSERT INTO user (id, first_name, last_name, username, email, password, birthdate, gender, orientation, bio, country, state, city, zip, file_1, file_2, file_3, file_4, file_5, score, token, token_date, active, register, created_at, updated_at) VALUES ("86","Shanon","Prosacco","marta03","ernser.aliya@hotmail.com","$2y$10$mWSuV0VPAUCz3HP2scu8gexOexykeKZYVwlwzc2bv.vhB.epF3otG","1949-01-08 03:36:07","1","2","Tenetur corporis qui similique voluptatem doloremque voluptatem rerum recusandae. Eius doloribus velit aut sapiente. Et sint neque fugiat eos. Culpa quae ipsam ut repellat.","India","","Ignatiusshire","29213-5859","../fixtures/male8.jpg","../fixtures/male7.jpg","../fixtures/male1.jpg","../fixtures/male7.jpg","","98","96ae25ba118bd8bd2023b0ff55084655","1993-07-25 21:21:00","0","0","1980-12-09 10:41:05","1980-09-01 22:26:27");
INSERT INTO user_tag (user_id, tag_id) VALUES ("86","27");
INSERT INTO user_tag (user_id, tag_id) VALUES ("86","27");
INSERT INTO user_tag (user_id, tag_id) VALUES ("86","13");
INSERT INTO user_tag (user_id, tag_id) VALUES ("86","34");
INSERT INTO user_tag (user_id, tag_id) VALUES ("86","24");


INSERT INTO likes (like_id, liked_id, like_date) VALUES ("86","29","2017-04-16 03:06:54");


INSERT INTO user (id, first_name, last_name, username, email, password, birthdate, gender, orientation, bio, country, state, city, zip, file_1, file_2, file_3, file_4, file_5, score, token, token_date, active, register, created_at, updated_at) VALUES ("87","Kim","Runolfsson","cgutmann","wthompson@baumbach.com","$2y$10$m59HTaSLESGm.IpbF0Hw2e3N2hBjgeS2TRjoInC9jNgWq8RbV8R2C","1980-07-14 11:10:30","2","3","Soluta ipsam magni repellendus reiciendis facilis. Rerum quia molestiae repellendus natus cumque vitae dolorem. Porro quia quidem nulla ex non voluptates voluptatem. Commodi nulla id earum iure placeat illo in.","Portugal","","Metaton","61490","../fixtures/female3.jpg","../fixtures/female9.jpg","../fixtures/female1.jpg","../fixtures/female1.jpg","../fixtures/female4.jpg","82","51c745500229e2f98a8fb9ea3cc795c8","2008-06-05 12:56:42","1","1","2016-05-30 18:16:42","2006-11-04 04:58:58");
INSERT INTO user_tag (user_id, tag_id) VALUES ("87","34");
INSERT INTO user_tag (user_id, tag_id) VALUES ("87","10");
INSERT INTO user_tag (user_id, tag_id) VALUES ("87","33");
INSERT INTO user_tag (user_id, tag_id) VALUES ("87","9");
INSERT INTO user_tag (user_id, tag_id) VALUES ("87","11");
INSERT INTO user_tag (user_id, tag_id) VALUES ("87","18");
INSERT INTO user_tag (user_id, tag_id) VALUES ("87","45");
INSERT INTO user_tag (user_id, tag_id) VALUES ("87","9");


INSERT INTO likes (like_id, liked_id, like_date) VALUES ("87","444","2017-03-27 16:54:27");
INSERT INTO likes (like_id, liked_id, like_date) VALUES ("87","495","2017-12-24 04:59:16");
INSERT INTO likes (like_id, liked_id, like_date) VALUES ("87","7","2017-03-09 08:15:47");
INSERT INTO likes (like_id, liked_id, like_date) VALUES ("87","432","2017-09-15 05:17:23");
INSERT INTO likes (like_id, liked_id, like_date) VALUES ("87","117","2017-12-12 12:54:11");
INSERT INTO likes (like_id, liked_id, like_date) VALUES ("87","319","2017-05-01 22:25:18");
INSERT INTO likes (like_id, liked_id, like_date) VALUES ("87","329","2017-03-19 18:59:46");
INSERT INTO likes (like_id, liked_id, like_date) VALUES ("87","234","2017-11-05 20:36:10");
INSERT INTO likes (like_id, liked_id, like_date) VALUES ("87","224","2017-03-01 06:02:47");
INSERT INTO likes (like_id, liked_id, like_date) VALUES ("87","465","2017-12-01 21:25:49");
INSERT INTO likes (like_id, liked_id, like_date) VALUES ("87","82","2017-06-22 17:41:08");
INSERT INTO likes (like_id, liked_id, like_date) VALUES ("87","385","2017-07-12 21:45:20");
INSERT INTO likes (like_id, liked_id, like_date) VALUES ("87","217","2017-08-21 19:28:15");
INSERT INTO likes (like_id, liked_id, like_date) VALUES ("87","489","2017-08-05 06:26:08");
INSERT INTO likes (like_id, liked_id, like_date) VALUES ("87","436","2018-02-09 03:30:34");


INSERT INTO user (id, first_name, last_name, username, email, password, birthdate, gender, orientation, bio, country, state, city, zip, file_1, file_2, file_3, file_4, file_5, score, token, token_date, active, register, created_at, updated_at) VALUES ("88","Daphne","Rosenbaum","claudekuhlman","turner.brain@monahan.org","$2y$10$NjCOzbUoIOPbVKUlGrM0G.jMCHZWvNNMC0.KC95JOB8HSGtHrK9Xa","1966-07-18 01:05:36","1","1","Accusamus reprehenderit pariatur et in nemo cum. Doloribus non qui ipsa soluta tenetur sint. Sed fugiat minima ut quidem.","Albania","","Baileyport","82513","../fixtures/male5.jpg","../fixtures/male9.jpg","","","","70","3a68126fde13a79a5f804c17fcce9e6e","2011-12-31 05:47:37","1","0","2006-01-29 11:16:15","2004-01-18 23:55:41");
INSERT INTO user_tag (user_id, tag_id) VALUES ("88","26");
INSERT INTO user_tag (user_id, tag_id) VALUES ("88","48");
INSERT INTO user_tag (user_id, tag_id) VALUES ("88","4");
INSERT INTO user_tag (user_id, tag_id) VALUES ("88","27");
INSERT INTO user_tag (user_id, tag_id) VALUES ("88","8");
INSERT INTO user_tag (user_id, tag_id) VALUES ("88","46");
INSERT INTO user_tag (user_id, tag_id) VALUES ("88","46");
INSERT INTO user_tag (user_id, tag_id) VALUES ("88","44");
INSERT INTO user_tag (user_id, tag_id) VALUES ("88","15");
INSERT INTO user_tag (user_id, tag_id) VALUES ("88","14");
INSERT INTO user_tag (user_id, tag_id) VALUES ("88","44");
INSERT INTO user_tag (user_id, tag_id) VALUES ("88","18");
INSERT INTO user_tag (user_id, tag_id) VALUES ("88","25");
INSERT INTO user_tag (user_id, tag_id) VALUES ("88","37");


INSERT INTO likes (like_id, liked_id, like_date) VALUES ("88","479","2017-07-06 06:57:13");
INSERT INTO likes (like_id, liked_id, like_date) VALUES ("88","62","2017-04-01 17:02:45");
INSERT INTO likes (like_id, liked_id, like_date) VALUES ("88","392","2017-07-15 02:59:36");
INSERT INTO likes (like_id, liked_id, like_date) VALUES ("88","41","2017-04-05 17:57:48");
INSERT INTO likes (like_id, liked_id, like_date) VALUES ("88","330","2017-09-13 14:22:58");
INSERT INTO likes (like_id, liked_id, like_date) VALUES ("88","174","2017-09-18 23:24:06");
INSERT INTO likes (like_id, liked_id, like_date) VALUES ("88","198","2017-06-24 13:34:42");
INSERT INTO likes (like_id, liked_id, like_date) VALUES ("88","478","2017-05-22 18:00:31");
INSERT INTO likes (like_id, liked_id, like_date) VALUES ("88","216","2017-05-02 08:20:48");
INSERT INTO likes (like_id, liked_id, like_date) VALUES ("88","14","2017-10-14 20:30:08");
INSERT INTO likes (like_id, liked_id, like_date) VALUES ("88","429","2017-07-06 03:08:23");
INSERT INTO likes (like_id, liked_id, like_date) VALUES ("88","17","2018-01-15 08:56:40");


INSERT INTO user (id, first_name, last_name, username, email, password, birthdate, gender, orientation, bio, country, state, city, zip, file_1, file_2, file_3, file_4, file_5, score, token, token_date, active, register, created_at, updated_at) VALUES ("89","Dale","Brown","baileeconn","mohamed74@feeney.com","$2y$10$8v8PYm/4jZsSzBcyTTXJPO6Bb9AjNdp1K4vnix0MY9uwWi6r.1p0a","1962-01-11 21:45:42","2","3","Ipsam suscipit aperiam saepe tempora reprehenderit debitis eum rerum. Consequatur cumque unde officiis velit numquam. Rerum veniam aliquam possimus earum qui voluptas animi. Eaque quisquam et eveniet totam quod provident.","Slovakia (Slovak Republic)","","Mervinfurt","22185-6541","../fixtures/female4.jpg","../fixtures/female10.jpg","../fixtures/female7.jpg","","","41","f6cf50f09b845b6355eb1cc949e91df4","2006-01-24 05:40:33","1","1","2018-01-04 07:08:39","2016-09-17 21:26:34");
INSERT INTO user_tag (user_id, tag_id) VALUES ("89","37");
INSERT INTO user_tag (user_id, tag_id) VALUES ("89","6");
INSERT INTO user_tag (user_id, tag_id) VALUES ("89","7");
INSERT INTO user_tag (user_id, tag_id) VALUES ("89","19");
INSERT INTO user_tag (user_id, tag_id) VALUES ("89","4");
INSERT INTO user_tag (user_id, tag_id) VALUES ("89","2");
INSERT INTO user_tag (user_id, tag_id) VALUES ("89","10");
INSERT INTO user_tag (user_id, tag_id) VALUES ("89","22");
INSERT INTO user_tag (user_id, tag_id) VALUES ("89","8");


INSERT INTO likes (like_id, liked_id, like_date) VALUES ("89","143","2017-08-19 05:29:27");
INSERT INTO likes (like_id, liked_id, like_date) VALUES ("89","296","2017-09-21 23:45:02");
INSERT INTO likes (like_id, liked_id, like_date) VALUES ("89","42","2017-02-18 12:06:02");
INSERT INTO likes (like_id, liked_id, like_date) VALUES ("89","293","2018-01-03 03:05:55");
INSERT INTO likes (like_id, liked_id, like_date) VALUES ("89","18","2017-10-28 01:26:34");
INSERT INTO likes (like_id, liked_id, like_date) VALUES ("89","134","2017-09-09 10:37:47");
INSERT INTO likes (like_id, liked_id, like_date) VALUES ("89","95","2017-03-19 02:04:50");
INSERT INTO likes (like_id, liked_id, like_date) VALUES ("89","198","2017-05-10 16:59:24");
INSERT INTO likes (like_id, liked_id, like_date) VALUES ("89","320","2017-09-16 04:03:56");
INSERT INTO likes (like_id, liked_id, like_date) VALUES ("89","234","2017-07-12 08:07:31");
INSERT INTO likes (like_id, liked_id, like_date) VALUES ("89","8","2017-12-26 18:48:49");
INSERT INTO likes (like_id, liked_id, like_date) VALUES ("89","99","2017-10-31 00:09:47");
INSERT INTO likes (like_id, liked_id, like_date) VALUES ("89","234","2017-07-07 08:09:20");
INSERT INTO likes (like_id, liked_id, like_date) VALUES ("89","20","2017-07-16 10:02:31");
INSERT INTO likes (like_id, liked_id, like_date) VALUES ("89","76","2017-04-01 12:02:22");
INSERT INTO likes (like_id, liked_id, like_date) VALUES ("89","465","2017-08-25 22:16:58");
INSERT INTO likes (like_id, liked_id, like_date) VALUES ("89","97","2017-09-24 13:21:29");


INSERT INTO user (id, first_name, last_name, username, email, password, birthdate, gender, orientation, bio, country, state, city, zip, file_1, file_2, file_3, file_4, file_5, score, token, token_date, active, register, created_at, updated_at) VALUES ("90","Ryan","Kreiger","kelliehowell","maye56@farrell.info","$2y$10$9OnFa69r0Z6.Dsx06j.Xn.WGIauM.tmC8euunZFILy3PTnGQricYa","1965-01-01 19:36:12","2","2","Laboriosam autem aut a et officia voluptas voluptas. Quisquam in ipsa saepe est sed praesentium suscipit commodi. Provident officiis qui omnis recusandae. Laborum voluptatibus est nulla aut.","Mongolia","","South Tressa","47603-8921","../fixtures/female10.jpg","","","","","57","cacd8ae42fefccf3cf6b7671aca25449","2003-10-16 12:54:00","1","1","2004-07-30 13:01:31","2014-06-02 12:41:16");
INSERT INTO user_tag (user_id, tag_id) VALUES ("90","13");
INSERT INTO user_tag (user_id, tag_id) VALUES ("90","19");
INSERT INTO user_tag (user_id, tag_id) VALUES ("90","38");
INSERT INTO user_tag (user_id, tag_id) VALUES ("90","40");
INSERT INTO user_tag (user_id, tag_id) VALUES ("90","16");
INSERT INTO user_tag (user_id, tag_id) VALUES ("90","44");


INSERT INTO likes (like_id, liked_id, like_date) VALUES ("90","500","2017-07-17 09:07:48");
INSERT INTO likes (like_id, liked_id, like_date) VALUES ("90","103","2017-03-22 22:29:50");
INSERT INTO likes (like_id, liked_id, like_date) VALUES ("90","223","2018-01-16 07:13:07");
INSERT INTO likes (like_id, liked_id, like_date) VALUES ("90","40","2017-09-27 04:08:54");
INSERT INTO likes (like_id, liked_id, like_date) VALUES ("90","314","2017-09-20 03:50:12");
INSERT INTO likes (like_id, liked_id, like_date) VALUES ("90","159","2018-01-17 07:11:13");
INSERT INTO likes (like_id, liked_id, like_date) VALUES ("90","147","2017-11-13 23:29:37");
INSERT INTO likes (like_id, liked_id, like_date) VALUES ("90","449","2017-11-17 12:29:04");
INSERT INTO likes (like_id, liked_id, like_date) VALUES ("90","101","2017-06-15 02:23:23");


INSERT INTO user (id, first_name, last_name, username, email, password, birthdate, gender, orientation, bio, country, state, city, zip, file_1, file_2, file_3, file_4, file_5, score, token, token_date, active, register, created_at, updated_at) VALUES ("91","Robb","Senger","goldnerbernhard","isaias40@hotmail.com","$2y$10$EjlwRIR2mzfmg6VqjczFxuCw.j1aiaLyyHcSRrsU8wcnyYxzon2/a","1958-01-01 14:05:26","1","1","Commodi consequatur ad dolores cum fugit accusantium magni fuga. Tempore quasi vel qui. Laudantium quo odit dolor qui. Nihil adipisci nihil saepe voluptas.","France","","Cristview","50188-4418","../fixtures/male7.jpg","../fixtures/male10.jpg","../fixtures/male4.jpg","../fixtures/male10.jpg","../fixtures/male3.jpg","33","62f4ad08864d8354cea44d270eba9eaa","1972-01-10 03:18:48","0","0","2001-08-24 01:43:37","1999-08-20 05:06:09");
INSERT INTO user_tag (user_id, tag_id) VALUES ("91","10");
INSERT INTO user_tag (user_id, tag_id) VALUES ("91","1");
INSERT INTO user_tag (user_id, tag_id) VALUES ("91","23");
INSERT INTO user_tag (user_id, tag_id) VALUES ("91","19");
INSERT INTO user_tag (user_id, tag_id) VALUES ("91","40");
INSERT INTO user_tag (user_id, tag_id) VALUES ("91","3");
INSERT INTO user_tag (user_id, tag_id) VALUES ("91","30");
INSERT INTO user_tag (user_id, tag_id) VALUES ("91","44");
INSERT INTO user_tag (user_id, tag_id) VALUES ("91","3");
INSERT INTO user_tag (user_id, tag_id) VALUES ("91","36");
INSERT INTO user_tag (user_id, tag_id) VALUES ("91","45");
INSERT INTO user_tag (user_id, tag_id) VALUES ("91","37");


INSERT INTO likes (like_id, liked_id, like_date) VALUES ("91","198","2017-11-05 04:20:00");
INSERT INTO likes (like_id, liked_id, like_date) VALUES ("91","404","2017-09-20 12:39:31");
INSERT INTO likes (like_id, liked_id, like_date) VALUES ("91","311","2018-01-28 18:43:34");
INSERT INTO likes (like_id, liked_id, like_date) VALUES ("91","445","2017-06-11 17:12:20");
INSERT INTO likes (like_id, liked_id, like_date) VALUES ("91","82","2017-09-10 16:46:15");
INSERT INTO likes (like_id, liked_id, like_date) VALUES ("91","245","2017-04-01 21:21:00");
INSERT INTO likes (like_id, liked_id, like_date) VALUES ("91","398","2017-10-06 14:45:52");
INSERT INTO likes (like_id, liked_id, like_date) VALUES ("91","171","2018-01-18 08:05:07");
INSERT INTO likes (like_id, liked_id, like_date) VALUES ("91","480","2017-07-31 04:15:57");
INSERT INTO likes (like_id, liked_id, like_date) VALUES ("91","414","2017-11-19 02:05:28");
INSERT INTO likes (like_id, liked_id, like_date) VALUES ("91","420","2017-05-01 14:21:32");
INSERT INTO likes (like_id, liked_id, like_date) VALUES ("91","442","2017-07-20 11:10:23");
INSERT INTO likes (like_id, liked_id, like_date) VALUES ("91","269","2017-12-04 05:00:35");
INSERT INTO likes (like_id, liked_id, like_date) VALUES ("91","237","2018-02-01 20:28:15");
INSERT INTO likes (like_id, liked_id, like_date) VALUES ("91","431","2017-11-26 00:08:18");
INSERT INTO likes (like_id, liked_id, like_date) VALUES ("91","412","2018-01-17 02:16:15");
INSERT INTO likes (like_id, liked_id, like_date) VALUES ("91","195","2017-06-18 08:42:53");
INSERT INTO likes (like_id, liked_id, like_date) VALUES ("91","265","2017-11-22 11:30:33");
INSERT INTO likes (like_id, liked_id, like_date) VALUES ("91","22","2017-08-11 01:16:49");


INSERT INTO user (id, first_name, last_name, username, email, password, birthdate, gender, orientation, bio, country, state, city, zip, file_1, file_2, file_3, file_4, file_5, score, token, token_date, active, register, created_at, updated_at) VALUES ("92","Jason","Hirthe","tianna86","dorian.terry@beahan.net","$2y$10$lRzlPJc7lZ9wL3T2Eh/05ujq8h4SFGgOGEQi7QbSlNVuc3d4y9Tu2","1971-12-05 08:00:53","2","3","Odio nostrum rerum soluta. Sit tenetur culpa quia consequatur qui quod. Qui illum quaerat voluptas sit. Possimus assumenda deserunt consequatur laborum omnis et harum.","Papua New Guinea","","Frederickside","03999-0373","../fixtures/female5.jpg","../fixtures/female5.jpg","","","","44","438455375df97ff8ba832f317345f19e","1997-02-11 22:15:32","1","0","1976-03-16 00:16:44","2007-01-22 10:31:57");
INSERT INTO user_tag (user_id, tag_id) VALUES ("92","25");
INSERT INTO user_tag (user_id, tag_id) VALUES ("92","42");
INSERT INTO user_tag (user_id, tag_id) VALUES ("92","8");
INSERT INTO user_tag (user_id, tag_id) VALUES ("92","5");
INSERT INTO user_tag (user_id, tag_id) VALUES ("92","48");
INSERT INTO user_tag (user_id, tag_id) VALUES ("92","35");
INSERT INTO user_tag (user_id, tag_id) VALUES ("92","31");
INSERT INTO user_tag (user_id, tag_id) VALUES ("92","25");


INSERT INTO likes (like_id, liked_id, like_date) VALUES ("92","459","2017-07-04 20:13:40");
INSERT INTO likes (like_id, liked_id, like_date) VALUES ("92","385","2017-04-08 20:56:04");
INSERT INTO likes (like_id, liked_id, like_date) VALUES ("92","50","2017-04-07 16:55:05");
INSERT INTO likes (like_id, liked_id, like_date) VALUES ("92","384","2017-05-17 10:10:37");
INSERT INTO likes (like_id, liked_id, like_date) VALUES ("92","490","2017-07-06 18:57:27");
INSERT INTO likes (like_id, liked_id, like_date) VALUES ("92","316","2017-05-26 10:51:06");
INSERT INTO likes (like_id, liked_id, like_date) VALUES ("92","238","2018-02-02 23:37:56");
INSERT INTO likes (like_id, liked_id, like_date) VALUES ("92","331","2017-12-02 15:40:26");
INSERT INTO likes (like_id, liked_id, like_date) VALUES ("92","498","2017-11-28 01:49:50");
INSERT INTO likes (like_id, liked_id, like_date) VALUES ("92","498","2017-04-25 13:35:26");
INSERT INTO likes (like_id, liked_id, like_date) VALUES ("92","488","2018-01-12 19:25:02");
INSERT INTO likes (like_id, liked_id, like_date) VALUES ("92","375","2017-05-30 03:01:23");
INSERT INTO likes (like_id, liked_id, like_date) VALUES ("92","254","2017-03-11 21:34:03");
INSERT INTO likes (like_id, liked_id, like_date) VALUES ("92","263","2017-12-25 05:13:39");
INSERT INTO likes (like_id, liked_id, like_date) VALUES ("92","78","2017-08-09 23:20:23");


INSERT INTO user (id, first_name, last_name, username, email, password, birthdate, gender, orientation, bio, country, state, city, zip, file_1, file_2, file_3, file_4, file_5, score, token, token_date, active, register, created_at, updated_at) VALUES ("93","Myrtle","Lemke","jackierutherford","baby.macejkovic@gleichner.com","$2y$10$VvxZrIwPt/Y5rR1wtd49guzyLzVPSfcLcMRs6Tv8W0r4G/4tgOIu2","1963-05-14 00:02:00","1","1","Ratione voluptates ad nobis facilis. Nihil molestias earum dolores sequi voluptas. Nemo reiciendis officia quo vel magnam soluta. Tempora est rerum hic eos quisquam.","Papua New Guinea","","Lake Ethel","62549","../fixtures/male3.jpg","../fixtures/male1.jpg","","","","6","16aff55454d01fd823aba964fab91bd2","2013-08-11 04:43:33","1","0","1976-09-12 15:16:44","1993-06-14 16:44:35");
INSERT INTO user_tag (user_id, tag_id) VALUES ("93","4");


INSERT INTO likes (like_id, liked_id, like_date) VALUES ("93","351","2018-02-11 16:03:16");


INSERT INTO user (id, first_name, last_name, username, email, password, birthdate, gender, orientation, bio, country, state, city, zip, file_1, file_2, file_3, file_4, file_5, score, token, token_date, active, register, created_at, updated_at) VALUES ("94","Jacinthe","Paucek","ndavis","bret80@sawayn.info","$2y$10$OC6pmoDYmDYlXKPaDdtr.er1HkcEs8gJ9pZ7va3may7h/Il0RC/ey","1960-02-07 03:45:09","1","2","Sed deserunt magni neque quia illo repudiandae provident. Culpa consequuntur delectus impedit deserunt. Ut fugit consequatur delectus labore. Aut voluptas dolorum officiis quos aut nihil.","Andorra","","Cummingsside","50797","../fixtures/male9.jpg","../fixtures/male4.jpg","../fixtures/male3.jpg","../fixtures/male5.jpg","","15","2044ee7be5fd4d4b2a985447b874fae6","1971-01-20 11:14:55","1","1","1970-05-18 23:24:38","1991-07-10 03:05:48");
INSERT INTO user_tag (user_id, tag_id) VALUES ("94","11");
INSERT INTO user_tag (user_id, tag_id) VALUES ("94","46");
INSERT INTO user_tag (user_id, tag_id) VALUES ("94","25");


INSERT INTO likes (like_id, liked_id, like_date) VALUES ("94","372","2017-04-25 22:09:52");
INSERT INTO likes (like_id, liked_id, like_date) VALUES ("94","428","2017-12-18 11:45:36");
INSERT INTO likes (like_id, liked_id, like_date) VALUES ("94","413","2017-11-06 16:30:51");
INSERT INTO likes (like_id, liked_id, like_date) VALUES ("94","486","2017-03-15 20:58:03");
INSERT INTO likes (like_id, liked_id, like_date) VALUES ("94","83","2018-01-18 11:10:17");
INSERT INTO likes (like_id, liked_id, like_date) VALUES ("94","293","2017-12-06 05:33:29");
INSERT INTO likes (like_id, liked_id, like_date) VALUES ("94","216","2017-04-29 01:58:55");
INSERT INTO likes (like_id, liked_id, like_date) VALUES ("94","48","2017-10-10 10:22:41");
INSERT INTO likes (like_id, liked_id, like_date) VALUES ("94","350","2017-12-16 08:30:52");
INSERT INTO likes (like_id, liked_id, like_date) VALUES ("94","174","2017-12-27 23:08:51");
INSERT INTO likes (like_id, liked_id, like_date) VALUES ("94","264","2017-09-24 05:32:19");
INSERT INTO likes (like_id, liked_id, like_date) VALUES ("94","443","2017-10-02 16:50:56");
INSERT INTO likes (like_id, liked_id, like_date) VALUES ("94","219","2017-07-31 11:35:43");
INSERT INTO likes (like_id, liked_id, like_date) VALUES ("94","215","2017-10-23 23:25:50");
INSERT INTO likes (like_id, liked_id, like_date) VALUES ("94","411","2017-07-20 01:00:07");
INSERT INTO likes (like_id, liked_id, like_date) VALUES ("94","271","2017-11-16 11:10:09");
INSERT INTO likes (like_id, liked_id, like_date) VALUES ("94","391","2018-01-02 06:55:26");
INSERT INTO likes (like_id, liked_id, like_date) VALUES ("94","473","2018-01-14 13:25:52");


INSERT INTO user (id, first_name, last_name, username, email, password, birthdate, gender, orientation, bio, country, state, city, zip, file_1, file_2, file_3, file_4, file_5, score, token, token_date, active, register, created_at, updated_at) VALUES ("95","Barney","Swift","sigrid36","xsimonis@gmail.com","$2y$10$07yrah2oQqx17P2.jmFDj.jeVOugwJ7roC/i4QFl9l/vvAbI7DC7O","1957-06-24 12:57:20","2","1","Ipsam deleniti deleniti repudiandae sed numquam saepe. Cum dolor et ut temporibus fugiat in dignissimos. Ad cupiditate quia eius rerum eligendi unde animi repudiandae.","Mayotte","","Reingerfurt","71628","../fixtures/female2.jpg","../fixtures/female6.jpg","","","","59","d4c30464278351af99f15dcfd1a0a1f2","1985-09-15 09:18:00","1","0","1982-10-10 17:50:10","1993-10-04 03:55:09");
INSERT INTO user_tag (user_id, tag_id) VALUES ("95","36");
INSERT INTO user_tag (user_id, tag_id) VALUES ("95","43");
INSERT INTO user_tag (user_id, tag_id) VALUES ("95","33");
INSERT INTO user_tag (user_id, tag_id) VALUES ("95","22");
INSERT INTO user_tag (user_id, tag_id) VALUES ("95","31");
INSERT INTO user_tag (user_id, tag_id) VALUES ("95","1");
INSERT INTO user_tag (user_id, tag_id) VALUES ("95","41");
INSERT INTO user_tag (user_id, tag_id) VALUES ("95","11");
INSERT INTO user_tag (user_id, tag_id) VALUES ("95","14");
INSERT INTO user_tag (user_id, tag_id) VALUES ("95","28");
INSERT INTO user_tag (user_id, tag_id) VALUES ("95","9");
INSERT INTO user_tag (user_id, tag_id) VALUES ("95","8");


INSERT INTO likes (like_id, liked_id, like_date) VALUES ("95","103","2017-11-05 16:35:47");
INSERT INTO likes (like_id, liked_id, like_date) VALUES ("95","197","2017-06-17 06:04:14");
INSERT INTO likes (like_id, liked_id, like_date) VALUES ("95","152","2017-08-11 00:04:58");
INSERT INTO likes (like_id, liked_id, like_date) VALUES ("95","462","2017-05-27 21:10:09");
INSERT INTO likes (like_id, liked_id, like_date) VALUES ("95","374","2017-10-06 16:18:46");
INSERT INTO likes (like_id, liked_id, like_date) VALUES ("95","363","2017-04-26 23:08:58");
INSERT INTO likes (like_id, liked_id, like_date) VALUES ("95","425","2017-07-24 23:12:03");
INSERT INTO likes (like_id, liked_id, like_date) VALUES ("95","212","2017-06-12 20:23:03");
INSERT INTO likes (like_id, liked_id, like_date) VALUES ("95","90","2017-09-20 06:09:57");
INSERT INTO likes (like_id, liked_id, like_date) VALUES ("95","103","2017-09-14 12:45:46");
INSERT INTO likes (like_id, liked_id, like_date) VALUES ("95","407","2017-07-24 09:15:54");
INSERT INTO likes (like_id, liked_id, like_date) VALUES ("95","324","2017-02-14 05:35:40");
INSERT INTO likes (like_id, liked_id, like_date) VALUES ("95","338","2018-01-27 00:23:26");
INSERT INTO likes (like_id, liked_id, like_date) VALUES ("95","131","2017-08-16 20:14:58");


INSERT INTO user (id, first_name, last_name, username, email, password, birthdate, gender, orientation, bio, country, state, city, zip, file_1, file_2, file_3, file_4, file_5, score, token, token_date, active, register, created_at, updated_at) VALUES ("96","June","Wolff","gerrytromp","elfrieda.bergnaum@hotmail.com","$2y$10$8kzSO3yExZ5rI4FgTDMOBOMCnKdo8oI.8E8NBs9TMAXvvE1Hm0HkK","1982-05-14 16:59:20","2","1","Asperiores quis at placeat velit ut quam asperiores. Iusto et beatae dignissimos porro earum nulla. Et est animi voluptatibus. Eos vero fugiat quam eveniet nihil aut a.","Bahrain","","East Leanne","09217-1863","../fixtures/female1.jpg","../fixtures/female6.jpg","../fixtures/female3.jpg","../fixtures/female8.jpg","../fixtures/female3.jpg","61","af6b2a0e2532f661e4711e5f3a009c70","1979-10-15 03:00:21","0","0","1974-09-13 06:11:20","1988-12-08 06:18:38");
INSERT INTO user_tag (user_id, tag_id) VALUES ("96","34");
INSERT INTO user_tag (user_id, tag_id) VALUES ("96","43");
INSERT INTO user_tag (user_id, tag_id) VALUES ("96","44");
INSERT INTO user_tag (user_id, tag_id) VALUES ("96","4");


INSERT INTO likes (like_id, liked_id, like_date) VALUES ("96","474","2017-04-14 12:03:27");
INSERT INTO likes (like_id, liked_id, like_date) VALUES ("96","350","2017-04-01 04:45:20");
INSERT INTO likes (like_id, liked_id, like_date) VALUES ("96","108","2017-06-05 09:59:55");
INSERT INTO likes (like_id, liked_id, like_date) VALUES ("96","220","2018-01-09 12:10:34");
INSERT INTO likes (like_id, liked_id, like_date) VALUES ("96","340","2017-12-17 17:53:54");
INSERT INTO likes (like_id, liked_id, like_date) VALUES ("96","422","2017-10-25 07:01:00");
INSERT INTO likes (like_id, liked_id, like_date) VALUES ("96","420","2017-09-10 18:18:12");
INSERT INTO likes (like_id, liked_id, like_date) VALUES ("96","327","2017-09-03 08:49:25");
INSERT INTO likes (like_id, liked_id, like_date) VALUES ("96","368","2018-01-12 11:10:26");
INSERT INTO likes (like_id, liked_id, like_date) VALUES ("96","228","2017-10-08 13:05:19");
INSERT INTO likes (like_id, liked_id, like_date) VALUES ("96","445","2017-05-09 20:26:26");
INSERT INTO likes (like_id, liked_id, like_date) VALUES ("96","465","2017-07-17 14:00:32");
INSERT INTO likes (like_id, liked_id, like_date) VALUES ("96","109","2017-09-24 22:07:39");
INSERT INTO likes (like_id, liked_id, like_date) VALUES ("96","53","2017-11-29 04:42:51");
INSERT INTO likes (like_id, liked_id, like_date) VALUES ("96","37","2018-01-01 12:43:32");
INSERT INTO likes (like_id, liked_id, like_date) VALUES ("96","453","2018-02-10 16:30:08");


INSERT INTO user (id, first_name, last_name, username, email, password, birthdate, gender, orientation, bio, country, state, city, zip, file_1, file_2, file_3, file_4, file_5, score, token, token_date, active, register, created_at, updated_at) VALUES ("97","Elvis","Durgan","nmills","neil41@hotmail.com","$2y$10$td0zJ1FYIz9vnfhV/gqI4.BfEOvRg477wNfg/2hT4pZum0hVtgZU.","1948-10-08 17:06:56","2","3","Dicta debitis quod optio est autem. At quia molestiae tempora illum dolores possimus praesentium nisi. Non reiciendis sed maxime dignissimos nostrum neque ut. Dicta est eos omnis.","Nauru","","Schaeferville","95972-0185","../fixtures/female7.jpg","../fixtures/female7.jpg","","","","32","ed8cff2e1eaafb6192c33758b2fd0b35","1975-04-25 13:16:03","1","1","2001-03-08 09:57:53","2011-11-05 07:10:48");
INSERT INTO user_tag (user_id, tag_id) VALUES ("97","39");
INSERT INTO user_tag (user_id, tag_id) VALUES ("97","3");
INSERT INTO user_tag (user_id, tag_id) VALUES ("97","49");
INSERT INTO user_tag (user_id, tag_id) VALUES ("97","22");
INSERT INTO user_tag (user_id, tag_id) VALUES ("97","1");
INSERT INTO user_tag (user_id, tag_id) VALUES ("97","31");
INSERT INTO user_tag (user_id, tag_id) VALUES ("97","26");
INSERT INTO user_tag (user_id, tag_id) VALUES ("97","33");
INSERT INTO user_tag (user_id, tag_id) VALUES ("97","45");


INSERT INTO likes (like_id, liked_id, like_date) VALUES ("97","486","2017-03-01 15:03:05");
INSERT INTO likes (like_id, liked_id, like_date) VALUES ("97","180","2017-07-11 01:16:45");
INSERT INTO likes (like_id, liked_id, like_date) VALUES ("97","381","2018-02-05 03:58:04");
INSERT INTO likes (like_id, liked_id, like_date) VALUES ("97","167","2017-04-15 15:23:12");
INSERT INTO likes (like_id, liked_id, like_date) VALUES ("97","273","2017-11-26 07:21:23");
INSERT INTO likes (like_id, liked_id, like_date) VALUES ("97","302","2017-09-05 20:33:45");
INSERT INTO likes (like_id, liked_id, like_date) VALUES ("97","204","2017-02-17 14:03:22");
INSERT INTO likes (like_id, liked_id, like_date) VALUES ("97","382","2017-07-25 14:20:37");
INSERT INTO likes (like_id, liked_id, like_date) VALUES ("97","280","2017-07-27 22:33:53");
INSERT INTO likes (like_id, liked_id, like_date) VALUES ("97","146","2017-07-26 18:42:55");


INSERT INTO user (id, first_name, last_name, username, email, password, birthdate, gender, orientation, bio, country, state, city, zip, file_1, file_2, file_3, file_4, file_5, score, token, token_date, active, register, created_at, updated_at) VALUES ("98","Novella","Mayert","okiehn","labadie.katlynn@hotmail.com","$2y$10$6hMJJTOaELM.jPZ/rroKd.zOsbKCwWH2BvIer9czYLZ4C7EJBhHYq","1948-12-26 09:25:20","1","2","Consequuntur et ex voluptatem nisi quod. Animi officiis et sed neque eos perspiciatis. Ratione ipsum id et eum nobis rerum ut.","Germany","","South Ciara","14645","../fixtures/male2.jpg","../fixtures/male7.jpg","../fixtures/male1.jpg","../fixtures/male8.jpg","","76","fe5ed1bf02206888eeff935dfb38e301","1987-01-01 07:44:41","1","0","2003-11-07 23:24:21","1980-10-13 19:07:17");
INSERT INTO user_tag (user_id, tag_id) VALUES ("98","30");
INSERT INTO user_tag (user_id, tag_id) VALUES ("98","38");
INSERT INTO user_tag (user_id, tag_id) VALUES ("98","16");
INSERT INTO user_tag (user_id, tag_id) VALUES ("98","4");
INSERT INTO user_tag (user_id, tag_id) VALUES ("98","47");
INSERT INTO user_tag (user_id, tag_id) VALUES ("98","39");
INSERT INTO user_tag (user_id, tag_id) VALUES ("98","8");
INSERT INTO user_tag (user_id, tag_id) VALUES ("98","47");


INSERT INTO likes (like_id, liked_id, like_date) VALUES ("98","245","2017-05-01 11:49:57");
INSERT INTO likes (like_id, liked_id, like_date) VALUES ("98","146","2017-04-04 10:54:29");
INSERT INTO likes (like_id, liked_id, like_date) VALUES ("98","381","2017-03-03 21:40:20");
INSERT INTO likes (like_id, liked_id, like_date) VALUES ("98","487","2017-07-04 23:21:11");
INSERT INTO likes (like_id, liked_id, like_date) VALUES ("98","393","2017-08-19 22:11:16");
INSERT INTO likes (like_id, liked_id, like_date) VALUES ("98","472","2017-09-09 20:03:09");
INSERT INTO likes (like_id, liked_id, like_date) VALUES ("98","238","2017-12-27 17:27:08");
INSERT INTO likes (like_id, liked_id, like_date) VALUES ("98","248","2017-08-15 05:51:34");


INSERT INTO user (id, first_name, last_name, username, email, password, birthdate, gender, orientation, bio, country, state, city, zip, file_1, file_2, file_3, file_4, file_5, score, token, token_date, active, register, created_at, updated_at) VALUES ("99","Shaina","McKenzie","macydonnelly","armstrong.ulises@yahoo.com","$2y$10$MQ3VhI/XdikD6niNRQTuHOBiXu4rS2zLBSuWhBx0xMexOfcFy1adO","1987-07-30 22:56:27","1","1","Quibusdam aspernatur sed sit et distinctio. Voluptas est eos sequi et architecto neque ducimus. Rerum assumenda aspernatur ut blanditiis eum.","Burundi","","Priceberg","90553","../fixtures/male4.jpg","../fixtures/male9.jpg","../fixtures/male1.jpg","../fixtures/male1.jpg","","72","780d87694e9591e20c73cad423869333","1980-07-22 08:38:51","0","0","2009-12-02 22:55:02","1976-01-15 02:39:12");
INSERT INTO user_tag (user_id, tag_id) VALUES ("99","45");
INSERT INTO user_tag (user_id, tag_id) VALUES ("99","7");
INSERT INTO user_tag (user_id, tag_id) VALUES ("99","14");
INSERT INTO user_tag (user_id, tag_id) VALUES ("99","50");
INSERT INTO user_tag (user_id, tag_id) VALUES ("99","43");
INSERT INTO user_tag (user_id, tag_id) VALUES ("99","7");
INSERT INTO user_tag (user_id, tag_id) VALUES ("99","10");
INSERT INTO user_tag (user_id, tag_id) VALUES ("99","33");
INSERT INTO user_tag (user_id, tag_id) VALUES ("99","26");
INSERT INTO user_tag (user_id, tag_id) VALUES ("99","42");
INSERT INTO user_tag (user_id, tag_id) VALUES ("99","15");
INSERT INTO user_tag (user_id, tag_id) VALUES ("99","11");
INSERT INTO user_tag (user_id, tag_id) VALUES ("99","27");


INSERT INTO likes (like_id, liked_id, like_date) VALUES ("99","5","2017-08-09 14:16:01");
INSERT INTO likes (like_id, liked_id, like_date) VALUES ("99","158","2017-03-27 16:47:08");
INSERT INTO likes (like_id, liked_id, like_date) VALUES ("99","72","2017-11-14 05:10:40");
INSERT INTO likes (like_id, liked_id, like_date) VALUES ("99","319","2017-04-01 06:26:23");
INSERT INTO likes (like_id, liked_id, like_date) VALUES ("99","401","2017-10-25 20:27:15");
INSERT INTO likes (like_id, liked_id, like_date) VALUES ("99","236","2017-08-25 05:51:53");
INSERT INTO likes (like_id, liked_id, like_date) VALUES ("99","142","2017-12-04 00:18:15");
INSERT INTO likes (like_id, liked_id, like_date) VALUES ("99","50","2018-01-14 08:24:54");
INSERT INTO likes (like_id, liked_id, like_date) VALUES ("99","258","2017-11-10 08:43:50");
INSERT INTO likes (like_id, liked_id, like_date) VALUES ("99","96","2017-04-17 20:15:48");
INSERT INTO likes (like_id, liked_id, like_date) VALUES ("99","457","2017-03-06 18:41:14");
INSERT INTO likes (like_id, liked_id, like_date) VALUES ("99","115","2017-10-19 11:02:01");
INSERT INTO likes (like_id, liked_id, like_date) VALUES ("99","474","2017-07-27 14:07:22");
INSERT INTO likes (like_id, liked_id, like_date) VALUES ("99","450","2017-06-27 15:18:47");
INSERT INTO likes (like_id, liked_id, like_date) VALUES ("99","308","2017-11-04 15:42:41");
INSERT INTO likes (like_id, liked_id, like_date) VALUES ("99","496","2017-10-06 13:50:02");
INSERT INTO likes (like_id, liked_id, like_date) VALUES ("99","183","2017-09-06 02:14:46");


INSERT INTO user (id, first_name, last_name, username, email, password, birthdate, gender, orientation, bio, country, state, city, zip, file_1, file_2, file_3, file_4, file_5, score, token, token_date, active, register, created_at, updated_at) VALUES ("100","Alvera","Heathcote","milfordfarrell","okuneva.gregorio@heathcote.org","$2y$10$Xh/bxR6Xq4rq8CaKZ6VvZ.JNhRMGzlsp97nEyB6tY7JAzGar4uZw2","1988-09-22 15:55:37","1","2","Voluptates dolorem id odit vitae. Omnis porro magnam dolores consequatur illo occaecati et. Repellat eum dolorem repudiandae similique.","France","","North Macey","21107-4394","../fixtures/male9.jpg","../fixtures/male4.jpg","../fixtures/male2.jpg","","","56","d0d4f00fb5b2fceca1fc6727ec54976a","1973-06-13 01:21:28","0","0","2008-10-14 10:54:32","1997-04-26 07:50:35");
INSERT INTO user_tag (user_id, tag_id) VALUES ("100","10");
INSERT INTO user_tag (user_id, tag_id) VALUES ("100","43");
INSERT INTO user_tag (user_id, tag_id) VALUES ("100","32");
INSERT INTO user_tag (user_id, tag_id) VALUES ("100","1");
INSERT INTO user_tag (user_id, tag_id) VALUES ("100","3");
INSERT INTO user_tag (user_id, tag_id) VALUES ("100","5");
INSERT INTO user_tag (user_id, tag_id) VALUES ("100","48");
INSERT INTO user_tag (user_id, tag_id) VALUES ("100","38");
INSERT INTO user_tag (user_id, tag_id) VALUES ("100","22");
INSERT INTO user_tag (user_id, tag_id) VALUES ("100","46");
INSERT INTO user_tag (user_id, tag_id) VALUES ("100","15");
INSERT INTO user_tag (user_id, tag_id) VALUES ("100","10");
INSERT INTO user_tag (user_id, tag_id) VALUES ("100","24");


INSERT INTO likes (like_id, liked_id, like_date) VALUES ("100","386","2017-07-14 09:43:59");
INSERT INTO likes (like_id, liked_id, like_date) VALUES ("100","16","2017-05-25 19:07:34");
INSERT INTO likes (like_id, liked_id, like_date) VALUES ("100","434","2017-05-21 22:42:13");
INSERT INTO likes (like_id, liked_id, like_date) VALUES ("100","301","2017-12-07 20:19:41");
INSERT INTO likes (like_id, liked_id, like_date) VALUES ("100","289","2018-01-08 21:47:37");


INSERT INTO user (id, first_name, last_name, username, email, password, birthdate, gender, orientation, bio, country, state, city, zip, file_1, file_2, file_3, file_4, file_5, score, token, token_date, active, register, created_at, updated_at) VALUES ("101","Nash","Koelpin","ufadel","lucius15@hotmail.com","$2y$10$vF8nbsIYmaezbvbnLx.MUeMmVLvQwjy2WDKAcRj4otGMZ2gG2AgNa","1996-09-04 22:59:59","1","2","Tempore officia possimus hic beatae deleniti corrupti quia. Accusantium sunt facere possimus unde. Itaque dolorem ut voluptates laudantium eius iusto dolorem.","Mexico","","Kayafort","97452","../fixtures/male9.jpg","../fixtures/male1.jpg","","","","13","4d6d635e161d8cb988bb4efe57effbee","2008-07-09 00:31:23","0","0","1986-01-21 06:07:43","1977-07-09 03:44:55");
INSERT INTO user_tag (user_id, tag_id) VALUES ("101","7");
INSERT INTO user_tag (user_id, tag_id) VALUES ("101","7");
INSERT INTO user_tag (user_id, tag_id) VALUES ("101","9");
INSERT INTO user_tag (user_id, tag_id) VALUES ("101","14");
INSERT INTO user_tag (user_id, tag_id) VALUES ("101","21");
INSERT INTO user_tag (user_id, tag_id) VALUES ("101","30");
INSERT INTO user_tag (user_id, tag_id) VALUES ("101","38");
INSERT INTO user_tag (user_id, tag_id) VALUES ("101","33");
INSERT INTO user_tag (user_id, tag_id) VALUES ("101","37");


INSERT INTO likes (like_id, liked_id, like_date) VALUES ("101","486","2017-05-10 12:30:55");
INSERT INTO likes (like_id, liked_id, like_date) VALUES ("101","427","2017-12-08 15:55:47");
INSERT INTO likes (like_id, liked_id, like_date) VALUES ("101","125","2017-10-23 14:07:17");
INSERT INTO likes (like_id, liked_id, like_date) VALUES ("101","241","2017-04-04 10:55:35");
INSERT INTO likes (like_id, liked_id, like_date) VALUES ("101","21","2017-12-11 15:31:06");


INSERT INTO user (id, first_name, last_name, username, email, password, birthdate, gender, orientation, bio, country, state, city, zip, file_1, file_2, file_3, file_4, file_5, score, token, token_date, active, register, created_at, updated_at) VALUES ("102","Verla","Crooks","deshaungutkowski","uwyman@steuber.com","$2y$10$3FDJ2feAOQ4or6/hDAVGPOWOh/QXzQmGSFCpu.kmbwsvYMcylAGk.","1961-04-02 06:44:09","1","3","Et dolorem fuga ullam et eum aut. Debitis consequatur qui illo omnis est. Voluptas fugiat vitae natus. Illo incidunt temporibus assumenda.","Swaziland","","Weimannside","47402-0806","../fixtures/male10.jpg","../fixtures/male4.jpg","","","","25","c7e64892fc7c9f437ffd8538f3b095f3","1970-01-02 22:27:55","0","0","1986-11-26 06:46:31","2000-07-10 06:23:33");
INSERT INTO user_tag (user_id, tag_id) VALUES ("102","18");
INSERT INTO user_tag (user_id, tag_id) VALUES ("102","12");
INSERT INTO user_tag (user_id, tag_id) VALUES ("102","16");
INSERT INTO user_tag (user_id, tag_id) VALUES ("102","46");
INSERT INTO user_tag (user_id, tag_id) VALUES ("102","47");
INSERT INTO user_tag (user_id, tag_id) VALUES ("102","35");
INSERT INTO user_tag (user_id, tag_id) VALUES ("102","12");
INSERT INTO user_tag (user_id, tag_id) VALUES ("102","43");


INSERT INTO likes (like_id, liked_id, like_date) VALUES ("102","494","2017-09-29 13:04:32");
INSERT INTO likes (like_id, liked_id, like_date) VALUES ("102","286","2017-05-28 13:03:13");
INSERT INTO likes (like_id, liked_id, like_date) VALUES ("102","463","2017-07-03 05:00:40");
INSERT INTO likes (like_id, liked_id, like_date) VALUES ("102","53","2017-04-27 01:18:10");
INSERT INTO likes (like_id, liked_id, like_date) VALUES ("102","150","2017-07-21 04:49:53");
INSERT INTO likes (like_id, liked_id, like_date) VALUES ("102","270","2017-05-27 17:57:59");
INSERT INTO likes (like_id, liked_id, like_date) VALUES ("102","469","2017-07-30 07:12:30");
INSERT INTO likes (like_id, liked_id, like_date) VALUES ("102","50","2017-02-14 20:13:22");
INSERT INTO likes (like_id, liked_id, like_date) VALUES ("102","336","2017-06-06 14:34:50");
INSERT INTO likes (like_id, liked_id, like_date) VALUES ("102","286","2017-09-07 10:01:43");
INSERT INTO likes (like_id, liked_id, like_date) VALUES ("102","128","2018-01-24 15:11:40");
INSERT INTO likes (like_id, liked_id, like_date) VALUES ("102","10","2018-02-06 08:40:35");


INSERT INTO user (id, first_name, last_name, username, email, password, birthdate, gender, orientation, bio, country, state, city, zip, file_1, file_2, file_3, file_4, file_5, score, token, token_date, active, register, created_at, updated_at) VALUES ("103","Junius","Schumm","daveosinski","leuschke.fanny@gmail.com","$2y$10$eAVzMHYV7X6yMtz6mMHU2uCza7549C3CZUlnJLiv5QkDno4efQHcm","1953-01-11 23:00:44","1","2","Dolor quia aut aut hic soluta incidunt. Rerum reiciendis numquam sint similique aliquam et nulla. Nesciunt non corrupti quisquam voluptatem beatae magnam dolore.","Angola","","Port Estefaniaside","03165-5201","../fixtures/male4.jpg","../fixtures/male7.jpg","../fixtures/male7.jpg","../fixtures/male1.jpg","../fixtures/male1.jpg","99","da04e678dffbcefdbba95fd68c2bad94","1970-01-04 15:28:33","0","0","1981-12-27 13:29:00","1970-05-24 10:37:17");
INSERT INTO user_tag (user_id, tag_id) VALUES ("103","21");
INSERT INTO user_tag (user_id, tag_id) VALUES ("103","33");
INSERT INTO user_tag (user_id, tag_id) VALUES ("103","33");
INSERT INTO user_tag (user_id, tag_id) VALUES ("103","14");
INSERT INTO user_tag (user_id, tag_id) VALUES ("103","44");
INSERT INTO user_tag (user_id, tag_id) VALUES ("103","8");


INSERT INTO likes (like_id, liked_id, like_date) VALUES ("103","47","2017-07-12 12:09:34");
INSERT INTO likes (like_id, liked_id, like_date) VALUES ("103","405","2017-05-29 11:41:39");
INSERT INTO likes (like_id, liked_id, like_date) VALUES ("103","115","2017-03-26 16:11:58");
INSERT INTO likes (like_id, liked_id, like_date) VALUES ("103","287","2017-03-17 14:10:33");


INSERT INTO user (id, first_name, last_name, username, email, password, birthdate, gender, orientation, bio, country, state, city, zip, file_1, file_2, file_3, file_4, file_5, score, token, token_date, active, register, created_at, updated_at) VALUES ("104","Marcia","Kautzer","lehnerdevin","baby.rohan@yahoo.com","$2y$10$Z4nlWfSrwgorGRZFOpZPK.n2mneJ.4aYkEHiDoqxqzLRU73JZU1v.","1969-08-10 09:26:15","2","3","Est est odio enim dolorem in ut. Sapiente et omnis dignissimos facilis et totam vitae dolorem. Tenetur dolores error mollitia quia totam.","Gabon","","West Veronaburgh","06235-1764","../fixtures/female3.jpg","../fixtures/female1.jpg","../fixtures/female6.jpg","../fixtures/female6.jpg","","77","0ea4f0fc472d9d9df122e44cbed24393","1972-02-26 12:40:59","0","0","1975-05-08 18:29:55","2012-11-30 20:08:59");
INSERT INTO user_tag (user_id, tag_id) VALUES ("104","12");
INSERT INTO user_tag (user_id, tag_id) VALUES ("104","14");
INSERT INTO user_tag (user_id, tag_id) VALUES ("104","17");
INSERT INTO user_tag (user_id, tag_id) VALUES ("104","46");
INSERT INTO user_tag (user_id, tag_id) VALUES ("104","14");
INSERT INTO user_tag (user_id, tag_id) VALUES ("104","3");
INSERT INTO user_tag (user_id, tag_id) VALUES ("104","46");
INSERT INTO user_tag (user_id, tag_id) VALUES ("104","3");
INSERT INTO user_tag (user_id, tag_id) VALUES ("104","50");
INSERT INTO user_tag (user_id, tag_id) VALUES ("104","9");
INSERT INTO user_tag (user_id, tag_id) VALUES ("104","49");
INSERT INTO user_tag (user_id, tag_id) VALUES ("104","44");
INSERT INTO user_tag (user_id, tag_id) VALUES ("104","11");
INSERT INTO user_tag (user_id, tag_id) VALUES ("104","29");


INSERT INTO likes (like_id, liked_id, like_date) VALUES ("104","388","2017-05-31 04:23:53");
INSERT INTO likes (like_id, liked_id, like_date) VALUES ("104","344","2017-11-21 23:59:09");
INSERT INTO likes (like_id, liked_id, like_date) VALUES ("104","217","2017-10-17 13:00:47");
INSERT INTO likes (like_id, liked_id, like_date) VALUES ("104","222","2017-04-30 23:34:50");
INSERT INTO likes (like_id, liked_id, like_date) VALUES ("104","222","2017-03-09 18:31:28");
INSERT INTO likes (like_id, liked_id, like_date) VALUES ("104","171","2017-06-08 03:39:13");
INSERT INTO likes (like_id, liked_id, like_date) VALUES ("104","204","2017-04-15 05:16:42");
INSERT INTO likes (like_id, liked_id, like_date) VALUES ("104","488","2017-10-01 09:05:39");
INSERT INTO likes (like_id, liked_id, like_date) VALUES ("104","79","2018-01-07 05:58:39");
INSERT INTO likes (like_id, liked_id, like_date) VALUES ("104","171","2017-06-15 21:38:38");
INSERT INTO likes (like_id, liked_id, like_date) VALUES ("104","308","2017-12-03 15:52:40");
INSERT INTO likes (like_id, liked_id, like_date) VALUES ("104","35","2017-05-07 07:37:48");
INSERT INTO likes (like_id, liked_id, like_date) VALUES ("104","109","2017-08-10 01:33:23");
INSERT INTO likes (like_id, liked_id, like_date) VALUES ("104","28","2017-02-22 18:27:48");
INSERT INTO likes (like_id, liked_id, like_date) VALUES ("104","286","2017-11-20 23:55:39");
INSERT INTO likes (like_id, liked_id, like_date) VALUES ("104","128","2017-03-11 03:42:18");
INSERT INTO likes (like_id, liked_id, like_date) VALUES ("104","381","2017-11-22 09:55:40");
INSERT INTO likes (like_id, liked_id, like_date) VALUES ("104","384","2017-11-19 18:24:25");


INSERT INTO user (id, first_name, last_name, username, email, password, birthdate, gender, orientation, bio, country, state, city, zip, file_1, file_2, file_3, file_4, file_5, score, token, token_date, active, register, created_at, updated_at) VALUES ("105","Margarete","Schroeder","damorehildegard","houston.rempel@yahoo.com","$2y$10$mRK1dt1EZX3jdHcBO1FBSO8d6kKSLtexuiD9Md0Wc8FLrybupzNf.","1963-11-05 00:46:27","1","2","Rem eos voluptatem possimus esse cupiditate. Sapiente itaque ut quidem quia cumque molestias. Et quia temporibus a quia.","Saint Vincent and the Grenadines","","North Kattiefurt","22323","../fixtures/male5.jpg","","","","","75","4a41f9ba72b15fd366e23a59b4d56f4f","1976-10-12 00:47:21","1","1","1979-06-21 10:38:30","1987-12-16 21:43:41");
INSERT INTO user_tag (user_id, tag_id) VALUES ("105","15");
INSERT INTO user_tag (user_id, tag_id) VALUES ("105","29");
INSERT INTO user_tag (user_id, tag_id) VALUES ("105","29");
INSERT INTO user_tag (user_id, tag_id) VALUES ("105","2");
INSERT INTO user_tag (user_id, tag_id) VALUES ("105","36");
INSERT INTO user_tag (user_id, tag_id) VALUES ("105","22");
INSERT INTO user_tag (user_id, tag_id) VALUES ("105","15");
INSERT INTO user_tag (user_id, tag_id) VALUES ("105","44");
INSERT INTO user_tag (user_id, tag_id) VALUES ("105","1");


INSERT INTO likes (like_id, liked_id, like_date) VALUES ("105","100","2017-07-03 18:44:15");
INSERT INTO likes (like_id, liked_id, like_date) VALUES ("105","325","2017-09-06 16:09:45");
INSERT INTO likes (like_id, liked_id, like_date) VALUES ("105","102","2017-06-15 08:10:19");
INSERT INTO likes (like_id, liked_id, like_date) VALUES ("105","232","2017-11-18 16:26:42");
INSERT INTO likes (like_id, liked_id, like_date) VALUES ("105","469","2017-05-22 11:26:26");
INSERT INTO likes (like_id, liked_id, like_date) VALUES ("105","9","2017-04-28 11:14:24");
INSERT INTO likes (like_id, liked_id, like_date) VALUES ("105","148","2017-07-28 14:42:21");
INSERT INTO likes (like_id, liked_id, like_date) VALUES ("105","26","2017-12-07 23:05:19");
INSERT INTO likes (like_id, liked_id, like_date) VALUES ("105","182","2017-03-15 07:59:51");
INSERT INTO likes (like_id, liked_id, like_date) VALUES ("105","477","2017-10-06 23:50:45");
INSERT INTO likes (like_id, liked_id, like_date) VALUES ("105","460","2017-06-11 13:29:00");
INSERT INTO likes (like_id, liked_id, like_date) VALUES ("105","238","2017-04-12 07:47:25");
INSERT INTO likes (like_id, liked_id, like_date) VALUES ("105","206","2017-10-22 03:19:41");
INSERT INTO likes (like_id, liked_id, like_date) VALUES ("105","376","2017-07-09 03:12:16");
INSERT INTO likes (like_id, liked_id, like_date) VALUES ("105","418","2017-12-02 19:58:05");
INSERT INTO likes (like_id, liked_id, like_date) VALUES ("105","407","2017-12-09 09:25:37");
INSERT INTO likes (like_id, liked_id, like_date) VALUES ("105","454","2017-03-31 01:57:52");
INSERT INTO likes (like_id, liked_id, like_date) VALUES ("105","18","2017-05-12 06:33:32");
INSERT INTO likes (like_id, liked_id, like_date) VALUES ("105","117","2017-10-17 12:03:38");


INSERT INTO user (id, first_name, last_name, username, email, password, birthdate, gender, orientation, bio, country, state, city, zip, file_1, file_2, file_3, file_4, file_5, score, token, token_date, active, register, created_at, updated_at) VALUES ("106","Aaliyah","Wiza","ibrahim34","wschinner@torphy.com","$2y$10$Pyf7Ja9r87iwdJiePV6sBuodUK3MZtymqlTmFdm5WwEaZcyCflqgy","1985-02-02 20:15:19","1","3","Molestiae ab doloremque consequatur animi quo sunt. Et rerum ipsam blanditiis quo voluptas ut. Doloremque ut in autem vel dignissimos non.","Norfolk Island","","Port Devonteland","73614","../fixtures/male3.jpg","../fixtures/male9.jpg","../fixtures/male8.jpg","","","44","1e11fd97dba913f76fe1f4a687228a8e","2005-04-30 16:43:35","1","0","1998-10-25 04:15:07","2006-03-12 18:25:45");
INSERT INTO user_tag (user_id, tag_id) VALUES ("106","41");
INSERT INTO user_tag (user_id, tag_id) VALUES ("106","21");
INSERT INTO user_tag (user_id, tag_id) VALUES ("106","40");
INSERT INTO user_tag (user_id, tag_id) VALUES ("106","8");
INSERT INTO user_tag (user_id, tag_id) VALUES ("106","45");


INSERT INTO likes (like_id, liked_id, like_date) VALUES ("106","302","2017-09-18 13:05:29");
INSERT INTO likes (like_id, liked_id, like_date) VALUES ("106","248","2018-01-07 23:32:33");
INSERT INTO likes (like_id, liked_id, like_date) VALUES ("106","462","2017-09-25 05:41:26");
INSERT INTO likes (like_id, liked_id, like_date) VALUES ("106","194","2017-08-29 12:09:41");
INSERT INTO likes (like_id, liked_id, like_date) VALUES ("106","323","2017-07-07 16:18:50");
INSERT INTO likes (like_id, liked_id, like_date) VALUES ("106","203","2017-11-17 11:40:11");
INSERT INTO likes (like_id, liked_id, like_date) VALUES ("106","86","2017-03-23 22:55:26");
INSERT INTO likes (like_id, liked_id, like_date) VALUES ("106","234","2018-02-04 01:06:51");
INSERT INTO likes (like_id, liked_id, like_date) VALUES ("106","17","2017-11-27 15:31:16");
INSERT INTO likes (like_id, liked_id, like_date) VALUES ("106","331","2017-08-10 12:11:05");
INSERT INTO likes (like_id, liked_id, like_date) VALUES ("106","491","2017-04-30 06:11:41");
INSERT INTO likes (like_id, liked_id, like_date) VALUES ("106","378","2017-03-18 03:39:08");
INSERT INTO likes (like_id, liked_id, like_date) VALUES ("106","247","2017-06-07 00:45:21");
INSERT INTO likes (like_id, liked_id, like_date) VALUES ("106","410","2017-06-11 04:55:23");
INSERT INTO likes (like_id, liked_id, like_date) VALUES ("106","144","2017-10-03 19:19:47");


INSERT INTO user (id, first_name, last_name, username, email, password, birthdate, gender, orientation, bio, country, state, city, zip, file_1, file_2, file_3, file_4, file_5, score, token, token_date, active, register, created_at, updated_at) VALUES ("107","Magali","Casper","radams","jmayer@mcdermott.com","$2y$10$yqDTMeek34ZvCzCuYPPdkO95zaZPZOoLVivqI.rtb9H.BFDmV6tTm","1993-10-14 19:55:03","1","1","Accusamus eius maiores cum reprehenderit eligendi explicabo. Et doloribus dolorem repudiandae enim non et. Sed est soluta autem vel temporibus.","Grenada","","Port Amirville","99917","../fixtures/male1.jpg","","","","","69","0a4adac663b7129673dc54f8d35e3aec","1989-12-17 10:53:56","1","0","1999-12-24 23:19:14","2012-04-12 06:53:01");
INSERT INTO user_tag (user_id, tag_id) VALUES ("107","39");
INSERT INTO user_tag (user_id, tag_id) VALUES ("107","44");
INSERT INTO user_tag (user_id, tag_id) VALUES ("107","35");
INSERT INTO user_tag (user_id, tag_id) VALUES ("107","19");
INSERT INTO user_tag (user_id, tag_id) VALUES ("107","47");
INSERT INTO user_tag (user_id, tag_id) VALUES ("107","14");
INSERT INTO user_tag (user_id, tag_id) VALUES ("107","37");


INSERT INTO likes (like_id, liked_id, like_date) VALUES ("107","496","2018-01-15 02:06:04");
INSERT INTO likes (like_id, liked_id, like_date) VALUES ("107","440","2017-03-16 10:55:43");
INSERT INTO likes (like_id, liked_id, like_date) VALUES ("107","80","2017-06-26 20:25:22");
INSERT INTO likes (like_id, liked_id, like_date) VALUES ("107","67","2017-10-15 12:36:47");
INSERT INTO likes (like_id, liked_id, like_date) VALUES ("107","199","2017-09-16 15:04:03");
INSERT INTO likes (like_id, liked_id, like_date) VALUES ("107","280","2017-10-16 19:20:07");
INSERT INTO likes (like_id, liked_id, like_date) VALUES ("107","158","2017-04-10 04:44:38");
INSERT INTO likes (like_id, liked_id, like_date) VALUES ("107","157","2017-11-14 18:59:02");
INSERT INTO likes (like_id, liked_id, like_date) VALUES ("107","498","2017-04-17 22:28:20");
INSERT INTO likes (like_id, liked_id, like_date) VALUES ("107","202","2017-02-17 03:58:35");
INSERT INTO likes (like_id, liked_id, like_date) VALUES ("107","267","2017-10-31 17:47:42");
INSERT INTO likes (like_id, liked_id, like_date) VALUES ("107","401","2017-02-24 00:36:29");
INSERT INTO likes (like_id, liked_id, like_date) VALUES ("107","196","2017-09-04 08:27:37");
INSERT INTO likes (like_id, liked_id, like_date) VALUES ("107","416","2017-08-09 05:48:21");
INSERT INTO likes (like_id, liked_id, like_date) VALUES ("107","31","2017-07-06 08:43:12");
INSERT INTO likes (like_id, liked_id, like_date) VALUES ("107","175","2017-08-21 02:32:25");
INSERT INTO likes (like_id, liked_id, like_date) VALUES ("107","227","2017-09-01 20:07:43");
INSERT INTO likes (like_id, liked_id, like_date) VALUES ("107","484","2017-12-22 13:19:34");
INSERT INTO likes (like_id, liked_id, like_date) VALUES ("107","302","2017-09-13 06:57:38");


INSERT INTO user (id, first_name, last_name, username, email, password, birthdate, gender, orientation, bio, country, state, city, zip, file_1, file_2, file_3, file_4, file_5, score, token, token_date, active, register, created_at, updated_at) VALUES ("108","Orville","Krajcik","roxanebednar","hegmann.meagan@yahoo.com","$2y$10$gSYuK6KnnoOnGq4rq6irwOtBGdylsg5gWPzCdcXDj5lUgH4yyIRVS","1996-11-18 08:45:40","2","1","Provident in sunt nobis placeat sint. Sit harum doloremque est veritatis nam aut adipisci voluptas. Vel est quae quae accusantium omnis. Exercitationem qui sequi aspernatur dignissimos molestiae qui suscipit.","Bahrain","","Makenzietown","83788","../fixtures/female7.jpg","","","","","81","bd0b8f66b636400736d3d3b477d12a15","2008-05-08 19:20:30","1","1","1982-09-11 09:44:50","1988-03-02 19:06:44");
INSERT INTO user_tag (user_id, tag_id) VALUES ("108","46");
INSERT INTO user_tag (user_id, tag_id) VALUES ("108","24");
INSERT INTO user_tag (user_id, tag_id) VALUES ("108","39");


INSERT INTO likes (like_id, liked_id, like_date) VALUES ("108","493","2017-04-01 18:20:05");
INSERT INTO likes (like_id, liked_id, like_date) VALUES ("108","308","2017-09-18 10:13:42");
INSERT INTO likes (like_id, liked_id, like_date) VALUES ("108","480","2017-08-06 20:43:52");


INSERT INTO user (id, first_name, last_name, username, email, password, birthdate, gender, orientation, bio, country, state, city, zip, file_1, file_2, file_3, file_4, file_5, score, token, token_date, active, register, created_at, updated_at) VALUES ("109","Jesus","Kuhic","dietrichjackie","gust43@gmail.com","$2y$10$/AFfrkwOFe.46Umnzfu/Ye.6xPyTPFqz7vMaapHszB5cYWa4HPqDW","1977-10-21 20:22:05","2","1","Incidunt qui corporis fuga id sint vel. Quisquam alias officiis nulla laborum amet fuga ut. Error qui minus non. Cumque quis non quos qui et quia.","Ireland","","Mattieside","23721","../fixtures/female9.jpg","../fixtures/female2.jpg","../fixtures/female6.jpg","../fixtures/female5.jpg","","33","46df150ddacecd51103b3c539432bec7","1979-09-26 11:26:54","0","0","1976-07-21 05:11:27","1975-10-23 02:23:35");
INSERT INTO user_tag (user_id, tag_id) VALUES ("109","26");
INSERT INTO user_tag (user_id, tag_id) VALUES ("109","36");


INSERT INTO likes (like_id, liked_id, like_date) VALUES ("109","96","2017-09-13 05:29:05");
INSERT INTO likes (like_id, liked_id, like_date) VALUES ("109","396","2017-05-28 11:14:04");
INSERT INTO likes (like_id, liked_id, like_date) VALUES ("109","382","2018-02-11 02:58:19");
INSERT INTO likes (like_id, liked_id, like_date) VALUES ("109","288","2017-05-23 13:49:06");


INSERT INTO user (id, first_name, last_name, username, email, password, birthdate, gender, orientation, bio, country, state, city, zip, file_1, file_2, file_3, file_4, file_5, score, token, token_date, active, register, created_at, updated_at) VALUES ("110","Annabel","Feeney","mschmitt","ureichert@deckow.com","$2y$10$iaKedDqmk.7Msr8aS.HJTOiPm82DYxRbHwFhlumx0aHDrXOp84BbS","1950-11-15 00:10:08","1","1","Quas quaerat eligendi molestias ab est. Ratione reiciendis voluptas quisquam excepturi tempora. At modi assumenda commodi nobis quia rerum. Ipsam est id a autem suscipit. Consequatur ut maxime ut eveniet quis.","Ireland","","West Cristian","11183-8002","../fixtures/male8.jpg","","","","","38","fd33e022171066b7167cbfebb10c82a1","2002-06-21 05:28:57","1","1","1981-08-11 17:43:08","1979-04-13 00:05:36");
INSERT INTO user_tag (user_id, tag_id) VALUES ("110","3");
INSERT INTO user_tag (user_id, tag_id) VALUES ("110","47");
INSERT INTO user_tag (user_id, tag_id) VALUES ("110","11");
INSERT INTO user_tag (user_id, tag_id) VALUES ("110","7");
INSERT INTO user_tag (user_id, tag_id) VALUES ("110","5");
INSERT INTO user_tag (user_id, tag_id) VALUES ("110","41");
INSERT INTO user_tag (user_id, tag_id) VALUES ("110","19");
INSERT INTO user_tag (user_id, tag_id) VALUES ("110","34");
INSERT INTO user_tag (user_id, tag_id) VALUES ("110","13");
INSERT INTO user_tag (user_id, tag_id) VALUES ("110","11");
INSERT INTO user_tag (user_id, tag_id) VALUES ("110","20");
INSERT INTO user_tag (user_id, tag_id) VALUES ("110","20");
INSERT INTO user_tag (user_id, tag_id) VALUES ("110","4");
INSERT INTO user_tag (user_id, tag_id) VALUES ("110","5");


INSERT INTO likes (like_id, liked_id, like_date) VALUES ("110","340","2017-12-30 02:16:58");
INSERT INTO likes (like_id, liked_id, like_date) VALUES ("110","70","2017-11-13 19:05:28");
INSERT INTO likes (like_id, liked_id, like_date) VALUES ("110","250","2018-01-27 15:11:18");


INSERT INTO user (id, first_name, last_name, username, email, password, birthdate, gender, orientation, bio, country, state, city, zip, file_1, file_2, file_3, file_4, file_5, score, token, token_date, active, register, created_at, updated_at) VALUES ("111","Maxine","Crist","travisspinka","reggie90@vandervort.net","$2y$10$zgoDByk6niZoUHJVULfz5.0Qr001P3tD8TwQjf.VlooMPTjxAPHza","1958-06-05 08:42:18","1","1","Voluptates architecto dolorum dolores velit quia esse mollitia. Ex temporibus dolores maiores cupiditate et. Error magni est id qui assumenda repellat.","Macedonia","","South Aryanna","80160","../fixtures/male2.jpg","../fixtures/male5.jpg","../fixtures/male9.jpg","","","39","84ad9513abc24cf2640d1a919494ba7d","1982-03-23 19:18:13","1","0","1970-02-04 18:17:50","2010-12-10 03:44:31");
INSERT INTO user_tag (user_id, tag_id) VALUES ("111","23");
INSERT INTO user_tag (user_id, tag_id) VALUES ("111","38");
INSERT INTO user_tag (user_id, tag_id) VALUES ("111","25");
INSERT INTO user_tag (user_id, tag_id) VALUES ("111","7");
INSERT INTO user_tag (user_id, tag_id) VALUES ("111","44");
INSERT INTO user_tag (user_id, tag_id) VALUES ("111","23");
INSERT INTO user_tag (user_id, tag_id) VALUES ("111","21");
INSERT INTO user_tag (user_id, tag_id) VALUES ("111","35");
INSERT INTO user_tag (user_id, tag_id) VALUES ("111","33");
INSERT INTO user_tag (user_id, tag_id) VALUES ("111","33");
INSERT INTO user_tag (user_id, tag_id) VALUES ("111","17");
INSERT INTO user_tag (user_id, tag_id) VALUES ("111","40");
INSERT INTO user_tag (user_id, tag_id) VALUES ("111","4");
INSERT INTO user_tag (user_id, tag_id) VALUES ("111","36");
INSERT INTO user_tag (user_id, tag_id) VALUES ("111","27");


INSERT INTO likes (like_id, liked_id, like_date) VALUES ("111","379","2017-08-31 08:22:06");
INSERT INTO likes (like_id, liked_id, like_date) VALUES ("111","289","2018-01-04 05:04:51");
INSERT INTO likes (like_id, liked_id, like_date) VALUES ("111","358","2017-02-17 20:18:29");
INSERT INTO likes (like_id, liked_id, like_date) VALUES ("111","134","2017-09-21 03:52:15");
INSERT INTO likes (like_id, liked_id, like_date) VALUES ("111","468","2017-08-26 11:22:48");
INSERT INTO likes (like_id, liked_id, like_date) VALUES ("111","89","2017-11-09 07:31:05");
INSERT INTO likes (like_id, liked_id, like_date) VALUES ("111","45","2017-06-27 00:21:06");
INSERT INTO likes (like_id, liked_id, like_date) VALUES ("111","139","2017-05-13 02:45:03");
INSERT INTO likes (like_id, liked_id, like_date) VALUES ("111","395","2017-03-10 11:39:37");
INSERT INTO likes (like_id, liked_id, like_date) VALUES ("111","140","2017-08-28 13:37:09");
INSERT INTO likes (like_id, liked_id, like_date) VALUES ("111","150","2017-05-27 14:02:17");
INSERT INTO likes (like_id, liked_id, like_date) VALUES ("111","320","2017-04-08 23:21:36");
INSERT INTO likes (like_id, liked_id, like_date) VALUES ("111","209","2017-03-11 06:18:27");
INSERT INTO likes (like_id, liked_id, like_date) VALUES ("111","100","2017-05-19 14:07:25");
INSERT INTO likes (like_id, liked_id, like_date) VALUES ("111","75","2017-03-19 22:44:57");
INSERT INTO likes (like_id, liked_id, like_date) VALUES ("111","252","2017-11-15 17:08:55");
INSERT INTO likes (like_id, liked_id, like_date) VALUES ("111","192","2017-05-25 22:57:20");


INSERT INTO user (id, first_name, last_name, username, email, password, birthdate, gender, orientation, bio, country, state, city, zip, file_1, file_2, file_3, file_4, file_5, score, token, token_date, active, register, created_at, updated_at) VALUES ("112","Tamara","Turner","ohansen","natalie.von@yahoo.com","$2y$10$C.DZ4s4kb774pl9ullWKlOYCWPNUtoxO./CVhGF0TxA4jU3QmHq6u","1966-12-05 05:51:52","2","1","Aperiam cumque libero quis dignissimos aliquid blanditiis qui consequuntur. Nihil assumenda consequuntur minus illum praesentium. Amet maiores dolorum et porro quia architecto.","Qatar","","New Lavernachester","34983","../fixtures/female10.jpg","../fixtures/female2.jpg","../fixtures/female3.jpg","../fixtures/female2.jpg","","50","c05da996f4b601dbe531406d86665e8c","1981-06-06 18:22:13","0","0","2004-08-12 17:51:45","1977-08-17 04:54:05");
INSERT INTO user_tag (user_id, tag_id) VALUES ("112","29");
INSERT INTO user_tag (user_id, tag_id) VALUES ("112","20");
INSERT INTO user_tag (user_id, tag_id) VALUES ("112","8");
INSERT INTO user_tag (user_id, tag_id) VALUES ("112","15");
INSERT INTO user_tag (user_id, tag_id) VALUES ("112","42");
INSERT INTO user_tag (user_id, tag_id) VALUES ("112","34");
INSERT INTO user_tag (user_id, tag_id) VALUES ("112","8");
INSERT INTO user_tag (user_id, tag_id) VALUES ("112","37");
INSERT INTO user_tag (user_id, tag_id) VALUES ("112","50");
INSERT INTO user_tag (user_id, tag_id) VALUES ("112","32");
INSERT INTO user_tag (user_id, tag_id) VALUES ("112","32");
INSERT INTO user_tag (user_id, tag_id) VALUES ("112","28");


INSERT INTO likes (like_id, liked_id, like_date) VALUES ("112","331","2017-12-08 01:20:22");
INSERT INTO likes (like_id, liked_id, like_date) VALUES ("112","387","2017-05-19 11:51:26");
INSERT INTO likes (like_id, liked_id, like_date) VALUES ("112","414","2017-12-29 05:38:50");
INSERT INTO likes (like_id, liked_id, like_date) VALUES ("112","491","2017-10-16 13:17:26");
INSERT INTO likes (like_id, liked_id, like_date) VALUES ("112","290","2017-11-16 23:29:48");
INSERT INTO likes (like_id, liked_id, like_date) VALUES ("112","215","2017-07-21 06:23:58");
INSERT INTO likes (like_id, liked_id, like_date) VALUES ("112","103","2017-12-02 16:56:33");
INSERT INTO likes (like_id, liked_id, like_date) VALUES ("112","150","2017-03-27 00:36:27");
INSERT INTO likes (like_id, liked_id, like_date) VALUES ("112","238","2018-02-06 01:44:30");
INSERT INTO likes (like_id, liked_id, like_date) VALUES ("112","438","2017-11-29 16:17:57");
INSERT INTO likes (like_id, liked_id, like_date) VALUES ("112","67","2017-12-05 00:03:40");
INSERT INTO likes (like_id, liked_id, like_date) VALUES ("112","98","2017-08-13 17:10:25");
INSERT INTO likes (like_id, liked_id, like_date) VALUES ("112","6","2017-07-18 11:36:44");
INSERT INTO likes (like_id, liked_id, like_date) VALUES ("112","311","2017-07-20 23:47:38");
INSERT INTO likes (like_id, liked_id, like_date) VALUES ("112","293","2017-05-08 01:01:28");
INSERT INTO likes (like_id, liked_id, like_date) VALUES ("112","251","2017-03-29 20:15:53");
INSERT INTO likes (like_id, liked_id, like_date) VALUES ("112","249","2017-11-23 21:29:33");
INSERT INTO likes (like_id, liked_id, like_date) VALUES ("112","260","2017-12-04 07:27:14");


INSERT INTO user (id, first_name, last_name, username, email, password, birthdate, gender, orientation, bio, country, state, city, zip, file_1, file_2, file_3, file_4, file_5, score, token, token_date, active, register, created_at, updated_at) VALUES ("113","Shakira","King","rahsaan91","lakin.candace@gmail.com","$2y$10$CPRqR6YaT/MQ9iixrah0lujBLlPXaCcvLO/8v5qK/MNcYIbRNcdza","1952-12-27 18:00:09","1","1","Qui repellat eligendi qui quia. Nobis reprehenderit nam quod quibusdam nisi. Et rem exercitationem repellat aut a ipsum.","Madagascar","","Lake Warren","28502-0363","../fixtures/male9.jpg","../fixtures/male3.jpg","../fixtures/male7.jpg","","","62","e256cf5f7fa1ae0a89c673a8748652e3","1974-04-01 14:09:17","1","1","1986-06-07 12:06:13","2010-11-17 11:59:20");
INSERT INTO user_tag (user_id, tag_id) VALUES ("113","29");
INSERT INTO user_tag (user_id, tag_id) VALUES ("113","4");
INSERT INTO user_tag (user_id, tag_id) VALUES ("113","38");


INSERT INTO likes (like_id, liked_id, like_date) VALUES ("113","166","2017-12-28 13:21:38");
INSERT INTO likes (like_id, liked_id, like_date) VALUES ("113","218","2017-06-10 16:22:48");
INSERT INTO likes (like_id, liked_id, like_date) VALUES ("113","396","2017-06-30 04:44:03");
INSERT INTO likes (like_id, liked_id, like_date) VALUES ("113","227","2018-01-31 11:08:57");
INSERT INTO likes (like_id, liked_id, like_date) VALUES ("113","204","2017-05-10 08:50:08");
INSERT INTO likes (like_id, liked_id, like_date) VALUES ("113","24","2017-10-18 19:49:18");
INSERT INTO likes (like_id, liked_id, like_date) VALUES ("113","74","2017-10-26 07:46:11");
INSERT INTO likes (like_id, liked_id, like_date) VALUES ("113","441","2017-03-06 18:27:30");
INSERT INTO likes (like_id, liked_id, like_date) VALUES ("113","116","2017-07-12 11:52:19");
INSERT INTO likes (like_id, liked_id, like_date) VALUES ("113","461","2017-05-22 07:24:50");
INSERT INTO likes (like_id, liked_id, like_date) VALUES ("113","72","2017-06-03 11:13:51");
INSERT INTO likes (like_id, liked_id, like_date) VALUES ("113","80","2017-12-17 18:39:24");
INSERT INTO likes (like_id, liked_id, like_date) VALUES ("113","457","2017-04-12 07:11:38");
INSERT INTO likes (like_id, liked_id, like_date) VALUES ("113","467","2017-04-13 23:45:24");
INSERT INTO likes (like_id, liked_id, like_date) VALUES ("113","443","2017-03-09 03:04:58");
INSERT INTO likes (like_id, liked_id, like_date) VALUES ("113","389","2017-12-15 05:46:33");
INSERT INTO likes (like_id, liked_id, like_date) VALUES ("113","96","2017-09-26 03:26:01");
INSERT INTO likes (like_id, liked_id, like_date) VALUES ("113","243","2017-03-31 16:05:57");
INSERT INTO likes (like_id, liked_id, like_date) VALUES ("113","95","2017-11-20 21:21:30");


INSERT INTO user (id, first_name, last_name, username, email, password, birthdate, gender, orientation, bio, country, state, city, zip, file_1, file_2, file_3, file_4, file_5, score, token, token_date, active, register, created_at, updated_at) VALUES ("114","Magnolia","Donnelly","kmarks","emcdermott@gerhold.com","$2y$10$bficTSpCOzGTxpMeZl/7Tu3cKG.YOePiofbsE3/6Q2CF..p6sF1pe","1982-05-28 08:24:48","2","3","Est nam facere quam et impedit aliquam. Tempore deserunt eveniet cum. Est possimus quis molestias autem. Voluptatem ducimus minus dolores debitis aut natus.","Falkland Islands (Malvinas)","","East Vernice","87432-1924","../fixtures/female5.jpg","../fixtures/female4.jpg","../fixtures/female6.jpg","","","100","5ed2b2fb8c8c521ce4e8364545305d57","1979-03-21 09:56:07","0","0","1996-09-11 09:32:10","1971-10-09 02:57:50");
INSERT INTO user_tag (user_id, tag_id) VALUES ("114","36");
INSERT INTO user_tag (user_id, tag_id) VALUES ("114","45");
INSERT INTO user_tag (user_id, tag_id) VALUES ("114","27");
INSERT INTO user_tag (user_id, tag_id) VALUES ("114","45");


INSERT INTO likes (like_id, liked_id, like_date) VALUES ("114","475","2018-02-13 04:06:47");
INSERT INTO likes (like_id, liked_id, like_date) VALUES ("114","121","2017-11-08 11:21:42");
INSERT INTO likes (like_id, liked_id, like_date) VALUES ("114","453","2017-03-09 05:22:00");
INSERT INTO likes (like_id, liked_id, like_date) VALUES ("114","136","2017-11-24 10:51:40");
INSERT INTO likes (like_id, liked_id, like_date) VALUES ("114","466","2017-06-01 01:58:20");
INSERT INTO likes (like_id, liked_id, like_date) VALUES ("114","481","2017-03-16 20:30:56");
INSERT INTO likes (like_id, liked_id, like_date) VALUES ("114","190","2017-05-15 10:12:27");
INSERT INTO likes (like_id, liked_id, like_date) VALUES ("114","315","2017-04-28 06:26:36");
INSERT INTO likes (like_id, liked_id, like_date) VALUES ("114","134","2017-05-08 02:59:48");
INSERT INTO likes (like_id, liked_id, like_date) VALUES ("114","422","2017-12-29 12:39:53");
INSERT INTO likes (like_id, liked_id, like_date) VALUES ("114","404","2017-10-15 19:37:34");
INSERT INTO likes (like_id, liked_id, like_date) VALUES ("114","274","2017-09-03 17:09:44");
INSERT INTO likes (like_id, liked_id, like_date) VALUES ("114","134","2018-02-12 19:47:31");


INSERT INTO user (id, first_name, last_name, username, email, password, birthdate, gender, orientation, bio, country, state, city, zip, file_1, file_2, file_3, file_4, file_5, score, token, token_date, active, register, created_at, updated_at) VALUES ("115","Rudy","Kiehn","srogahn","josianne.little@gmail.com","$2y$10$KT.ZFhVr3pllYcNjWCfQoOVYXOlsMhHgRMtvpdtl0GSzrRxjMo6cS","1983-04-04 19:05:42","2","3","Quidem alias illum architecto maiores. Ut magni debitis molestiae aperiam et. Eligendi aut velit quas aut voluptatem praesentium.","Saint Martin","","Lake Eldridgefurt","34235","../fixtures/female1.jpg","","","","","57","b7dd36860826d4f9ea4d3c80b5a852d8","1975-12-20 21:56:57","1","1","1991-11-09 16:37:16","1990-01-29 04:15:47");
INSERT INTO user_tag (user_id, tag_id) VALUES ("115","44");
INSERT INTO user_tag (user_id, tag_id) VALUES ("115","7");


INSERT INTO likes (like_id, liked_id, like_date) VALUES ("115","411","2018-02-09 02:13:40");
INSERT INTO likes (like_id, liked_id, like_date) VALUES ("115","2","2017-09-13 10:55:43");
INSERT INTO likes (like_id, liked_id, like_date) VALUES ("115","11","2017-06-23 15:54:27");
INSERT INTO likes (like_id, liked_id, like_date) VALUES ("115","140","2017-04-08 19:39:45");
INSERT INTO likes (like_id, liked_id, like_date) VALUES ("115","102","2017-10-18 23:14:08");
INSERT INTO likes (like_id, liked_id, like_date) VALUES ("115","33","2017-03-10 23:39:08");
INSERT INTO likes (like_id, liked_id, like_date) VALUES ("115","290","2017-06-15 07:21:44");
INSERT INTO likes (like_id, liked_id, like_date) VALUES ("115","499","2017-07-20 06:49:30");
INSERT INTO likes (like_id, liked_id, like_date) VALUES ("115","197","2018-01-17 19:18:14");
INSERT INTO likes (like_id, liked_id, like_date) VALUES ("115","247","2017-11-11 15:50:48");
INSERT INTO likes (like_id, liked_id, like_date) VALUES ("115","73","2017-07-10 06:39:03");
INSERT INTO likes (like_id, liked_id, like_date) VALUES ("115","346","2017-08-29 22:44:48");
INSERT INTO likes (like_id, liked_id, like_date) VALUES ("115","138","2017-09-11 00:20:48");
INSERT INTO likes (like_id, liked_id, like_date) VALUES ("115","263","2017-12-29 02:32:49");
INSERT INTO likes (like_id, liked_id, like_date) VALUES ("115","179","2017-10-11 19:11:07");
INSERT INTO likes (like_id, liked_id, like_date) VALUES ("115","456","2017-05-11 16:46:46");
INSERT INTO likes (like_id, liked_id, like_date) VALUES ("115","414","2017-02-15 12:51:24");
INSERT INTO likes (like_id, liked_id, like_date) VALUES ("115","6","2017-12-04 07:40:38");
INSERT INTO likes (like_id, liked_id, like_date) VALUES ("115","118","2017-10-01 23:57:14");
INSERT INTO likes (like_id, liked_id, like_date) VALUES ("115","72","2017-04-12 11:12:05");


INSERT INTO user (id, first_name, last_name, username, email, password, birthdate, gender, orientation, bio, country, state, city, zip, file_1, file_2, file_3, file_4, file_5, score, token, token_date, active, register, created_at, updated_at) VALUES ("116","Chasity","Rohan","xmonahan","vergie.oconnell@yahoo.com","$2y$10$702OqyUMgyBbSOLNG2gUM..iySkEf8E.6V7HNes6h/29/X9I3ne6y","1950-03-18 22:30:14","1","1","Quia natus aut et corrupti eligendi voluptatibus quaerat enim. Necessitatibus qui et dolorem laudantium aperiam. Qui reprehenderit dolor reiciendis deserunt necessitatibus sit repellat.","Honduras","","Lake Irvingside","91197-0585","../fixtures/male3.jpg","../fixtures/male3.jpg","../fixtures/male8.jpg","","","4","7dddf450c4e7a1dfa3886ea5a76b73bd","2015-12-02 17:46:37","1","1","1978-03-24 10:31:17","1996-03-05 10:40:46");
INSERT INTO user_tag (user_id, tag_id) VALUES ("116","29");
INSERT INTO user_tag (user_id, tag_id) VALUES ("116","14");
INSERT INTO user_tag (user_id, tag_id) VALUES ("116","13");
INSERT INTO user_tag (user_id, tag_id) VALUES ("116","4");
INSERT INTO user_tag (user_id, tag_id) VALUES ("116","43");
INSERT INTO user_tag (user_id, tag_id) VALUES ("116","45");
INSERT INTO user_tag (user_id, tag_id) VALUES ("116","44");


INSERT INTO likes (like_id, liked_id, like_date) VALUES ("116","432","2017-09-10 11:57:37");
INSERT INTO likes (like_id, liked_id, like_date) VALUES ("116","31","2017-06-16 05:51:51");
INSERT INTO likes (like_id, liked_id, like_date) VALUES ("116","351","2017-09-14 00:32:28");
INSERT INTO likes (like_id, liked_id, like_date) VALUES ("116","209","2017-12-08 08:17:56");
INSERT INTO likes (like_id, liked_id, like_date) VALUES ("116","211","2017-03-21 08:46:30");
INSERT INTO likes (like_id, liked_id, like_date) VALUES ("116","40","2017-11-03 05:32:54");
INSERT INTO likes (like_id, liked_id, like_date) VALUES ("116","39","2017-06-18 14:58:23");
INSERT INTO likes (like_id, liked_id, like_date) VALUES ("116","494","2017-03-26 10:08:36");
INSERT INTO likes (like_id, liked_id, like_date) VALUES ("116","225","2017-06-20 05:47:55");
INSERT INTO likes (like_id, liked_id, like_date) VALUES ("116","390","2017-06-24 23:01:27");
INSERT INTO likes (like_id, liked_id, like_date) VALUES ("116","476","2018-01-05 09:17:10");
INSERT INTO likes (like_id, liked_id, like_date) VALUES ("116","229","2017-06-20 23:52:23");
INSERT INTO likes (like_id, liked_id, like_date) VALUES ("116","298","2017-05-05 03:49:47");
INSERT INTO likes (like_id, liked_id, like_date) VALUES ("116","43","2017-03-10 00:19:37");
INSERT INTO likes (like_id, liked_id, like_date) VALUES ("116","312","2017-05-27 10:01:55");
INSERT INTO likes (like_id, liked_id, like_date) VALUES ("116","157","2017-03-13 16:36:08");
INSERT INTO likes (like_id, liked_id, like_date) VALUES ("116","411","2017-04-26 12:40:05");
INSERT INTO likes (like_id, liked_id, like_date) VALUES ("116","495","2018-01-17 08:06:18");


INSERT INTO user (id, first_name, last_name, username, email, password, birthdate, gender, orientation, bio, country, state, city, zip, file_1, file_2, file_3, file_4, file_5, score, token, token_date, active, register, created_at, updated_at) VALUES ("117","Erik","Conroy","ihills","kylee36@yahoo.com","$2y$10$AGRFG8vTBG9RGnGnqCm1EOKRoDoA/ignkf4wqWOPuq8pbUJtrA93S","1979-12-06 16:52:36","2","3","Distinctio blanditiis ab labore perferendis quasi distinctio. Nulla possimus id enim ea amet eum. Alias quam totam ducimus nesciunt autem occaecati quia.","Heard Island and McDonald Islands","","East Rachellehaven","56494-3875","../fixtures/female7.jpg","../fixtures/female2.jpg","","","","41","75d29327f9960464e35a720e30834bfb","1992-09-13 03:05:12","1","0","1976-07-29 13:38:46","1986-03-29 01:47:20");
INSERT INTO user_tag (user_id, tag_id) VALUES ("117","35");
INSERT INTO user_tag (user_id, tag_id) VALUES ("117","25");
INSERT INTO user_tag (user_id, tag_id) VALUES ("117","9");
INSERT INTO user_tag (user_id, tag_id) VALUES ("117","31");
INSERT INTO user_tag (user_id, tag_id) VALUES ("117","45");
INSERT INTO user_tag (user_id, tag_id) VALUES ("117","20");
INSERT INTO user_tag (user_id, tag_id) VALUES ("117","13");
INSERT INTO user_tag (user_id, tag_id) VALUES ("117","25");
INSERT INTO user_tag (user_id, tag_id) VALUES ("117","45");
INSERT INTO user_tag (user_id, tag_id) VALUES ("117","45");
INSERT INTO user_tag (user_id, tag_id) VALUES ("117","15");
INSERT INTO user_tag (user_id, tag_id) VALUES ("117","37");
INSERT INTO user_tag (user_id, tag_id) VALUES ("117","22");
INSERT INTO user_tag (user_id, tag_id) VALUES ("117","46");
INSERT INTO user_tag (user_id, tag_id) VALUES ("117","4");


INSERT INTO likes (like_id, liked_id, like_date) VALUES ("117","129","2017-05-06 14:11:21");


INSERT INTO user (id, first_name, last_name, username, email, password, birthdate, gender, orientation, bio, country, state, city, zip, file_1, file_2, file_3, file_4, file_5, score, token, token_date, active, register, created_at, updated_at) VALUES ("118","Leone","Reynolds","velma10","smith.domenick@gmail.com","$2y$10$lXtS8RoditrUR3tOBrrlm.FfG41qMf2aQOSDyc7AWDJ83zoGLdxMy","1959-06-10 06:22:05","2","1","Numquam aperiam saepe dignissimos deleniti vel. Error fugit enim laborum aut et. Omnis culpa ea nihil nesciunt omnis accusantium.","Azerbaijan","","West Mohammedfort","92730","../fixtures/female2.jpg","","","","","52","f08918534c55016b175bfe6af82e028d","2006-10-02 14:11:01","0","0","2005-10-09 23:50:28","1980-04-30 15:40:54");
INSERT INTO user_tag (user_id, tag_id) VALUES ("118","19");
INSERT INTO user_tag (user_id, tag_id) VALUES ("118","6");
INSERT INTO user_tag (user_id, tag_id) VALUES ("118","12");
INSERT INTO user_tag (user_id, tag_id) VALUES ("118","50");
INSERT INTO user_tag (user_id, tag_id) VALUES ("118","13");
INSERT INTO user_tag (user_id, tag_id) VALUES ("118","45");
INSERT INTO user_tag (user_id, tag_id) VALUES ("118","37");
INSERT INTO user_tag (user_id, tag_id) VALUES ("118","26");
INSERT INTO user_tag (user_id, tag_id) VALUES ("118","10");
INSERT INTO user_tag (user_id, tag_id) VALUES ("118","16");
INSERT INTO user_tag (user_id, tag_id) VALUES ("118","17");
INSERT INTO user_tag (user_id, tag_id) VALUES ("118","37");
INSERT INTO user_tag (user_id, tag_id) VALUES ("118","42");


INSERT INTO likes (like_id, liked_id, like_date) VALUES ("118","213","2017-11-22 12:39:55");
INSERT INTO likes (like_id, liked_id, like_date) VALUES ("118","369","2017-04-18 23:53:55");
INSERT INTO likes (like_id, liked_id, like_date) VALUES ("118","162","2017-10-06 00:19:45");
INSERT INTO likes (like_id, liked_id, like_date) VALUES ("118","231","2017-02-14 16:19:59");
INSERT INTO likes (like_id, liked_id, like_date) VALUES ("118","275","2017-07-31 17:28:40");
INSERT INTO likes (like_id, liked_id, like_date) VALUES ("118","312","2017-11-01 19:14:15");
INSERT INTO likes (like_id, liked_id, like_date) VALUES ("118","452","2017-08-18 09:20:16");
INSERT INTO likes (like_id, liked_id, like_date) VALUES ("118","119","2017-06-08 09:39:08");
INSERT INTO likes (like_id, liked_id, like_date) VALUES ("118","293","2017-04-22 22:34:02");
INSERT INTO likes (like_id, liked_id, like_date) VALUES ("118","400","2017-02-25 20:18:46");


INSERT INTO user (id, first_name, last_name, username, email, password, birthdate, gender, orientation, bio, country, state, city, zip, file_1, file_2, file_3, file_4, file_5, score, token, token_date, active, register, created_at, updated_at) VALUES ("119","Angelina","Barrows","wymanignacio","schuppe.tyra@beier.biz","$2y$10$MlgqXq5vj.fTfC8NTHnGG.k.P8bCf20Yq8ZmhwAfb.7Z/6jdbEzhS","1948-12-09 21:47:21","2","2","Molestias numquam tenetur animi. Voluptatum autem culpa corrupti voluptatem excepturi cum. Natus quidem sed qui.","Hungary","","Judsonside","84576-3172","../fixtures/female5.jpg","","","","","77","8c92e3e384ed67af4c61a99c5dcc6968","2012-06-13 19:43:31","1","0","1998-03-06 17:17:13","1987-03-13 21:29:37");
INSERT INTO user_tag (user_id, tag_id) VALUES ("119","3");
INSERT INTO user_tag (user_id, tag_id) VALUES ("119","15");
INSERT INTO user_tag (user_id, tag_id) VALUES ("119","43");
INSERT INTO user_tag (user_id, tag_id) VALUES ("119","32");
INSERT INTO user_tag (user_id, tag_id) VALUES ("119","19");
INSERT INTO user_tag (user_id, tag_id) VALUES ("119","9");
INSERT INTO user_tag (user_id, tag_id) VALUES ("119","5");
INSERT INTO user_tag (user_id, tag_id) VALUES ("119","10");
INSERT INTO user_tag (user_id, tag_id) VALUES ("119","32");
INSERT INTO user_tag (user_id, tag_id) VALUES ("119","26");
INSERT INTO user_tag (user_id, tag_id) VALUES ("119","13");
INSERT INTO user_tag (user_id, tag_id) VALUES ("119","29");


INSERT INTO likes (like_id, liked_id, like_date) VALUES ("119","469","2018-01-14 12:24:00");
INSERT INTO likes (like_id, liked_id, like_date) VALUES ("119","295","2017-12-03 10:06:16");
INSERT INTO likes (like_id, liked_id, like_date) VALUES ("119","40","2017-10-30 22:52:22");
INSERT INTO likes (like_id, liked_id, like_date) VALUES ("119","318","2017-04-09 20:47:24");
INSERT INTO likes (like_id, liked_id, like_date) VALUES ("119","164","2017-03-20 09:43:18");
INSERT INTO likes (like_id, liked_id, like_date) VALUES ("119","272","2017-03-10 10:11:30");
INSERT INTO likes (like_id, liked_id, like_date) VALUES ("119","136","2017-12-08 14:53:48");
INSERT INTO likes (like_id, liked_id, like_date) VALUES ("119","50","2017-12-11 21:13:12");
INSERT INTO likes (like_id, liked_id, like_date) VALUES ("119","417","2017-07-26 23:42:19");
INSERT INTO likes (like_id, liked_id, like_date) VALUES ("119","306","2017-12-27 07:59:57");
INSERT INTO likes (like_id, liked_id, like_date) VALUES ("119","415","2017-08-28 06:40:25");
INSERT INTO likes (like_id, liked_id, like_date) VALUES ("119","323","2017-07-25 06:59:18");
INSERT INTO likes (like_id, liked_id, like_date) VALUES ("119","12","2017-03-14 05:31:09");
INSERT INTO likes (like_id, liked_id, like_date) VALUES ("119","106","2017-04-27 10:15:05");
INSERT INTO likes (like_id, liked_id, like_date) VALUES ("119","269","2017-11-21 12:32:55");
INSERT INTO likes (like_id, liked_id, like_date) VALUES ("119","329","2017-11-12 22:37:47");
INSERT INTO likes (like_id, liked_id, like_date) VALUES ("119","120","2018-02-08 17:51:45");
INSERT INTO likes (like_id, liked_id, like_date) VALUES ("119","24","2018-02-01 02:28:31");


INSERT INTO user (id, first_name, last_name, username, email, password, birthdate, gender, orientation, bio, country, state, city, zip, file_1, file_2, file_3, file_4, file_5, score, token, token_date, active, register, created_at, updated_at) VALUES ("120","Abagail","Jakubowski","zoconnell","jade.wiza@huels.com","$2y$10$q1Wv7EwuDUhALckrt/l.Qe3KH5AVPD4rwK0foEHo0I7K1PlDmgWKW","1971-09-25 02:11:39","1","1","Ipsum odio illo reiciendis. Est incidunt culpa assumenda omnis quidem. Occaecati voluptatibus itaque itaque voluptas.","Brazil","","Lake Xanderchester","51206","../fixtures/male1.jpg","../fixtures/male8.jpg","../fixtures/male2.jpg","","","37","3026d88c022705a881b80a3e5c5e79f5","1978-11-06 20:26:04","0","0","1973-12-11 06:52:41","2006-05-27 18:21:35");
INSERT INTO user_tag (user_id, tag_id) VALUES ("120","42");
INSERT INTO user_tag (user_id, tag_id) VALUES ("120","35");
INSERT INTO user_tag (user_id, tag_id) VALUES ("120","29");
INSERT INTO user_tag (user_id, tag_id) VALUES ("120","47");
INSERT INTO user_tag (user_id, tag_id) VALUES ("120","8");


INSERT INTO likes (like_id, liked_id, like_date) VALUES ("120","102","2018-01-19 12:59:54");
INSERT INTO likes (like_id, liked_id, like_date) VALUES ("120","458","2017-03-08 07:24:58");
INSERT INTO likes (like_id, liked_id, like_date) VALUES ("120","285","2017-11-01 03:49:41");
INSERT INTO likes (like_id, liked_id, like_date) VALUES ("120","66","2018-01-26 23:18:32");
INSERT INTO likes (like_id, liked_id, like_date) VALUES ("120","371","2017-03-06 12:19:48");
INSERT INTO likes (like_id, liked_id, like_date) VALUES ("120","386","2017-05-03 19:32:37");
INSERT INTO likes (like_id, liked_id, like_date) VALUES ("120","7","2017-04-19 02:23:42");
INSERT INTO likes (like_id, liked_id, like_date) VALUES ("120","207","2018-01-14 00:35:27");
INSERT INTO likes (like_id, liked_id, like_date) VALUES ("120","65","2017-03-06 09:25:17");
INSERT INTO likes (like_id, liked_id, like_date) VALUES ("120","388","2018-01-30 10:17:37");
INSERT INTO likes (like_id, liked_id, like_date) VALUES ("120","373","2017-12-13 17:04:21");


INSERT INTO user (id, first_name, last_name, username, email, password, birthdate, gender, orientation, bio, country, state, city, zip, file_1, file_2, file_3, file_4, file_5, score, token, token_date, active, register, created_at, updated_at) VALUES ("121","Ulises","Beahan","qwalker","aric.zulauf@brakus.biz","$2y$10$t7S8AZAMtsZLtjK.a3OpkezRqLfjbwCJAoEZnP/OQGAeyBjwAT0Nq","1983-10-03 23:43:07","1","3","Distinctio officiis voluptas quia sapiente neque fugit. Sed quos sint eum cumque natus incidunt.","Bulgaria","","West Jadenstad","26891-6126","../fixtures/male5.jpg","","","","","13","c2d7186e466d504aab3ae81a9018a0d2","1985-03-17 00:11:18","0","0","2001-02-08 23:38:17","1989-01-13 07:42:40");
INSERT INTO user_tag (user_id, tag_id) VALUES ("121","43");
INSERT INTO user_tag (user_id, tag_id) VALUES ("121","19");


INSERT INTO likes (like_id, liked_id, like_date) VALUES ("121","157","2017-09-27 00:14:39");
INSERT INTO likes (like_id, liked_id, like_date) VALUES ("121","420","2017-02-20 06:17:17");


INSERT INTO user (id, first_name, last_name, username, email, password, birthdate, gender, orientation, bio, country, state, city, zip, file_1, file_2, file_3, file_4, file_5, score, token, token_date, active, register, created_at, updated_at) VALUES ("122","Georgette","Greenholt","ehayes","elaina84@hotmail.com","$2y$10$oVLhZCr9cNDnlv8eCX0A0.Dv/kFax.mOjbNxdo.zyHLeeq3450auy","1986-01-24 16:49:14","1","1","Voluptatem deleniti veniam itaque libero totam. Inventore ea eius dolorum eligendi officiis. Neque et tempora laborum impedit. Quibusdam dolores porro consequatur mollitia sit placeat ratione.","South Africa","","Port Maximilian","57119-4260","../fixtures/male1.jpg","../fixtures/male6.jpg","../fixtures/male5.jpg","../fixtures/male1.jpg","../fixtures/male3.jpg","43","79a46efe8ef780fdd51a6e89be718a63","2003-05-06 16:59:12","0","0","1998-10-21 09:13:22","1972-09-19 15:40:19");
INSERT INTO user_tag (user_id, tag_id) VALUES ("122","34");
INSERT INTO user_tag (user_id, tag_id) VALUES ("122","35");
INSERT INTO user_tag (user_id, tag_id) VALUES ("122","41");
INSERT INTO user_tag (user_id, tag_id) VALUES ("122","37");
INSERT INTO user_tag (user_id, tag_id) VALUES ("122","30");
INSERT INTO user_tag (user_id, tag_id) VALUES ("122","15");
INSERT INTO user_tag (user_id, tag_id) VALUES ("122","19");
INSERT INTO user_tag (user_id, tag_id) VALUES ("122","16");


INSERT INTO likes (like_id, liked_id, like_date) VALUES ("122","26","2017-08-20 23:52:36");
INSERT INTO likes (like_id, liked_id, like_date) VALUES ("122","192","2017-11-30 15:55:43");
INSERT INTO likes (like_id, liked_id, like_date) VALUES ("122","8","2017-10-15 20:18:23");
INSERT INTO likes (like_id, liked_id, like_date) VALUES ("122","120","2017-04-09 11:28:46");
INSERT INTO likes (like_id, liked_id, like_date) VALUES ("122","162","2017-11-07 17:09:07");
INSERT INTO likes (like_id, liked_id, like_date) VALUES ("122","42","2017-07-11 13:28:30");
INSERT INTO likes (like_id, liked_id, like_date) VALUES ("122","35","2017-04-10 01:15:07");
INSERT INTO likes (like_id, liked_id, like_date) VALUES ("122","234","2017-02-18 12:48:44");
INSERT INTO likes (like_id, liked_id, like_date) VALUES ("122","182","2017-06-27 13:09:19");
INSERT INTO likes (like_id, liked_id, like_date) VALUES ("122","110","2017-06-30 19:30:26");
INSERT INTO likes (like_id, liked_id, like_date) VALUES ("122","72","2017-11-18 15:52:53");
INSERT INTO likes (like_id, liked_id, like_date) VALUES ("122","250","2017-02-14 07:19:57");
INSERT INTO likes (like_id, liked_id, like_date) VALUES ("122","452","2017-10-27 02:51:56");
INSERT INTO likes (like_id, liked_id, like_date) VALUES ("122","148","2018-01-22 09:54:59");
INSERT INTO likes (like_id, liked_id, like_date) VALUES ("122","234","2017-10-09 20:02:49");
INSERT INTO likes (like_id, liked_id, like_date) VALUES ("122","205","2017-09-02 19:27:19");


INSERT INTO user (id, first_name, last_name, username, email, password, birthdate, gender, orientation, bio, country, state, city, zip, file_1, file_2, file_3, file_4, file_5, score, token, token_date, active, register, created_at, updated_at) VALUES ("123","Dante","Konopelski","iokeefe","bward@yahoo.com","$2y$10$LGRdya/dBpW1ExJNXag52u/3m9sbBQagpfiqk0LZV01cxRRaPC4yu","1993-07-15 15:15:57","2","2","Aut dolore nostrum consectetur aut doloribus cum dolorem. Id quia consequuntur cum dolorem maiores. Suscipit repellendus et ut placeat earum eveniet dolores. Necessitatibus officia corrupti aut.","Ghana","","North Aricfort","99801-7233","../fixtures/female1.jpg","../fixtures/female7.jpg","","","","63","0ac2e02487fcf1aa5417fce283b524b7","1994-05-18 10:16:49","1","0","1975-12-16 10:29:01","1972-02-04 23:45:13");
INSERT INTO user_tag (user_id, tag_id) VALUES ("123","13");
INSERT INTO user_tag (user_id, tag_id) VALUES ("123","50");
INSERT INTO user_tag (user_id, tag_id) VALUES ("123","9");
INSERT INTO user_tag (user_id, tag_id) VALUES ("123","20");
INSERT INTO user_tag (user_id, tag_id) VALUES ("123","30");
INSERT INTO user_tag (user_id, tag_id) VALUES ("123","20");


INSERT INTO likes (like_id, liked_id, like_date) VALUES ("123","85","2017-07-07 12:16:38");
INSERT INTO likes (like_id, liked_id, like_date) VALUES ("123","159","2018-01-09 15:43:13");
INSERT INTO likes (like_id, liked_id, like_date) VALUES ("123","19","2017-08-15 01:59:34");
INSERT INTO likes (like_id, liked_id, like_date) VALUES ("123","95","2017-05-13 15:17:33");
INSERT INTO likes (like_id, liked_id, like_date) VALUES ("123","230","2017-06-20 08:40:27");
INSERT INTO likes (like_id, liked_id, like_date) VALUES ("123","337","2017-05-07 00:30:01");
INSERT INTO likes (like_id, liked_id, like_date) VALUES ("123","234","2017-07-25 12:50:55");
INSERT INTO likes (like_id, liked_id, like_date) VALUES ("123","342","2017-05-20 01:38:40");
INSERT INTO likes (like_id, liked_id, like_date) VALUES ("123","64","2017-09-07 06:35:01");
INSERT INTO likes (like_id, liked_id, like_date) VALUES ("123","264","2017-02-18 22:32:13");
INSERT INTO likes (like_id, liked_id, like_date) VALUES ("123","470","2017-08-17 14:06:16");
INSERT INTO likes (like_id, liked_id, like_date) VALUES ("123","82","2018-01-14 07:01:48");
INSERT INTO likes (like_id, liked_id, like_date) VALUES ("123","132","2017-08-21 18:02:56");
INSERT INTO likes (like_id, liked_id, like_date) VALUES ("123","172","2017-06-12 19:39:26");
INSERT INTO likes (like_id, liked_id, like_date) VALUES ("123","109","2017-12-06 17:36:13");


INSERT INTO user (id, first_name, last_name, username, email, password, birthdate, gender, orientation, bio, country, state, city, zip, file_1, file_2, file_3, file_4, file_5, score, token, token_date, active, register, created_at, updated_at) VALUES ("124","Rosendo","Hermiston","ellen85","johns.payton@yahoo.com","$2y$10$Y7VFrznzeI.mr4oiOtPv2uJzcJRNQRB623pUwQu1TrCKEyPQj3AI.","1966-02-01 07:01:14","1","3","Sit sed voluptatem ut. Dolores et in consequatur nobis sed dolorum sunt. Minus quidem asperiores dolorem sequi quia quaerat sed et.","Tuvalu","","Port Virginia","19709","../fixtures/male8.jpg","../fixtures/male4.jpg","../fixtures/male5.jpg","","","37","98c57ecb82c6bf07ab42513fe91adda4","2006-06-20 06:38:47","1","1","2010-06-12 17:23:57","1992-08-27 02:19:15");
INSERT INTO user_tag (user_id, tag_id) VALUES ("124","24");
INSERT INTO user_tag (user_id, tag_id) VALUES ("124","39");
INSERT INTO user_tag (user_id, tag_id) VALUES ("124","48");
INSERT INTO user_tag (user_id, tag_id) VALUES ("124","32");
INSERT INTO user_tag (user_id, tag_id) VALUES ("124","7");
INSERT INTO user_tag (user_id, tag_id) VALUES ("124","50");
INSERT INTO user_tag (user_id, tag_id) VALUES ("124","33");
INSERT INTO user_tag (user_id, tag_id) VALUES ("124","24");
INSERT INTO user_tag (user_id, tag_id) VALUES ("124","9");
INSERT INTO user_tag (user_id, tag_id) VALUES ("124","34");
INSERT INTO user_tag (user_id, tag_id) VALUES ("124","29");
INSERT INTO user_tag (user_id, tag_id) VALUES ("124","31");
INSERT INTO user_tag (user_id, tag_id) VALUES ("124","3");
INSERT INTO user_tag (user_id, tag_id) VALUES ("124","25");
INSERT INTO user_tag (user_id, tag_id) VALUES ("124","45");


INSERT INTO likes (like_id, liked_id, like_date) VALUES ("124","497","2017-04-15 12:24:26");
INSERT INTO likes (like_id, liked_id, like_date) VALUES ("124","165","2017-03-21 05:08:53");
INSERT INTO likes (like_id, liked_id, like_date) VALUES ("124","358","2017-07-20 10:36:31");
INSERT INTO likes (like_id, liked_id, like_date) VALUES ("124","12","2017-03-19 17:49:03");
INSERT INTO likes (like_id, liked_id, like_date) VALUES ("124","116","2017-12-03 13:27:47");
INSERT INTO likes (like_id, liked_id, like_date) VALUES ("124","422","2018-01-15 12:03:33");
INSERT INTO likes (like_id, liked_id, like_date) VALUES ("124","230","2017-04-15 19:47:45");
INSERT INTO likes (like_id, liked_id, like_date) VALUES ("124","329","2017-11-24 18:40:23");
INSERT INTO likes (like_id, liked_id, like_date) VALUES ("124","18","2017-09-15 00:57:27");
INSERT INTO likes (like_id, liked_id, like_date) VALUES ("124","239","2017-10-18 21:34:30");
INSERT INTO likes (like_id, liked_id, like_date) VALUES ("124","350","2017-04-14 00:31:37");


INSERT INTO user (id, first_name, last_name, username, email, password, birthdate, gender, orientation, bio, country, state, city, zip, file_1, file_2, file_3, file_4, file_5, score, token, token_date, active, register, created_at, updated_at) VALUES ("125","Jammie","Schuster","dachdestiny","whagenes@bergstrom.com","$2y$10$wG3as0hc78ekTkRoyy64i.BdvZ2Xh7kUSvI1cTzP6nf66rUjRBhv6","1985-02-04 15:00:25","2","3","Vel quia rerum aut quia. Nisi et cumque eligendi rerum et repellendus sit. Soluta sed non magnam. Itaque quisquam consequatur voluptas et veniam.","New Zealand","","Vernieland","41253","../fixtures/female8.jpg","../fixtures/female5.jpg","","","","5","1587bdf3f0ab1ae1b45cc6171212bb7b","1977-10-22 00:20:34","1","0","1983-12-05 23:59:57","2001-10-09 06:27:40");
INSERT INTO user_tag (user_id, tag_id) VALUES ("125","1");
INSERT INTO user_tag (user_id, tag_id) VALUES ("125","35");
INSERT INTO user_tag (user_id, tag_id) VALUES ("125","34");
INSERT INTO user_tag (user_id, tag_id) VALUES ("125","17");
INSERT INTO user_tag (user_id, tag_id) VALUES ("125","9");
INSERT INTO user_tag (user_id, tag_id) VALUES ("125","20");
INSERT INTO user_tag (user_id, tag_id) VALUES ("125","38");
INSERT INTO user_tag (user_id, tag_id) VALUES ("125","38");
INSERT INTO user_tag (user_id, tag_id) VALUES ("125","27");
INSERT INTO user_tag (user_id, tag_id) VALUES ("125","13");
INSERT INTO user_tag (user_id, tag_id) VALUES ("125","18");
INSERT INTO user_tag (user_id, tag_id) VALUES ("125","24");
INSERT INTO user_tag (user_id, tag_id) VALUES ("125","10");
INSERT INTO user_tag (user_id, tag_id) VALUES ("125","37");
INSERT INTO user_tag (user_id, tag_id) VALUES ("125","50");


INSERT INTO likes (like_id, liked_id, like_date) VALUES ("125","231","2017-02-27 23:40:03");
INSERT INTO likes (like_id, liked_id, like_date) VALUES ("125","14","2018-01-06 18:19:02");
INSERT INTO likes (like_id, liked_id, like_date) VALUES ("125","173","2018-02-06 00:09:23");
INSERT INTO likes (like_id, liked_id, like_date) VALUES ("125","189","2017-02-24 10:47:22");
INSERT INTO likes (like_id, liked_id, like_date) VALUES ("125","121","2017-09-20 04:46:56");
INSERT INTO likes (like_id, liked_id, like_date) VALUES ("125","392","2017-10-02 12:39:43");
INSERT INTO likes (like_id, liked_id, like_date) VALUES ("125","154","2017-04-18 03:09:14");
INSERT INTO likes (like_id, liked_id, like_date) VALUES ("125","130","2017-06-03 23:23:47");
INSERT INTO likes (like_id, liked_id, like_date) VALUES ("125","156","2017-05-17 13:37:24");
INSERT INTO likes (like_id, liked_id, like_date) VALUES ("125","414","2017-12-27 05:25:15");
INSERT INTO likes (like_id, liked_id, like_date) VALUES ("125","46","2017-06-23 10:18:09");
INSERT INTO likes (like_id, liked_id, like_date) VALUES ("125","158","2017-08-28 03:20:24");
INSERT INTO likes (like_id, liked_id, like_date) VALUES ("125","61","2017-05-16 09:10:15");
INSERT INTO likes (like_id, liked_id, like_date) VALUES ("125","137","2017-06-07 20:56:26");
INSERT INTO likes (like_id, liked_id, like_date) VALUES ("125","359","2017-11-13 21:12:42");


INSERT INTO user (id, first_name, last_name, username, email, password, birthdate, gender, orientation, bio, country, state, city, zip, file_1, file_2, file_3, file_4, file_5, score, token, token_date, active, register, created_at, updated_at) VALUES ("126","Ludie","Lynch","vstoltenberg","rice.dagmar@yahoo.com","$2y$10$5H5JdhqxU9U6QGxHlSTFh.UZBiCS9Q6OvcyvRkvUekoiE9Rs8yq4i","1974-12-28 03:00:00","2","1","Nemo fuga quibusdam et sit. Et aliquid vitae laborum vel. Incidunt ab quia voluptatibus deserunt vero. Accusamus unde minima delectus temporibus dolore enim aut.","Guinea-Bissau","","South Danykatown","24757-4505","../fixtures/female9.jpg","../fixtures/female6.jpg","../fixtures/female5.jpg","../fixtures/female10.jpg","","46","17625ccb48fd71be5f4ac16d6aa99f42","2011-06-21 15:29:05","1","0","1978-12-07 19:22:53","1988-05-16 05:19:38");
INSERT INTO user_tag (user_id, tag_id) VALUES ("126","45");
INSERT INTO user_tag (user_id, tag_id) VALUES ("126","42");
INSERT INTO user_tag (user_id, tag_id) VALUES ("126","5");
INSERT INTO user_tag (user_id, tag_id) VALUES ("126","29");
INSERT INTO user_tag (user_id, tag_id) VALUES ("126","13");
INSERT INTO user_tag (user_id, tag_id) VALUES ("126","32");
INSERT INTO user_tag (user_id, tag_id) VALUES ("126","33");
INSERT INTO user_tag (user_id, tag_id) VALUES ("126","15");


INSERT INTO likes (like_id, liked_id, like_date) VALUES ("126","333","2017-10-17 22:12:57");
INSERT INTO likes (like_id, liked_id, like_date) VALUES ("126","416","2017-12-09 21:07:21");
INSERT INTO likes (like_id, liked_id, like_date) VALUES ("126","34","2017-10-27 05:07:54");


INSERT INTO user (id, first_name, last_name, username, email, password, birthdate, gender, orientation, bio, country, state, city, zip, file_1, file_2, file_3, file_4, file_5, score, token, token_date, active, register, created_at, updated_at) VALUES ("127","Chelsea","Rodriguez","loraroberts","schuppe.aiyana@rutherford.biz","$2y$10$5GqYjnqLPT3f7JsspmbdVuqZs5hnnNbkrgCn1/ooVpzDQU/C5m7BG","1966-03-20 00:17:11","2","2","Libero debitis officia quae magnam odio. Deleniti illum porro repudiandae odit voluptas non ut.","Ethiopia","","South Jeremy","22248","../fixtures/female4.jpg","../fixtures/female10.jpg","../fixtures/female4.jpg","","","73","d2c81bc1f28fd9448e36833db3e77590","2002-04-18 18:43:31","0","0","1993-01-06 21:54:36","2013-02-05 03:50:25");
INSERT INTO user_tag (user_id, tag_id) VALUES ("127","31");
INSERT INTO user_tag (user_id, tag_id) VALUES ("127","25");
INSERT INTO user_tag (user_id, tag_id) VALUES ("127","48");
INSERT INTO user_tag (user_id, tag_id) VALUES ("127","6");


INSERT INTO likes (like_id, liked_id, like_date) VALUES ("127","77","2017-03-25 03:55:52");
INSERT INTO likes (like_id, liked_id, like_date) VALUES ("127","490","2017-04-01 20:27:41");
INSERT INTO likes (like_id, liked_id, like_date) VALUES ("127","14","2018-01-23 01:52:01");
INSERT INTO likes (like_id, liked_id, like_date) VALUES ("127","198","2017-09-18 15:57:43");
INSERT INTO likes (like_id, liked_id, like_date) VALUES ("127","399","2017-08-06 01:10:54");
INSERT INTO likes (like_id, liked_id, like_date) VALUES ("127","313","2017-05-29 02:47:36");
INSERT INTO likes (like_id, liked_id, like_date) VALUES ("127","67","2017-12-20 04:29:52");
INSERT INTO likes (like_id, liked_id, like_date) VALUES ("127","207","2017-12-09 09:25:34");
INSERT INTO likes (like_id, liked_id, like_date) VALUES ("127","144","2017-08-15 06:22:53");
INSERT INTO likes (like_id, liked_id, like_date) VALUES ("127","197","2017-10-24 15:03:06");
INSERT INTO likes (like_id, liked_id, like_date) VALUES ("127","251","2017-12-15 08:30:04");
INSERT INTO likes (like_id, liked_id, like_date) VALUES ("127","365","2017-05-22 04:55:46");
INSERT INTO likes (like_id, liked_id, like_date) VALUES ("127","266","2017-06-04 00:13:07");
INSERT INTO likes (like_id, liked_id, like_date) VALUES ("127","230","2017-11-15 17:14:22");
INSERT INTO likes (like_id, liked_id, like_date) VALUES ("127","483","2017-06-22 01:39:47");
INSERT INTO likes (like_id, liked_id, like_date) VALUES ("127","204","2017-11-28 05:28:05");
INSERT INTO likes (like_id, liked_id, like_date) VALUES ("127","144","2017-09-04 00:29:55");
INSERT INTO likes (like_id, liked_id, like_date) VALUES ("127","343","2017-04-11 04:30:48");
INSERT INTO likes (like_id, liked_id, like_date) VALUES ("127","194","2017-05-20 21:23:32");


INSERT INTO user (id, first_name, last_name, username, email, password, birthdate, gender, orientation, bio, country, state, city, zip, file_1, file_2, file_3, file_4, file_5, score, token, token_date, active, register, created_at, updated_at) VALUES ("128","Maxine","Will","jewel35","lester57@hotmail.com","$2y$10$pBYEVxZT2VmssI/QK7s8wugZy91i/wH1Ut371nhWG1pVbfymNjJRa","1973-07-28 01:15:45","2","1","Hic est mollitia eligendi officia. Minus omnis laboriosam temporibus iure voluptatem. Culpa suscipit perferendis et numquam eaque veniam. Aliquam reprehenderit vitae ex magni.","Zambia","","Hettieshire","75129-4972","../fixtures/female4.jpg","../fixtures/female7.jpg","../fixtures/female9.jpg","","","91","62924e8329f5ece04a02388763d44958","1984-12-02 17:23:11","1","0","2011-02-01 00:17:13","1992-08-14 19:51:33");
INSERT INTO user_tag (user_id, tag_id) VALUES ("128","11");
INSERT INTO user_tag (user_id, tag_id) VALUES ("128","16");
INSERT INTO user_tag (user_id, tag_id) VALUES ("128","23");
INSERT INTO user_tag (user_id, tag_id) VALUES ("128","42");
INSERT INTO user_tag (user_id, tag_id) VALUES ("128","47");
INSERT INTO user_tag (user_id, tag_id) VALUES ("128","9");
INSERT INTO user_tag (user_id, tag_id) VALUES ("128","8");
INSERT INTO user_tag (user_id, tag_id) VALUES ("128","22");
INSERT INTO user_tag (user_id, tag_id) VALUES ("128","3");
INSERT INTO user_tag (user_id, tag_id) VALUES ("128","25");
INSERT INTO user_tag (user_id, tag_id) VALUES ("128","49");
INSERT INTO user_tag (user_id, tag_id) VALUES ("128","44");


INSERT INTO likes (like_id, liked_id, like_date) VALUES ("128","128","2017-03-29 15:00:52");
INSERT INTO likes (like_id, liked_id, like_date) VALUES ("128","437","2017-05-16 21:33:39");
INSERT INTO likes (like_id, liked_id, like_date) VALUES ("128","379","2017-04-07 06:54:33");
INSERT INTO likes (like_id, liked_id, like_date) VALUES ("128","65","2017-08-07 14:38:01");
INSERT INTO likes (like_id, liked_id, like_date) VALUES ("128","315","2018-01-12 03:39:23");
INSERT INTO likes (like_id, liked_id, like_date) VALUES ("128","185","2017-06-28 01:07:17");
INSERT INTO likes (like_id, liked_id, like_date) VALUES ("128","292","2018-01-29 19:09:32");
INSERT INTO likes (like_id, liked_id, like_date) VALUES ("128","408","2017-03-28 04:53:24");
INSERT INTO likes (like_id, liked_id, like_date) VALUES ("128","291","2017-06-03 16:54:27");
INSERT INTO likes (like_id, liked_id, like_date) VALUES ("128","318","2018-01-07 11:21:06");
INSERT INTO likes (like_id, liked_id, like_date) VALUES ("128","49","2017-10-27 03:29:08");
INSERT INTO likes (like_id, liked_id, like_date) VALUES ("128","205","2017-04-06 23:36:57");
INSERT INTO likes (like_id, liked_id, like_date) VALUES ("128","130","2017-07-21 01:59:50");
INSERT INTO likes (like_id, liked_id, like_date) VALUES ("128","430","2017-09-17 23:57:31");
INSERT INTO likes (like_id, liked_id, like_date) VALUES ("128","473","2017-07-06 22:10:49");
INSERT INTO likes (like_id, liked_id, like_date) VALUES ("128","482","2017-10-01 22:56:29");
INSERT INTO likes (like_id, liked_id, like_date) VALUES ("128","433","2017-07-07 21:29:46");


INSERT INTO user (id, first_name, last_name, username, email, password, birthdate, gender, orientation, bio, country, state, city, zip, file_1, file_2, file_3, file_4, file_5, score, token, token_date, active, register, created_at, updated_at) VALUES ("129","Jimmy","Crooks","oreillyagustina","dorn@smith.net","$2y$10$G.fUdlb8WqO3vjeqo7qZCOiDuWANQoS5hJJQ.qGZw0oBDF.J4yYR.","1989-10-11 17:10:02","2","3","Ratione quo a adipisci voluptatem. Ut est qui aperiam exercitationem totam veritatis. Voluptatem quo possimus labore corporis aut et.","Estonia","","East Torey","36080-9978","../fixtures/female9.jpg","../fixtures/female5.jpg","../fixtures/female4.jpg","../fixtures/female7.jpg","../fixtures/female4.jpg","54","0523df80631150912983ef6935998f80","1971-11-25 23:52:15","0","0","1970-12-04 09:41:55","2013-07-17 17:35:00");
INSERT INTO user_tag (user_id, tag_id) VALUES ("129","14");
INSERT INTO user_tag (user_id, tag_id) VALUES ("129","46");
INSERT INTO user_tag (user_id, tag_id) VALUES ("129","39");
INSERT INTO user_tag (user_id, tag_id) VALUES ("129","47");
INSERT INTO user_tag (user_id, tag_id) VALUES ("129","34");


INSERT INTO likes (like_id, liked_id, like_date) VALUES ("129","401","2017-04-10 18:47:16");
INSERT INTO likes (like_id, liked_id, like_date) VALUES ("129","237","2017-07-12 00:31:17");
INSERT INTO likes (like_id, liked_id, like_date) VALUES ("129","258","2017-06-28 21:38:31");
INSERT INTO likes (like_id, liked_id, like_date) VALUES ("129","98","2018-01-08 10:10:48");
INSERT INTO likes (like_id, liked_id, like_date) VALUES ("129","311","2017-03-12 19:15:49");
INSERT INTO likes (like_id, liked_id, like_date) VALUES ("129","190","2017-12-15 01:25:27");
INSERT INTO likes (like_id, liked_id, like_date) VALUES ("129","111","2017-08-05 10:58:03");
INSERT INTO likes (like_id, liked_id, like_date) VALUES ("129","71","2017-06-04 12:59:46");
INSERT INTO likes (like_id, liked_id, like_date) VALUES ("129","363","2017-10-28 22:04:15");
INSERT INTO likes (like_id, liked_id, like_date) VALUES ("129","108","2017-05-21 01:34:37");
INSERT INTO likes (like_id, liked_id, like_date) VALUES ("129","275","2017-09-06 21:53:54");
INSERT INTO likes (like_id, liked_id, like_date) VALUES ("129","454","2017-10-05 09:41:12");


INSERT INTO user (id, first_name, last_name, username, email, password, birthdate, gender, orientation, bio, country, state, city, zip, file_1, file_2, file_3, file_4, file_5, score, token, token_date, active, register, created_at, updated_at) VALUES ("130","Antoinette","Dickinson","juneblanda","sophia.schoen@gmail.com","$2y$10$UW61ApjADDgHm2mqRs8q0.ErpQ4IX/YNGrvGcOuOZQzrxQnfBojmy","1949-10-19 08:32:28","1","3","Molestias necessitatibus voluptatem illo quae expedita praesentium sed. Quae quo iusto cum ullam aut qui. Quam modi quod et id ea.","Palestinian Territories","","Myrticemouth","83228","../fixtures/male5.jpg","../fixtures/male10.jpg","../fixtures/male3.jpg","../fixtures/male6.jpg","","66","6f42083e8b564a2126287aa8b96f028d","2002-07-16 08:57:11","0","0","2009-03-04 09:06:32","2017-02-20 00:13:23");
INSERT INTO user_tag (user_id, tag_id) VALUES ("130","37");
INSERT INTO user_tag (user_id, tag_id) VALUES ("130","43");
INSERT INTO user_tag (user_id, tag_id) VALUES ("130","2");
INSERT INTO user_tag (user_id, tag_id) VALUES ("130","41");
INSERT INTO user_tag (user_id, tag_id) VALUES ("130","4");


INSERT INTO likes (like_id, liked_id, like_date) VALUES ("130","41","2017-03-20 09:16:06");
INSERT INTO likes (like_id, liked_id, like_date) VALUES ("130","207","2017-03-24 23:58:42");
INSERT INTO likes (like_id, liked_id, like_date) VALUES ("130","213","2017-04-25 23:32:23");
INSERT INTO likes (like_id, liked_id, like_date) VALUES ("130","223","2017-02-23 19:23:40");
INSERT INTO likes (like_id, liked_id, like_date) VALUES ("130","51","2017-07-24 12:43:10");
INSERT INTO likes (like_id, liked_id, like_date) VALUES ("130","478","2018-01-21 20:39:18");
INSERT INTO likes (like_id, liked_id, like_date) VALUES ("130","117","2017-10-12 11:03:31");
INSERT INTO likes (like_id, liked_id, like_date) VALUES ("130","326","2017-11-26 20:57:32");
INSERT INTO likes (like_id, liked_id, like_date) VALUES ("130","72","2017-11-13 11:22:16");
INSERT INTO likes (like_id, liked_id, like_date) VALUES ("130","171","2017-05-20 23:29:47");
INSERT INTO likes (like_id, liked_id, like_date) VALUES ("130","217","2018-01-20 20:12:37");
INSERT INTO likes (like_id, liked_id, like_date) VALUES ("130","193","2018-01-29 04:12:42");
INSERT INTO likes (like_id, liked_id, like_date) VALUES ("130","99","2017-07-26 08:20:17");
INSERT INTO likes (like_id, liked_id, like_date) VALUES ("130","328","2018-01-21 07:20:00");
INSERT INTO likes (like_id, liked_id, like_date) VALUES ("130","104","2018-01-02 01:34:34");


INSERT INTO user (id, first_name, last_name, username, email, password, birthdate, gender, orientation, bio, country, state, city, zip, file_1, file_2, file_3, file_4, file_5, score, token, token_date, active, register, created_at, updated_at) VALUES ("131","Horacio","Swaniawski","damorejessica","huels.assunta@hotmail.com","$2y$10$vO86dmAojaCRpouLqvQJnuZwIcEqff7w4spknlWBYV.m3YY4tZF/.","1952-06-20 13:52:52","2","3","Et sunt et quaerat. Et porro quidem a veniam. Aspernatur vel voluptatem quas ipsum. Reprehenderit eaque animi impedit corrupti harum.","Portugal","","Jakubowskiport","44783","../fixtures/female5.jpg","../fixtures/female9.jpg","../fixtures/female5.jpg","../fixtures/female10.jpg","../fixtures/female6.jpg","30","5cc17a3376827fede3c1a790f1c4c5dd","2005-08-29 11:25:06","0","0","2000-05-22 19:53:27","1979-03-01 19:37:59");
INSERT INTO user_tag (user_id, tag_id) VALUES ("131","10");
INSERT INTO user_tag (user_id, tag_id) VALUES ("131","26");
INSERT INTO user_tag (user_id, tag_id) VALUES ("131","2");
INSERT INTO user_tag (user_id, tag_id) VALUES ("131","43");
INSERT INTO user_tag (user_id, tag_id) VALUES ("131","32");
INSERT INTO user_tag (user_id, tag_id) VALUES ("131","1");
INSERT INTO user_tag (user_id, tag_id) VALUES ("131","24");
INSERT INTO user_tag (user_id, tag_id) VALUES ("131","6");


INSERT INTO likes (like_id, liked_id, like_date) VALUES ("131","327","2018-01-02 08:16:45");
INSERT INTO likes (like_id, liked_id, like_date) VALUES ("131","6","2017-09-27 09:36:52");
INSERT INTO likes (like_id, liked_id, like_date) VALUES ("131","94","2017-07-23 06:31:20");
INSERT INTO likes (like_id, liked_id, like_date) VALUES ("131","271","2017-04-22 15:15:18");
INSERT INTO likes (like_id, liked_id, like_date) VALUES ("131","329","2017-07-18 22:37:15");
INSERT INTO likes (like_id, liked_id, like_date) VALUES ("131","272","2017-03-01 19:11:28");


INSERT INTO user (id, first_name, last_name, username, email, password, birthdate, gender, orientation, bio, country, state, city, zip, file_1, file_2, file_3, file_4, file_5, score, token, token_date, active, register, created_at, updated_at) VALUES ("132","Ramiro","Gusikowski","dulcebarrows","hartmann.kale@gmail.com","$2y$10$TvE0d2DM9r4Ek3sDGpzV5O6gta13Rs85u0ZtjAAPRe1GqTASCYEHK","1963-09-26 23:42:44","2","3","Earum debitis rerum eos minus quia voluptas nulla quae. Id qui est ducimus repellat sapiente. Dolorem molestiae quas eum ab minus.","Iraq","","North Alessandraland","74661","../fixtures/female10.jpg","","","","","67","eb3122b936433bb75aff50cc234d5023","2010-12-09 19:33:13","0","0","1997-02-14 00:33:34","1972-01-22 02:15:02");
INSERT INTO user_tag (user_id, tag_id) VALUES ("132","14");
INSERT INTO user_tag (user_id, tag_id) VALUES ("132","17");
INSERT INTO user_tag (user_id, tag_id) VALUES ("132","37");


INSERT INTO likes (like_id, liked_id, like_date) VALUES ("132","468","2017-03-20 20:17:45");
INSERT INTO likes (like_id, liked_id, like_date) VALUES ("132","242","2017-09-14 07:45:05");
INSERT INTO likes (like_id, liked_id, like_date) VALUES ("132","302","2017-10-25 09:20:30");
INSERT INTO likes (like_id, liked_id, like_date) VALUES ("132","151","2017-10-04 08:24:17");
INSERT INTO likes (like_id, liked_id, like_date) VALUES ("132","453","2017-02-28 08:10:17");
INSERT INTO likes (like_id, liked_id, like_date) VALUES ("132","52","2017-10-26 07:24:12");
INSERT INTO likes (like_id, liked_id, like_date) VALUES ("132","384","2017-05-27 19:18:35");
INSERT INTO likes (like_id, liked_id, like_date) VALUES ("132","425","2017-12-11 17:16:13");
INSERT INTO likes (like_id, liked_id, like_date) VALUES ("132","93","2017-06-05 17:04:55");
INSERT INTO likes (like_id, liked_id, like_date) VALUES ("132","405","2017-03-31 21:33:17");
INSERT INTO likes (like_id, liked_id, like_date) VALUES ("132","242","2018-01-05 10:33:51");
INSERT INTO likes (like_id, liked_id, like_date) VALUES ("132","251","2017-05-07 17:53:23");
INSERT INTO likes (like_id, liked_id, like_date) VALUES ("132","50","2017-05-04 00:58:01");


INSERT INTO user (id, first_name, last_name, username, email, password, birthdate, gender, orientation, bio, country, state, city, zip, file_1, file_2, file_3, file_4, file_5, score, token, token_date, active, register, created_at, updated_at) VALUES ("133","Carley","Lindgren","emmerichjoshuah","weissnat.rosie@gmail.com","$2y$10$iRJopMCLQZG2NyGAPjx6rOXM8AR23CaAoPvEJquyi8UJJQI5.a/je","1978-03-04 04:37:24","1","2","Quo sint tenetur voluptas sunt in reiciendis. Harum consequatur eaque ut tempore culpa et. Et qui veniam hic dolore iusto eos et quam.","Mauritania","","Aronhaven","14167","../fixtures/male6.jpg","../fixtures/male7.jpg","../fixtures/male7.jpg","../fixtures/male6.jpg","../fixtures/male6.jpg","82","0648e5f6159c2804ecb7767e57ff83be","2002-03-25 04:47:14","1","1","1989-10-01 03:02:08","1971-06-08 12:07:22");
INSERT INTO user_tag (user_id, tag_id) VALUES ("133","11");
INSERT INTO user_tag (user_id, tag_id) VALUES ("133","23");


INSERT INTO likes (like_id, liked_id, like_date) VALUES ("133","269","2017-03-30 13:47:43");
INSERT INTO likes (like_id, liked_id, like_date) VALUES ("133","288","2017-10-17 22:15:39");
INSERT INTO likes (like_id, liked_id, like_date) VALUES ("133","131","2018-01-18 15:09:26");


INSERT INTO user (id, first_name, last_name, username, email, password, birthdate, gender, orientation, bio, country, state, city, zip, file_1, file_2, file_3, file_4, file_5, score, token, token_date, active, register, created_at, updated_at) VALUES ("134","Vernie","Hills","grantname","obradtke@jacobson.com","$2y$10$hNaAltr2jGlEAqhKz5VkKOiJ5KENwQtvyt2gqsXRdB/rg9jheSYNy","1966-05-30 18:26:44","2","2","Ratione porro et quis consequatur est illo. Quis non accusamus et molestiae et quas aliquam. Sint molestias consequuntur totam magni aut ipsa.","Saint Lucia","","East Caraland","00927-1527","../fixtures/female9.jpg","","","","","44","8dd838fa6b7731aa5e4c46e5c08ec8e6","2009-07-06 07:04:18","1","1","2015-07-20 17:28:17","2009-01-03 05:35:33");
INSERT INTO user_tag (user_id, tag_id) VALUES ("134","40");


INSERT INTO likes (like_id, liked_id, like_date) VALUES ("134","79","2017-07-14 19:03:20");
INSERT INTO likes (like_id, liked_id, like_date) VALUES ("134","335","2017-12-06 19:51:24");
INSERT INTO likes (like_id, liked_id, like_date) VALUES ("134","495","2017-10-15 11:34:00");
INSERT INTO likes (like_id, liked_id, like_date) VALUES ("134","124","2018-01-23 14:05:30");
INSERT INTO likes (like_id, liked_id, like_date) VALUES ("134","54","2017-07-02 08:15:37");
INSERT INTO likes (like_id, liked_id, like_date) VALUES ("134","1","2018-01-30 12:01:43");
INSERT INTO likes (like_id, liked_id, like_date) VALUES ("134","161","2017-10-13 17:26:10");
INSERT INTO likes (like_id, liked_id, like_date) VALUES ("134","439","2017-05-21 20:10:30");
INSERT INTO likes (like_id, liked_id, like_date) VALUES ("134","180","2017-09-17 01:13:11");
INSERT INTO likes (like_id, liked_id, like_date) VALUES ("134","288","2017-04-25 00:49:15");
INSERT INTO likes (like_id, liked_id, like_date) VALUES ("134","369","2017-07-22 08:56:00");
INSERT INTO likes (like_id, liked_id, like_date) VALUES ("134","335","2017-05-18 19:21:25");
INSERT INTO likes (like_id, liked_id, like_date) VALUES ("134","22","2017-05-23 16:12:49");
INSERT INTO likes (like_id, liked_id, like_date) VALUES ("134","369","2017-07-09 05:23:00");
INSERT INTO likes (like_id, liked_id, like_date) VALUES ("134","322","2017-09-13 14:13:16");
INSERT INTO likes (like_id, liked_id, like_date) VALUES ("134","409","2017-12-26 23:51:22");
INSERT INTO likes (like_id, liked_id, like_date) VALUES ("134","291","2017-04-25 14:36:00");


INSERT INTO user (id, first_name, last_name, username, email, password, birthdate, gender, orientation, bio, country, state, city, zip, file_1, file_2, file_3, file_4, file_5, score, token, token_date, active, register, created_at, updated_at) VALUES ("135","Floy","Bradtke","willy90","king.jonas@yahoo.com","$2y$10$O05j8TTTZ5sYzLT8OUlJnOM34kH1f5lkwRCFqqFkzoLLMBnz1YM0K","1985-07-17 20:10:03","1","1","Suscipit voluptas odit non consequatur voluptatum quisquam autem. Ex et at dolores nulla fugit placeat. Dolorem quaerat aut quo aliquam. Dolorem est et nisi et est.","Sao Tome and Principe","","McLaughlinchester","83942","../fixtures/male1.jpg","../fixtures/male5.jpg","","","","98","9160ddfba604d6c493169bd82001a679","1989-08-14 15:38:06","1","0","2010-01-22 05:29:33","1984-01-14 08:53:25");
INSERT INTO user_tag (user_id, tag_id) VALUES ("135","11");
INSERT INTO user_tag (user_id, tag_id) VALUES ("135","17");
INSERT INTO user_tag (user_id, tag_id) VALUES ("135","29");
INSERT INTO user_tag (user_id, tag_id) VALUES ("135","33");
INSERT INTO user_tag (user_id, tag_id) VALUES ("135","8");
INSERT INTO user_tag (user_id, tag_id) VALUES ("135","33");
INSERT INTO user_tag (user_id, tag_id) VALUES ("135","5");
INSERT INTO user_tag (user_id, tag_id) VALUES ("135","36");
INSERT INTO user_tag (user_id, tag_id) VALUES ("135","12");
INSERT INTO user_tag (user_id, tag_id) VALUES ("135","9");
INSERT INTO user_tag (user_id, tag_id) VALUES ("135","23");


INSERT INTO likes (like_id, liked_id, like_date) VALUES ("135","466","2017-09-08 02:12:12");
INSERT INTO likes (like_id, liked_id, like_date) VALUES ("135","24","2017-11-19 05:33:44");
INSERT INTO likes (like_id, liked_id, like_date) VALUES ("135","465","2017-08-24 13:17:54");
INSERT INTO likes (like_id, liked_id, like_date) VALUES ("135","482","2017-02-28 07:54:12");
INSERT INTO likes (like_id, liked_id, like_date) VALUES ("135","54","2017-09-03 12:01:06");
INSERT INTO likes (like_id, liked_id, like_date) VALUES ("135","31","2017-11-13 05:22:19");
INSERT INTO likes (like_id, liked_id, like_date) VALUES ("135","90","2017-12-12 21:22:02");
INSERT INTO likes (like_id, liked_id, like_date) VALUES ("135","170","2017-04-26 02:48:30");
INSERT INTO likes (like_id, liked_id, like_date) VALUES ("135","403","2017-12-20 02:02:12");
INSERT INTO likes (like_id, liked_id, like_date) VALUES ("135","116","2017-12-24 13:13:59");
INSERT INTO likes (like_id, liked_id, like_date) VALUES ("135","407","2017-05-05 09:31:08");
INSERT INTO likes (like_id, liked_id, like_date) VALUES ("135","127","2017-03-31 22:48:42");
INSERT INTO likes (like_id, liked_id, like_date) VALUES ("135","201","2017-11-22 17:01:42");
INSERT INTO likes (like_id, liked_id, like_date) VALUES ("135","351","2017-12-16 23:01:19");
INSERT INTO likes (like_id, liked_id, like_date) VALUES ("135","346","2017-02-15 10:36:33");


INSERT INTO user (id, first_name, last_name, username, email, password, birthdate, gender, orientation, bio, country, state, city, zip, file_1, file_2, file_3, file_4, file_5, score, token, token_date, active, register, created_at, updated_at) VALUES ("136","Kenna","Nienow","dannyemard","uohara@jacobson.com","$2y$10$BQxodDBRSikGkVypdCLYI.akS.IQB.ID6yV3vfHLrqy.2Owan3iBu","1963-01-08 10:11:50","1","1","Distinctio quia sunt sequi sed itaque quia. Molestiae ut consectetur aliquid.","South Georgia and the South Sandwich Islands","","Sanfordfurt","32730-1266","../fixtures/male1.jpg","../fixtures/male4.jpg","../fixtures/male7.jpg","../fixtures/male9.jpg","","93","6af737203f4769b04703612bd874b78c","1976-12-27 22:42:23","0","0","2012-01-09 20:31:03","1991-09-23 14:37:51");
INSERT INTO user_tag (user_id, tag_id) VALUES ("136","48");
INSERT INTO user_tag (user_id, tag_id) VALUES ("136","46");
INSERT INTO user_tag (user_id, tag_id) VALUES ("136","25");
INSERT INTO user_tag (user_id, tag_id) VALUES ("136","15");
INSERT INTO user_tag (user_id, tag_id) VALUES ("136","30");
INSERT INTO user_tag (user_id, tag_id) VALUES ("136","27");
INSERT INTO user_tag (user_id, tag_id) VALUES ("136","11");
INSERT INTO user_tag (user_id, tag_id) VALUES ("136","32");
INSERT INTO user_tag (user_id, tag_id) VALUES ("136","26");
INSERT INTO user_tag (user_id, tag_id) VALUES ("136","33");
INSERT INTO user_tag (user_id, tag_id) VALUES ("136","38");
INSERT INTO user_tag (user_id, tag_id) VALUES ("136","23");
INSERT INTO user_tag (user_id, tag_id) VALUES ("136","7");
INSERT INTO user_tag (user_id, tag_id) VALUES ("136","39");
INSERT INTO user_tag (user_id, tag_id) VALUES ("136","39");


INSERT INTO likes (like_id, liked_id, like_date) VALUES ("136","275","2018-01-30 14:05:59");
INSERT INTO likes (like_id, liked_id, like_date) VALUES ("136","218","2017-09-13 06:19:04");
INSERT INTO likes (like_id, liked_id, like_date) VALUES ("136","424","2017-11-08 06:30:02");
INSERT INTO likes (like_id, liked_id, like_date) VALUES ("136","497","2017-10-18 23:06:31");
INSERT INTO likes (like_id, liked_id, like_date) VALUES ("136","318","2018-01-09 20:30:25");
INSERT INTO likes (like_id, liked_id, like_date) VALUES ("136","160","2017-07-30 19:01:23");
INSERT INTO likes (like_id, liked_id, like_date) VALUES ("136","41","2018-01-27 15:05:57");
INSERT INTO likes (like_id, liked_id, like_date) VALUES ("136","227","2017-04-19 22:14:12");
INSERT INTO likes (like_id, liked_id, like_date) VALUES ("136","12","2017-07-07 12:53:49");
INSERT INTO likes (like_id, liked_id, like_date) VALUES ("136","305","2017-06-04 14:52:12");
INSERT INTO likes (like_id, liked_id, like_date) VALUES ("136","35","2017-04-13 04:10:13");
INSERT INTO likes (like_id, liked_id, like_date) VALUES ("136","320","2017-03-01 16:03:29");


INSERT INTO user (id, first_name, last_name, username, email, password, birthdate, gender, orientation, bio, country, state, city, zip, file_1, file_2, file_3, file_4, file_5, score, token, token_date, active, register, created_at, updated_at) VALUES ("137","Juston","Rodriguez","rbaumbach","judson.stracke@gmail.com","$2y$10$JmxCUMS1wjv7dtPy9iA2jet/ZnnEYlMZb/hfBbgnKgi4RpNakC922","1955-07-12 05:27:07","2","1","In aspernatur reprehenderit occaecati id. Sit molestiae nemo vel quis voluptatem. Voluptatibus quos neque nam porro quia. Perferendis omnis non sunt at doloribus quam qui. Voluptas velit vel eum nihil.","Portugal","","Baumbachville","84138","../fixtures/female6.jpg","","","","","9","7b1e9e04b343457eab8c29d6809facf4","1980-12-11 08:15:16","0","0","1976-11-19 10:25:02","1997-10-11 18:30:25");
INSERT INTO user_tag (user_id, tag_id) VALUES ("137","4");
INSERT INTO user_tag (user_id, tag_id) VALUES ("137","35");
INSERT INTO user_tag (user_id, tag_id) VALUES ("137","23");
INSERT INTO user_tag (user_id, tag_id) VALUES ("137","8");
INSERT INTO user_tag (user_id, tag_id) VALUES ("137","34");
INSERT INTO user_tag (user_id, tag_id) VALUES ("137","37");
INSERT INTO user_tag (user_id, tag_id) VALUES ("137","3");
INSERT INTO user_tag (user_id, tag_id) VALUES ("137","43");
INSERT INTO user_tag (user_id, tag_id) VALUES ("137","10");
INSERT INTO user_tag (user_id, tag_id) VALUES ("137","6");
INSERT INTO user_tag (user_id, tag_id) VALUES ("137","4");
INSERT INTO user_tag (user_id, tag_id) VALUES ("137","24");


INSERT INTO likes (like_id, liked_id, like_date) VALUES ("137","328","2017-11-14 01:37:34");
INSERT INTO likes (like_id, liked_id, like_date) VALUES ("137","35","2017-05-07 10:51:19");
INSERT INTO likes (like_id, liked_id, like_date) VALUES ("137","361","2017-11-13 05:39:50");
INSERT INTO likes (like_id, liked_id, like_date) VALUES ("137","209","2017-04-17 12:12:46");
INSERT INTO likes (like_id, liked_id, like_date) VALUES ("137","305","2017-11-02 02:25:46");
INSERT INTO likes (like_id, liked_id, like_date) VALUES ("137","97","2017-05-06 15:46:49");
INSERT INTO likes (like_id, liked_id, like_date) VALUES ("137","474","2017-07-19 06:45:53");
INSERT INTO likes (like_id, liked_id, like_date) VALUES ("137","212","2017-11-13 16:27:52");
INSERT INTO likes (like_id, liked_id, like_date) VALUES ("137","430","2017-07-08 02:14:35");
INSERT INTO likes (like_id, liked_id, like_date) VALUES ("137","82","2017-03-29 10:15:35");
INSERT INTO likes (like_id, liked_id, like_date) VALUES ("137","231","2017-06-11 17:27:08");
INSERT INTO likes (like_id, liked_id, like_date) VALUES ("137","230","2017-07-17 08:18:41");
INSERT INTO likes (like_id, liked_id, like_date) VALUES ("137","362","2018-01-02 02:49:44");
INSERT INTO likes (like_id, liked_id, like_date) VALUES ("137","209","2018-02-10 05:19:24");
INSERT INTO likes (like_id, liked_id, like_date) VALUES ("137","59","2017-09-26 21:35:52");
INSERT INTO likes (like_id, liked_id, like_date) VALUES ("137","461","2017-05-04 10:12:27");
INSERT INTO likes (like_id, liked_id, like_date) VALUES ("137","50","2017-06-21 12:26:03");
INSERT INTO likes (like_id, liked_id, like_date) VALUES ("137","235","2017-04-23 08:13:04");
INSERT INTO likes (like_id, liked_id, like_date) VALUES ("137","98","2018-01-08 18:16:19");
INSERT INTO likes (like_id, liked_id, like_date) VALUES ("137","284","2017-09-13 00:02:06");


INSERT INTO user (id, first_name, last_name, username, email, password, birthdate, gender, orientation, bio, country, state, city, zip, file_1, file_2, file_3, file_4, file_5, score, token, token_date, active, register, created_at, updated_at) VALUES ("138","Dolores","Bartell","blickjaniya","leanne.russel@gmail.com","$2y$10$SYzVq2g/XocUODnV.kcK/.Rcvsa6jJ6UieaE0J.bz6zoUXrBC9c1u","1981-12-13 08:04:42","2","3","Ab perferendis aspernatur tempora dolorem. Eveniet occaecati veritatis impedit qui. Fugiat aliquid architecto est quo aut.","Egypt","","Mariettaton","66674","../fixtures/female3.jpg","../fixtures/female7.jpg","","","","15","542cd93e291d4b86db210c295b98974f","2000-07-20 11:45:02","0","0","1996-09-01 11:06:20","1988-11-12 04:06:02");
INSERT INTO user_tag (user_id, tag_id) VALUES ("138","34");


INSERT INTO likes (like_id, liked_id, like_date) VALUES ("138","84","2017-11-22 20:31:58");
INSERT INTO likes (like_id, liked_id, like_date) VALUES ("138","128","2017-03-13 03:52:28");
INSERT INTO likes (like_id, liked_id, like_date) VALUES ("138","78","2017-06-03 10:42:52");
INSERT INTO likes (like_id, liked_id, like_date) VALUES ("138","244","2017-10-02 02:44:04");
INSERT INTO likes (like_id, liked_id, like_date) VALUES ("138","330","2017-10-13 14:46:59");
INSERT INTO likes (like_id, liked_id, like_date) VALUES ("138","238","2017-12-10 04:52:56");
INSERT INTO likes (like_id, liked_id, like_date) VALUES ("138","292","2017-03-09 15:04:59");
INSERT INTO likes (like_id, liked_id, like_date) VALUES ("138","84","2017-09-09 20:00:13");
INSERT INTO likes (like_id, liked_id, like_date) VALUES ("138","275","2018-01-05 04:56:10");
INSERT INTO likes (like_id, liked_id, like_date) VALUES ("138","151","2017-03-16 12:43:29");
INSERT INTO likes (like_id, liked_id, like_date) VALUES ("138","116","2017-08-01 12:17:39");
INSERT INTO likes (like_id, liked_id, like_date) VALUES ("138","77","2017-02-23 10:51:00");
INSERT INTO likes (like_id, liked_id, like_date) VALUES ("138","300","2017-07-09 13:17:15");
INSERT INTO likes (like_id, liked_id, like_date) VALUES ("138","241","2017-02-15 19:43:07");
INSERT INTO likes (like_id, liked_id, like_date) VALUES ("138","102","2017-07-10 07:56:24");
INSERT INTO likes (like_id, liked_id, like_date) VALUES ("138","381","2017-09-04 17:57:17");
INSERT INTO likes (like_id, liked_id, like_date) VALUES ("138","125","2018-01-25 21:28:26");
INSERT INTO likes (like_id, liked_id, like_date) VALUES ("138","285","2017-03-30 01:38:27");


INSERT INTO user (id, first_name, last_name, username, email, password, birthdate, gender, orientation, bio, country, state, city, zip, file_1, file_2, file_3, file_4, file_5, score, token, token_date, active, register, created_at, updated_at) VALUES ("139","Isac","Wintheiser","gtrantow","lebsack.kyla@considine.info","$2y$10$NmaQVDekTN9prkwxL5uvMumnidFvykFUbhZ5knksTkImDZfZ0LHPC","1999-10-02 07:09:54","2","2","Fuga iure maiores nihil harum et. Autem tempore qui saepe exercitationem et explicabo. Sit adipisci fuga rerum necessitatibus accusamus quo. Et error et incidunt quis sit.","Mauritania","","Shieldsside","55409-2895","../fixtures/female5.jpg","","","","","30","904815fbe6ef2b78f014f21b0211c46d","1987-01-27 23:51:40","1","1","2003-03-29 17:29:41","1975-08-26 19:51:34");
INSERT INTO user_tag (user_id, tag_id) VALUES ("139","42");
INSERT INTO user_tag (user_id, tag_id) VALUES ("139","21");
INSERT INTO user_tag (user_id, tag_id) VALUES ("139","9");
INSERT INTO user_tag (user_id, tag_id) VALUES ("139","43");
INSERT INTO user_tag (user_id, tag_id) VALUES ("139","7");
INSERT INTO user_tag (user_id, tag_id) VALUES ("139","44");
INSERT INTO user_tag (user_id, tag_id) VALUES ("139","28");
INSERT INTO user_tag (user_id, tag_id) VALUES ("139","5");
INSERT INTO user_tag (user_id, tag_id) VALUES ("139","18");
INSERT INTO user_tag (user_id, tag_id) VALUES ("139","30");
INSERT INTO user_tag (user_id, tag_id) VALUES ("139","46");


INSERT INTO likes (like_id, liked_id, like_date) VALUES ("139","395","2017-05-05 06:35:34");
INSERT INTO likes (like_id, liked_id, like_date) VALUES ("139","94","2017-11-25 05:11:24");
INSERT INTO likes (like_id, liked_id, like_date) VALUES ("139","432","2017-08-20 10:41:35");
INSERT INTO likes (like_id, liked_id, like_date) VALUES ("139","342","2017-05-17 09:13:45");
INSERT INTO likes (like_id, liked_id, like_date) VALUES ("139","206","2017-12-05 14:23:57");
INSERT INTO likes (like_id, liked_id, like_date) VALUES ("139","259","2017-06-13 03:27:27");
INSERT INTO likes (like_id, liked_id, like_date) VALUES ("139","327","2017-06-15 07:08:51");
INSERT INTO likes (like_id, liked_id, like_date) VALUES ("139","224","2017-10-09 08:31:50");
INSERT INTO likes (like_id, liked_id, like_date) VALUES ("139","201","2017-05-06 10:47:03");
INSERT INTO likes (like_id, liked_id, like_date) VALUES ("139","500","2017-10-27 19:24:39");
INSERT INTO likes (like_id, liked_id, like_date) VALUES ("139","422","2017-09-22 18:36:21");
INSERT INTO likes (like_id, liked_id, like_date) VALUES ("139","126","2017-07-17 07:46:34");
INSERT INTO likes (like_id, liked_id, like_date) VALUES ("139","182","2018-01-11 15:08:44");


INSERT INTO user (id, first_name, last_name, username, email, password, birthdate, gender, orientation, bio, country, state, city, zip, file_1, file_2, file_3, file_4, file_5, score, token, token_date, active, register, created_at, updated_at) VALUES ("140","Molly","Sipes","randal68","chelsie.buckridge@hermann.com","$2y$10$TvKhIAPl.HMOCLExBy.IN.i3hqQokG/abYC/gW8fTekju234VMstC","1976-11-06 12:45:32","2","1","Voluptatem animi molestiae facere libero voluptates. Placeat nulla laborum velit id. Quibusdam deleniti molestiae similique consequatur totam optio sit.","Jamaica","","East Seanfort","93119","../fixtures/female4.jpg","../fixtures/female8.jpg","../fixtures/female1.jpg","","","9","0b8c2513ac47aabe26e4587cd55edfa0","1972-06-25 02:51:05","1","0","1980-11-26 18:37:36","1989-12-01 14:01:53");
INSERT INTO user_tag (user_id, tag_id) VALUES ("140","3");
INSERT INTO user_tag (user_id, tag_id) VALUES ("140","8");
INSERT INTO user_tag (user_id, tag_id) VALUES ("140","6");


INSERT INTO likes (like_id, liked_id, like_date) VALUES ("140","64","2017-10-18 02:32:42");
INSERT INTO likes (like_id, liked_id, like_date) VALUES ("140","84","2017-03-10 21:01:07");
INSERT INTO likes (like_id, liked_id, like_date) VALUES ("140","134","2017-12-16 09:18:49");
INSERT INTO likes (like_id, liked_id, like_date) VALUES ("140","164","2017-04-16 18:24:57");
INSERT INTO likes (like_id, liked_id, like_date) VALUES ("140","185","2017-08-03 12:41:40");


INSERT INTO user (id, first_name, last_name, username, email, password, birthdate, gender, orientation, bio, country, state, city, zip, file_1, file_2, file_3, file_4, file_5, score, token, token_date, active, register, created_at, updated_at) VALUES ("141","Gloria","Schimmel","vhettinger","qlabadie@schuppe.net","$2y$10$ALcngEFKvn2WgexX3nnLnuZj/6h6uGQ6sWnjkYVPehNA4d/xHQ2wO","1965-08-18 19:40:08","2","1","Non id voluptatem optio ea consectetur. Placeat repellendus aut repellat aspernatur. Ipsum est non perspiciatis explicabo libero consequatur ad corporis.","Puerto Rico","","East Theodoraland","17348","../fixtures/female1.jpg","../fixtures/female2.jpg","../fixtures/female9.jpg","../fixtures/female10.jpg","../fixtures/female5.jpg","65","a29f907f4e63cee1c6c4142f55925b02","2006-01-15 14:41:41","1","1","1980-02-15 16:14:37","1991-07-19 13:43:48");
INSERT INTO user_tag (user_id, tag_id) VALUES ("141","9");
INSERT INTO user_tag (user_id, tag_id) VALUES ("141","50");


INSERT INTO likes (like_id, liked_id, like_date) VALUES ("141","85","2017-06-07 08:32:32");
INSERT INTO likes (like_id, liked_id, like_date) VALUES ("141","314","2017-09-26 05:37:08");
INSERT INTO likes (like_id, liked_id, like_date) VALUES ("141","137","2017-11-20 15:25:03");
INSERT INTO likes (like_id, liked_id, like_date) VALUES ("141","226","2017-11-06 09:48:37");
INSERT INTO likes (like_id, liked_id, like_date) VALUES ("141","350","2017-05-18 15:04:33");
INSERT INTO likes (like_id, liked_id, like_date) VALUES ("141","362","2017-08-10 13:52:44");
INSERT INTO likes (like_id, liked_id, like_date) VALUES ("141","206","2018-01-31 23:12:45");
INSERT INTO likes (like_id, liked_id, like_date) VALUES ("141","452","2017-12-31 09:26:36");
INSERT INTO likes (like_id, liked_id, like_date) VALUES ("141","129","2017-12-13 17:01:43");


INSERT INTO user (id, first_name, last_name, username, email, password, birthdate, gender, orientation, bio, country, state, city, zip, file_1, file_2, file_3, file_4, file_5, score, token, token_date, active, register, created_at, updated_at) VALUES ("142","Lizeth","Wehner","lailabailey","schneider.berry@yahoo.com","$2y$10$TbhLqTqG/BWuVec8x4M7OO17.np9QrtUGUhDfaXE.aO8dn2Kwsx.m","1961-12-17 22:07:57","2","2","Amet cum aut unde tempore. Autem voluptas enim minima facilis molestias quia tempore quia. Doloremque tenetur repellat quae qui velit. Laboriosam sed molestiae pariatur rerum quam. Et ipsa sit explicabo amet voluptatum.","Mongolia","","Port Delmer","54789","../fixtures/female6.jpg","","","","","84","be087b8a15c7bd730e78beb77329a7ff","1992-08-05 22:38:47","1","0","1976-04-11 18:15:36","2004-12-05 15:41:05");
INSERT INTO user_tag (user_id, tag_id) VALUES ("142","46");
INSERT INTO user_tag (user_id, tag_id) VALUES ("142","16");
INSERT INTO user_tag (user_id, tag_id) VALUES ("142","44");
INSERT INTO user_tag (user_id, tag_id) VALUES ("142","41");
INSERT INTO user_tag (user_id, tag_id) VALUES ("142","17");
INSERT INTO user_tag (user_id, tag_id) VALUES ("142","23");
INSERT INTO user_tag (user_id, tag_id) VALUES ("142","26");
INSERT INTO user_tag (user_id, tag_id) VALUES ("142","17");


INSERT INTO likes (like_id, liked_id, like_date) VALUES ("142","488","2018-01-13 12:29:10");
INSERT INTO likes (like_id, liked_id, like_date) VALUES ("142","441","2017-08-29 21:56:40");
INSERT INTO likes (like_id, liked_id, like_date) VALUES ("142","192","2017-09-13 14:57:21");
INSERT INTO likes (like_id, liked_id, like_date) VALUES ("142","264","2018-01-12 19:57:32");


INSERT INTO user (id, first_name, last_name, username, email, password, birthdate, gender, orientation, bio, country, state, city, zip, file_1, file_2, file_3, file_4, file_5, score, token, token_date, active, register, created_at, updated_at) VALUES ("143","Jon","Keebler","sunnybednar","rupert32@cruickshank.biz","$2y$10$nuR9HUzhNoe8dyZMcVm4wuuNgrBkdBL72reqZwcqjWjFIczlNDjzC","1957-09-21 17:30:47","2","2","Provident quo harum modi qui omnis veniam. Aliquid culpa eos deserunt et omnis cum. Totam deleniti voluptas vitae facere autem voluptatibus fugit.","Bosnia and Herzegovina","","New Nicobury","43566","../fixtures/female1.jpg","../fixtures/female8.jpg","../fixtures/female2.jpg","../fixtures/female8.jpg","","38","016942d7efe6adee1822adbd6621bd88","1993-08-07 04:09:38","1","0","1996-08-10 05:00:50","1975-12-18 16:23:11");
INSERT INTO user_tag (user_id, tag_id) VALUES ("143","44");
INSERT INTO user_tag (user_id, tag_id) VALUES ("143","41");
INSERT INTO user_tag (user_id, tag_id) VALUES ("143","6");
INSERT INTO user_tag (user_id, tag_id) VALUES ("143","49");
INSERT INTO user_tag (user_id, tag_id) VALUES ("143","26");
INSERT INTO user_tag (user_id, tag_id) VALUES ("143","35");
INSERT INTO user_tag (user_id, tag_id) VALUES ("143","33");
INSERT INTO user_tag (user_id, tag_id) VALUES ("143","47");
INSERT INTO user_tag (user_id, tag_id) VALUES ("143","39");
INSERT INTO user_tag (user_id, tag_id) VALUES ("143","47");
INSERT INTO user_tag (user_id, tag_id) VALUES ("143","41");
INSERT INTO user_tag (user_id, tag_id) VALUES ("143","2");


INSERT INTO likes (like_id, liked_id, like_date) VALUES ("143","438","2017-12-07 15:15:32");


INSERT INTO user (id, first_name, last_name, username, email, password, birthdate, gender, orientation, bio, country, state, city, zip, file_1, file_2, file_3, file_4, file_5, score, token, token_date, active, register, created_at, updated_at) VALUES ("144","Eliseo","Eichmann","colestreich","amparo.windler@hotmail.com","$2y$10$94uS3ZwAmNyaDozOK3vzX.hkNb/5GRCSBbE23VLwfgX6W5C8j1uiS","1973-07-14 20:16:45","1","3","Delectus impedit expedita expedita ullam iste deserunt repellendus. Ex ullam omnis autem non. Dolores ratione et aperiam odio ut deleniti.","France","","East Deondre","20006-0808","../fixtures/male6.jpg","../fixtures/male9.jpg","../fixtures/male1.jpg","../fixtures/male7.jpg","../fixtures/male1.jpg","62","559d4ef388892a4fba8559e1b1fc7308","1985-07-31 05:54:37","1","1","1991-04-17 13:13:11","2006-05-02 03:59:06");
INSERT INTO user_tag (user_id, tag_id) VALUES ("144","6");
INSERT INTO user_tag (user_id, tag_id) VALUES ("144","33");
INSERT INTO user_tag (user_id, tag_id) VALUES ("144","33");
INSERT INTO user_tag (user_id, tag_id) VALUES ("144","6");
INSERT INTO user_tag (user_id, tag_id) VALUES ("144","14");
INSERT INTO user_tag (user_id, tag_id) VALUES ("144","8");
INSERT INTO user_tag (user_id, tag_id) VALUES ("144","9");
INSERT INTO user_tag (user_id, tag_id) VALUES ("144","17");
INSERT INTO user_tag (user_id, tag_id) VALUES ("144","14");
INSERT INTO user_tag (user_id, tag_id) VALUES ("144","35");
INSERT INTO user_tag (user_id, tag_id) VALUES ("144","35");


INSERT INTO likes (like_id, liked_id, like_date) VALUES ("144","397","2017-06-14 15:28:29");
INSERT INTO likes (like_id, liked_id, like_date) VALUES ("144","366","2017-12-02 20:26:46");
INSERT INTO likes (like_id, liked_id, like_date) VALUES ("144","407","2018-02-05 18:05:27");
INSERT INTO likes (like_id, liked_id, like_date) VALUES ("144","275","2017-06-26 01:14:37");
INSERT INTO likes (like_id, liked_id, like_date) VALUES ("144","496","2017-08-08 05:45:10");
INSERT INTO likes (like_id, liked_id, like_date) VALUES ("144","396","2017-11-20 00:11:13");
INSERT INTO likes (like_id, liked_id, like_date) VALUES ("144","447","2017-05-01 20:47:20");
INSERT INTO likes (like_id, liked_id, like_date) VALUES ("144","251","2017-08-28 09:16:24");
INSERT INTO likes (like_id, liked_id, like_date) VALUES ("144","208","2017-10-27 01:12:59");
INSERT INTO likes (like_id, liked_id, like_date) VALUES ("144","380","2018-01-02 02:15:32");
INSERT INTO likes (like_id, liked_id, like_date) VALUES ("144","247","2017-04-22 12:58:40");
INSERT INTO likes (like_id, liked_id, like_date) VALUES ("144","408","2017-02-25 21:52:27");
INSERT INTO likes (like_id, liked_id, like_date) VALUES ("144","204","2017-09-10 23:30:15");


INSERT INTO user (id, first_name, last_name, username, email, password, birthdate, gender, orientation, bio, country, state, city, zip, file_1, file_2, file_3, file_4, file_5, score, token, token_date, active, register, created_at, updated_at) VALUES ("145","Paula","Paucek","howeroxanne","michaela.wehner@mante.com","$2y$10$xXQm2cpIS8PTjOv/75z56Owwu2b.A5J9rmJndjK5zrzYcsnshwQ0m","1953-01-13 00:32:41","2","3","Quae recusandae optio nesciunt perferendis qui tempore consequuntur libero. Suscipit perferendis ad rerum aut. Sit et enim reprehenderit doloribus enim eos quaerat. Nihil asperiores fugit magnam iste recusandae.","Turks and Caicos Islands","","West Ressiemouth","76491-7288","../fixtures/female8.jpg","../fixtures/female7.jpg","../fixtures/female4.jpg","../fixtures/female1.jpg","","97","31e469a06cf280fd7176b77e799a5f59","1997-05-08 18:06:39","0","0","1984-01-25 15:38:50","1996-08-20 21:32:21");
INSERT INTO user_tag (user_id, tag_id) VALUES ("145","14");
INSERT INTO user_tag (user_id, tag_id) VALUES ("145","14");
INSERT INTO user_tag (user_id, tag_id) VALUES ("145","36");
INSERT INTO user_tag (user_id, tag_id) VALUES ("145","10");
INSERT INTO user_tag (user_id, tag_id) VALUES ("145","24");
INSERT INTO user_tag (user_id, tag_id) VALUES ("145","48");
INSERT INTO user_tag (user_id, tag_id) VALUES ("145","15");
INSERT INTO user_tag (user_id, tag_id) VALUES ("145","32");
INSERT INTO user_tag (user_id, tag_id) VALUES ("145","26");
INSERT INTO user_tag (user_id, tag_id) VALUES ("145","6");
INSERT INTO user_tag (user_id, tag_id) VALUES ("145","16");
INSERT INTO user_tag (user_id, tag_id) VALUES ("145","13");


INSERT INTO likes (like_id, liked_id, like_date) VALUES ("145","359","2018-01-22 17:34:11");
INSERT INTO likes (like_id, liked_id, like_date) VALUES ("145","409","2017-11-13 06:09:35");
INSERT INTO likes (like_id, liked_id, like_date) VALUES ("145","39","2017-05-26 11:55:47");
INSERT INTO likes (like_id, liked_id, like_date) VALUES ("145","137","2017-10-19 03:56:19");
INSERT INTO likes (like_id, liked_id, like_date) VALUES ("145","90","2017-12-10 04:39:16");
INSERT INTO likes (like_id, liked_id, like_date) VALUES ("145","164","2017-02-14 09:42:26");
INSERT INTO likes (like_id, liked_id, like_date) VALUES ("145","412","2017-12-21 19:36:55");
INSERT INTO likes (like_id, liked_id, like_date) VALUES ("145","386","2017-03-11 19:37:01");
INSERT INTO likes (like_id, liked_id, like_date) VALUES ("145","488","2018-02-03 10:41:22");
INSERT INTO likes (like_id, liked_id, like_date) VALUES ("145","282","2017-10-10 20:18:06");
INSERT INTO likes (like_id, liked_id, like_date) VALUES ("145","134","2017-08-05 15:54:44");
INSERT INTO likes (like_id, liked_id, like_date) VALUES ("145","98","2017-04-01 20:51:14");


INSERT INTO user (id, first_name, last_name, username, email, password, birthdate, gender, orientation, bio, country, state, city, zip, file_1, file_2, file_3, file_4, file_5, score, token, token_date, active, register, created_at, updated_at) VALUES ("146","Rylee","Wyman","kirstinmckenzie","nader.rico@hartmann.com","$2y$10$75fJQj28a4tQCCSY425mmeLx4xCkvtelLUFsp1gmh0n2EBcyqxOwe","1981-07-04 06:15:32","1","2","Quasi suscipit est aperiam aut. Omnis iusto quia enim ad quasi tempora doloremque. Ipsum sunt ea libero rerum inventore.","Ethiopia","","Bertashire","06159-4671","../fixtures/male9.jpg","","","","","79","d251164f832cdcb098370f62a3cc0f31","2002-09-21 01:28:55","1","0","2010-04-18 00:14:45","1984-11-07 03:43:13");
INSERT INTO user_tag (user_id, tag_id) VALUES ("146","25");
INSERT INTO user_tag (user_id, tag_id) VALUES ("146","18");
INSERT INTO user_tag (user_id, tag_id) VALUES ("146","6");
INSERT INTO user_tag (user_id, tag_id) VALUES ("146","37");
INSERT INTO user_tag (user_id, tag_id) VALUES ("146","9");
INSERT INTO user_tag (user_id, tag_id) VALUES ("146","45");
INSERT INTO user_tag (user_id, tag_id) VALUES ("146","29");
INSERT INTO user_tag (user_id, tag_id) VALUES ("146","30");
INSERT INTO user_tag (user_id, tag_id) VALUES ("146","26");
INSERT INTO user_tag (user_id, tag_id) VALUES ("146","42");
INSERT INTO user_tag (user_id, tag_id) VALUES ("146","5");
INSERT INTO user_tag (user_id, tag_id) VALUES ("146","23");


INSERT INTO likes (like_id, liked_id, like_date) VALUES ("146","429","2017-06-05 04:43:16");


INSERT INTO user (id, first_name, last_name, username, email, password, birthdate, gender, orientation, bio, country, state, city, zip, file_1, file_2, file_3, file_4, file_5, score, token, token_date, active, register, created_at, updated_at) VALUES ("147","Stan","Conroy","tyrese77","dayna82@yahoo.com","$2y$10$LfAV3B5aePZVffG0fBXWBOdG0HyujhH80SZwYKDGCEw4uFx.A02wO","1995-08-20 03:47:59","1","2","Vero eum non ab eligendi optio architecto sunt. Est id est quae nostrum et. Quaerat incidunt iste ut aut. Minus soluta harum cum nemo sint commodi.","Falkland Islands (Malvinas)","","Lilianestad","56115-3741","../fixtures/male4.jpg","../fixtures/male1.jpg","","","","20","c8b93483f2cfd9673cdfc5c511b75ba3","2017-07-10 09:04:47","0","0","1992-08-03 00:13:16","1971-01-17 15:44:04");
INSERT INTO user_tag (user_id, tag_id) VALUES ("147","28");


INSERT INTO likes (like_id, liked_id, like_date) VALUES ("147","455","2017-07-31 07:57:54");
INSERT INTO likes (like_id, liked_id, like_date) VALUES ("147","38","2017-10-31 05:03:53");
INSERT INTO likes (like_id, liked_id, like_date) VALUES ("147","465","2017-06-08 07:44:31");
INSERT INTO likes (like_id, liked_id, like_date) VALUES ("147","319","2017-03-10 03:23:11");
INSERT INTO likes (like_id, liked_id, like_date) VALUES ("147","66","2017-05-02 23:27:45");
INSERT INTO likes (like_id, liked_id, like_date) VALUES ("147","99","2017-05-15 09:51:41");
INSERT INTO likes (like_id, liked_id, like_date) VALUES ("147","479","2017-06-10 11:16:04");
INSERT INTO likes (like_id, liked_id, like_date) VALUES ("147","252","2018-01-25 17:09:58");
INSERT INTO likes (like_id, liked_id, like_date) VALUES ("147","206","2018-01-19 15:18:06");
INSERT INTO likes (like_id, liked_id, like_date) VALUES ("147","419","2017-08-29 16:39:28");
INSERT INTO likes (like_id, liked_id, like_date) VALUES ("147","274","2017-11-30 03:56:06");
INSERT INTO likes (like_id, liked_id, like_date) VALUES ("147","46","2017-03-11 20:52:10");
INSERT INTO likes (like_id, liked_id, like_date) VALUES ("147","183","2017-05-10 21:23:26");


INSERT INTO user (id, first_name, last_name, username, email, password, birthdate, gender, orientation, bio, country, state, city, zip, file_1, file_2, file_3, file_4, file_5, score, token, token_date, active, register, created_at, updated_at) VALUES ("148","Levi","Morar","tevin42","rosinski@yahoo.com","$2y$10$lDwgcgCC/n6zqge6eQaJjOI7h56H3BqMAXNP3xA9t65YijBTdH0N.","1973-11-02 00:47:32","2","2","Vel quaerat reprehenderit soluta est magni neque. Ut in non est eos dolor rerum.","Ecuador","","Lake Jovanchester","52396-1226","../fixtures/female5.jpg","../fixtures/female7.jpg","../fixtures/female5.jpg","../fixtures/female10.jpg","","83","e07d1a71d8f4db18af6fd762a0a6e62b","2017-03-10 04:09:19","0","0","1973-04-09 10:31:27","1984-12-19 16:00:35");
INSERT INTO user_tag (user_id, tag_id) VALUES ("148","28");
INSERT INTO user_tag (user_id, tag_id) VALUES ("148","28");
INSERT INTO user_tag (user_id, tag_id) VALUES ("148","28");
INSERT INTO user_tag (user_id, tag_id) VALUES ("148","22");
INSERT INTO user_tag (user_id, tag_id) VALUES ("148","49");


INSERT INTO likes (like_id, liked_id, like_date) VALUES ("148","404","2017-02-25 05:03:20");
INSERT INTO likes (like_id, liked_id, like_date) VALUES ("148","352","2017-08-30 17:18:20");
INSERT INTO likes (like_id, liked_id, like_date) VALUES ("148","383","2017-11-23 04:24:03");
INSERT INTO likes (like_id, liked_id, like_date) VALUES ("148","248","2017-05-29 00:09:12");
INSERT INTO likes (like_id, liked_id, like_date) VALUES ("148","360","2017-04-04 04:54:49");
INSERT INTO likes (like_id, liked_id, like_date) VALUES ("148","62","2017-09-28 09:26:54");
INSERT INTO likes (like_id, liked_id, like_date) VALUES ("148","420","2017-05-10 03:53:08");
INSERT INTO likes (like_id, liked_id, like_date) VALUES ("148","271","2017-04-20 14:24:16");
INSERT INTO likes (like_id, liked_id, like_date) VALUES ("148","26","2017-12-02 08:06:54");
INSERT INTO likes (like_id, liked_id, like_date) VALUES ("148","110","2017-08-09 00:24:19");
INSERT INTO likes (like_id, liked_id, like_date) VALUES ("148","188","2017-07-22 17:27:41");
INSERT INTO likes (like_id, liked_id, like_date) VALUES ("148","196","2018-01-19 05:55:29");
INSERT INTO likes (like_id, liked_id, like_date) VALUES ("148","421","2017-09-26 22:47:21");
INSERT INTO likes (like_id, liked_id, like_date) VALUES ("148","259","2018-02-10 19:39:59");
INSERT INTO likes (like_id, liked_id, like_date) VALUES ("148","125","2017-09-07 09:35:07");


INSERT INTO user (id, first_name, last_name, username, email, password, birthdate, gender, orientation, bio, country, state, city, zip, file_1, file_2, file_3, file_4, file_5, score, token, token_date, active, register, created_at, updated_at) VALUES ("149","Jeanie","Quitzon","yasminmante","timothy34@rath.com","$2y$10$fSSgzlq.LWzf8qqmcJSFP.99380mRD1Jpotdp2DVrlfY39GApOxgK","1954-02-24 02:39:31","2","2","Molestias tenetur accusamus eaque vel asperiores dolorem in. Accusamus praesentium asperiores quia aut et recusandae. Delectus sed consectetur qui laudantium quos nihil. Eligendi ut odio nulla veritatis ea quas qui.","Burkina Faso","","Danielville","16752","../fixtures/female8.jpg","../fixtures/female10.jpg","../fixtures/female7.jpg","../fixtures/female4.jpg","../fixtures/female6.jpg","20","1c25867237ee9e7d98a17e1090982c8f","1987-01-23 09:55:35","1","1","2007-04-16 15:00:22","1978-01-25 15:34:28");
INSERT INTO user_tag (user_id, tag_id) VALUES ("149","22");
INSERT INTO user_tag (user_id, tag_id) VALUES ("149","10");
INSERT INTO user_tag (user_id, tag_id) VALUES ("149","10");
INSERT INTO user_tag (user_id, tag_id) VALUES ("149","25");
INSERT INTO user_tag (user_id, tag_id) VALUES ("149","45");


INSERT INTO likes (like_id, liked_id, like_date) VALUES ("149","153","2017-07-17 16:44:51");
INSERT INTO likes (like_id, liked_id, like_date) VALUES ("149","481","2017-09-24 05:07:05");
INSERT INTO likes (like_id, liked_id, like_date) VALUES ("149","374","2018-01-11 16:11:18");
INSERT INTO likes (like_id, liked_id, like_date) VALUES ("149","20","2018-01-17 12:02:46");
INSERT INTO likes (like_id, liked_id, like_date) VALUES ("149","448","2017-04-19 01:45:57");
INSERT INTO likes (like_id, liked_id, like_date) VALUES ("149","296","2017-10-23 06:42:03");
INSERT INTO likes (like_id, liked_id, like_date) VALUES ("149","123","2017-04-15 09:21:24");
INSERT INTO likes (like_id, liked_id, like_date) VALUES ("149","201","2017-08-09 23:32:16");
INSERT INTO likes (like_id, liked_id, like_date) VALUES ("149","344","2017-09-25 22:34:22");
INSERT INTO likes (like_id, liked_id, like_date) VALUES ("149","104","2017-07-11 15:50:52");
INSERT INTO likes (like_id, liked_id, like_date) VALUES ("149","431","2017-08-09 00:34:47");
INSERT INTO likes (like_id, liked_id, like_date) VALUES ("149","238","2017-08-19 15:34:06");
INSERT INTO likes (like_id, liked_id, like_date) VALUES ("149","431","2018-01-25 10:54:56");
INSERT INTO likes (like_id, liked_id, like_date) VALUES ("149","387","2017-08-22 08:02:12");
INSERT INTO likes (like_id, liked_id, like_date) VALUES ("149","215","2017-04-06 12:05:24");
INSERT INTO likes (like_id, liked_id, like_date) VALUES ("149","41","2017-04-21 22:20:18");
INSERT INTO likes (like_id, liked_id, like_date) VALUES ("149","69","2017-10-26 16:55:40");
INSERT INTO likes (like_id, liked_id, like_date) VALUES ("149","61","2018-02-12 18:05:51");


INSERT INTO user (id, first_name, last_name, username, email, password, birthdate, gender, orientation, bio, country, state, city, zip, file_1, file_2, file_3, file_4, file_5, score, token, token_date, active, register, created_at, updated_at) VALUES ("150","Renee","Gerhold","kochwallace","ayana.schmitt@bednar.com","$2y$10$dcF0xNqc4h/rxC/E3RhUsuiRpU0dFa9bsFIHLvutmyCuLCtkLPqVS","1971-11-28 06:18:21","1","3","Non vel ut et natus soluta aperiam quia. Quisquam porro quia voluptate minus necessitatibus aliquid. Accusamus voluptatum et dolores sit ad. Aspernatur veniam in dolor qui consequatur.","Algeria","","Eliland","48307-8427","../fixtures/male10.jpg","../fixtures/male10.jpg","","","","61","4516008b9d75880377878c8eef104dae","1981-08-31 16:47:48","0","0","2016-04-23 07:54:32","2014-01-11 08:27:19");
INSERT INTO user_tag (user_id, tag_id) VALUES ("150","34");
INSERT INTO user_tag (user_id, tag_id) VALUES ("150","19");
INSERT INTO user_tag (user_id, tag_id) VALUES ("150","2");
INSERT INTO user_tag (user_id, tag_id) VALUES ("150","25");
INSERT INTO user_tag (user_id, tag_id) VALUES ("150","3");
INSERT INTO user_tag (user_id, tag_id) VALUES ("150","23");
INSERT INTO user_tag (user_id, tag_id) VALUES ("150","6");
INSERT INTO user_tag (user_id, tag_id) VALUES ("150","29");


INSERT INTO likes (like_id, liked_id, like_date) VALUES ("150","404","2017-02-20 13:17:28");
INSERT INTO likes (like_id, liked_id, like_date) VALUES ("150","46","2017-05-02 08:59:54");
INSERT INTO likes (like_id, liked_id, like_date) VALUES ("150","251","2018-01-10 04:42:29");
INSERT INTO likes (like_id, liked_id, like_date) VALUES ("150","372","2017-03-30 05:12:14");
INSERT INTO likes (like_id, liked_id, like_date) VALUES ("150","258","2017-05-29 08:26:37");
INSERT INTO likes (like_id, liked_id, like_date) VALUES ("150","67","2017-09-04 18:07:07");
INSERT INTO likes (like_id, liked_id, like_date) VALUES ("150","487","2017-05-01 14:05:52");
INSERT INTO likes (like_id, liked_id, like_date) VALUES ("150","230","2017-04-10 20:59:41");
INSERT INTO likes (like_id, liked_id, like_date) VALUES ("150","500","2017-11-28 00:41:53");
INSERT INTO likes (like_id, liked_id, like_date) VALUES ("150","326","2017-09-21 18:39:19");
INSERT INTO likes (like_id, liked_id, like_date) VALUES ("150","439","2017-05-29 21:58:17");
INSERT INTO likes (like_id, liked_id, like_date) VALUES ("150","146","2018-01-26 18:35:21");
INSERT INTO likes (like_id, liked_id, like_date) VALUES ("150","287","2017-11-27 19:51:21");
INSERT INTO likes (like_id, liked_id, like_date) VALUES ("150","14","2017-10-23 16:26:29");
INSERT INTO likes (like_id, liked_id, like_date) VALUES ("150","92","2017-07-25 17:38:26");
INSERT INTO likes (like_id, liked_id, like_date) VALUES ("150","223","2017-05-05 17:44:37");


INSERT INTO user (id, first_name, last_name, username, email, password, birthdate, gender, orientation, bio, country, state, city, zip, file_1, file_2, file_3, file_4, file_5, score, token, token_date, active, register, created_at, updated_at) VALUES ("151","Josue","Hoeger","rschiller","nolan52@haley.com","$2y$10$UsfNtak//GmunrC2ApvdkesLTs3lHhrezuh3UrDMdOUFvEWD43stO","1950-06-02 12:58:24","1","1","In eos hic dolor ea molestiae aspernatur. Tempore non ut libero tempore distinctio aut odio. Dolor quae perferendis minima et corporis odio et aut.","Haiti","","East Hunterchester","35978","../fixtures/male10.jpg","","","","","42","ddcf3d27210d0f4f0f112ccf6bef2385","1991-07-20 21:48:30","0","0","2008-03-20 15:00:14","2010-09-30 12:31:53");
INSERT INTO user_tag (user_id, tag_id) VALUES ("151","38");
INSERT INTO user_tag (user_id, tag_id) VALUES ("151","44");
INSERT INTO user_tag (user_id, tag_id) VALUES ("151","10");
INSERT INTO user_tag (user_id, tag_id) VALUES ("151","49");
INSERT INTO user_tag (user_id, tag_id) VALUES ("151","19");
INSERT INTO user_tag (user_id, tag_id) VALUES ("151","18");
INSERT INTO user_tag (user_id, tag_id) VALUES ("151","5");
INSERT INTO user_tag (user_id, tag_id) VALUES ("151","38");
INSERT INTO user_tag (user_id, tag_id) VALUES ("151","17");
INSERT INTO user_tag (user_id, tag_id) VALUES ("151","11");
INSERT INTO user_tag (user_id, tag_id) VALUES ("151","11");
INSERT INTO user_tag (user_id, tag_id) VALUES ("151","41");
INSERT INTO user_tag (user_id, tag_id) VALUES ("151","25");
INSERT INTO user_tag (user_id, tag_id) VALUES ("151","34");


INSERT INTO likes (like_id, liked_id, like_date) VALUES ("151","192","2017-06-12 21:11:09");
INSERT INTO likes (like_id, liked_id, like_date) VALUES ("151","444","2017-07-13 17:33:48");
INSERT INTO likes (like_id, liked_id, like_date) VALUES ("151","93","2017-08-20 05:56:23");
INSERT INTO likes (like_id, liked_id, like_date) VALUES ("151","382","2017-12-20 06:57:20");


INSERT INTO user (id, first_name, last_name, username, email, password, birthdate, gender, orientation, bio, country, state, city, zip, file_1, file_2, file_3, file_4, file_5, score, token, token_date, active, register, created_at, updated_at) VALUES ("152","Jessy","Thiel","ethelynwitting","qparisian@okeefe.info","$2y$10$gGjXekygF22djkuxyq0unOm5eSnuFlkK01HqxszhzULy78G7o9J0O","1998-07-06 02:54:47","1","1","Fuga et cumque ut neque natus. Animi aspernatur veritatis autem et quo. Assumenda non quo ipsum.","Tokelau","","Lake Daytonburgh","17141","../fixtures/male8.jpg","../fixtures/male10.jpg","../fixtures/male6.jpg","../fixtures/male2.jpg","../fixtures/male3.jpg","79","f58694038557e709aeefbe03cce03d90","1977-12-18 10:20:59","0","0","2009-07-25 00:33:03","1995-01-25 12:25:53");
INSERT INTO user_tag (user_id, tag_id) VALUES ("152","14");
INSERT INTO user_tag (user_id, tag_id) VALUES ("152","3");
INSERT INTO user_tag (user_id, tag_id) VALUES ("152","38");
INSERT INTO user_tag (user_id, tag_id) VALUES ("152","24");
INSERT INTO user_tag (user_id, tag_id) VALUES ("152","16");
INSERT INTO user_tag (user_id, tag_id) VALUES ("152","46");
INSERT INTO user_tag (user_id, tag_id) VALUES ("152","32");
INSERT INTO user_tag (user_id, tag_id) VALUES ("152","12");
INSERT INTO user_tag (user_id, tag_id) VALUES ("152","46");
INSERT INTO user_tag (user_id, tag_id) VALUES ("152","22");
INSERT INTO user_tag (user_id, tag_id) VALUES ("152","13");
INSERT INTO user_tag (user_id, tag_id) VALUES ("152","45");
INSERT INTO user_tag (user_id, tag_id) VALUES ("152","14");


INSERT INTO likes (like_id, liked_id, like_date) VALUES ("152","154","2017-06-23 03:27:29");
INSERT INTO likes (like_id, liked_id, like_date) VALUES ("152","248","2017-06-06 06:50:42");
INSERT INTO likes (like_id, liked_id, like_date) VALUES ("152","386","2017-04-05 13:57:55");
INSERT INTO likes (like_id, liked_id, like_date) VALUES ("152","228","2018-01-19 03:23:37");
INSERT INTO likes (like_id, liked_id, like_date) VALUES ("152","232","2017-10-01 18:58:26");
INSERT INTO likes (like_id, liked_id, like_date) VALUES ("152","411","2017-12-17 16:43:21");
INSERT INTO likes (like_id, liked_id, like_date) VALUES ("152","64","2017-10-01 16:39:27");
INSERT INTO likes (like_id, liked_id, like_date) VALUES ("152","412","2018-01-01 19:19:13");
INSERT INTO likes (like_id, liked_id, like_date) VALUES ("152","358","2017-07-20 03:54:50");
INSERT INTO likes (like_id, liked_id, like_date) VALUES ("152","115","2017-06-10 01:26:48");
INSERT INTO likes (like_id, liked_id, like_date) VALUES ("152","62","2017-08-28 11:51:34");
INSERT INTO likes (like_id, liked_id, like_date) VALUES ("152","337","2017-06-25 05:27:59");
INSERT INTO likes (like_id, liked_id, like_date) VALUES ("152","44","2018-01-22 01:58:44");
INSERT INTO likes (like_id, liked_id, like_date) VALUES ("152","196","2018-02-01 14:08:26");
INSERT INTO likes (like_id, liked_id, like_date) VALUES ("152","473","2017-12-01 11:26:21");
INSERT INTO likes (like_id, liked_id, like_date) VALUES ("152","343","2017-05-29 18:41:28");
INSERT INTO likes (like_id, liked_id, like_date) VALUES ("152","129","2017-12-25 06:21:01");


INSERT INTO user (id, first_name, last_name, username, email, password, birthdate, gender, orientation, bio, country, state, city, zip, file_1, file_2, file_3, file_4, file_5, score, token, token_date, active, register, created_at, updated_at) VALUES ("153","Colten","Maggio","zbrakus","cydney50@hotmail.com","$2y$10$/FFGcW4CaObVly/nW6CQdOl8u6WWoTl.0dHI0LYUMIB5vyh0tjjDe","1958-05-27 12:33:30","1","2","Molestiae unde consequatur illo molestiae impedit ipsum. Enim ut eveniet iste et rerum temporibus porro. Laudantium aut officia possimus harum veniam ut. Consectetur eligendi autem cum incidunt.","Cyprus","","Misaelshire","01820","../fixtures/male1.jpg","","","","","2","fe832f9934f42543a5c193fd9ddf4e1e","1974-11-10 09:44:17","1","1","1984-08-23 15:18:12","1991-12-06 23:23:28");
INSERT INTO user_tag (user_id, tag_id) VALUES ("153","30");
INSERT INTO user_tag (user_id, tag_id) VALUES ("153","5");
INSERT INTO user_tag (user_id, tag_id) VALUES ("153","40");
INSERT INTO user_tag (user_id, tag_id) VALUES ("153","37");
INSERT INTO user_tag (user_id, tag_id) VALUES ("153","26");
INSERT INTO user_tag (user_id, tag_id) VALUES ("153","49");
INSERT INTO user_tag (user_id, tag_id) VALUES ("153","12");
INSERT INTO user_tag (user_id, tag_id) VALUES ("153","20");
INSERT INTO user_tag (user_id, tag_id) VALUES ("153","8");


INSERT INTO likes (like_id, liked_id, like_date) VALUES ("153","7","2017-06-03 00:09:07");
INSERT INTO likes (like_id, liked_id, like_date) VALUES ("153","172","2017-07-07 14:25:00");
INSERT INTO likes (like_id, liked_id, like_date) VALUES ("153","490","2017-02-17 15:57:25");
INSERT INTO likes (like_id, liked_id, like_date) VALUES ("153","62","2017-10-18 01:17:08");
INSERT INTO likes (like_id, liked_id, like_date) VALUES ("153","393","2017-09-27 19:32:11");
INSERT INTO likes (like_id, liked_id, like_date) VALUES ("153","17","2017-03-02 08:50:36");
INSERT INTO likes (like_id, liked_id, like_date) VALUES ("153","165","2017-12-29 01:22:00");
INSERT INTO likes (like_id, liked_id, like_date) VALUES ("153","201","2017-12-02 07:43:58");
INSERT INTO likes (like_id, liked_id, like_date) VALUES ("153","277","2017-09-28 11:04:45");
INSERT INTO likes (like_id, liked_id, like_date) VALUES ("153","113","2017-10-03 08:43:34");
INSERT INTO likes (like_id, liked_id, like_date) VALUES ("153","467","2017-12-22 14:58:34");


INSERT INTO user (id, first_name, last_name, username, email, password, birthdate, gender, orientation, bio, country, state, city, zip, file_1, file_2, file_3, file_4, file_5, score, token, token_date, active, register, created_at, updated_at) VALUES ("154","Kianna","Powlowski","aliyah83","adrian55@hotmail.com","$2y$10$8Vzfv6n2zmcWCbPG1F2a0Oo65nqGpsY26ShtXtrdPywEaov8XlnIm","1971-02-08 07:49:25","2","2","Quia est quisquam dolore placeat sed modi. Ut est cum molestias. Rerum nihil quia molestiae in quia dolor in ab. Nam aut ipsam repellendus dolor quasi libero.","Israel","","West Blairborough","48776-8311","../fixtures/female9.jpg","../fixtures/female1.jpg","../fixtures/female9.jpg","../fixtures/female1.jpg","","63","a5c34ec956f2008112abd70c6ad5977b","1977-12-06 22:53:04","1","1","1992-09-20 02:43:43","1971-08-24 00:24:04");
INSERT INTO user_tag (user_id, tag_id) VALUES ("154","43");
INSERT INTO user_tag (user_id, tag_id) VALUES ("154","25");
INSERT INTO user_tag (user_id, tag_id) VALUES ("154","32");
INSERT INTO user_tag (user_id, tag_id) VALUES ("154","6");
INSERT INTO user_tag (user_id, tag_id) VALUES ("154","27");


INSERT INTO likes (like_id, liked_id, like_date) VALUES ("154","11","2017-09-15 15:31:23");
INSERT INTO likes (like_id, liked_id, like_date) VALUES ("154","358","2018-02-13 02:24:36");
INSERT INTO likes (like_id, liked_id, like_date) VALUES ("154","174","2017-10-14 11:36:11");
INSERT INTO likes (like_id, liked_id, like_date) VALUES ("154","54","2017-04-05 22:49:13");
INSERT INTO likes (like_id, liked_id, like_date) VALUES ("154","497","2017-07-10 07:11:33");


INSERT INTO user (id, first_name, last_name, username, email, password, birthdate, gender, orientation, bio, country, state, city, zip, file_1, file_2, file_3, file_4, file_5, score, token, token_date, active, register, created_at, updated_at) VALUES ("155","Ibrahim","Okuneva","blandagarfield","bernie.morar@yahoo.com","$2y$10$N.kUUlagL902SHx639xRV./7j5fiKFVfgUdPFckx8cOAynVQI52S.","1967-06-19 04:04:29","1","1","Quaerat libero dolores voluptas enim rerum error dignissimos rerum. Ut dolores delectus quae ex aut. Earum dolorem incidunt officia sed itaque voluptatem eius nostrum. Nihil et excepturi qui error rerum. Recusandae quia mollitia rerum quaerat.","Qatar","","East Marcellaland","72069-9213","../fixtures/male2.jpg","../fixtures/male7.jpg","","","","20","afb74e79074680abf361d744f51e461a","1971-01-27 01:20:38","1","1","1996-10-23 17:48:37","2017-12-14 01:07:19");
INSERT INTO user_tag (user_id, tag_id) VALUES ("155","27");
INSERT INTO user_tag (user_id, tag_id) VALUES ("155","30");
INSERT INTO user_tag (user_id, tag_id) VALUES ("155","43");
INSERT INTO user_tag (user_id, tag_id) VALUES ("155","35");
INSERT INTO user_tag (user_id, tag_id) VALUES ("155","3");
INSERT INTO user_tag (user_id, tag_id) VALUES ("155","3");
INSERT INTO user_tag (user_id, tag_id) VALUES ("155","8");
INSERT INTO user_tag (user_id, tag_id) VALUES ("155","7");
INSERT INTO user_tag (user_id, tag_id) VALUES ("155","35");
INSERT INTO user_tag (user_id, tag_id) VALUES ("155","2");
INSERT INTO user_tag (user_id, tag_id) VALUES ("155","41");


INSERT INTO likes (like_id, liked_id, like_date) VALUES ("155","298","2017-10-30 04:53:51");
INSERT INTO likes (like_id, liked_id, like_date) VALUES ("155","358","2017-09-09 14:39:17");
INSERT INTO likes (like_id, liked_id, like_date) VALUES ("155","383","2018-01-22 18:06:52");
INSERT INTO likes (like_id, liked_id, like_date) VALUES ("155","199","2017-10-06 12:02:14");
INSERT INTO likes (like_id, liked_id, like_date) VALUES ("155","417","2017-08-24 01:59:42");
INSERT INTO likes (like_id, liked_id, like_date) VALUES ("155","301","2017-07-08 08:13:47");
INSERT INTO likes (like_id, liked_id, like_date) VALUES ("155","158","2017-02-21 19:50:41");
INSERT INTO likes (like_id, liked_id, like_date) VALUES ("155","197","2018-01-31 13:04:42");
INSERT INTO likes (like_id, liked_id, like_date) VALUES ("155","254","2017-09-09 20:33:54");
INSERT INTO likes (like_id, liked_id, like_date) VALUES ("155","91","2017-10-22 14:39:08");


INSERT INTO user (id, first_name, last_name, username, email, password, birthdate, gender, orientation, bio, country, state, city, zip, file_1, file_2, file_3, file_4, file_5, score, token, token_date, active, register, created_at, updated_at) VALUES ("156","Josiane","Connelly","yostbrendan","jacey.mcclure@yahoo.com","$2y$10$Ki7cKsZW28Y181ohPrKFYecz1xu7NanEz0WEf3uOmEFvvtsGmXhqS","1976-04-06 01:27:20","2","3","Velit a reiciendis ut at. Quibusdam et voluptatum esse id omnis aut. Beatae minima aut neque quidem. Officiis molestiae dolorum omnis quos culpa et similique.","Slovenia","","Port Deionstad","58976-3743","../fixtures/female2.jpg","../fixtures/female1.jpg","","","","93","34369f2a1b2eee07ce4d7da0b65ac3c1","2006-03-09 20:43:15","0","0","2004-08-16 21:53:43","1974-01-14 04:41:37");
INSERT INTO user_tag (user_id, tag_id) VALUES ("156","5");
INSERT INTO user_tag (user_id, tag_id) VALUES ("156","6");
INSERT INTO user_tag (user_id, tag_id) VALUES ("156","36");
INSERT INTO user_tag (user_id, tag_id) VALUES ("156","2");
INSERT INTO user_tag (user_id, tag_id) VALUES ("156","21");
INSERT INTO user_tag (user_id, tag_id) VALUES ("156","34");
INSERT INTO user_tag (user_id, tag_id) VALUES ("156","22");


INSERT INTO likes (like_id, liked_id, like_date) VALUES ("156","291","2017-10-29 04:35:49");
INSERT INTO likes (like_id, liked_id, like_date) VALUES ("156","448","2017-10-30 09:38:47");
INSERT INTO likes (like_id, liked_id, like_date) VALUES ("156","170","2017-07-12 01:02:47");
INSERT INTO likes (like_id, liked_id, like_date) VALUES ("156","423","2017-07-13 14:09:22");
INSERT INTO likes (like_id, liked_id, like_date) VALUES ("156","199","2018-01-03 17:37:56");
INSERT INTO likes (like_id, liked_id, like_date) VALUES ("156","126","2017-06-24 04:54:30");
INSERT INTO likes (like_id, liked_id, like_date) VALUES ("156","188","2018-01-01 03:14:58");
INSERT INTO likes (like_id, liked_id, like_date) VALUES ("156","302","2017-07-09 03:05:25");
INSERT INTO likes (like_id, liked_id, like_date) VALUES ("156","62","2017-09-07 02:52:53");
INSERT INTO likes (like_id, liked_id, like_date) VALUES ("156","138","2017-11-26 08:15:51");
INSERT INTO likes (like_id, liked_id, like_date) VALUES ("156","475","2018-01-28 11:44:32");
INSERT INTO likes (like_id, liked_id, like_date) VALUES ("156","256","2017-08-20 03:39:09");
INSERT INTO likes (like_id, liked_id, like_date) VALUES ("156","210","2018-01-29 07:47:08");
INSERT INTO likes (like_id, liked_id, like_date) VALUES ("156","461","2017-06-06 10:06:57");


INSERT INTO user (id, first_name, last_name, username, email, password, birthdate, gender, orientation, bio, country, state, city, zip, file_1, file_2, file_3, file_4, file_5, score, token, token_date, active, register, created_at, updated_at) VALUES ("157","Virginie","Weissnat","tavares39","kuhic.dudley@gaylord.com","$2y$10$H91h5jUmoWRZwz4zv2XVBuY4nErCq9DW1S.yEWaFbmw6bqUsVO9ui","1949-07-22 06:49:21","1","2","Aliquid illum quasi cum autem quis et. Voluptas facilis qui qui ad. Qui dolor molestiae voluptatem ut. Voluptate quas et nemo esse nobis ipsa reiciendis.","Saint Barthelemy","","South Nicola","95814","../fixtures/male1.jpg","../fixtures/male1.jpg","../fixtures/male2.jpg","../fixtures/male3.jpg","","17","8b64a75bbe29b6d7cd13dce818f393ee","1999-11-15 01:45:44","1","0","1976-10-04 22:47:31","1972-09-18 06:13:09");
INSERT INTO user_tag (user_id, tag_id) VALUES ("157","20");
INSERT INTO user_tag (user_id, tag_id) VALUES ("157","28");
INSERT INTO user_tag (user_id, tag_id) VALUES ("157","29");
INSERT INTO user_tag (user_id, tag_id) VALUES ("157","8");
INSERT INTO user_tag (user_id, tag_id) VALUES ("157","10");
INSERT INTO user_tag (user_id, tag_id) VALUES ("157","28");
INSERT INTO user_tag (user_id, tag_id) VALUES ("157","4");
INSERT INTO user_tag (user_id, tag_id) VALUES ("157","7");
INSERT INTO user_tag (user_id, tag_id) VALUES ("157","41");
INSERT INTO user_tag (user_id, tag_id) VALUES ("157","13");
INSERT INTO user_tag (user_id, tag_id) VALUES ("157","41");


INSERT INTO likes (like_id, liked_id, like_date) VALUES ("157","173","2017-04-03 04:21:38");
INSERT INTO likes (like_id, liked_id, like_date) VALUES ("157","411","2017-03-21 19:49:47");
INSERT INTO likes (like_id, liked_id, like_date) VALUES ("157","350","2017-08-10 18:53:18");
INSERT INTO likes (like_id, liked_id, like_date) VALUES ("157","451","2017-12-26 14:57:17");
INSERT INTO likes (like_id, liked_id, like_date) VALUES ("157","395","2017-07-03 05:23:14");
INSERT INTO likes (like_id, liked_id, like_date) VALUES ("157","273","2018-01-17 00:13:42");
INSERT INTO likes (like_id, liked_id, like_date) VALUES ("157","178","2017-09-18 12:10:05");
INSERT INTO likes (like_id, liked_id, like_date) VALUES ("157","435","2017-09-01 21:24:57");
INSERT INTO likes (like_id, liked_id, like_date) VALUES ("157","459","2017-04-11 12:47:43");
INSERT INTO likes (like_id, liked_id, like_date) VALUES ("157","392","2018-02-10 04:35:25");
INSERT INTO likes (like_id, liked_id, like_date) VALUES ("157","354","2017-04-10 06:51:55");
INSERT INTO likes (like_id, liked_id, like_date) VALUES ("157","99","2017-12-31 12:29:45");


INSERT INTO user (id, first_name, last_name, username, email, password, birthdate, gender, orientation, bio, country, state, city, zip, file_1, file_2, file_3, file_4, file_5, score, token, token_date, active, register, created_at, updated_at) VALUES ("158","Angelo","Frami","schultzjonathon","arempel@hotmail.com","$2y$10$ZgnP68/6BEIfX2w.ej1G8uk7y3MpBh1fJfzZ4oi8Iric0HBCbJwsa","1998-12-28 05:00:23","2","1","Modi laudantium quis nisi ea velit et. Voluptatem quasi perferendis impedit dicta enim. Enim nam qui error architecto. Perspiciatis laboriosam odit est sint exercitationem.","Comoros","","East Helenafort","12992-2199","../fixtures/female5.jpg","../fixtures/female1.jpg","../fixtures/female8.jpg","../fixtures/female10.jpg","../fixtures/female8.jpg","38","5beefb1fac408c97f0bec55a2a8293a9","2008-11-27 15:08:12","0","0","2002-01-02 14:42:31","2016-05-15 19:07:26");
INSERT INTO user_tag (user_id, tag_id) VALUES ("158","12");
INSERT INTO user_tag (user_id, tag_id) VALUES ("158","42");
INSERT INTO user_tag (user_id, tag_id) VALUES ("158","29");
INSERT INTO user_tag (user_id, tag_id) VALUES ("158","38");
INSERT INTO user_tag (user_id, tag_id) VALUES ("158","31");
INSERT INTO user_tag (user_id, tag_id) VALUES ("158","1");
INSERT INTO user_tag (user_id, tag_id) VALUES ("158","7");
INSERT INTO user_tag (user_id, tag_id) VALUES ("158","37");
INSERT INTO user_tag (user_id, tag_id) VALUES ("158","23");
INSERT INTO user_tag (user_id, tag_id) VALUES ("158","30");
INSERT INTO user_tag (user_id, tag_id) VALUES ("158","36");
INSERT INTO user_tag (user_id, tag_id) VALUES ("158","47");
INSERT INTO user_tag (user_id, tag_id) VALUES ("158","15");
INSERT INTO user_tag (user_id, tag_id) VALUES ("158","30");
INSERT INTO user_tag (user_id, tag_id) VALUES ("158","15");


INSERT INTO likes (like_id, liked_id, like_date) VALUES ("158","184","2017-04-28 00:57:16");
INSERT INTO likes (like_id, liked_id, like_date) VALUES ("158","387","2018-01-28 12:24:38");
INSERT INTO likes (like_id, liked_id, like_date) VALUES ("158","405","2017-09-30 03:10:20");
INSERT INTO likes (like_id, liked_id, like_date) VALUES ("158","391","2017-10-20 06:10:36");
INSERT INTO likes (like_id, liked_id, like_date) VALUES ("158","135","2017-09-07 18:11:43");
INSERT INTO likes (like_id, liked_id, like_date) VALUES ("158","101","2017-05-30 12:52:45");
INSERT INTO likes (like_id, liked_id, like_date) VALUES ("158","228","2017-06-03 16:10:03");
INSERT INTO likes (like_id, liked_id, like_date) VALUES ("158","140","2017-11-21 09:41:56");
INSERT INTO likes (like_id, liked_id, like_date) VALUES ("158","113","2017-09-16 04:58:02");
INSERT INTO likes (like_id, liked_id, like_date) VALUES ("158","340","2017-02-24 14:00:59");
INSERT INTO likes (like_id, liked_id, like_date) VALUES ("158","415","2018-01-21 18:37:48");
INSERT INTO likes (like_id, liked_id, like_date) VALUES ("158","72","2017-08-14 04:18:41");
INSERT INTO likes (like_id, liked_id, like_date) VALUES ("158","329","2017-06-21 05:14:17");


INSERT INTO user (id, first_name, last_name, username, email, password, birthdate, gender, orientation, bio, country, state, city, zip, file_1, file_2, file_3, file_4, file_5, score, token, token_date, active, register, created_at, updated_at) VALUES ("159","Ethyl","Haley","altenwerthwyatt","keebler.kennedi@yahoo.com","$2y$10$s8NhdOaZvPdJeq7Ppt/PveO7/3cEGmAPexfhwozaQzpB9qJ8gK.1O","1996-11-19 08:13:25","2","1","Qui nemo sit iure facilis repellendus. Assumenda illum autem optio sed ipsam ullam. Qui velit est culpa sunt numquam quis qui explicabo.","Northern Mariana Islands","","West Lawson","60092-5174","../fixtures/female5.jpg","","","","","11","0e8b072e0b485390a72254c07b3dc3e2","1987-07-24 16:53:26","0","0","1980-07-09 06:46:30","1980-10-23 01:55:28");
INSERT INTO user_tag (user_id, tag_id) VALUES ("159","43");
INSERT INTO user_tag (user_id, tag_id) VALUES ("159","12");
INSERT INTO user_tag (user_id, tag_id) VALUES ("159","33");
INSERT INTO user_tag (user_id, tag_id) VALUES ("159","2");
INSERT INTO user_tag (user_id, tag_id) VALUES ("159","40");


INSERT INTO likes (like_id, liked_id, like_date) VALUES ("159","252","2017-12-22 21:12:43");
INSERT INTO likes (like_id, liked_id, like_date) VALUES ("159","18","2017-11-22 15:54:19");
INSERT INTO likes (like_id, liked_id, like_date) VALUES ("159","242","2017-05-11 15:14:46");
INSERT INTO likes (like_id, liked_id, like_date) VALUES ("159","194","2017-11-22 17:46:44");
INSERT INTO likes (like_id, liked_id, like_date) VALUES ("159","308","2017-10-28 22:41:13");
INSERT INTO likes (like_id, liked_id, like_date) VALUES ("159","384","2017-12-28 16:47:42");


INSERT INTO user (id, first_name, last_name, username, email, password, birthdate, gender, orientation, bio, country, state, city, zip, file_1, file_2, file_3, file_4, file_5, score, token, token_date, active, register, created_at, updated_at) VALUES ("160","Trace","Feeney","johnson17","elva33@deckow.com","$2y$10$eyOLBVnFZ7ss/eUMpSDK0e/YWREKK6fcWQ86Zl/fG.5vEGiOI5q/2","1979-07-06 09:28:27","2","2","Non nostrum molestias ut suscipit iusto. Quis ad aliquid suscipit ipsa. Sunt id veritatis ratione praesentium recusandae.","Saint Lucia","","Lake Misty","76257-8611","../fixtures/female3.jpg","","","","","21","9dc82ae67aae0c2d832d2c279ed7789b","1991-07-20 19:26:06","0","0","1980-09-22 20:16:28","1972-09-28 13:26:38");
INSERT INTO user_tag (user_id, tag_id) VALUES ("160","25");
INSERT INTO user_tag (user_id, tag_id) VALUES ("160","49");
INSERT INTO user_tag (user_id, tag_id) VALUES ("160","6");
INSERT INTO user_tag (user_id, tag_id) VALUES ("160","13");
INSERT INTO user_tag (user_id, tag_id) VALUES ("160","41");
INSERT INTO user_tag (user_id, tag_id) VALUES ("160","10");
INSERT INTO user_tag (user_id, tag_id) VALUES ("160","25");
INSERT INTO user_tag (user_id, tag_id) VALUES ("160","50");
INSERT INTO user_tag (user_id, tag_id) VALUES ("160","20");
INSERT INTO user_tag (user_id, tag_id) VALUES ("160","19");
INSERT INTO user_tag (user_id, tag_id) VALUES ("160","20");
INSERT INTO user_tag (user_id, tag_id) VALUES ("160","24");
INSERT INTO user_tag (user_id, tag_id) VALUES ("160","10");
INSERT INTO user_tag (user_id, tag_id) VALUES ("160","18");
INSERT INTO user_tag (user_id, tag_id) VALUES ("160","15");


INSERT INTO likes (like_id, liked_id, like_date) VALUES ("160","346","2018-01-02 10:14:15");
INSERT INTO likes (like_id, liked_id, like_date) VALUES ("160","241","2017-08-10 16:37:50");


INSERT INTO user (id, first_name, last_name, username, email, password, birthdate, gender, orientation, bio, country, state, city, zip, file_1, file_2, file_3, file_4, file_5, score, token, token_date, active, register, created_at, updated_at) VALUES ("161","Hosea","Marvin","stehrgino","mason40@hotmail.com","$2y$10$HWZtU5xbc68sON/D2DkrUOOLc4Rot/k2h4XdIDS97IfMjJ43uf3H.","1965-10-19 10:10:30","1","2","Voluptatum porro commodi earum quas ratione tempore distinctio. Nesciunt optio omnis velit deserunt. Ea esse ex blanditiis nihil quos quibusdam impedit.","Taiwan","","Wizachester","73396-5045","../fixtures/male5.jpg","../fixtures/male2.jpg","","","","57","55c951d770f8c988d32fee74e51c217c","1978-08-15 06:34:31","1","0","1974-06-04 17:18:52","1978-10-03 05:21:41");
INSERT INTO user_tag (user_id, tag_id) VALUES ("161","16");
INSERT INTO user_tag (user_id, tag_id) VALUES ("161","41");
INSERT INTO user_tag (user_id, tag_id) VALUES ("161","47");
INSERT INTO user_tag (user_id, tag_id) VALUES ("161","28");
INSERT INTO user_tag (user_id, tag_id) VALUES ("161","31");
INSERT INTO user_tag (user_id, tag_id) VALUES ("161","43");
INSERT INTO user_tag (user_id, tag_id) VALUES ("161","11");
INSERT INTO user_tag (user_id, tag_id) VALUES ("161","46");
INSERT INTO user_tag (user_id, tag_id) VALUES ("161","20");
INSERT INTO user_tag (user_id, tag_id) VALUES ("161","10");
INSERT INTO user_tag (user_id, tag_id) VALUES ("161","7");
INSERT INTO user_tag (user_id, tag_id) VALUES ("161","26");
INSERT INTO user_tag (user_id, tag_id) VALUES ("161","46");
INSERT INTO user_tag (user_id, tag_id) VALUES ("161","13");


INSERT INTO likes (like_id, liked_id, like_date) VALUES ("161","212","2017-08-08 12:00:45");
INSERT INTO likes (like_id, liked_id, like_date) VALUES ("161","62","2017-09-07 04:53:25");
INSERT INTO likes (like_id, liked_id, like_date) VALUES ("161","221","2017-07-07 02:03:02");
INSERT INTO likes (like_id, liked_id, like_date) VALUES ("161","348","2017-08-12 01:39:49");
INSERT INTO likes (like_id, liked_id, like_date) VALUES ("161","229","2017-12-21 16:01:25");
INSERT INTO likes (like_id, liked_id, like_date) VALUES ("161","110","2017-03-15 15:59:44");
INSERT INTO likes (like_id, liked_id, like_date) VALUES ("161","416","2017-04-11 19:34:01");
INSERT INTO likes (like_id, liked_id, like_date) VALUES ("161","292","2017-05-13 02:56:42");
INSERT INTO likes (like_id, liked_id, like_date) VALUES ("161","23","2018-01-20 05:19:38");
INSERT INTO likes (like_id, liked_id, like_date) VALUES ("161","335","2017-09-14 01:57:56");
INSERT INTO likes (like_id, liked_id, like_date) VALUES ("161","131","2017-07-11 23:07:22");
INSERT INTO likes (like_id, liked_id, like_date) VALUES ("161","98","2018-01-17 11:04:16");
INSERT INTO likes (like_id, liked_id, like_date) VALUES ("161","89","2017-03-25 04:34:15");
INSERT INTO likes (like_id, liked_id, like_date) VALUES ("161","326","2017-03-24 23:18:34");
INSERT INTO likes (like_id, liked_id, like_date) VALUES ("161","231","2017-06-24 22:32:56");
INSERT INTO likes (like_id, liked_id, like_date) VALUES ("161","188","2018-02-09 13:28:26");


INSERT INTO user (id, first_name, last_name, username, email, password, birthdate, gender, orientation, bio, country, state, city, zip, file_1, file_2, file_3, file_4, file_5, score, token, token_date, active, register, created_at, updated_at) VALUES ("162","Bailee","Williamson","dooleyludwig","zackery20@carter.com","$2y$10$joplCf4w5YQe2qSsa7G6O.vVDZsrA1Hjt3Bfro9uf/YtmhVW9odpe","1951-05-26 11:02:10","1","1","Esse facere dolores consequatur laudantium consequatur iste adipisci eveniet. Ex sapiente nobis excepturi consectetur repellat eum. Id et et praesentium in rem. Veritatis quisquam ullam id dolorem reprehenderit ab sint.","Italy","","Volkmanland","94945-2109","../fixtures/male2.jpg","../fixtures/male3.jpg","","","","30","f7ba76287dc7617aa6f5e8dbc0931838","2009-06-05 19:55:51","0","0","1984-04-15 13:34:43","2001-08-22 07:53:24");
INSERT INTO user_tag (user_id, tag_id) VALUES ("162","19");
INSERT INTO user_tag (user_id, tag_id) VALUES ("162","9");


INSERT INTO likes (like_id, liked_id, like_date) VALUES ("162","367","2017-12-16 14:06:24");
INSERT INTO likes (like_id, liked_id, like_date) VALUES ("162","93","2017-07-04 00:30:11");
INSERT INTO likes (like_id, liked_id, like_date) VALUES ("162","363","2017-03-10 11:22:56");
INSERT INTO likes (like_id, liked_id, like_date) VALUES ("162","125","2017-02-20 06:13:49");


INSERT INTO user (id, first_name, last_name, username, email, password, birthdate, gender, orientation, bio, country, state, city, zip, file_1, file_2, file_3, file_4, file_5, score, token, token_date, active, register, created_at, updated_at) VALUES ("163","Alexandra","Raynor","tstehr","carol.lemke@von.net","$2y$10$DQ5GB6PAZrz9AwSIi/dMSe.3uj.lijyPMFpiPjFyobE4y5RFItlgu","1988-10-27 13:18:12","2","1","Ratione magnam neque ex asperiores. Iure id in atque repellat quis.","Wallis and Futuna","","Port Rocky","33993","../fixtures/female6.jpg","","","","","14","1c724b7fdaab21ec9cd8e75e799a349c","2016-12-01 08:20:50","1","0","2017-02-19 13:33:41","1993-12-08 20:42:34");
INSERT INTO user_tag (user_id, tag_id) VALUES ("163","7");


INSERT INTO likes (like_id, liked_id, like_date) VALUES ("163","91","2017-05-01 00:13:23");
INSERT INTO likes (like_id, liked_id, like_date) VALUES ("163","245","2017-06-30 17:29:37");
INSERT INTO likes (like_id, liked_id, like_date) VALUES ("163","463","2018-02-01 19:31:58");
INSERT INTO likes (like_id, liked_id, like_date) VALUES ("163","409","2017-11-23 18:51:10");


INSERT INTO user (id, first_name, last_name, username, email, password, birthdate, gender, orientation, bio, country, state, city, zip, file_1, file_2, file_3, file_4, file_5, score, token, token_date, active, register, created_at, updated_at) VALUES ("164","Keegan","Predovic","ebecker","vrunolfsson@hauck.com","$2y$10$Oy5vJguTillbY/LtkPC32uEbWJCbusuQ.sDSxbUulYCzaJ2.uq732","1949-11-10 00:34:36","1","2","Quos praesentium deserunt eius id. Aut vero aut rerum. Voluptatem ut non neque quia.","Wallis and Futuna","","South Naomiehaven","02015","../fixtures/male5.jpg","../fixtures/male3.jpg","","","","24","0e55d0afeae37a74e52b0a7911714c01","1995-09-10 12:10:46","0","0","1981-11-24 07:00:43","1977-02-19 08:07:29");
INSERT INTO user_tag (user_id, tag_id) VALUES ("164","27");
INSERT INTO user_tag (user_id, tag_id) VALUES ("164","38");
INSERT INTO user_tag (user_id, tag_id) VALUES ("164","35");
INSERT INTO user_tag (user_id, tag_id) VALUES ("164","34");
INSERT INTO user_tag (user_id, tag_id) VALUES ("164","39");
INSERT INTO user_tag (user_id, tag_id) VALUES ("164","45");
INSERT INTO user_tag (user_id, tag_id) VALUES ("164","45");
INSERT INTO user_tag (user_id, tag_id) VALUES ("164","50");
INSERT INTO user_tag (user_id, tag_id) VALUES ("164","11");
INSERT INTO user_tag (user_id, tag_id) VALUES ("164","15");


INSERT INTO likes (like_id, liked_id, like_date) VALUES ("164","118","2017-04-20 04:50:00");
INSERT INTO likes (like_id, liked_id, like_date) VALUES ("164","17","2018-02-08 14:45:52");
INSERT INTO likes (like_id, liked_id, like_date) VALUES ("164","156","2017-09-07 09:45:45");
INSERT INTO likes (like_id, liked_id, like_date) VALUES ("164","76","2017-04-19 08:04:53");


INSERT INTO user (id, first_name, last_name, username, email, password, birthdate, gender, orientation, bio, country, state, city, zip, file_1, file_2, file_3, file_4, file_5, score, token, token_date, active, register, created_at, updated_at) VALUES ("165","Kaylee","Wisoky","dietrichrylee","kreiger.kareem@paucek.com","$2y$10$QSKB7JdCO9CwdbRX9Jq7eeYjX79vmbJeq.OrN9Rd8.AhuloVeZhnu","1984-06-30 11:01:11","2","2","Repellat et sint deserunt aspernatur ipsum. Molestiae in modi possimus veritatis magnam molestiae. Explicabo quam eum et sapiente voluptatibus pariatur. Aut repudiandae nihil dolor voluptatem nemo distinctio.","Saint Martin","","New Laurel","21835-5569","../fixtures/female2.jpg","../fixtures/female3.jpg","","","","34","94a8498c40554400d2757b589baecc58","2016-05-08 16:09:53","0","0","1975-04-01 06:43:21","2012-11-23 11:12:22");
INSERT INTO user_tag (user_id, tag_id) VALUES ("165","37");
INSERT INTO user_tag (user_id, tag_id) VALUES ("165","45");
INSERT INTO user_tag (user_id, tag_id) VALUES ("165","11");
INSERT INTO user_tag (user_id, tag_id) VALUES ("165","43");
INSERT INTO user_tag (user_id, tag_id) VALUES ("165","10");
INSERT INTO user_tag (user_id, tag_id) VALUES ("165","48");
INSERT INTO user_tag (user_id, tag_id) VALUES ("165","3");
INSERT INTO user_tag (user_id, tag_id) VALUES ("165","34");
INSERT INTO user_tag (user_id, tag_id) VALUES ("165","31");
INSERT INTO user_tag (user_id, tag_id) VALUES ("165","33");
INSERT INTO user_tag (user_id, tag_id) VALUES ("165","29");
INSERT INTO user_tag (user_id, tag_id) VALUES ("165","1");
INSERT INTO user_tag (user_id, tag_id) VALUES ("165","31");


INSERT INTO likes (like_id, liked_id, like_date) VALUES ("165","169","2017-09-24 01:55:07");
INSERT INTO likes (like_id, liked_id, like_date) VALUES ("165","5","2018-02-07 14:27:50");


INSERT INTO user (id, first_name, last_name, username, email, password, birthdate, gender, orientation, bio, country, state, city, zip, file_1, file_2, file_3, file_4, file_5, score, token, token_date, active, register, created_at, updated_at) VALUES ("166","Melvin","Daniel","oschumm","rose77@mueller.org","$2y$10$dsGhGD5Dnjp1cPDPozILUuz2vkKkMRm.nOk42b0YmA4vLughaldy.","1967-03-21 09:23:43","2","2","Voluptatem sunt minima exercitationem eos cumque commodi. Voluptatem accusantium excepturi consectetur occaecati rerum qui at. Non quia quis recusandae voluptatem dolorem sapiente dolores. Dicta omnis aliquid vitae sit omnis error est.","Tajikistan","","South Josefina","32483-9361","../fixtures/female7.jpg","../fixtures/female3.jpg","","","","59","299caefd1e2bc2a342b9f63c3f615a83","2015-12-30 11:59:21","1","1","2000-01-08 18:06:54","1990-09-03 12:09:58");
INSERT INTO user_tag (user_id, tag_id) VALUES ("166","42");
INSERT INTO user_tag (user_id, tag_id) VALUES ("166","30");


INSERT INTO likes (like_id, liked_id, like_date) VALUES ("166","256","2018-02-03 10:42:40");
INSERT INTO likes (like_id, liked_id, like_date) VALUES ("166","2","2017-03-10 15:40:26");
INSERT INTO likes (like_id, liked_id, like_date) VALUES ("166","9","2017-08-29 17:01:01");
INSERT INTO likes (like_id, liked_id, like_date) VALUES ("166","286","2017-10-27 20:16:59");
INSERT INTO likes (like_id, liked_id, like_date) VALUES ("166","127","2017-09-26 04:50:21");
INSERT INTO likes (like_id, liked_id, like_date) VALUES ("166","476","2017-10-07 03:23:56");
INSERT INTO likes (like_id, liked_id, like_date) VALUES ("166","92","2017-10-04 03:34:56");
INSERT INTO likes (like_id, liked_id, like_date) VALUES ("166","105","2017-09-10 11:42:44");
INSERT INTO likes (like_id, liked_id, like_date) VALUES ("166","395","2017-10-12 03:28:38");


INSERT INTO user (id, first_name, last_name, username, email, password, birthdate, gender, orientation, bio, country, state, city, zip, file_1, file_2, file_3, file_4, file_5, score, token, token_date, active, register, created_at, updated_at) VALUES ("167","Wilmer","Schinner","vreichert","darwin17@nicolas.com","$2y$10$2lbp3O7i1Aq/fp0Q/I8cl.QWz/9QqK67cLe32heZgPMk49fRsmwiW","1953-06-22 13:07:59","2","1","Sed doloribus deserunt eum velit. Aut magni voluptate enim occaecati voluptas. Quos magni aspernatur aspernatur eius et placeat necessitatibus. Itaque amet est maiores.","Albania","","Flatleymouth","15727-2686","../fixtures/female8.jpg","../fixtures/female5.jpg","../fixtures/female9.jpg","","","9","4439f301750b314afaa98851362fbee3","2005-02-20 06:40:03","1","0","1989-05-27 10:51:07","2008-05-14 03:42:26");
INSERT INTO user_tag (user_id, tag_id) VALUES ("167","46");
INSERT INTO user_tag (user_id, tag_id) VALUES ("167","41");


INSERT INTO likes (like_id, liked_id, like_date) VALUES ("167","156","2018-01-23 06:26:39");
INSERT INTO likes (like_id, liked_id, like_date) VALUES ("167","449","2018-01-13 09:44:55");
INSERT INTO likes (like_id, liked_id, like_date) VALUES ("167","480","2018-01-01 07:47:01");
INSERT INTO likes (like_id, liked_id, like_date) VALUES ("167","410","2017-11-15 06:11:47");
INSERT INTO likes (like_id, liked_id, like_date) VALUES ("167","148","2017-12-27 18:39:46");
INSERT INTO likes (like_id, liked_id, like_date) VALUES ("167","499","2017-05-14 10:31:27");
INSERT INTO likes (like_id, liked_id, like_date) VALUES ("167","78","2017-07-26 20:57:33");
INSERT INTO likes (like_id, liked_id, like_date) VALUES ("167","80","2017-11-23 15:14:45");
INSERT INTO likes (like_id, liked_id, like_date) VALUES ("167","184","2017-05-24 13:31:28");
INSERT INTO likes (like_id, liked_id, like_date) VALUES ("167","222","2017-08-29 10:29:31");
INSERT INTO likes (like_id, liked_id, like_date) VALUES ("167","110","2017-11-25 22:23:01");
INSERT INTO likes (like_id, liked_id, like_date) VALUES ("167","212","2017-07-09 01:38:48");
INSERT INTO likes (like_id, liked_id, like_date) VALUES ("167","205","2017-02-21 14:59:30");
INSERT INTO likes (like_id, liked_id, like_date) VALUES ("167","453","2017-08-11 16:55:34");
INSERT INTO likes (like_id, liked_id, like_date) VALUES ("167","195","2017-12-19 22:42:36");
INSERT INTO likes (like_id, liked_id, like_date) VALUES ("167","289","2017-07-07 03:33:08");
INSERT INTO likes (like_id, liked_id, like_date) VALUES ("167","276","2017-11-08 09:53:29");
INSERT INTO likes (like_id, liked_id, like_date) VALUES ("167","9","2017-06-11 10:26:51");
INSERT INTO likes (like_id, liked_id, like_date) VALUES ("167","257","2017-03-09 14:50:33");


INSERT INTO user (id, first_name, last_name, username, email, password, birthdate, gender, orientation, bio, country, state, city, zip, file_1, file_2, file_3, file_4, file_5, score, token, token_date, active, register, created_at, updated_at) VALUES ("168","Samantha","Ledner","kielcruickshank","yfriesen@gmail.com","$2y$10$rdoOYTnqedWW4itZK2PYb.ZCsSA8l0cqAs8oHAK9/VfYXHaZcVgpG","1974-04-18 19:53:55","2","1","Atque quia aut ad est vel quo. Alias qui laborum voluptas unde reiciendis. Expedita dicta atque hic eaque cum eos. Reiciendis delectus aut et molestias aut. Provident voluptas facere qui necessitatibus necessitatibus id.","Central African Republic","","Port Nicholasbury","80258","../fixtures/female6.jpg","","","","","29","a05ad360d588c31582684422e1f908a5","2006-11-03 21:23:06","1","0","2015-05-03 01:13:43","2012-02-04 13:31:02");
INSERT INTO user_tag (user_id, tag_id) VALUES ("168","7");
INSERT INTO user_tag (user_id, tag_id) VALUES ("168","13");
INSERT INTO user_tag (user_id, tag_id) VALUES ("168","30");
INSERT INTO user_tag (user_id, tag_id) VALUES ("168","30");
INSERT INTO user_tag (user_id, tag_id) VALUES ("168","2");


INSERT INTO likes (like_id, liked_id, like_date) VALUES ("168","402","2017-08-05 16:39:56");
INSERT INTO likes (like_id, liked_id, like_date) VALUES ("168","131","2017-03-27 14:35:36");
INSERT INTO likes (like_id, liked_id, like_date) VALUES ("168","78","2017-11-21 02:21:14");
INSERT INTO likes (like_id, liked_id, like_date) VALUES ("168","144","2017-05-03 16:36:52");
INSERT INTO likes (like_id, liked_id, like_date) VALUES ("168","165","2017-06-03 13:29:36");
INSERT INTO likes (like_id, liked_id, like_date) VALUES ("168","204","2017-06-10 00:03:47");
INSERT INTO likes (like_id, liked_id, like_date) VALUES ("168","130","2017-02-14 12:13:28");
INSERT INTO likes (like_id, liked_id, like_date) VALUES ("168","321","2017-06-07 16:19:06");


INSERT INTO user (id, first_name, last_name, username, email, password, birthdate, gender, orientation, bio, country, state, city, zip, file_1, file_2, file_3, file_4, file_5, score, token, token_date, active, register, created_at, updated_at) VALUES ("169","Boyd","Ortiz","townedayne","crist.emely@yahoo.com","$2y$10$VTTjHJUjrS8/lgXk.nAuCupYzShLR2sGYSi0VRtM9qUqCm6SuzEsK","1997-09-19 03:59:22","1","2","Officiis et quis hic maiores. Nesciunt ut voluptas dolorum. Id ut dolorum repellendus enim distinctio atque dicta.","Mexico","","Hilmashire","94048-2580","../fixtures/male3.jpg","../fixtures/male8.jpg","../fixtures/male7.jpg","../fixtures/male7.jpg","","41","d1e2b8ff6de68d339d9d8d97b59f0b70","1983-11-22 13:51:55","0","0","1990-02-20 12:28:06","1975-07-24 13:21:17");
INSERT INTO user_tag (user_id, tag_id) VALUES ("169","16");
INSERT INTO user_tag (user_id, tag_id) VALUES ("169","13");
INSERT INTO user_tag (user_id, tag_id) VALUES ("169","47");
INSERT INTO user_tag (user_id, tag_id) VALUES ("169","5");
INSERT INTO user_tag (user_id, tag_id) VALUES ("169","21");
INSERT INTO user_tag (user_id, tag_id) VALUES ("169","19");
INSERT INTO user_tag (user_id, tag_id) VALUES ("169","41");


INSERT INTO likes (like_id, liked_id, like_date) VALUES ("169","46","2017-07-17 12:09:25");
INSERT INTO likes (like_id, liked_id, like_date) VALUES ("169","417","2017-06-23 10:29:20");
INSERT INTO likes (like_id, liked_id, like_date) VALUES ("169","356","2017-02-23 16:21:54");


INSERT INTO user (id, first_name, last_name, username, email, password, birthdate, gender, orientation, bio, country, state, city, zip, file_1, file_2, file_3, file_4, file_5, score, token, token_date, active, register, created_at, updated_at) VALUES ("170","Cicero","Gerlach","rodrick06","gottlieb.rosanna@langosh.com","$2y$10$mmZoGyq6j9H/C6W2C0anxOSQz06RRKCfnWV8A7nstxD0ncDi2ctNu","1956-09-23 08:33:19","2","2","Commodi rerum voluptas odit possimus sit neque harum. Rerum molestiae qui accusantium. Non ducimus quia labore exercitationem cum corporis qui ut. Veniam nobis quaerat minus qui adipisci.","Saint Lucia","","Reynoldsfurt","03618","../fixtures/female3.jpg","","","","","41","14bd8129475620a4b75b142f4cacae00","1977-08-15 08:48:23","1","0","1989-05-16 02:21:16","2004-08-08 05:00:16");
INSERT INTO user_tag (user_id, tag_id) VALUES ("170","39");
INSERT INTO user_tag (user_id, tag_id) VALUES ("170","4");
INSERT INTO user_tag (user_id, tag_id) VALUES ("170","26");
INSERT INTO user_tag (user_id, tag_id) VALUES ("170","14");
INSERT INTO user_tag (user_id, tag_id) VALUES ("170","3");
INSERT INTO user_tag (user_id, tag_id) VALUES ("170","20");
INSERT INTO user_tag (user_id, tag_id) VALUES ("170","45");
INSERT INTO user_tag (user_id, tag_id) VALUES ("170","45");
INSERT INTO user_tag (user_id, tag_id) VALUES ("170","24");
INSERT INTO user_tag (user_id, tag_id) VALUES ("170","46");
INSERT INTO user_tag (user_id, tag_id) VALUES ("170","5");


INSERT INTO likes (like_id, liked_id, like_date) VALUES ("170","282","2017-06-17 09:11:13");
INSERT INTO likes (like_id, liked_id, like_date) VALUES ("170","285","2017-09-01 18:23:44");
INSERT INTO likes (like_id, liked_id, like_date) VALUES ("170","175","2017-06-02 15:20:02");
INSERT INTO likes (like_id, liked_id, like_date) VALUES ("170","53","2017-12-16 02:54:45");
INSERT INTO likes (like_id, liked_id, like_date) VALUES ("170","264","2017-12-20 19:53:58");
INSERT INTO likes (like_id, liked_id, like_date) VALUES ("170","452","2017-09-16 17:30:40");
INSERT INTO likes (like_id, liked_id, like_date) VALUES ("170","179","2018-01-31 03:03:12");
INSERT INTO likes (like_id, liked_id, like_date) VALUES ("170","106","2017-08-07 21:19:29");
INSERT INTO likes (like_id, liked_id, like_date) VALUES ("170","490","2017-04-08 07:17:23");
INSERT INTO likes (like_id, liked_id, like_date) VALUES ("170","156","2017-06-15 21:02:43");
INSERT INTO likes (like_id, liked_id, like_date) VALUES ("170","299","2017-12-31 04:07:09");
INSERT INTO likes (like_id, liked_id, like_date) VALUES ("170","194","2017-11-25 14:26:41");


INSERT INTO user (id, first_name, last_name, username, email, password, birthdate, gender, orientation, bio, country, state, city, zip, file_1, file_2, file_3, file_4, file_5, score, token, token_date, active, register, created_at, updated_at) VALUES ("171","Kaleigh","Blick","haileekoelpin","ystrosin@kris.org","$2y$10$HzCG7d6CkWuo5d38JDWG5OKIcgV4U6r7mJVyeRFRBCqr6nJTjPor2","1999-12-08 19:00:31","1","2","Cumque aut incidunt repellendus nulla facere. Quidem harum nulla eaque et eos. Voluptatum sint earum ut facilis.","Kiribati","","O'Konmouth","65605-8229","../fixtures/male6.jpg","../fixtures/male5.jpg","","","","44","ac1e16ff4a19c216699fa3a0f758b668","2001-07-06 05:38:24","1","0","1989-10-10 17:12:58","2002-11-29 11:50:22");
INSERT INTO user_tag (user_id, tag_id) VALUES ("171","10");
INSERT INTO user_tag (user_id, tag_id) VALUES ("171","38");
INSERT INTO user_tag (user_id, tag_id) VALUES ("171","20");
INSERT INTO user_tag (user_id, tag_id) VALUES ("171","38");


INSERT INTO likes (like_id, liked_id, like_date) VALUES ("171","386","2017-06-04 20:08:56");
INSERT INTO likes (like_id, liked_id, like_date) VALUES ("171","492","2017-03-20 22:20:18");
INSERT INTO likes (like_id, liked_id, like_date) VALUES ("171","136","2017-03-14 05:54:32");
INSERT INTO likes (like_id, liked_id, like_date) VALUES ("171","275","2017-09-21 23:51:14");
INSERT INTO likes (like_id, liked_id, like_date) VALUES ("171","170","2017-08-22 03:27:59");
INSERT INTO likes (like_id, liked_id, like_date) VALUES ("171","355","2018-01-11 06:50:52");
INSERT INTO likes (like_id, liked_id, like_date) VALUES ("171","260","2017-03-29 02:31:58");
INSERT INTO likes (like_id, liked_id, like_date) VALUES ("171","283","2018-02-11 16:34:42");
INSERT INTO likes (like_id, liked_id, like_date) VALUES ("171","443","2017-10-15 16:52:04");
INSERT INTO likes (like_id, liked_id, like_date) VALUES ("171","258","2017-06-28 13:20:38");
INSERT INTO likes (like_id, liked_id, like_date) VALUES ("171","160","2017-09-15 22:05:27");
INSERT INTO likes (like_id, liked_id, like_date) VALUES ("171","320","2017-03-13 13:32:43");


INSERT INTO user (id, first_name, last_name, username, email, password, birthdate, gender, orientation, bio, country, state, city, zip, file_1, file_2, file_3, file_4, file_5, score, token, token_date, active, register, created_at, updated_at) VALUES ("172","Richie","Wehner","hillltreva","aschulist@gmail.com","$2y$10$sRuvLrfHKO8MvBccJv9hQObiBVs4XNFOoXKAOdu60b0zqbTD4Jldm","1968-06-04 02:19:00","1","1","Omnis nihil architecto esse nemo. Debitis molestias molestiae saepe voluptatem voluptas. Culpa dicta rerum rerum sunt. Alias necessitatibus ea dolorum ipsa inventore ut molestias.","Kenya","","New Juanita","06394-3391","../fixtures/male2.jpg","../fixtures/male5.jpg","","","","37","79233e31c24eeeb75a388b19e700f471","1985-04-26 20:11:11","1","0","1977-03-15 21:01:04","1975-01-16 13:43:40");
INSERT INTO user_tag (user_id, tag_id) VALUES ("172","39");
INSERT INTO user_tag (user_id, tag_id) VALUES ("172","15");
INSERT INTO user_tag (user_id, tag_id) VALUES ("172","1");
INSERT INTO user_tag (user_id, tag_id) VALUES ("172","4");
INSERT INTO user_tag (user_id, tag_id) VALUES ("172","45");
INSERT INTO user_tag (user_id, tag_id) VALUES ("172","38");


INSERT INTO likes (like_id, liked_id, like_date) VALUES ("172","1","2018-02-05 20:49:16");
INSERT INTO likes (like_id, liked_id, like_date) VALUES ("172","458","2017-03-07 00:40:43");
INSERT INTO likes (like_id, liked_id, like_date) VALUES ("172","47","2017-03-07 23:22:35");
INSERT INTO likes (like_id, liked_id, like_date) VALUES ("172","144","2017-06-06 09:12:15");
INSERT INTO likes (like_id, liked_id, like_date) VALUES ("172","175","2017-07-29 22:15:37");
INSERT INTO likes (like_id, liked_id, like_date) VALUES ("172","77","2017-03-02 03:45:20");


INSERT INTO user (id, first_name, last_name, username, email, password, birthdate, gender, orientation, bio, country, state, city, zip, file_1, file_2, file_3, file_4, file_5, score, token, token_date, active, register, created_at, updated_at) VALUES ("173","Chaim","Mohr","whiteestell","allene54@yahoo.com","$2y$10$eMLUPGNNeIw8JGNpme6R3OWhDLrIF.MedUvRAbVHsh8cizBz1jQJO","1972-02-12 04:07:15","1","1","Eius et vel id et et aut harum. Ipsum totam sit sit earum officiis rerum veniam qui.","Tunisia","","West Hailey","10617-0355","../fixtures/male1.jpg","../fixtures/male3.jpg","../fixtures/male7.jpg","","","57","5b7e0f8801351928a9375d6b0b139531","2008-07-08 11:48:15","1","0","1996-04-14 00:10:15","1975-05-09 13:12:21");
INSERT INTO user_tag (user_id, tag_id) VALUES ("173","5");
INSERT INTO user_tag (user_id, tag_id) VALUES ("173","47");
INSERT INTO user_tag (user_id, tag_id) VALUES ("173","16");
INSERT INTO user_tag (user_id, tag_id) VALUES ("173","31");
INSERT INTO user_tag (user_id, tag_id) VALUES ("173","48");
INSERT INTO user_tag (user_id, tag_id) VALUES ("173","12");
INSERT INTO user_tag (user_id, tag_id) VALUES ("173","43");
INSERT INTO user_tag (user_id, tag_id) VALUES ("173","49");
INSERT INTO user_tag (user_id, tag_id) VALUES ("173","35");
INSERT INTO user_tag (user_id, tag_id) VALUES ("173","32");


INSERT INTO likes (like_id, liked_id, like_date) VALUES ("173","135","2017-09-03 21:30:49");
INSERT INTO likes (like_id, liked_id, like_date) VALUES ("173","189","2017-07-04 00:59:50");
INSERT INTO likes (like_id, liked_id, like_date) VALUES ("173","4","2017-11-17 03:58:06");
INSERT INTO likes (like_id, liked_id, like_date) VALUES ("173","382","2017-07-22 19:51:26");
INSERT INTO likes (like_id, liked_id, like_date) VALUES ("173","3","2017-12-14 10:17:26");
INSERT INTO likes (like_id, liked_id, like_date) VALUES ("173","332","2018-01-25 07:03:52");
INSERT INTO likes (like_id, liked_id, like_date) VALUES ("173","200","2017-05-02 20:00:25");
INSERT INTO likes (like_id, liked_id, like_date) VALUES ("173","7","2017-07-31 22:16:08");
INSERT INTO likes (like_id, liked_id, like_date) VALUES ("173","423","2017-05-05 05:53:42");
INSERT INTO likes (like_id, liked_id, like_date) VALUES ("173","306","2017-03-20 03:29:31");
INSERT INTO likes (like_id, liked_id, like_date) VALUES ("173","439","2018-02-06 18:48:41");
INSERT INTO likes (like_id, liked_id, like_date) VALUES ("173","174","2017-11-07 03:11:41");
INSERT INTO likes (like_id, liked_id, like_date) VALUES ("173","103","2017-10-30 08:59:14");
INSERT INTO likes (like_id, liked_id, like_date) VALUES ("173","326","2017-02-14 18:29:46");
INSERT INTO likes (like_id, liked_id, like_date) VALUES ("173","311","2017-08-22 12:36:02");
INSERT INTO likes (like_id, liked_id, like_date) VALUES ("173","219","2017-09-15 16:17:17");
INSERT INTO likes (like_id, liked_id, like_date) VALUES ("173","139","2017-10-16 22:55:40");
INSERT INTO likes (like_id, liked_id, like_date) VALUES ("173","472","2017-05-10 22:10:57");
INSERT INTO likes (like_id, liked_id, like_date) VALUES ("173","416","2017-09-09 01:06:37");


INSERT INTO user (id, first_name, last_name, username, email, password, birthdate, gender, orientation, bio, country, state, city, zip, file_1, file_2, file_3, file_4, file_5, score, token, token_date, active, register, created_at, updated_at) VALUES ("174","Heidi","McCullough","macejkovicamanda","uhowe@gmail.com","$2y$10$xV7jbY5hfgTbTymWFgcgo.BXk4kSdT45qMS8/ZAtNX1.tCqIYt/Tq","1951-08-18 10:15:55","2","3","Velit enim necessitatibus eaque. Sequi sunt nobis minus magni minus minus soluta. Et suscipit nemo facere dolorum sit.","Chile","","New Pat","48323","../fixtures/female2.jpg","","","","","19","494953ea1e540a4d8190d101eb07083b","1983-06-19 03:32:43","1","1","2008-10-01 12:28:39","1985-04-25 05:21:24");
INSERT INTO user_tag (user_id, tag_id) VALUES ("174","6");


INSERT INTO likes (like_id, liked_id, like_date) VALUES ("174","278","2017-07-16 16:40:58");
INSERT INTO likes (like_id, liked_id, like_date) VALUES ("174","480","2017-03-15 02:49:23");
INSERT INTO likes (like_id, liked_id, like_date) VALUES ("174","182","2017-04-27 00:49:37");
INSERT INTO likes (like_id, liked_id, like_date) VALUES ("174","32","2017-11-08 18:43:20");
INSERT INTO likes (like_id, liked_id, like_date) VALUES ("174","470","2017-11-07 02:19:59");
INSERT INTO likes (like_id, liked_id, like_date) VALUES ("174","154","2017-09-21 22:57:56");
INSERT INTO likes (like_id, liked_id, like_date) VALUES ("174","200","2017-09-22 15:19:38");
INSERT INTO likes (like_id, liked_id, like_date) VALUES ("174","209","2017-08-27 23:29:11");
INSERT INTO likes (like_id, liked_id, like_date) VALUES ("174","455","2017-07-22 16:12:28");
INSERT INTO likes (like_id, liked_id, like_date) VALUES ("174","265","2017-04-17 23:49:42");
INSERT INTO likes (like_id, liked_id, like_date) VALUES ("174","383","2017-08-21 22:19:36");
INSERT INTO likes (like_id, liked_id, like_date) VALUES ("174","236","2017-09-20 22:36:29");
INSERT INTO likes (like_id, liked_id, like_date) VALUES ("174","319","2017-03-16 15:26:24");
INSERT INTO likes (like_id, liked_id, like_date) VALUES ("174","446","2017-09-22 14:53:01");
INSERT INTO likes (like_id, liked_id, like_date) VALUES ("174","155","2017-09-14 02:45:49");


INSERT INTO user (id, first_name, last_name, username, email, password, birthdate, gender, orientation, bio, country, state, city, zip, file_1, file_2, file_3, file_4, file_5, score, token, token_date, active, register, created_at, updated_at) VALUES ("175","Harry","Connelly","cberge","crona.cordell@yahoo.com","$2y$10$AqKkWJ7etHXuVtgQiyw4ReEM18dMn3kqQ4Ro70IPa0Lp5jwR9xtcm","1954-01-05 04:38:05","2","2","Magni voluptatem dolorem est deserunt maiores. Qui similique et aliquam cumque. Cumque aut officia sequi et consectetur iusto quis.","Mali","","New Naomie","20615-1024","../fixtures/female7.jpg","../fixtures/female7.jpg","../fixtures/female5.jpg","../fixtures/female1.jpg","","85","9d011239b74f27a1224f7a7f0a9fe576","2000-03-30 10:25:37","1","0","2008-07-06 21:11:37","1988-01-14 21:00:23");
INSERT INTO user_tag (user_id, tag_id) VALUES ("175","28");
INSERT INTO user_tag (user_id, tag_id) VALUES ("175","15");
INSERT INTO user_tag (user_id, tag_id) VALUES ("175","5");
INSERT INTO user_tag (user_id, tag_id) VALUES ("175","42");
INSERT INTO user_tag (user_id, tag_id) VALUES ("175","48");
INSERT INTO user_tag (user_id, tag_id) VALUES ("175","40");
INSERT INTO user_tag (user_id, tag_id) VALUES ("175","37");
INSERT INTO user_tag (user_id, tag_id) VALUES ("175","24");
INSERT INTO user_tag (user_id, tag_id) VALUES ("175","11");


INSERT INTO likes (like_id, liked_id, like_date) VALUES ("175","303","2017-05-18 06:23:56");
INSERT INTO likes (like_id, liked_id, like_date) VALUES ("175","445","2017-05-29 01:14:30");
INSERT INTO likes (like_id, liked_id, like_date) VALUES ("175","463","2018-02-06 07:25:41");
INSERT INTO likes (like_id, liked_id, like_date) VALUES ("175","204","2018-02-04 01:06:17");
INSERT INTO likes (like_id, liked_id, like_date) VALUES ("175","299","2017-05-14 03:34:47");
INSERT INTO likes (like_id, liked_id, like_date) VALUES ("175","378","2017-09-19 12:27:46");


INSERT INTO user (id, first_name, last_name, username, email, password, birthdate, gender, orientation, bio, country, state, city, zip, file_1, file_2, file_3, file_4, file_5, score, token, token_date, active, register, created_at, updated_at) VALUES ("176","Dorthy","Schulist","jlakin","leopoldo56@hartmann.com","$2y$10$OX6mJFnFKAWk8GvIt6BzXOpIDK66I8n75lSSD2sL5Y9a8PsDnHJvS","1989-12-28 04:35:02","2","1","Rerum iste adipisci et occaecati. Qui voluptas est itaque voluptas est possimus voluptatem. At in atque ullam.","Turkey","","East Breannaton","32241-2977","../fixtures/female9.jpg","","","","","13","52491abd2fc6b6f5eadd931204d6a60a","1978-11-14 06:24:40","0","0","1994-10-26 10:51:31","1996-07-27 13:39:38");
INSERT INTO user_tag (user_id, tag_id) VALUES ("176","28");
INSERT INTO user_tag (user_id, tag_id) VALUES ("176","30");
INSERT INTO user_tag (user_id, tag_id) VALUES ("176","36");
INSERT INTO user_tag (user_id, tag_id) VALUES ("176","38");
INSERT INTO user_tag (user_id, tag_id) VALUES ("176","11");
INSERT INTO user_tag (user_id, tag_id) VALUES ("176","4");


INSERT INTO likes (like_id, liked_id, like_date) VALUES ("176","10","2017-12-14 13:03:06");
INSERT INTO likes (like_id, liked_id, like_date) VALUES ("176","420","2017-07-07 13:50:13");
INSERT INTO likes (like_id, liked_id, like_date) VALUES ("176","11","2017-08-16 19:00:03");
INSERT INTO likes (like_id, liked_id, like_date) VALUES ("176","287","2017-02-20 05:01:34");
INSERT INTO likes (like_id, liked_id, like_date) VALUES ("176","82","2017-07-20 05:28:18");
INSERT INTO likes (like_id, liked_id, like_date) VALUES ("176","148","2017-05-13 21:17:38");
INSERT INTO likes (like_id, liked_id, like_date) VALUES ("176","391","2017-02-26 17:34:11");
INSERT INTO likes (like_id, liked_id, like_date) VALUES ("176","61","2017-04-13 20:52:30");
INSERT INTO likes (like_id, liked_id, like_date) VALUES ("176","391","2017-08-21 23:40:03");
INSERT INTO likes (like_id, liked_id, like_date) VALUES ("176","55","2017-06-23 10:58:54");
INSERT INTO likes (like_id, liked_id, like_date) VALUES ("176","192","2017-05-13 13:08:45");
INSERT INTO likes (like_id, liked_id, like_date) VALUES ("176","490","2017-03-18 22:11:45");
INSERT INTO likes (like_id, liked_id, like_date) VALUES ("176","138","2017-06-02 21:52:42");


INSERT INTO user (id, first_name, last_name, username, email, password, birthdate, gender, orientation, bio, country, state, city, zip, file_1, file_2, file_3, file_4, file_5, score, token, token_date, active, register, created_at, updated_at) VALUES ("177","Destinee","Murray","snader","dmills@kessler.net","$2y$10$c9/cL2KVPuWKhqhrQ0o51e9jPnyX7lzdGj1lo4Ap68LM085/sfymW","1997-03-18 10:50:13","1","1","Enim dolorem est quis accusamus praesentium totam autem. Impedit debitis architecto assumenda hic eius sunt. Error ducimus ut magnam consectetur. Eveniet quos rem vel soluta et.","Serbia","","Port Lola","31933-8481","../fixtures/male8.jpg","","","","","34","c9356283ca5ea78709b3b777835253ac","1989-03-09 22:38:45","1","1","1985-07-07 04:35:18","1985-11-06 19:17:43");
INSERT INTO user_tag (user_id, tag_id) VALUES ("177","41");
INSERT INTO user_tag (user_id, tag_id) VALUES ("177","43");
INSERT INTO user_tag (user_id, tag_id) VALUES ("177","27");
INSERT INTO user_tag (user_id, tag_id) VALUES ("177","5");
INSERT INTO user_tag (user_id, tag_id) VALUES ("177","18");
INSERT INTO user_tag (user_id, tag_id) VALUES ("177","33");
INSERT INTO user_tag (user_id, tag_id) VALUES ("177","26");
INSERT INTO user_tag (user_id, tag_id) VALUES ("177","9");
INSERT INTO user_tag (user_id, tag_id) VALUES ("177","29");
INSERT INTO user_tag (user_id, tag_id) VALUES ("177","35");
INSERT INTO user_tag (user_id, tag_id) VALUES ("177","39");
INSERT INTO user_tag (user_id, tag_id) VALUES ("177","38");
INSERT INTO user_tag (user_id, tag_id) VALUES ("177","30");
INSERT INTO user_tag (user_id, tag_id) VALUES ("177","47");


INSERT INTO likes (like_id, liked_id, like_date) VALUES ("177","216","2017-05-31 11:31:26");
INSERT INTO likes (like_id, liked_id, like_date) VALUES ("177","29","2017-03-07 13:40:13");
INSERT INTO likes (like_id, liked_id, like_date) VALUES ("177","280","2017-08-25 12:09:34");
INSERT INTO likes (like_id, liked_id, like_date) VALUES ("177","395","2017-05-31 09:31:09");
INSERT INTO likes (like_id, liked_id, like_date) VALUES ("177","320","2017-09-19 16:14:35");
INSERT INTO likes (like_id, liked_id, like_date) VALUES ("177","494","2017-12-03 00:52:13");
INSERT INTO likes (like_id, liked_id, like_date) VALUES ("177","101","2017-12-20 16:48:12");
INSERT INTO likes (like_id, liked_id, like_date) VALUES ("177","279","2017-11-11 18:47:39");


INSERT INTO user (id, first_name, last_name, username, email, password, birthdate, gender, orientation, bio, country, state, city, zip, file_1, file_2, file_3, file_4, file_5, score, token, token_date, active, register, created_at, updated_at) VALUES ("178","Rene","Weber","alexane07","bo.crooks@hotmail.com","$2y$10$O1fxYIQgQRDzoet7fO7HZ.soNRh2lc8IPvpzf5sRquCm0l2sG7gdO","1950-03-19 08:17:56","1","2","Animi eius et sint autem facilis sit rerum. Recusandae aspernatur dolorem provident aliquam quia qui et. Necessitatibus fugiat accusamus eos assumenda officia. Dolorem modi architecto placeat tenetur et saepe. Expedita ducimus doloremque tempora tempora optio omnis quia.","Kyrgyz Republic","","North Garett","57099","../fixtures/male5.jpg","../fixtures/male6.jpg","../fixtures/male7.jpg","../fixtures/male3.jpg","","95","bec312f7bc1e43e2bc9e9c39cdf64a8c","1996-10-08 15:23:22","0","0","1970-11-07 04:32:59","1987-02-16 02:59:06");
INSERT INTO user_tag (user_id, tag_id) VALUES ("178","40");
INSERT INTO user_tag (user_id, tag_id) VALUES ("178","21");
INSERT INTO user_tag (user_id, tag_id) VALUES ("178","29");
INSERT INTO user_tag (user_id, tag_id) VALUES ("178","2");
INSERT INTO user_tag (user_id, tag_id) VALUES ("178","15");
INSERT INTO user_tag (user_id, tag_id) VALUES ("178","20");
INSERT INTO user_tag (user_id, tag_id) VALUES ("178","32");
INSERT INTO user_tag (user_id, tag_id) VALUES ("178","6");
INSERT INTO user_tag (user_id, tag_id) VALUES ("178","50");
INSERT INTO user_tag (user_id, tag_id) VALUES ("178","17");
INSERT INTO user_tag (user_id, tag_id) VALUES ("178","28");
INSERT INTO user_tag (user_id, tag_id) VALUES ("178","30");


INSERT INTO likes (like_id, liked_id, like_date) VALUES ("178","341","2017-11-21 01:25:29");
INSERT INTO likes (like_id, liked_id, like_date) VALUES ("178","243","2017-05-15 21:12:01");
INSERT INTO likes (like_id, liked_id, like_date) VALUES ("178","142","2017-07-22 17:45:12");
INSERT INTO likes (like_id, liked_id, like_date) VALUES ("178","49","2018-01-07 07:24:14");
INSERT INTO likes (like_id, liked_id, like_date) VALUES ("178","59","2017-12-27 03:02:16");
INSERT INTO likes (like_id, liked_id, like_date) VALUES ("178","120","2017-05-01 13:45:27");
INSERT INTO likes (like_id, liked_id, like_date) VALUES ("178","292","2017-06-26 07:05:36");
INSERT INTO likes (like_id, liked_id, like_date) VALUES ("178","39","2017-05-25 14:02:35");
INSERT INTO likes (like_id, liked_id, like_date) VALUES ("178","17","2017-11-16 10:20:16");
INSERT INTO likes (like_id, liked_id, like_date) VALUES ("178","143","2017-07-24 05:37:04");
INSERT INTO likes (like_id, liked_id, like_date) VALUES ("178","471","2017-11-23 22:58:28");
INSERT INTO likes (like_id, liked_id, like_date) VALUES ("178","83","2017-05-04 23:32:17");
INSERT INTO likes (like_id, liked_id, like_date) VALUES ("178","91","2017-04-12 04:09:37");
INSERT INTO likes (like_id, liked_id, like_date) VALUES ("178","410","2017-05-17 00:31:58");
INSERT INTO likes (like_id, liked_id, like_date) VALUES ("178","24","2017-06-28 07:51:00");
INSERT INTO likes (like_id, liked_id, like_date) VALUES ("178","268","2017-12-21 10:12:34");
INSERT INTO likes (like_id, liked_id, like_date) VALUES ("178","244","2017-03-07 07:35:35");


INSERT INTO user (id, first_name, last_name, username, email, password, birthdate, gender, orientation, bio, country, state, city, zip, file_1, file_2, file_3, file_4, file_5, score, token, token_date, active, register, created_at, updated_at) VALUES ("179","Larissa","Champlin","carleyjacobi","brandon82@crooks.com","$2y$10$.U9iWiJLV2rPjND8j.q2qOtlaurYfBlMzD4CNf/IPNc5ODcuPnHse","1957-07-19 23:58:43","2","3","Ipsa at doloremque sed velit enim. Architecto iusto omnis a nisi iure officia iusto harum.","San Marino","","Port Kaela","07989-8439","../fixtures/female2.jpg","../fixtures/female9.jpg","../fixtures/female3.jpg","","","28","4c2c444c28179286fec21cbed0d6e455","1996-04-05 14:02:46","1","1","2008-08-07 17:00:34","2016-12-28 18:28:32");
INSERT INTO user_tag (user_id, tag_id) VALUES ("179","15");
INSERT INTO user_tag (user_id, tag_id) VALUES ("179","8");
INSERT INTO user_tag (user_id, tag_id) VALUES ("179","10");
INSERT INTO user_tag (user_id, tag_id) VALUES ("179","8");


INSERT INTO likes (like_id, liked_id, like_date) VALUES ("179","359","2017-02-22 00:24:50");
INSERT INTO likes (like_id, liked_id, like_date) VALUES ("179","174","2017-08-21 11:47:18");
INSERT INTO likes (like_id, liked_id, like_date) VALUES ("179","442","2017-03-12 18:36:00");
INSERT INTO likes (like_id, liked_id, like_date) VALUES ("179","107","2017-07-06 09:04:47");
INSERT INTO likes (like_id, liked_id, like_date) VALUES ("179","150","2017-09-30 20:32:28");


INSERT INTO user (id, first_name, last_name, username, email, password, birthdate, gender, orientation, bio, country, state, city, zip, file_1, file_2, file_3, file_4, file_5, score, token, token_date, active, register, created_at, updated_at) VALUES ("180","Darron","Pacocha","kdickens","alia.hilll@gmail.com","$2y$10$px8oJSkW61LMLF5V73NML.51THS2b2CJ3QcRenOsmozVxQgdQiAlS","1953-09-03 07:37:38","1","2","Officia aut omnis labore. Consectetur ut ea dolor autem nostrum. Tempore rerum et voluptatem aut. Deserunt amet expedita odio quam ipsa culpa eius. Et voluptatem nihil enim maxime.","Cambodia","","New Oliverfurt","74115","../fixtures/male5.jpg","","","","","62","e5086818c9b822f23029d5696a62c5e6","1983-12-06 03:14:37","0","0","1976-06-29 03:07:54","2013-02-08 02:36:34");
INSERT INTO user_tag (user_id, tag_id) VALUES ("180","7");
INSERT INTO user_tag (user_id, tag_id) VALUES ("180","24");
INSERT INTO user_tag (user_id, tag_id) VALUES ("180","37");
INSERT INTO user_tag (user_id, tag_id) VALUES ("180","8");


INSERT INTO likes (like_id, liked_id, like_date) VALUES ("180","128","2017-07-15 00:54:31");
INSERT INTO likes (like_id, liked_id, like_date) VALUES ("180","178","2017-09-01 20:37:12");
INSERT INTO likes (like_id, liked_id, like_date) VALUES ("180","407","2017-08-18 11:21:13");
INSERT INTO likes (like_id, liked_id, like_date) VALUES ("180","247","2017-09-06 16:45:25");
INSERT INTO likes (like_id, liked_id, like_date) VALUES ("180","104","2017-07-23 06:35:09");
INSERT INTO likes (like_id, liked_id, like_date) VALUES ("180","261","2018-01-21 20:16:48");
INSERT INTO likes (like_id, liked_id, like_date) VALUES ("180","368","2017-11-08 09:29:05");
INSERT INTO likes (like_id, liked_id, like_date) VALUES ("180","452","2017-08-06 00:11:33");
INSERT INTO likes (like_id, liked_id, like_date) VALUES ("180","166","2017-09-24 11:00:15");
INSERT INTO likes (like_id, liked_id, like_date) VALUES ("180","294","2018-01-17 20:58:52");
INSERT INTO likes (like_id, liked_id, like_date) VALUES ("180","269","2017-08-16 21:22:27");
INSERT INTO likes (like_id, liked_id, like_date) VALUES ("180","285","2017-06-07 02:30:07");
INSERT INTO likes (like_id, liked_id, like_date) VALUES ("180","434","2017-04-20 00:43:57");


INSERT INTO user (id, first_name, last_name, username, email, password, birthdate, gender, orientation, bio, country, state, city, zip, file_1, file_2, file_3, file_4, file_5, score, token, token_date, active, register, created_at, updated_at) VALUES ("181","Sterling","Greenfelder","xberge","gulgowski.alec@bernier.com","$2y$10$ADBl/nFlm9iye/QsMFnZAO3Gn5JEH72.voI/5KWw4R8nU6kwtyd6W","1953-02-02 00:50:59","2","3","Saepe tenetur et quae nulla provident. Odio quisquam et voluptatem et qui. Modi repellendus illum eos quae numquam.","Martinique","","Greysonland","62472-2720","../fixtures/female2.jpg","","","","","38","db0781ace21bb8a4f5f3c1141e651566","1975-01-25 20:35:56","0","0","1998-12-25 10:35:14","1990-01-17 06:01:01");
INSERT INTO user_tag (user_id, tag_id) VALUES ("181","1");
INSERT INTO user_tag (user_id, tag_id) VALUES ("181","1");
INSERT INTO user_tag (user_id, tag_id) VALUES ("181","41");
INSERT INTO user_tag (user_id, tag_id) VALUES ("181","36");
INSERT INTO user_tag (user_id, tag_id) VALUES ("181","24");
INSERT INTO user_tag (user_id, tag_id) VALUES ("181","35");
INSERT INTO user_tag (user_id, tag_id) VALUES ("181","47");
INSERT INTO user_tag (user_id, tag_id) VALUES ("181","20");
INSERT INTO user_tag (user_id, tag_id) VALUES ("181","11");
INSERT INTO user_tag (user_id, tag_id) VALUES ("181","35");
INSERT INTO user_tag (user_id, tag_id) VALUES ("181","14");
INSERT INTO user_tag (user_id, tag_id) VALUES ("181","33");
INSERT INTO user_tag (user_id, tag_id) VALUES ("181","21");
INSERT INTO user_tag (user_id, tag_id) VALUES ("181","20");


INSERT INTO likes (like_id, liked_id, like_date) VALUES ("181","27","2017-10-04 01:34:02");
INSERT INTO likes (like_id, liked_id, like_date) VALUES ("181","29","2017-08-14 20:37:02");
INSERT INTO likes (like_id, liked_id, like_date) VALUES ("181","484","2017-04-23 03:06:15");
INSERT INTO likes (like_id, liked_id, like_date) VALUES ("181","340","2017-12-30 22:38:12");
INSERT INTO likes (like_id, liked_id, like_date) VALUES ("181","421","2017-10-01 09:40:51");
INSERT INTO likes (like_id, liked_id, like_date) VALUES ("181","440","2017-09-21 21:05:38");
INSERT INTO likes (like_id, liked_id, like_date) VALUES ("181","71","2017-08-26 18:09:24");
INSERT INTO likes (like_id, liked_id, like_date) VALUES ("181","222","2017-07-17 16:06:14");
INSERT INTO likes (like_id, liked_id, like_date) VALUES ("181","366","2017-04-17 01:43:01");
INSERT INTO likes (like_id, liked_id, like_date) VALUES ("181","68","2017-06-29 04:55:01");
INSERT INTO likes (like_id, liked_id, like_date) VALUES ("181","397","2018-01-08 20:10:40");
INSERT INTO likes (like_id, liked_id, like_date) VALUES ("181","170","2017-11-19 16:23:26");
INSERT INTO likes (like_id, liked_id, like_date) VALUES ("181","405","2017-06-18 14:08:26");
INSERT INTO likes (like_id, liked_id, like_date) VALUES ("181","324","2017-04-26 20:05:49");
INSERT INTO likes (like_id, liked_id, like_date) VALUES ("181","100","2018-01-01 01:15:24");
INSERT INTO likes (like_id, liked_id, like_date) VALUES ("181","267","2018-01-02 01:09:57");
INSERT INTO likes (like_id, liked_id, like_date) VALUES ("181","480","2018-02-11 09:35:01");
INSERT INTO likes (like_id, liked_id, like_date) VALUES ("181","496","2017-03-24 21:16:00");
INSERT INTO likes (like_id, liked_id, like_date) VALUES ("181","393","2017-09-24 22:31:50");
INSERT INTO likes (like_id, liked_id, like_date) VALUES ("181","256","2017-06-09 02:08:30");


INSERT INTO user (id, first_name, last_name, username, email, password, birthdate, gender, orientation, bio, country, state, city, zip, file_1, file_2, file_3, file_4, file_5, score, token, token_date, active, register, created_at, updated_at) VALUES ("182","Ephraim","McLaughlin","feestkallie","knienow@mosciski.com","$2y$10$UQrl5YI1ppnajMJwpWx9ae9gP6UVXWKOYJ2JMWZFUsUt3uT8jkk4i","1966-02-03 01:16:39","2","3","Aut ut perferendis unde temporibus et porro placeat. Veritatis ex consectetur laudantium animi quia. Aspernatur deleniti sapiente laboriosam nihil voluptate ex aliquam.","Montenegro","","Antwonmouth","23485","../fixtures/female4.jpg","../fixtures/female5.jpg","../fixtures/female4.jpg","../fixtures/female6.jpg","","81","d43de20d9ee487697540b43c0262d18d","1974-05-27 00:42:12","1","0","1996-07-15 10:48:31","1982-09-03 23:03:11");
INSERT INTO user_tag (user_id, tag_id) VALUES ("182","31");
INSERT INTO user_tag (user_id, tag_id) VALUES ("182","23");
INSERT INTO user_tag (user_id, tag_id) VALUES ("182","38");
INSERT INTO user_tag (user_id, tag_id) VALUES ("182","6");
INSERT INTO user_tag (user_id, tag_id) VALUES ("182","38");
INSERT INTO user_tag (user_id, tag_id) VALUES ("182","35");
INSERT INTO user_tag (user_id, tag_id) VALUES ("182","39");
INSERT INTO user_tag (user_id, tag_id) VALUES ("182","7");
INSERT INTO user_tag (user_id, tag_id) VALUES ("182","31");
INSERT INTO user_tag (user_id, tag_id) VALUES ("182","48");
INSERT INTO user_tag (user_id, tag_id) VALUES ("182","30");
INSERT INTO user_tag (user_id, tag_id) VALUES ("182","20");
INSERT INTO user_tag (user_id, tag_id) VALUES ("182","11");
INSERT INTO user_tag (user_id, tag_id) VALUES ("182","18");


INSERT INTO likes (like_id, liked_id, like_date) VALUES ("182","425","2017-09-29 18:39:41");
INSERT INTO likes (like_id, liked_id, like_date) VALUES ("182","100","2017-05-15 13:58:42");
INSERT INTO likes (like_id, liked_id, like_date) VALUES ("182","111","2017-08-04 18:47:32");
INSERT INTO likes (like_id, liked_id, like_date) VALUES ("182","119","2017-11-26 16:01:16");
INSERT INTO likes (like_id, liked_id, like_date) VALUES ("182","187","2017-08-03 12:33:45");
INSERT INTO likes (like_id, liked_id, like_date) VALUES ("182","17","2017-12-12 12:44:49");


INSERT INTO user (id, first_name, last_name, username, email, password, birthdate, gender, orientation, bio, country, state, city, zip, file_1, file_2, file_3, file_4, file_5, score, token, token_date, active, register, created_at, updated_at) VALUES ("183","Cecile","Abbott","fstroman","dwight.cummings@langosh.com","$2y$10$/n/SZQy.tT8btWRahfpRjecW9LCKEUHVeS.6eiqNVlxTRJf9y7NPi","1971-02-10 11:24:29","1","3","Alias vel necessitatibus dolores nam nostrum. Et recusandae aut quos quasi modi eos. Vel quia ducimus magni consectetur. Dicta non quo est et.","South Georgia and the South Sandwich Islands","","Jaskolskifurt","06881","../fixtures/male6.jpg","../fixtures/male4.jpg","","","","71","2c2582496c0d9f3b5f60be475478b4bb","1993-02-19 16:26:23","0","0","1970-01-12 02:07:40","2008-09-06 02:41:25");
INSERT INTO user_tag (user_id, tag_id) VALUES ("183","32");
INSERT INTO user_tag (user_id, tag_id) VALUES ("183","15");
INSERT INTO user_tag (user_id, tag_id) VALUES ("183","31");
INSERT INTO user_tag (user_id, tag_id) VALUES ("183","42");
INSERT INTO user_tag (user_id, tag_id) VALUES ("183","25");
INSERT INTO user_tag (user_id, tag_id) VALUES ("183","32");
INSERT INTO user_tag (user_id, tag_id) VALUES ("183","22");
INSERT INTO user_tag (user_id, tag_id) VALUES ("183","12");
INSERT INTO user_tag (user_id, tag_id) VALUES ("183","16");
INSERT INTO user_tag (user_id, tag_id) VALUES ("183","32");
INSERT INTO user_tag (user_id, tag_id) VALUES ("183","50");
INSERT INTO user_tag (user_id, tag_id) VALUES ("183","41");
INSERT INTO user_tag (user_id, tag_id) VALUES ("183","26");
INSERT INTO user_tag (user_id, tag_id) VALUES ("183","5");
INSERT INTO user_tag (user_id, tag_id) VALUES ("183","2");


INSERT INTO likes (like_id, liked_id, like_date) VALUES ("183","33","2017-06-26 03:12:45");
INSERT INTO likes (like_id, liked_id, like_date) VALUES ("183","32","2017-04-16 09:52:06");
INSERT INTO likes (like_id, liked_id, like_date) VALUES ("183","246","2017-10-12 13:27:23");
INSERT INTO likes (like_id, liked_id, like_date) VALUES ("183","247","2017-10-02 17:44:27");
INSERT INTO likes (like_id, liked_id, like_date) VALUES ("183","99","2018-02-13 13:34:31");
INSERT INTO likes (like_id, liked_id, like_date) VALUES ("183","320","2017-12-16 04:20:13");
INSERT INTO likes (like_id, liked_id, like_date) VALUES ("183","98","2017-07-04 12:16:20");
INSERT INTO likes (like_id, liked_id, like_date) VALUES ("183","272","2017-10-24 06:10:42");
INSERT INTO likes (like_id, liked_id, like_date) VALUES ("183","56","2017-05-28 11:31:09");
INSERT INTO likes (like_id, liked_id, like_date) VALUES ("183","22","2017-06-07 17:57:33");
INSERT INTO likes (like_id, liked_id, like_date) VALUES ("183","276","2018-02-02 05:33:33");
INSERT INTO likes (like_id, liked_id, like_date) VALUES ("183","96","2018-02-01 15:29:44");


INSERT INTO user (id, first_name, last_name, username, email, password, birthdate, gender, orientation, bio, country, state, city, zip, file_1, file_2, file_3, file_4, file_5, score, token, token_date, active, register, created_at, updated_at) VALUES ("184","Alfonzo","Graham","dorcaspollich","sigurd.wiza@nicolas.com","$2y$10$DwrrWa8jMs951JqN/sjvo.lT9NmGflXA5JWEIiPxf9KPRPetH08mC","1987-09-07 10:26:19","1","2","In necessitatibus ullam ducimus praesentium sed consectetur veniam. Necessitatibus minus omnis molestiae eum. Et voluptas nemo est omnis veritatis maxime. Suscipit possimus quia similique quia.","Burkina Faso","","Freddieview","60957-9812","../fixtures/male10.jpg","../fixtures/male5.jpg","../fixtures/male9.jpg","","","53","d165fed23b2c14e76efaefc306166fee","2016-09-27 11:19:26","0","0","2007-03-04 23:27:01","1974-01-14 18:54:09");
INSERT INTO user_tag (user_id, tag_id) VALUES ("184","45");
INSERT INTO user_tag (user_id, tag_id) VALUES ("184","23");


INSERT INTO likes (like_id, liked_id, like_date) VALUES ("184","312","2017-08-08 08:57:50");
INSERT INTO likes (like_id, liked_id, like_date) VALUES ("184","444","2017-03-18 01:25:49");
INSERT INTO likes (like_id, liked_id, like_date) VALUES ("184","444","2017-07-26 02:13:47");
INSERT INTO likes (like_id, liked_id, like_date) VALUES ("184","465","2017-10-18 19:44:54");
INSERT INTO likes (like_id, liked_id, like_date) VALUES ("184","374","2017-05-09 05:42:10");
INSERT INTO likes (like_id, liked_id, like_date) VALUES ("184","4","2017-03-01 22:33:07");
INSERT INTO likes (like_id, liked_id, like_date) VALUES ("184","311","2017-08-23 00:10:01");
INSERT INTO likes (like_id, liked_id, like_date) VALUES ("184","65","2017-07-10 05:57:25");
INSERT INTO likes (like_id, liked_id, like_date) VALUES ("184","268","2017-09-16 08:14:03");
INSERT INTO likes (like_id, liked_id, like_date) VALUES ("184","250","2017-10-14 13:10:37");
INSERT INTO likes (like_id, liked_id, like_date) VALUES ("184","285","2017-05-15 09:31:52");


INSERT INTO user (id, first_name, last_name, username, email, password, birthdate, gender, orientation, bio, country, state, city, zip, file_1, file_2, file_3, file_4, file_5, score, token, token_date, active, register, created_at, updated_at) VALUES ("185","Naomi","Jaskolski","boehmmelvin","madilyn.reichel@prosacco.com","$2y$10$1bhqeolN3CIbBbDlGFp43u7sfPcFQa2v5.BTw2K4P/Ny9MMvx8gfi","1954-11-03 02:44:47","1","3","Voluptatibus aut odio sunt et vero reprehenderit rerum. Et eos eos nemo dolores et. Nihil quia culpa qui reprehenderit minus. Doloribus culpa assumenda odit eum distinctio doloribus.","United Arab Emirates","","South Ryder","82786-3430","../fixtures/male3.jpg","../fixtures/male1.jpg","../fixtures/male2.jpg","","","83","685cdf3ed327aeaa265b755e6bf3edfc","1997-12-21 09:41:23","1","1","1986-01-14 03:55:55","2001-05-11 05:14:42");
INSERT INTO user_tag (user_id, tag_id) VALUES ("185","15");
INSERT INTO user_tag (user_id, tag_id) VALUES ("185","34");
INSERT INTO user_tag (user_id, tag_id) VALUES ("185","7");
INSERT INTO user_tag (user_id, tag_id) VALUES ("185","21");
INSERT INTO user_tag (user_id, tag_id) VALUES ("185","49");
INSERT INTO user_tag (user_id, tag_id) VALUES ("185","10");
INSERT INTO user_tag (user_id, tag_id) VALUES ("185","42");
INSERT INTO user_tag (user_id, tag_id) VALUES ("185","46");
INSERT INTO user_tag (user_id, tag_id) VALUES ("185","19");


INSERT INTO likes (like_id, liked_id, like_date) VALUES ("185","455","2017-04-23 00:00:34");
INSERT INTO likes (like_id, liked_id, like_date) VALUES ("185","404","2017-03-04 08:09:32");
INSERT INTO likes (like_id, liked_id, like_date) VALUES ("185","395","2018-02-06 18:15:55");
INSERT INTO likes (like_id, liked_id, like_date) VALUES ("185","409","2017-11-16 16:21:24");
INSERT INTO likes (like_id, liked_id, like_date) VALUES ("185","343","2017-12-20 09:33:08");
INSERT INTO likes (like_id, liked_id, like_date) VALUES ("185","491","2017-05-05 16:57:21");
INSERT INTO likes (like_id, liked_id, like_date) VALUES ("185","341","2017-08-07 08:49:47");
INSERT INTO likes (like_id, liked_id, like_date) VALUES ("185","200","2017-04-24 01:37:49");
INSERT INTO likes (like_id, liked_id, like_date) VALUES ("185","244","2017-03-19 11:55:55");
INSERT INTO likes (like_id, liked_id, like_date) VALUES ("185","77","2017-10-26 01:17:52");
INSERT INTO likes (like_id, liked_id, like_date) VALUES ("185","286","2017-08-01 05:09:47");
INSERT INTO likes (like_id, liked_id, like_date) VALUES ("185","299","2017-03-06 20:13:40");
INSERT INTO likes (like_id, liked_id, like_date) VALUES ("185","426","2017-12-02 07:00:25");
INSERT INTO likes (like_id, liked_id, like_date) VALUES ("185","456","2017-06-25 07:07:53");
INSERT INTO likes (like_id, liked_id, like_date) VALUES ("185","208","2017-04-29 02:12:56");
INSERT INTO likes (like_id, liked_id, like_date) VALUES ("185","461","2018-01-17 05:23:42");
INSERT INTO likes (like_id, liked_id, like_date) VALUES ("185","485","2017-11-02 17:21:42");
INSERT INTO likes (like_id, liked_id, like_date) VALUES ("185","116","2017-10-31 19:41:55");
INSERT INTO likes (like_id, liked_id, like_date) VALUES ("185","157","2017-09-15 20:21:00");


INSERT INTO user (id, first_name, last_name, username, email, password, birthdate, gender, orientation, bio, country, state, city, zip, file_1, file_2, file_3, file_4, file_5, score, token, token_date, active, register, created_at, updated_at) VALUES ("186","Nikki","Witting","iyost","sheaney@crist.org","$2y$10$/9Q37adK/J8m0Rd35v2KZeyH15VvlFI0EzRk00P8vKF44D5gqW3Gm","1963-10-29 08:58:40","2","1","Natus quas officia corrupti debitis neque fugiat et voluptatem. Laudantium eos doloribus neque eligendi esse. Quod quia et qui voluptas tempore.","El Salvador","","Port Beatrice","82933","../fixtures/female10.jpg","../fixtures/female1.jpg","../fixtures/female7.jpg","../fixtures/female7.jpg","","99","9a68d12b933b4e623d84ccbbb89f0050","1990-12-28 18:51:49","0","0","1982-10-18 20:12:21","2003-09-07 05:13:57");
INSERT INTO user_tag (user_id, tag_id) VALUES ("186","12");
INSERT INTO user_tag (user_id, tag_id) VALUES ("186","43");
INSERT INTO user_tag (user_id, tag_id) VALUES ("186","25");
INSERT INTO user_tag (user_id, tag_id) VALUES ("186","27");
INSERT INTO user_tag (user_id, tag_id) VALUES ("186","11");
INSERT INTO user_tag (user_id, tag_id) VALUES ("186","43");
INSERT INTO user_tag (user_id, tag_id) VALUES ("186","19");
INSERT INTO user_tag (user_id, tag_id) VALUES ("186","39");
INSERT INTO user_tag (user_id, tag_id) VALUES ("186","39");
INSERT INTO user_tag (user_id, tag_id) VALUES ("186","11");
INSERT INTO user_tag (user_id, tag_id) VALUES ("186","26");
INSERT INTO user_tag (user_id, tag_id) VALUES ("186","9");
INSERT INTO user_tag (user_id, tag_id) VALUES ("186","3");


INSERT INTO likes (like_id, liked_id, like_date) VALUES ("186","21","2017-12-20 03:06:42");
INSERT INTO likes (like_id, liked_id, like_date) VALUES ("186","109","2017-05-05 12:13:09");
INSERT INTO likes (like_id, liked_id, like_date) VALUES ("186","294","2017-08-14 10:22:44");
INSERT INTO likes (like_id, liked_id, like_date) VALUES ("186","427","2017-12-16 08:41:39");
INSERT INTO likes (like_id, liked_id, like_date) VALUES ("186","466","2017-09-17 11:35:29");
INSERT INTO likes (like_id, liked_id, like_date) VALUES ("186","230","2017-09-13 04:51:59");
INSERT INTO likes (like_id, liked_id, like_date) VALUES ("186","291","2017-12-15 23:58:58");
INSERT INTO likes (like_id, liked_id, like_date) VALUES ("186","331","2017-10-21 04:36:14");


INSERT INTO user (id, first_name, last_name, username, email, password, birthdate, gender, orientation, bio, country, state, city, zip, file_1, file_2, file_3, file_4, file_5, score, token, token_date, active, register, created_at, updated_at) VALUES ("187","Edyth","Kemmer","ron42","akreiger@gmail.com","$2y$10$u/MY2MslCTXBOaW4/SCgzea.5/5XgBzdblZR6HB4hdBsrFm8bQAEC","1981-12-23 21:17:24","2","1","Eligendi quaerat consequatur reprehenderit aut quod commodi occaecati. Nisi molestiae eum corrupti ullam adipisci aperiam. Ea quia qui aut.","Antarctica (the territory South of 60 deg S)","","New Douglas","02381","../fixtures/female9.jpg","../fixtures/female6.jpg","","","","33","08fa419b4f19fd407544930e8e396a51","2001-02-11 16:25:48","1","0","2009-10-30 11:20:29","2002-05-10 11:11:51");
INSERT INTO user_tag (user_id, tag_id) VALUES ("187","21");
INSERT INTO user_tag (user_id, tag_id) VALUES ("187","4");


INSERT INTO likes (like_id, liked_id, like_date) VALUES ("187","239","2017-07-30 05:52:45");
INSERT INTO likes (like_id, liked_id, like_date) VALUES ("187","62","2017-04-11 02:59:34");
INSERT INTO likes (like_id, liked_id, like_date) VALUES ("187","13","2017-10-07 15:49:35");
INSERT INTO likes (like_id, liked_id, like_date) VALUES ("187","176","2017-09-07 01:08:54");
INSERT INTO likes (like_id, liked_id, like_date) VALUES ("187","484","2018-01-10 14:34:03");
INSERT INTO likes (like_id, liked_id, like_date) VALUES ("187","310","2017-12-14 14:46:05");
INSERT INTO likes (like_id, liked_id, like_date) VALUES ("187","363","2017-08-13 12:32:30");
INSERT INTO likes (like_id, liked_id, like_date) VALUES ("187","308","2017-02-24 03:03:15");
INSERT INTO likes (like_id, liked_id, like_date) VALUES ("187","145","2017-08-03 10:56:07");
INSERT INTO likes (like_id, liked_id, like_date) VALUES ("187","291","2017-08-22 13:36:44");
INSERT INTO likes (like_id, liked_id, like_date) VALUES ("187","283","2017-09-16 20:28:41");
INSERT INTO likes (like_id, liked_id, like_date) VALUES ("187","11","2017-07-29 01:04:37");
INSERT INTO likes (like_id, liked_id, like_date) VALUES ("187","261","2018-02-09 15:15:07");
INSERT INTO likes (like_id, liked_id, like_date) VALUES ("187","428","2017-02-14 10:12:23");
INSERT INTO likes (like_id, liked_id, like_date) VALUES ("187","104","2017-06-29 22:42:16");
INSERT INTO likes (like_id, liked_id, like_date) VALUES ("187","410","2018-01-17 08:30:43");
INSERT INTO likes (like_id, liked_id, like_date) VALUES ("187","161","2017-09-12 17:24:32");
INSERT INTO likes (like_id, liked_id, like_date) VALUES ("187","65","2017-05-02 02:31:16");
INSERT INTO likes (like_id, liked_id, like_date) VALUES ("187","264","2017-07-20 21:15:26");
INSERT INTO likes (like_id, liked_id, like_date) VALUES ("187","247","2017-04-10 10:06:37");


INSERT INTO user (id, first_name, last_name, username, email, password, birthdate, gender, orientation, bio, country, state, city, zip, file_1, file_2, file_3, file_4, file_5, score, token, token_date, active, register, created_at, updated_at) VALUES ("188","Brandi","O'Conner","eileen98","keshaun27@parisian.org","$2y$10$HqxaNSeBI5hfREDuXZ5bx.XLv23zRfN/fPz7PEM.W62c0OwVRpxjO","1974-08-31 01:02:51","2","3","Voluptatum cum magnam mollitia voluptatem consequatur unde quia. Nihil est quidem qui ea. Quam est ex ut maiores qui voluptatem. Consequatur cumque est nesciunt commodi quibusdam et.","Macao","","Rainahaven","70686","../fixtures/female3.jpg","../fixtures/female2.jpg","","","","92","125f7314f4bb54789b824e6a4f9af395","1979-02-15 16:44:55","1","0","1978-01-10 00:15:36","2005-12-23 04:05:38");
INSERT INTO user_tag (user_id, tag_id) VALUES ("188","33");
INSERT INTO user_tag (user_id, tag_id) VALUES ("188","47");
INSERT INTO user_tag (user_id, tag_id) VALUES ("188","35");
INSERT INTO user_tag (user_id, tag_id) VALUES ("188","38");
INSERT INTO user_tag (user_id, tag_id) VALUES ("188","43");
INSERT INTO user_tag (user_id, tag_id) VALUES ("188","50");
INSERT INTO user_tag (user_id, tag_id) VALUES ("188","7");
INSERT INTO user_tag (user_id, tag_id) VALUES ("188","27");
INSERT INTO user_tag (user_id, tag_id) VALUES ("188","29");
INSERT INTO user_tag (user_id, tag_id) VALUES ("188","5");


INSERT INTO likes (like_id, liked_id, like_date) VALUES ("188","40","2017-04-03 05:50:19");
INSERT INTO likes (like_id, liked_id, like_date) VALUES ("188","388","2017-10-26 07:48:19");
INSERT INTO likes (like_id, liked_id, like_date) VALUES ("188","229","2017-09-20 08:36:48");
INSERT INTO likes (like_id, liked_id, like_date) VALUES ("188","469","2017-09-29 21:40:49");
INSERT INTO likes (like_id, liked_id, like_date) VALUES ("188","334","2017-09-08 16:22:24");
INSERT INTO likes (like_id, liked_id, like_date) VALUES ("188","399","2017-07-19 22:53:23");
INSERT INTO likes (like_id, liked_id, like_date) VALUES ("188","252","2017-08-18 05:14:55");
INSERT INTO likes (like_id, liked_id, like_date) VALUES ("188","30","2017-10-17 20:03:30");
INSERT INTO likes (like_id, liked_id, like_date) VALUES ("188","438","2017-03-16 05:28:07");
INSERT INTO likes (like_id, liked_id, like_date) VALUES ("188","395","2017-07-31 20:54:21");
INSERT INTO likes (like_id, liked_id, like_date) VALUES ("188","11","2017-07-28 09:58:09");
INSERT INTO likes (like_id, liked_id, like_date) VALUES ("188","142","2018-01-22 09:29:01");
INSERT INTO likes (like_id, liked_id, like_date) VALUES ("188","401","2017-05-15 03:29:50");
INSERT INTO likes (like_id, liked_id, like_date) VALUES ("188","399","2017-08-20 23:54:19");
INSERT INTO likes (like_id, liked_id, like_date) VALUES ("188","456","2017-02-16 07:44:01");
INSERT INTO likes (like_id, liked_id, like_date) VALUES ("188","367","2017-04-02 23:29:26");
INSERT INTO likes (like_id, liked_id, like_date) VALUES ("188","60","2017-08-21 22:55:09");
INSERT INTO likes (like_id, liked_id, like_date) VALUES ("188","471","2017-03-18 13:39:47");


INSERT INTO user (id, first_name, last_name, username, email, password, birthdate, gender, orientation, bio, country, state, city, zip, file_1, file_2, file_3, file_4, file_5, score, token, token_date, active, register, created_at, updated_at) VALUES ("189","Casimer","Mohr","ramonaabernathy","roscoe88@gmail.com","$2y$10$3UgFApwYfpKeOf5xbAwzx.ASu9G8AsLe25CuL1qavOW1IWS0rGv5a","1997-09-05 19:24:41","1","1","Dolor odio rerum distinctio molestiae. Reiciendis sint et maiores. Laudantium sequi distinctio occaecati voluptas facere eos enim. Recusandae qui sunt consectetur.","Greece","","Windlerview","85570-4980","../fixtures/male7.jpg","../fixtures/male1.jpg","../fixtures/male5.jpg","","","64","16c5f66eb6b212f68ea29d2d68fea404","1984-05-07 04:46:41","1","0","2008-09-30 02:30:02","1977-09-26 18:35:39");
INSERT INTO user_tag (user_id, tag_id) VALUES ("189","29");
INSERT INTO user_tag (user_id, tag_id) VALUES ("189","42");
INSERT INTO user_tag (user_id, tag_id) VALUES ("189","49");
INSERT INTO user_tag (user_id, tag_id) VALUES ("189","34");
INSERT INTO user_tag (user_id, tag_id) VALUES ("189","4");


INSERT INTO likes (like_id, liked_id, like_date) VALUES ("189","330","2017-10-28 05:23:37");
INSERT INTO likes (like_id, liked_id, like_date) VALUES ("189","92","2017-09-02 00:38:25");
INSERT INTO likes (like_id, liked_id, like_date) VALUES ("189","368","2018-01-08 00:43:21");
INSERT INTO likes (like_id, liked_id, like_date) VALUES ("189","183","2018-01-25 23:33:45");
INSERT INTO likes (like_id, liked_id, like_date) VALUES ("189","93","2018-01-09 14:48:43");
INSERT INTO likes (like_id, liked_id, like_date) VALUES ("189","384","2017-08-02 21:29:30");
INSERT INTO likes (like_id, liked_id, like_date) VALUES ("189","316","2017-09-24 01:10:30");
INSERT INTO likes (like_id, liked_id, like_date) VALUES ("189","447","2017-06-13 09:39:05");
INSERT INTO likes (like_id, liked_id, like_date) VALUES ("189","402","2018-01-18 12:35:07");
INSERT INTO likes (like_id, liked_id, like_date) VALUES ("189","431","2017-10-28 07:02:21");
INSERT INTO likes (like_id, liked_id, like_date) VALUES ("189","65","2017-10-12 16:33:19");
INSERT INTO likes (like_id, liked_id, like_date) VALUES ("189","88","2017-04-15 19:47:21");
INSERT INTO likes (like_id, liked_id, like_date) VALUES ("189","15","2017-03-23 03:22:43");
INSERT INTO likes (like_id, liked_id, like_date) VALUES ("189","500","2017-07-10 17:01:16");
INSERT INTO likes (like_id, liked_id, like_date) VALUES ("189","240","2017-10-29 11:01:02");
INSERT INTO likes (like_id, liked_id, like_date) VALUES ("189","152","2017-03-25 00:29:20");
INSERT INTO likes (like_id, liked_id, like_date) VALUES ("189","315","2017-10-23 07:04:41");
INSERT INTO likes (like_id, liked_id, like_date) VALUES ("189","356","2017-04-27 20:52:28");
INSERT INTO likes (like_id, liked_id, like_date) VALUES ("189","359","2017-10-23 03:16:17");
INSERT INTO likes (like_id, liked_id, like_date) VALUES ("189","408","2017-05-18 08:26:53");


INSERT INTO user (id, first_name, last_name, username, email, password, birthdate, gender, orientation, bio, country, state, city, zip, file_1, file_2, file_3, file_4, file_5, score, token, token_date, active, register, created_at, updated_at) VALUES ("190","Rickey","Mertz","dherzog","luettgen.emmet@yahoo.com","$2y$10$yr9ltyzshw6dO7e3/iFhXuEvPPvP1TbUVcvvvBWRoQrVmp68O7hgC","1996-05-26 18:05:14","2","2","Quis autem suscipit nostrum aut. Non labore ullam odio aut quia. Quas ex illum magni laudantium.","Namibia","","Port Dillon","34671","../fixtures/female5.jpg","../fixtures/female9.jpg","../fixtures/female1.jpg","","","39","e09e94a92e41e41b9594446b69b1b989","2012-01-28 01:30:38","1","1","1998-03-20 14:17:29","1997-03-09 03:14:46");
INSERT INTO user_tag (user_id, tag_id) VALUES ("190","35");


INSERT INTO likes (like_id, liked_id, like_date) VALUES ("190","285","2017-06-14 02:19:13");
INSERT INTO likes (like_id, liked_id, like_date) VALUES ("190","317","2017-05-18 09:10:49");
INSERT INTO likes (like_id, liked_id, like_date) VALUES ("190","306","2017-06-30 03:33:01");
INSERT INTO likes (like_id, liked_id, like_date) VALUES ("190","273","2017-11-15 01:11:54");
INSERT INTO likes (like_id, liked_id, like_date) VALUES ("190","272","2018-02-03 08:10:36");
INSERT INTO likes (like_id, liked_id, like_date) VALUES ("190","450","2018-01-21 14:43:47");
INSERT INTO likes (like_id, liked_id, like_date) VALUES ("190","150","2017-10-06 17:06:15");


INSERT INTO user (id, first_name, last_name, username, email, password, birthdate, gender, orientation, bio, country, state, city, zip, file_1, file_2, file_3, file_4, file_5, score, token, token_date, active, register, created_at, updated_at) VALUES ("191","Flossie","Hudson","strackemakayla","roma.wuckert@sauer.info","$2y$10$V8C8XiCiKiBrbe9f.kn2VugBwPi56uspNjsCr0yiBO/YMQ6xFNhw.","1980-11-30 05:25:07","2","3","Repellendus commodi laboriosam quo et omnis error et. Amet occaecati corporis aliquam tempore. Debitis quia eum in ipsa. Soluta et rerum fugiat ipsam soluta.","Iran","","Bruenview","84848","../fixtures/female2.jpg","../fixtures/female2.jpg","","","","9","d97e1f617e1e23687f6251bf65dc622c","1977-01-29 21:46:02","0","0","1983-07-18 01:11:25","1994-08-17 02:47:03");
INSERT INTO user_tag (user_id, tag_id) VALUES ("191","3");
INSERT INTO user_tag (user_id, tag_id) VALUES ("191","7");
INSERT INTO user_tag (user_id, tag_id) VALUES ("191","38");
INSERT INTO user_tag (user_id, tag_id) VALUES ("191","7");
INSERT INTO user_tag (user_id, tag_id) VALUES ("191","3");
INSERT INTO user_tag (user_id, tag_id) VALUES ("191","27");
INSERT INTO user_tag (user_id, tag_id) VALUES ("191","33");
INSERT INTO user_tag (user_id, tag_id) VALUES ("191","11");
INSERT INTO user_tag (user_id, tag_id) VALUES ("191","26");
INSERT INTO user_tag (user_id, tag_id) VALUES ("191","28");


INSERT INTO likes (like_id, liked_id, like_date) VALUES ("191","338","2017-08-25 20:02:04");


INSERT INTO user (id, first_name, last_name, username, email, password, birthdate, gender, orientation, bio, country, state, city, zip, file_1, file_2, file_3, file_4, file_5, score, token, token_date, active, register, created_at, updated_at) VALUES ("192","Shanny","Shields","grady25","bergnaum.leanne@gmail.com","$2y$10$z7nYCHEOqbsAHi0jGEANcOd3kHtcHUjRrVNT4cLlG8ll6Y0Lbd5hO","1952-07-21 13:41:25","2","1","Eum distinctio id quia et sint. Aut ratione eveniet velit eos iure excepturi rerum.","Belarus","","Lake Traceymouth","76225-3692","../fixtures/female7.jpg","../fixtures/female2.jpg","../fixtures/female10.jpg","../fixtures/female3.jpg","","85","237a5c60b005deb82afb8d39f9810cde","1997-08-26 08:11:32","0","0","1986-08-10 22:43:35","2009-01-19 07:28:35");
INSERT INTO user_tag (user_id, tag_id) VALUES ("192","46");
INSERT INTO user_tag (user_id, tag_id) VALUES ("192","43");
INSERT INTO user_tag (user_id, tag_id) VALUES ("192","25");


INSERT INTO likes (like_id, liked_id, like_date) VALUES ("192","233","2017-09-26 16:15:08");


INSERT INTO user (id, first_name, last_name, username, email, password, birthdate, gender, orientation, bio, country, state, city, zip, file_1, file_2, file_3, file_4, file_5, score, token, token_date, active, register, created_at, updated_at) VALUES ("193","Joyce","Bergstrom","francesklein","ueffertz@dach.info","$2y$10$AB6UbNnZBn7dUBkNIWqZgeGzNyMjulGJLj5zBBIkIno59sZqjg3Ve","1967-11-04 08:23:24","2","3","Molestiae fuga voluptatibus molestiae assumenda facere. Nostrum esse optio culpa quisquam et harum. Et eum fugit magni. Omnis aliquam distinctio ut dolor fugit.","Palau","","New Maximo","12386","../fixtures/female6.jpg","../fixtures/female8.jpg","../fixtures/female3.jpg","","","71","98606f5060b7ae6c86649fb01ea77878","1998-10-30 02:40:34","1","1","1996-04-28 22:32:10","1999-03-23 11:14:50");
INSERT INTO user_tag (user_id, tag_id) VALUES ("193","15");
INSERT INTO user_tag (user_id, tag_id) VALUES ("193","6");
INSERT INTO user_tag (user_id, tag_id) VALUES ("193","2");
INSERT INTO user_tag (user_id, tag_id) VALUES ("193","7");
INSERT INTO user_tag (user_id, tag_id) VALUES ("193","33");
INSERT INTO user_tag (user_id, tag_id) VALUES ("193","30");
INSERT INTO user_tag (user_id, tag_id) VALUES ("193","43");
INSERT INTO user_tag (user_id, tag_id) VALUES ("193","6");
INSERT INTO user_tag (user_id, tag_id) VALUES ("193","21");
INSERT INTO user_tag (user_id, tag_id) VALUES ("193","18");
INSERT INTO user_tag (user_id, tag_id) VALUES ("193","49");
INSERT INTO user_tag (user_id, tag_id) VALUES ("193","46");


INSERT INTO likes (like_id, liked_id, like_date) VALUES ("193","44","2017-11-08 00:51:27");
INSERT INTO likes (like_id, liked_id, like_date) VALUES ("193","278","2017-05-14 06:26:52");
INSERT INTO likes (like_id, liked_id, like_date) VALUES ("193","165","2017-08-22 10:48:30");
INSERT INTO likes (like_id, liked_id, like_date) VALUES ("193","211","2017-04-13 11:16:17");
INSERT INTO likes (like_id, liked_id, like_date) VALUES ("193","195","2017-07-26 09:09:48");
INSERT INTO likes (like_id, liked_id, like_date) VALUES ("193","321","2017-05-18 02:44:42");
INSERT INTO likes (like_id, liked_id, like_date) VALUES ("193","426","2017-04-27 00:02:24");
INSERT INTO likes (like_id, liked_id, like_date) VALUES ("193","101","2017-04-03 19:43:40");
INSERT INTO likes (like_id, liked_id, like_date) VALUES ("193","321","2017-06-14 18:27:48");
INSERT INTO likes (like_id, liked_id, like_date) VALUES ("193","74","2017-08-06 13:10:46");
INSERT INTO likes (like_id, liked_id, like_date) VALUES ("193","358","2017-05-08 07:23:01");
INSERT INTO likes (like_id, liked_id, like_date) VALUES ("193","220","2017-09-29 12:23:18");
INSERT INTO likes (like_id, liked_id, like_date) VALUES ("193","434","2017-07-06 14:35:10");
INSERT INTO likes (like_id, liked_id, like_date) VALUES ("193","311","2017-09-24 01:34:28");
INSERT INTO likes (like_id, liked_id, like_date) VALUES ("193","234","2018-01-15 17:25:06");
INSERT INTO likes (like_id, liked_id, like_date) VALUES ("193","90","2017-04-29 17:01:01");
INSERT INTO likes (like_id, liked_id, like_date) VALUES ("193","409","2017-09-07 15:50:41");
INSERT INTO likes (like_id, liked_id, like_date) VALUES ("193","252","2018-01-12 05:14:11");
INSERT INTO likes (like_id, liked_id, like_date) VALUES ("193","87","2017-04-17 01:39:11");
INSERT INTO likes (like_id, liked_id, like_date) VALUES ("193","26","2017-06-04 00:10:07");


INSERT INTO user (id, first_name, last_name, username, email, password, birthdate, gender, orientation, bio, country, state, city, zip, file_1, file_2, file_3, file_4, file_5, score, token, token_date, active, register, created_at, updated_at) VALUES ("194","Toni","Yost","kovacekaurelio","ardith.batz@yahoo.com","$2y$10$k5d0Lh/zj3eU83WKnvlp8ebvAjyoNa75ABsje7/hDi7hoj3.Z3Gt.","1993-09-13 01:35:03","1","2","Dolorem eos eum sint voluptatem eos eum recusandae. Recusandae omnis blanditiis porro. Ut ut autem labore omnis.","Serbia","","Kevonton","35474-6692","../fixtures/male9.jpg","../fixtures/male4.jpg","","","","38","3aeafc411b5cea7f4cf4c86d33ec08d9","1997-12-22 01:51:39","0","0","2015-09-12 17:56:12","1997-02-26 00:24:42");
INSERT INTO user_tag (user_id, tag_id) VALUES ("194","28");
INSERT INTO user_tag (user_id, tag_id) VALUES ("194","4");
INSERT INTO user_tag (user_id, tag_id) VALUES ("194","48");
INSERT INTO user_tag (user_id, tag_id) VALUES ("194","6");
INSERT INTO user_tag (user_id, tag_id) VALUES ("194","24");
INSERT INTO user_tag (user_id, tag_id) VALUES ("194","48");
INSERT INTO user_tag (user_id, tag_id) VALUES ("194","27");
INSERT INTO user_tag (user_id, tag_id) VALUES ("194","43");


INSERT INTO likes (like_id, liked_id, like_date) VALUES ("194","434","2017-03-30 23:51:44");
INSERT INTO likes (like_id, liked_id, like_date) VALUES ("194","43","2017-07-12 22:30:32");
INSERT INTO likes (like_id, liked_id, like_date) VALUES ("194","447","2017-11-15 06:33:04");
INSERT INTO likes (like_id, liked_id, like_date) VALUES ("194","182","2017-10-10 20:46:52");


INSERT INTO user (id, first_name, last_name, username, email, password, birthdate, gender, orientation, bio, country, state, city, zip, file_1, file_2, file_3, file_4, file_5, score, token, token_date, active, register, created_at, updated_at) VALUES ("195","Chyna","Kassulke","rempelmozell","xdooley@langosh.com","$2y$10$WsMPzjaWoVCcgsFzyI5gb.n.YJQp3ZXhf/M0nttXo3QpzdcqjN7F.","1974-07-24 06:03:41","1","2","Quo sit non hic corrupti est rerum. Aliquid eum similique impedit beatae harum reprehenderit. Quo ab et sapiente possimus corporis qui qui. Dolorum non facilis omnis dolorum.","Russian Federation","","Jaidenshire","12895-2825","../fixtures/male5.jpg","../fixtures/male1.jpg","","","","71","c6f2cbc47641de5db0f4565e1d98e7e9","1975-10-25 16:16:25","1","1","2015-07-20 00:05:47","1999-01-28 09:19:01");
INSERT INTO user_tag (user_id, tag_id) VALUES ("195","25");
INSERT INTO user_tag (user_id, tag_id) VALUES ("195","8");


INSERT INTO likes (like_id, liked_id, like_date) VALUES ("195","209","2017-04-07 01:45:00");
INSERT INTO likes (like_id, liked_id, like_date) VALUES ("195","406","2018-01-05 08:05:04");
INSERT INTO likes (like_id, liked_id, like_date) VALUES ("195","4","2017-07-22 20:46:17");
INSERT INTO likes (like_id, liked_id, like_date) VALUES ("195","69","2017-08-15 01:30:26");
INSERT INTO likes (like_id, liked_id, like_date) VALUES ("195","122","2017-04-12 07:01:59");
INSERT INTO likes (like_id, liked_id, like_date) VALUES ("195","302","2017-09-07 08:36:50");
INSERT INTO likes (like_id, liked_id, like_date) VALUES ("195","221","2017-08-22 06:01:22");
INSERT INTO likes (like_id, liked_id, like_date) VALUES ("195","32","2017-06-18 22:52:47");
INSERT INTO likes (like_id, liked_id, like_date) VALUES ("195","467","2018-01-27 19:27:00");
INSERT INTO likes (like_id, liked_id, like_date) VALUES ("195","485","2017-04-22 22:53:55");
INSERT INTO likes (like_id, liked_id, like_date) VALUES ("195","355","2017-10-14 14:33:29");
INSERT INTO likes (like_id, liked_id, like_date) VALUES ("195","413","2017-12-22 06:04:54");
INSERT INTO likes (like_id, liked_id, like_date) VALUES ("195","475","2017-08-28 05:11:35");
INSERT INTO likes (like_id, liked_id, like_date) VALUES ("195","415","2017-12-12 19:06:32");
INSERT INTO likes (like_id, liked_id, like_date) VALUES ("195","315","2017-07-25 05:45:09");
INSERT INTO likes (like_id, liked_id, like_date) VALUES ("195","447","2017-08-11 18:03:26");
INSERT INTO likes (like_id, liked_id, like_date) VALUES ("195","8","2017-10-11 12:29:38");
INSERT INTO likes (like_id, liked_id, like_date) VALUES ("195","200","2017-06-05 03:28:00");
INSERT INTO likes (like_id, liked_id, like_date) VALUES ("195","85","2017-09-13 03:28:55");
INSERT INTO likes (like_id, liked_id, like_date) VALUES ("195","315","2017-09-03 05:56:43");


INSERT INTO user (id, first_name, last_name, username, email, password, birthdate, gender, orientation, bio, country, state, city, zip, file_1, file_2, file_3, file_4, file_5, score, token, token_date, active, register, created_at, updated_at) VALUES ("196","Leopold","Considine","giuseppebins","samson71@franecki.com","$2y$10$GP/6o3xKP9ToQWPDlYN.oO2dhdaAUdfuMX4O9PbtTIgn8/aDY28g2","1962-11-15 21:00:37","2","2","Expedita molestiae eius voluptates. Incidunt magni delectus quis eligendi labore eligendi. Omnis libero magnam repudiandae sed. Accusantium laborum impedit ut vitae recusandae deserunt.","Czech Republic","","North Marina","76203-7547","../fixtures/female5.jpg","../fixtures/female1.jpg","../fixtures/female6.jpg","","","61","0ef98014fc420316565cab81a3c85edd","1978-04-18 13:19:06","1","1","1972-10-22 22:04:20","1979-09-27 16:27:48");
INSERT INTO user_tag (user_id, tag_id) VALUES ("196","21");
INSERT INTO user_tag (user_id, tag_id) VALUES ("196","18");
INSERT INTO user_tag (user_id, tag_id) VALUES ("196","33");
INSERT INTO user_tag (user_id, tag_id) VALUES ("196","5");
INSERT INTO user_tag (user_id, tag_id) VALUES ("196","12");
INSERT INTO user_tag (user_id, tag_id) VALUES ("196","36");
INSERT INTO user_tag (user_id, tag_id) VALUES ("196","24");
INSERT INTO user_tag (user_id, tag_id) VALUES ("196","32");
INSERT INTO user_tag (user_id, tag_id) VALUES ("196","32");
INSERT INTO user_tag (user_id, tag_id) VALUES ("196","16");
INSERT INTO user_tag (user_id, tag_id) VALUES ("196","5");
INSERT INTO user_tag (user_id, tag_id) VALUES ("196","45");
INSERT INTO user_tag (user_id, tag_id) VALUES ("196","41");
INSERT INTO user_tag (user_id, tag_id) VALUES ("196","41");


INSERT INTO likes (like_id, liked_id, like_date) VALUES ("196","375","2017-12-07 17:44:03");
INSERT INTO likes (like_id, liked_id, like_date) VALUES ("196","490","2017-10-17 17:53:47");
INSERT INTO likes (like_id, liked_id, like_date) VALUES ("196","249","2017-04-06 12:28:13");
INSERT INTO likes (like_id, liked_id, like_date) VALUES ("196","323","2017-07-28 08:58:10");
INSERT INTO likes (like_id, liked_id, like_date) VALUES ("196","265","2018-01-06 00:46:27");
INSERT INTO likes (like_id, liked_id, like_date) VALUES ("196","408","2017-12-16 12:04:48");
INSERT INTO likes (like_id, liked_id, like_date) VALUES ("196","137","2017-07-27 01:37:14");
INSERT INTO likes (like_id, liked_id, like_date) VALUES ("196","143","2017-12-10 11:23:55");


INSERT INTO user (id, first_name, last_name, username, email, password, birthdate, gender, orientation, bio, country, state, city, zip, file_1, file_2, file_3, file_4, file_5, score, token, token_date, active, register, created_at, updated_at) VALUES ("197","Oda","Abbott","hilpertalverta","junior91@zieme.info","$2y$10$Xpb4.uDwN5l9tQbir0NkruqKlT9K5SlJdUKidycmJF2.9MtHfU03K","1987-10-02 05:08:42","2","1","Id repellat eveniet in pariatur autem beatae. Praesentium quasi est est neque occaecati. Incidunt eveniet sint eos commodi et ipsum dolorem. Unde illo consequatur voluptas voluptas vitae rem. Possimus nesciunt nisi est repellat itaque nostrum.","United States Virgin Islands","","Kubland","96316","../fixtures/female2.jpg","../fixtures/female9.jpg","../fixtures/female3.jpg","../fixtures/female10.jpg","","27","a452bfef8aaa18acc5bc37f716137637","1971-08-29 15:34:37","1","1","2011-11-08 16:10:30","1973-03-08 15:11:57");
INSERT INTO user_tag (user_id, tag_id) VALUES ("197","14");
INSERT INTO user_tag (user_id, tag_id) VALUES ("197","20");
INSERT INTO user_tag (user_id, tag_id) VALUES ("197","29");
INSERT INTO user_tag (user_id, tag_id) VALUES ("197","44");
INSERT INTO user_tag (user_id, tag_id) VALUES ("197","15");
INSERT INTO user_tag (user_id, tag_id) VALUES ("197","47");


INSERT INTO likes (like_id, liked_id, like_date) VALUES ("197","13","2017-02-20 05:53:41");
INSERT INTO likes (like_id, liked_id, like_date) VALUES ("197","473","2017-07-17 08:31:38");
INSERT INTO likes (like_id, liked_id, like_date) VALUES ("197","412","2017-12-26 16:38:25");
INSERT INTO likes (like_id, liked_id, like_date) VALUES ("197","419","2017-12-11 13:09:40");
INSERT INTO likes (like_id, liked_id, like_date) VALUES ("197","136","2018-02-13 06:44:04");
INSERT INTO likes (like_id, liked_id, like_date) VALUES ("197","1","2018-01-15 21:04:08");
INSERT INTO likes (like_id, liked_id, like_date) VALUES ("197","37","2017-09-02 16:19:33");
INSERT INTO likes (like_id, liked_id, like_date) VALUES ("197","142","2018-01-07 10:44:00");
INSERT INTO likes (like_id, liked_id, like_date) VALUES ("197","54","2017-11-19 13:17:20");


INSERT INTO user (id, first_name, last_name, username, email, password, birthdate, gender, orientation, bio, country, state, city, zip, file_1, file_2, file_3, file_4, file_5, score, token, token_date, active, register, created_at, updated_at) VALUES ("198","Shanie","Monahan","fabernathy","zieme.issac@stokes.com","$2y$10$/jAG..P4bQr6rO8OeyDpU.N8Rk6txC94yb5AAWxilusONWHkTJ19y","1964-10-23 01:15:39","2","3","Laboriosam dolorum aut veritatis pariatur. Sed voluptas quia ab tempora tempore. Aut et sunt aperiam consequatur esse qui.","Kenya","","Metzmouth","31164","../fixtures/female6.jpg","../fixtures/female10.jpg","../fixtures/female7.jpg","../fixtures/female5.jpg","../fixtures/female7.jpg","29","5a1edb24059130fc9022a7afddab7fe6","1987-10-15 16:48:38","0","0","1976-09-07 21:19:19","1982-05-30 08:45:24");
INSERT INTO user_tag (user_id, tag_id) VALUES ("198","28");
INSERT INTO user_tag (user_id, tag_id) VALUES ("198","30");
INSERT INTO user_tag (user_id, tag_id) VALUES ("198","13");
INSERT INTO user_tag (user_id, tag_id) VALUES ("198","26");
INSERT INTO user_tag (user_id, tag_id) VALUES ("198","31");
INSERT INTO user_tag (user_id, tag_id) VALUES ("198","9");
INSERT INTO user_tag (user_id, tag_id) VALUES ("198","19");
INSERT INTO user_tag (user_id, tag_id) VALUES ("198","17");
INSERT INTO user_tag (user_id, tag_id) VALUES ("198","15");


INSERT INTO likes (like_id, liked_id, like_date) VALUES ("198","179","2017-03-15 11:24:32");
INSERT INTO likes (like_id, liked_id, like_date) VALUES ("198","156","2017-08-11 04:13:49");
INSERT INTO likes (like_id, liked_id, like_date) VALUES ("198","179","2017-06-23 19:06:47");
INSERT INTO likes (like_id, liked_id, like_date) VALUES ("198","130","2018-01-24 13:24:10");
INSERT INTO likes (like_id, liked_id, like_date) VALUES ("198","344","2017-07-05 02:23:06");
INSERT INTO likes (like_id, liked_id, like_date) VALUES ("198","402","2017-05-05 15:37:14");
INSERT INTO likes (like_id, liked_id, like_date) VALUES ("198","98","2017-07-30 23:46:20");
INSERT INTO likes (like_id, liked_id, like_date) VALUES ("198","485","2017-09-02 01:33:51");
INSERT INTO likes (like_id, liked_id, like_date) VALUES ("198","28","2017-09-23 05:10:51");
INSERT INTO likes (like_id, liked_id, like_date) VALUES ("198","327","2017-03-17 03:42:50");
INSERT INTO likes (like_id, liked_id, like_date) VALUES ("198","187","2017-10-02 08:24:53");
INSERT INTO likes (like_id, liked_id, like_date) VALUES ("198","290","2017-05-11 06:13:29");
INSERT INTO likes (like_id, liked_id, like_date) VALUES ("198","76","2017-11-05 08:39:11");
INSERT INTO likes (like_id, liked_id, like_date) VALUES ("198","205","2017-11-29 04:24:59");
INSERT INTO likes (like_id, liked_id, like_date) VALUES ("198","421","2017-03-27 05:51:16");
INSERT INTO likes (like_id, liked_id, like_date) VALUES ("198","238","2017-06-16 16:35:06");
INSERT INTO likes (like_id, liked_id, like_date) VALUES ("198","42","2017-10-25 22:36:07");
INSERT INTO likes (like_id, liked_id, like_date) VALUES ("198","260","2017-02-16 05:32:54");
INSERT INTO likes (like_id, liked_id, like_date) VALUES ("198","158","2017-05-19 03:55:25");
INSERT INTO likes (like_id, liked_id, like_date) VALUES ("198","210","2017-11-20 18:29:14");


INSERT INTO user (id, first_name, last_name, username, email, password, birthdate, gender, orientation, bio, country, state, city, zip, file_1, file_2, file_3, file_4, file_5, score, token, token_date, active, register, created_at, updated_at) VALUES ("199","Tia","Sipes","mzieme","mabelle07@grant.com","$2y$10$H/EmjUXlBgjFpLbZfPdIF.EA0Gg6COcLiPB33yEJKRIqw9ZUTMvxy","1960-09-30 16:06:18","1","2","Et nobis quos nemo vel delectus. Commodi dolorem commodi id dignissimos recusandae qui ipsa. Qui facere sequi expedita accusantium nulla doloremque aut. Assumenda molestias dolorem quisquam. Vero iure enim quasi.","Togo","","South Lauretta","14903-5390","../fixtures/male8.jpg","../fixtures/male1.jpg","../fixtures/male9.jpg","","","54","f20c058e848189a5b59fe0e8899fe860","2003-03-31 20:51:01","0","0","1996-12-10 08:19:40","1992-11-08 21:46:34");
INSERT INTO user_tag (user_id, tag_id) VALUES ("199","24");
INSERT INTO user_tag (user_id, tag_id) VALUES ("199","18");
INSERT INTO user_tag (user_id, tag_id) VALUES ("199","7");
INSERT INTO user_tag (user_id, tag_id) VALUES ("199","44");
INSERT INTO user_tag (user_id, tag_id) VALUES ("199","44");
INSERT INTO user_tag (user_id, tag_id) VALUES ("199","23");
INSERT INTO user_tag (user_id, tag_id) VALUES ("199","39");
INSERT INTO user_tag (user_id, tag_id) VALUES ("199","6");
INSERT INTO user_tag (user_id, tag_id) VALUES ("199","3");


INSERT INTO likes (like_id, liked_id, like_date) VALUES ("199","189","2017-06-19 05:52:52");
INSERT INTO likes (like_id, liked_id, like_date) VALUES ("199","34","2017-06-01 23:23:35");
INSERT INTO likes (like_id, liked_id, like_date) VALUES ("199","377","2017-04-04 21:28:29");
INSERT INTO likes (like_id, liked_id, like_date) VALUES ("199","146","2017-08-13 08:37:03");
INSERT INTO likes (like_id, liked_id, like_date) VALUES ("199","65","2017-06-01 22:48:19");
INSERT INTO likes (like_id, liked_id, like_date) VALUES ("199","386","2018-01-14 22:03:10");
INSERT INTO likes (like_id, liked_id, like_date) VALUES ("199","460","2018-01-13 17:11:36");
INSERT INTO likes (like_id, liked_id, like_date) VALUES ("199","70","2017-09-21 23:14:20");
INSERT INTO likes (like_id, liked_id, like_date) VALUES ("199","143","2017-04-08 03:52:19");
INSERT INTO likes (like_id, liked_id, like_date) VALUES ("199","261","2017-03-14 11:35:32");
INSERT INTO likes (like_id, liked_id, like_date) VALUES ("199","406","2017-08-25 13:07:51");


INSERT INTO user (id, first_name, last_name, username, email, password, birthdate, gender, orientation, bio, country, state, city, zip, file_1, file_2, file_3, file_4, file_5, score, token, token_date, active, register, created_at, updated_at) VALUES ("200","Edyth","Paucek","friesenruthe","ferry.savanna@gmail.com","$2y$10$.V3fOJEvZiuWIX7bSpS3MOvQNVm1RfILiw75WWci5gccciaLTAYwi","1956-02-17 21:47:25","2","3","Mollitia incidunt ullam debitis voluptates sit ut totam sit. Unde minima culpa ullam adipisci non exercitationem omnis. Dolorum molestiae qui dolor cumque mollitia quia tempore.","Tanzania","","South Vivienborough","32268","../fixtures/female2.jpg","../fixtures/female6.jpg","","","","96","0e5194bd049f8a4740ca89a3a35602c4","2008-03-26 06:45:12","1","1","2005-10-24 04:26:06","2000-03-11 21:59:23");
INSERT INTO user_tag (user_id, tag_id) VALUES ("200","27");
INSERT INTO user_tag (user_id, tag_id) VALUES ("200","15");
INSERT INTO user_tag (user_id, tag_id) VALUES ("200","12");
INSERT INTO user_tag (user_id, tag_id) VALUES ("200","11");
INSERT INTO user_tag (user_id, tag_id) VALUES ("200","11");


INSERT INTO likes (like_id, liked_id, like_date) VALUES ("200","304","2017-06-09 17:07:33");
INSERT INTO likes (like_id, liked_id, like_date) VALUES ("200","442","2017-08-19 09:58:17");
INSERT INTO likes (like_id, liked_id, like_date) VALUES ("200","232","2017-12-15 08:24:56");
INSERT INTO likes (like_id, liked_id, like_date) VALUES ("200","248","2017-06-30 15:35:13");
INSERT INTO likes (like_id, liked_id, like_date) VALUES ("200","168","2017-12-30 13:06:30");
INSERT INTO likes (like_id, liked_id, like_date) VALUES ("200","81","2017-06-19 17:09:37");
INSERT INTO likes (like_id, liked_id, like_date) VALUES ("200","6","2018-01-20 09:17:35");
INSERT INTO likes (like_id, liked_id, like_date) VALUES ("200","164","2017-04-27 00:22:51");
INSERT INTO likes (like_id, liked_id, like_date) VALUES ("200","90","2017-02-18 22:30:41");
INSERT INTO likes (like_id, liked_id, like_date) VALUES ("200","113","2017-10-25 11:13:51");
INSERT INTO likes (like_id, liked_id, like_date) VALUES ("200","309","2017-07-05 03:56:12");
INSERT INTO likes (like_id, liked_id, like_date) VALUES ("200","479","2017-10-09 08:02:00");
INSERT INTO likes (like_id, liked_id, like_date) VALUES ("200","66","2017-09-05 10:02:12");
INSERT INTO likes (like_id, liked_id, like_date) VALUES ("200","479","2018-02-01 16:33:45");
INSERT INTO likes (like_id, liked_id, like_date) VALUES ("200","207","2017-11-28 20:54:06");
INSERT INTO likes (like_id, liked_id, like_date) VALUES ("200","220","2017-10-30 17:11:50");
INSERT INTO likes (like_id, liked_id, like_date) VALUES ("200","394","2018-01-13 17:24:08");


INSERT INTO user (id, first_name, last_name, username, email, password, birthdate, gender, orientation, bio, country, state, city, zip, file_1, file_2, file_3, file_4, file_5, score, token, token_date, active, register, created_at, updated_at) VALUES ("201","Jake","Gutmann","xlemke","sandra.howe@bartell.com","$2y$10$0oj0VAoW0bu8F1Da26MGteZs8rdcJ.0xROA5ZpgxCk/M45Ru9oU6e","1961-02-18 23:07:27","2","3","Minima alias adipisci aspernatur sed vel. Repellendus nihil repellendus dolores in. Ullam nisi repellat dolorem explicabo culpa.","Burkina Faso","","Dejaview","13750","../fixtures/female9.jpg","../fixtures/female8.jpg","../fixtures/female6.jpg","../fixtures/female8.jpg","../fixtures/female8.jpg","11","9106a196b5f2a7385a81474aa84b7626","1979-10-02 23:46:39","1","0","1971-03-15 03:48:38","2010-01-23 18:07:40");
INSERT INTO user_tag (user_id, tag_id) VALUES ("201","41");
INSERT INTO user_tag (user_id, tag_id) VALUES ("201","30");
INSERT INTO user_tag (user_id, tag_id) VALUES ("201","5");
INSERT INTO user_tag (user_id, tag_id) VALUES ("201","15");
INSERT INTO user_tag (user_id, tag_id) VALUES ("201","20");
INSERT INTO user_tag (user_id, tag_id) VALUES ("201","32");
INSERT INTO user_tag (user_id, tag_id) VALUES ("201","50");
INSERT INTO user_tag (user_id, tag_id) VALUES ("201","22");
INSERT INTO user_tag (user_id, tag_id) VALUES ("201","11");
INSERT INTO user_tag (user_id, tag_id) VALUES ("201","9");
INSERT INTO user_tag (user_id, tag_id) VALUES ("201","14");
INSERT INTO user_tag (user_id, tag_id) VALUES ("201","15");
INSERT INTO user_tag (user_id, tag_id) VALUES ("201","20");
INSERT INTO user_tag (user_id, tag_id) VALUES ("201","42");


INSERT INTO likes (like_id, liked_id, like_date) VALUES ("201","31","2017-03-08 18:44:11");
INSERT INTO likes (like_id, liked_id, like_date) VALUES ("201","333","2017-09-20 06:49:56");
INSERT INTO likes (like_id, liked_id, like_date) VALUES ("201","16","2018-02-13 04:48:46");
INSERT INTO likes (like_id, liked_id, like_date) VALUES ("201","450","2017-09-19 05:11:11");
INSERT INTO likes (like_id, liked_id, like_date) VALUES ("201","139","2017-11-27 09:13:56");
INSERT INTO likes (like_id, liked_id, like_date) VALUES ("201","23","2018-01-02 23:03:34");
INSERT INTO likes (like_id, liked_id, like_date) VALUES ("201","324","2017-11-23 01:42:53");
INSERT INTO likes (like_id, liked_id, like_date) VALUES ("201","192","2017-08-07 12:45:05");
INSERT INTO likes (like_id, liked_id, like_date) VALUES ("201","381","2017-06-28 19:47:24");


INSERT INTO user (id, first_name, last_name, username, email, password, birthdate, gender, orientation, bio, country, state, city, zip, file_1, file_2, file_3, file_4, file_5, score, token, token_date, active, register, created_at, updated_at) VALUES ("202","Susan","Lang","egleason","maryjane.hilll@hotmail.com","$2y$10$70C6rWaB.bHnqR78VoOXbuJ68SaCWjdnYCozoTkzIfVTgDjThNx9.","1990-06-20 07:49:43","1","3","Et corporis rerum illum rem dolorem. Commodi et dolores nemo quisquam. Voluptas voluptates assumenda ut suscipit voluptas temporibus quisquam.","United States of America","","West Darrionmouth","92190-4439","../fixtures/male10.jpg","../fixtures/male4.jpg","../fixtures/male3.jpg","","","73","10b5972c07455ff43fef6399b960aa23","1972-11-19 00:23:57","1","0","1970-08-26 08:23:23","2002-05-09 14:48:52");
INSERT INTO user_tag (user_id, tag_id) VALUES ("202","48");
INSERT INTO user_tag (user_id, tag_id) VALUES ("202","15");
INSERT INTO user_tag (user_id, tag_id) VALUES ("202","49");
INSERT INTO user_tag (user_id, tag_id) VALUES ("202","4");
INSERT INTO user_tag (user_id, tag_id) VALUES ("202","44");
INSERT INTO user_tag (user_id, tag_id) VALUES ("202","7");
INSERT INTO user_tag (user_id, tag_id) VALUES ("202","13");
INSERT INTO user_tag (user_id, tag_id) VALUES ("202","6");
INSERT INTO user_tag (user_id, tag_id) VALUES ("202","41");
INSERT INTO user_tag (user_id, tag_id) VALUES ("202","43");


INSERT INTO likes (like_id, liked_id, like_date) VALUES ("202","275","2017-03-09 15:18:10");
INSERT INTO likes (like_id, liked_id, like_date) VALUES ("202","134","2017-03-18 07:43:02");
INSERT INTO likes (like_id, liked_id, like_date) VALUES ("202","337","2017-03-22 07:47:25");
INSERT INTO likes (like_id, liked_id, like_date) VALUES ("202","11","2017-12-21 20:22:02");
INSERT INTO likes (like_id, liked_id, like_date) VALUES ("202","81","2017-08-14 05:44:35");
INSERT INTO likes (like_id, liked_id, like_date) VALUES ("202","49","2017-05-28 17:22:26");
INSERT INTO likes (like_id, liked_id, like_date) VALUES ("202","400","2017-12-21 02:46:47");
INSERT INTO likes (like_id, liked_id, like_date) VALUES ("202","343","2017-10-20 05:59:04");
INSERT INTO likes (like_id, liked_id, like_date) VALUES ("202","395","2017-09-11 02:51:26");
INSERT INTO likes (like_id, liked_id, like_date) VALUES ("202","23","2017-02-23 06:24:10");
INSERT INTO likes (like_id, liked_id, like_date) VALUES ("202","54","2017-03-26 17:27:52");
INSERT INTO likes (like_id, liked_id, like_date) VALUES ("202","9","2017-07-16 07:58:17");
INSERT INTO likes (like_id, liked_id, like_date) VALUES ("202","417","2017-12-14 12:20:49");
INSERT INTO likes (like_id, liked_id, like_date) VALUES ("202","454","2017-04-28 17:12:51");
INSERT INTO likes (like_id, liked_id, like_date) VALUES ("202","132","2017-11-24 03:43:40");
INSERT INTO likes (like_id, liked_id, like_date) VALUES ("202","234","2017-07-03 06:28:02");


INSERT INTO user (id, first_name, last_name, username, email, password, birthdate, gender, orientation, bio, country, state, city, zip, file_1, file_2, file_3, file_4, file_5, score, token, token_date, active, register, created_at, updated_at) VALUES ("203","Sigurd","Schiller","reingernicole","kelley.goldner@lynch.net","$2y$10$uswUN5qwhk87N4EyPTTdEOr/KQUjNxPvXuCY27CN4gSV5xmCm47vC","1954-01-06 07:42:57","2","2","Sed recusandae officia error et accusamus. Ut accusantium odio earum doloremque sunt. Voluptatum consequuntur porro qui molestiae et. Enim explicabo et laboriosam omnis repellendus consectetur et.","Montenegro","","Port Bernardoville","33580","../fixtures/female3.jpg","../fixtures/female2.jpg","../fixtures/female10.jpg","../fixtures/female9.jpg","../fixtures/female6.jpg","71","c73509a72f20dbc244206dfd41f117dc","1982-08-26 16:10:01","1","0","1977-08-05 04:02:40","1979-08-07 22:11:33");
INSERT INTO user_tag (user_id, tag_id) VALUES ("203","7");
INSERT INTO user_tag (user_id, tag_id) VALUES ("203","5");
INSERT INTO user_tag (user_id, tag_id) VALUES ("203","24");
INSERT INTO user_tag (user_id, tag_id) VALUES ("203","1");
INSERT INTO user_tag (user_id, tag_id) VALUES ("203","15");
INSERT INTO user_tag (user_id, tag_id) VALUES ("203","37");
INSERT INTO user_tag (user_id, tag_id) VALUES ("203","47");
INSERT INTO user_tag (user_id, tag_id) VALUES ("203","15");
INSERT INTO user_tag (user_id, tag_id) VALUES ("203","20");
INSERT INTO user_tag (user_id, tag_id) VALUES ("203","45");


INSERT INTO likes (like_id, liked_id, like_date) VALUES ("203","136","2017-06-01 19:38:50");
INSERT INTO likes (like_id, liked_id, like_date) VALUES ("203","320","2017-10-30 13:45:53");
INSERT INTO likes (like_id, liked_id, like_date) VALUES ("203","427","2017-04-14 20:20:50");
INSERT INTO likes (like_id, liked_id, like_date) VALUES ("203","311","2017-11-04 14:00:56");
INSERT INTO likes (like_id, liked_id, like_date) VALUES ("203","328","2017-05-24 01:45:04");
INSERT INTO likes (like_id, liked_id, like_date) VALUES ("203","173","2017-12-27 04:07:27");
INSERT INTO likes (like_id, liked_id, like_date) VALUES ("203","76","2017-02-22 08:31:22");
INSERT INTO likes (like_id, liked_id, like_date) VALUES ("203","163","2017-07-16 15:51:31");
INSERT INTO likes (like_id, liked_id, like_date) VALUES ("203","172","2017-12-26 14:03:38");
INSERT INTO likes (like_id, liked_id, like_date) VALUES ("203","382","2017-11-30 07:13:26");
INSERT INTO likes (like_id, liked_id, like_date) VALUES ("203","402","2017-07-19 06:45:12");
INSERT INTO likes (like_id, liked_id, like_date) VALUES ("203","440","2018-01-19 17:45:11");
INSERT INTO likes (like_id, liked_id, like_date) VALUES ("203","285","2017-12-06 10:37:54");
INSERT INTO likes (like_id, liked_id, like_date) VALUES ("203","15","2017-09-26 19:54:36");
INSERT INTO likes (like_id, liked_id, like_date) VALUES ("203","483","2017-06-13 19:40:08");


INSERT INTO user (id, first_name, last_name, username, email, password, birthdate, gender, orientation, bio, country, state, city, zip, file_1, file_2, file_3, file_4, file_5, score, token, token_date, active, register, created_at, updated_at) VALUES ("204","Miller","Dare","pasqualerunte","dohara@marquardt.com","$2y$10$xx1x/wkyfOKDK/ItImYOceKr8fBDWmyTSZALajDrdtdzpWmEkoZyS","1987-12-05 05:09:42","2","2","Illum consequuntur in omnis quasi commodi a dolorum molestias. Nam dolores harum eaque eos repellat. Sed rem itaque ut asperiores asperiores sint error.","Venezuela","","New Aylintown","21599-8178","../fixtures/female2.jpg","../fixtures/female6.jpg","../fixtures/female1.jpg","","","99","13bebeb66fa50d34f1984a9f527cf7a2","2015-05-16 15:53:04","1","1","1987-10-19 22:14:36","1990-08-15 18:30:50");
INSERT INTO user_tag (user_id, tag_id) VALUES ("204","36");
INSERT INTO user_tag (user_id, tag_id) VALUES ("204","44");
INSERT INTO user_tag (user_id, tag_id) VALUES ("204","3");
INSERT INTO user_tag (user_id, tag_id) VALUES ("204","16");
INSERT INTO user_tag (user_id, tag_id) VALUES ("204","12");
INSERT INTO user_tag (user_id, tag_id) VALUES ("204","23");
INSERT INTO user_tag (user_id, tag_id) VALUES ("204","44");
INSERT INTO user_tag (user_id, tag_id) VALUES ("204","7");
INSERT INTO user_tag (user_id, tag_id) VALUES ("204","16");
INSERT INTO user_tag (user_id, tag_id) VALUES ("204","6");
INSERT INTO user_tag (user_id, tag_id) VALUES ("204","13");
INSERT INTO user_tag (user_id, tag_id) VALUES ("204","27");
INSERT INTO user_tag (user_id, tag_id) VALUES ("204","4");
INSERT INTO user_tag (user_id, tag_id) VALUES ("204","31");


INSERT INTO likes (like_id, liked_id, like_date) VALUES ("204","341","2017-11-18 13:40:09");
INSERT INTO likes (like_id, liked_id, like_date) VALUES ("204","450","2017-04-29 11:42:39");
INSERT INTO likes (like_id, liked_id, like_date) VALUES ("204","352","2017-12-24 03:25:37");
INSERT INTO likes (like_id, liked_id, like_date) VALUES ("204","288","2017-05-01 05:07:56");
INSERT INTO likes (like_id, liked_id, like_date) VALUES ("204","340","2017-07-05 06:11:49");
INSERT INTO likes (like_id, liked_id, like_date) VALUES ("204","489","2017-07-01 08:27:53");


INSERT INTO user (id, first_name, last_name, username, email, password, birthdate, gender, orientation, bio, country, state, city, zip, file_1, file_2, file_3, file_4, file_5, score, token, token_date, active, register, created_at, updated_at) VALUES ("205","Nicolette","Windler","leone03","sziemann@osinski.com","$2y$10$/7sXT6VaurwyJQJOvLVtnORL6UR65DRBUW33oXssZr9GbvbxLnWbm","1974-01-15 13:46:02","1","3","Ea rerum asperiores velit est. Vitae doloribus laboriosam sit sunt ipsum.","Czech Republic","","South Dannyport","53027","../fixtures/male1.jpg","../fixtures/male1.jpg","../fixtures/male2.jpg","","","7","ac87529b0eafb52b9504a87ca824c6b2","1979-11-03 07:40:56","1","1","1992-03-18 12:07:16","1980-04-03 07:31:32");
INSERT INTO user_tag (user_id, tag_id) VALUES ("205","12");
INSERT INTO user_tag (user_id, tag_id) VALUES ("205","23");
INSERT INTO user_tag (user_id, tag_id) VALUES ("205","4");
INSERT INTO user_tag (user_id, tag_id) VALUES ("205","20");
INSERT INTO user_tag (user_id, tag_id) VALUES ("205","20");
INSERT INTO user_tag (user_id, tag_id) VALUES ("205","34");


INSERT INTO likes (like_id, liked_id, like_date) VALUES ("205","207","2017-08-05 12:42:45");
INSERT INTO likes (like_id, liked_id, like_date) VALUES ("205","49","2017-06-18 17:29:22");
INSERT INTO likes (like_id, liked_id, like_date) VALUES ("205","320","2017-03-12 23:48:08");
INSERT INTO likes (like_id, liked_id, like_date) VALUES ("205","119","2017-09-02 18:36:18");
INSERT INTO likes (like_id, liked_id, like_date) VALUES ("205","146","2017-04-08 15:27:20");
INSERT INTO likes (like_id, liked_id, like_date) VALUES ("205","371","2017-10-01 09:42:02");
INSERT INTO likes (like_id, liked_id, like_date) VALUES ("205","490","2017-11-27 06:55:00");
INSERT INTO likes (like_id, liked_id, like_date) VALUES ("205","372","2017-05-25 13:57:37");
INSERT INTO likes (like_id, liked_id, like_date) VALUES ("205","181","2017-03-07 18:20:17");
INSERT INTO likes (like_id, liked_id, like_date) VALUES ("205","47","2017-03-02 19:53:41");


INSERT INTO user (id, first_name, last_name, username, email, password, birthdate, gender, orientation, bio, country, state, city, zip, file_1, file_2, file_3, file_4, file_5, score, token, token_date, active, register, created_at, updated_at) VALUES ("206","Greg","Marvin","gorczanylois","goldner.lorena@hotmail.com","$2y$10$e2DeZW/NF5T00LENOrRHwuT1pD3yJZAUikKE./3avqjDkQWe6AUbS","1995-07-22 04:40:31","1","1","Et dicta et architecto velit. Sit non omnis error consequuntur. Quam quisquam animi saepe sit ut beatae hic dolore.","Belgium","","Damarisview","28182","../fixtures/male5.jpg","../fixtures/male3.jpg","","","","28","6d04c1bb51cf45c7b3c94115b58b475c","2011-01-01 11:59:37","1","0","1988-08-21 00:21:25","1992-06-29 13:18:22");
INSERT INTO user_tag (user_id, tag_id) VALUES ("206","11");
INSERT INTO user_tag (user_id, tag_id) VALUES ("206","44");
INSERT INTO user_tag (user_id, tag_id) VALUES ("206","6");
INSERT INTO user_tag (user_id, tag_id) VALUES ("206","33");
INSERT INTO user_tag (user_id, tag_id) VALUES ("206","40");
INSERT INTO user_tag (user_id, tag_id) VALUES ("206","16");
INSERT INTO user_tag (user_id, tag_id) VALUES ("206","10");
INSERT INTO user_tag (user_id, tag_id) VALUES ("206","25");
INSERT INTO user_tag (user_id, tag_id) VALUES ("206","9");
INSERT INTO user_tag (user_id, tag_id) VALUES ("206","19");
INSERT INTO user_tag (user_id, tag_id) VALUES ("206","1");


INSERT INTO likes (like_id, liked_id, like_date) VALUES ("206","105","2017-09-24 09:19:30");
INSERT INTO likes (like_id, liked_id, like_date) VALUES ("206","77","2017-10-31 22:54:09");
INSERT INTO likes (like_id, liked_id, like_date) VALUES ("206","445","2017-03-25 03:51:16");
INSERT INTO likes (like_id, liked_id, like_date) VALUES ("206","361","2017-09-17 20:58:18");
INSERT INTO likes (like_id, liked_id, like_date) VALUES ("206","453","2017-08-24 11:55:23");
INSERT INTO likes (like_id, liked_id, like_date) VALUES ("206","250","2017-04-24 18:14:22");
INSERT INTO likes (like_id, liked_id, like_date) VALUES ("206","240","2017-12-25 07:53:51");


INSERT INTO user (id, first_name, last_name, username, email, password, birthdate, gender, orientation, bio, country, state, city, zip, file_1, file_2, file_3, file_4, file_5, score, token, token_date, active, register, created_at, updated_at) VALUES ("207","Russ","Dibbert","jarvis25","rice.alexandria@gmail.com","$2y$10$e7RzWIN88t45lG/QjX/fPeKkFzoGVcx8WuhM.xQDsshwlR5V4MCPa","1993-12-24 21:22:45","1","2","Veniam cum quae aliquid maiores. A sed minima suscipit illo ea.","Zambia","","South Kaylafort","90096","../fixtures/male5.jpg","../fixtures/male6.jpg","","","","19","a5ef71a9a244bbb18ff2a5cb011e73d8","2005-08-20 12:39:16","0","0","2010-12-26 06:18:50","1970-07-03 14:32:52");
INSERT INTO user_tag (user_id, tag_id) VALUES ("207","11");
INSERT INTO user_tag (user_id, tag_id) VALUES ("207","26");
INSERT INTO user_tag (user_id, tag_id) VALUES ("207","7");
INSERT INTO user_tag (user_id, tag_id) VALUES ("207","45");
INSERT INTO user_tag (user_id, tag_id) VALUES ("207","36");
INSERT INTO user_tag (user_id, tag_id) VALUES ("207","33");
INSERT INTO user_tag (user_id, tag_id) VALUES ("207","38");
INSERT INTO user_tag (user_id, tag_id) VALUES ("207","15");
INSERT INTO user_tag (user_id, tag_id) VALUES ("207","27");
INSERT INTO user_tag (user_id, tag_id) VALUES ("207","3");
INSERT INTO user_tag (user_id, tag_id) VALUES ("207","5");
INSERT INTO user_tag (user_id, tag_id) VALUES ("207","20");


INSERT INTO likes (like_id, liked_id, like_date) VALUES ("207","75","2017-12-20 22:12:07");
INSERT INTO likes (like_id, liked_id, like_date) VALUES ("207","290","2017-11-27 18:09:51");
INSERT INTO likes (like_id, liked_id, like_date) VALUES ("207","309","2017-06-01 11:45:29");
INSERT INTO likes (like_id, liked_id, like_date) VALUES ("207","285","2017-02-14 18:34:51");
INSERT INTO likes (like_id, liked_id, like_date) VALUES ("207","64","2017-09-10 05:20:06");
INSERT INTO likes (like_id, liked_id, like_date) VALUES ("207","164","2017-10-09 10:24:25");
INSERT INTO likes (like_id, liked_id, like_date) VALUES ("207","218","2017-11-25 15:53:32");
INSERT INTO likes (like_id, liked_id, like_date) VALUES ("207","322","2017-11-15 18:38:08");
INSERT INTO likes (like_id, liked_id, like_date) VALUES ("207","473","2018-01-17 06:58:56");
INSERT INTO likes (like_id, liked_id, like_date) VALUES ("207","162","2017-11-22 10:49:52");
INSERT INTO likes (like_id, liked_id, like_date) VALUES ("207","130","2018-01-07 09:13:22");
INSERT INTO likes (like_id, liked_id, like_date) VALUES ("207","372","2018-01-11 10:40:15");


INSERT INTO user (id, first_name, last_name, username, email, password, birthdate, gender, orientation, bio, country, state, city, zip, file_1, file_2, file_3, file_4, file_5, score, token, token_date, active, register, created_at, updated_at) VALUES ("208","Lilian","Hegmann","ludwighammes","brisa30@kutch.com","$2y$10$alyRR3lMPrbfY0hCmrYlY.0CMaQhoDPZDB0LHhiwrftikhnHcE99y","1981-05-07 17:20:48","2","3","Nam architecto necessitatibus et commodi deserunt corrupti. Quo iste eos ullam nostrum quisquam sint iure. Rerum et quia est non odit. Aut voluptatem maxime qui laudantium esse eum.","Samoa","","Langoshville","09167-0189","../fixtures/female3.jpg","../fixtures/female8.jpg","../fixtures/female1.jpg","../fixtures/female7.jpg","","98","e85ef40d4b9babab55b04dce98bfbf62","1991-06-28 14:21:41","0","0","1999-10-02 13:02:56","2013-05-13 12:24:48");
INSERT INTO user_tag (user_id, tag_id) VALUES ("208","39");
INSERT INTO user_tag (user_id, tag_id) VALUES ("208","25");
INSERT INTO user_tag (user_id, tag_id) VALUES ("208","26");


INSERT INTO likes (like_id, liked_id, like_date) VALUES ("208","248","2018-01-16 11:12:10");
INSERT INTO likes (like_id, liked_id, like_date) VALUES ("208","321","2018-02-01 15:35:04");
INSERT INTO likes (like_id, liked_id, like_date) VALUES ("208","431","2017-03-01 09:26:15");
INSERT INTO likes (like_id, liked_id, like_date) VALUES ("208","194","2018-02-11 15:42:27");
INSERT INTO likes (like_id, liked_id, like_date) VALUES ("208","249","2017-07-05 03:50:03");
INSERT INTO likes (like_id, liked_id, like_date) VALUES ("208","423","2017-10-28 10:22:42");
INSERT INTO likes (like_id, liked_id, like_date) VALUES ("208","75","2018-01-22 22:45:06");
INSERT INTO likes (like_id, liked_id, like_date) VALUES ("208","295","2018-02-11 10:28:08");
INSERT INTO likes (like_id, liked_id, like_date) VALUES ("208","499","2017-08-17 00:23:46");
INSERT INTO likes (like_id, liked_id, like_date) VALUES ("208","58","2018-01-09 01:21:57");
INSERT INTO likes (like_id, liked_id, like_date) VALUES ("208","416","2017-05-18 07:21:43");
INSERT INTO likes (like_id, liked_id, like_date) VALUES ("208","213","2018-01-03 00:37:07");
INSERT INTO likes (like_id, liked_id, like_date) VALUES ("208","389","2017-04-23 09:29:32");
INSERT INTO likes (like_id, liked_id, like_date) VALUES ("208","369","2017-03-19 01:49:06");
INSERT INTO likes (like_id, liked_id, like_date) VALUES ("208","107","2017-10-11 20:44:57");
INSERT INTO likes (like_id, liked_id, like_date) VALUES ("208","333","2017-03-26 17:30:59");
INSERT INTO likes (like_id, liked_id, like_date) VALUES ("208","45","2017-10-15 13:51:32");
INSERT INTO likes (like_id, liked_id, like_date) VALUES ("208","136","2018-01-19 17:31:01");


INSERT INTO user (id, first_name, last_name, username, email, password, birthdate, gender, orientation, bio, country, state, city, zip, file_1, file_2, file_3, file_4, file_5, score, token, token_date, active, register, created_at, updated_at) VALUES ("209","Newell","Fadel","caden65","nlakin@crona.com","$2y$10$lrdkaKJ.x0LcpqNjH51zauKxbjfC92gQPgMNb.hw/yc35eVvgY4Tm","1980-11-04 06:53:12","2","3","Eum in debitis porro. Sunt rem ipsum id quaerat. Fuga sit unde alias nostrum libero a. Distinctio consequuntur velit sunt quis.","Monaco","","New Tremouth","48715","../fixtures/female4.jpg","../fixtures/female7.jpg","../fixtures/female6.jpg","","","37","f921555d2b901b9cdc3cb0fc190ed75d","1979-01-19 09:08:52","1","1","1970-12-09 01:42:14","1987-03-04 20:05:30");
INSERT INTO user_tag (user_id, tag_id) VALUES ("209","25");
INSERT INTO user_tag (user_id, tag_id) VALUES ("209","30");
INSERT INTO user_tag (user_id, tag_id) VALUES ("209","43");
INSERT INTO user_tag (user_id, tag_id) VALUES ("209","33");
INSERT INTO user_tag (user_id, tag_id) VALUES ("209","25");
INSERT INTO user_tag (user_id, tag_id) VALUES ("209","20");
INSERT INTO user_tag (user_id, tag_id) VALUES ("209","31");
INSERT INTO user_tag (user_id, tag_id) VALUES ("209","45");
INSERT INTO user_tag (user_id, tag_id) VALUES ("209","9");
INSERT INTO user_tag (user_id, tag_id) VALUES ("209","32");
INSERT INTO user_tag (user_id, tag_id) VALUES ("209","46");
INSERT INTO user_tag (user_id, tag_id) VALUES ("209","46");
INSERT INTO user_tag (user_id, tag_id) VALUES ("209","19");


INSERT INTO likes (like_id, liked_id, like_date) VALUES ("209","251","2018-02-01 08:58:56");
INSERT INTO likes (like_id, liked_id, like_date) VALUES ("209","445","2017-02-25 17:56:10");
INSERT INTO likes (like_id, liked_id, like_date) VALUES ("209","168","2017-08-31 14:35:52");
INSERT INTO likes (like_id, liked_id, like_date) VALUES ("209","129","2017-07-19 20:30:10");
INSERT INTO likes (like_id, liked_id, like_date) VALUES ("209","33","2017-03-06 19:40:43");
INSERT INTO likes (like_id, liked_id, like_date) VALUES ("209","457","2017-08-23 22:50:15");
INSERT INTO likes (like_id, liked_id, like_date) VALUES ("209","132","2017-07-22 06:58:59");
INSERT INTO likes (like_id, liked_id, like_date) VALUES ("209","403","2017-08-13 20:47:34");
INSERT INTO likes (like_id, liked_id, like_date) VALUES ("209","369","2017-05-17 03:19:13");
INSERT INTO likes (like_id, liked_id, like_date) VALUES ("209","360","2017-10-14 01:18:33");
INSERT INTO likes (like_id, liked_id, like_date) VALUES ("209","114","2017-06-20 18:52:54");
INSERT INTO likes (like_id, liked_id, like_date) VALUES ("209","177","2017-04-07 02:43:17");
INSERT INTO likes (like_id, liked_id, like_date) VALUES ("209","483","2017-08-31 02:13:48");
INSERT INTO likes (like_id, liked_id, like_date) VALUES ("209","238","2017-12-22 21:35:27");


INSERT INTO user (id, first_name, last_name, username, email, password, birthdate, gender, orientation, bio, country, state, city, zip, file_1, file_2, file_3, file_4, file_5, score, token, token_date, active, register, created_at, updated_at) VALUES ("210","Christa","Ortiz","bkertzmann","sammy.sipes@marquardt.com","$2y$10$f28vbLp5SIdFG/LLdeE9Reu4kdkAn.LEm.KQa2XOnQg3Tm.hbefIa","1990-06-16 08:31:57","2","3","Quam sunt exercitationem dicta consequuntur accusantium eos aperiam quis. Quibusdam rerum inventore nemo fugit autem. Molestiae atque repellendus non ut delectus ullam repellendus.","China","","Hermanntown","70524-8973","../fixtures/female4.jpg","","","","","42","24b6373cca466541174dbd8f85c1a9fa","2009-10-17 23:33:56","0","0","1994-12-29 17:55:11","2005-02-20 16:20:48");
INSERT INTO user_tag (user_id, tag_id) VALUES ("210","19");
INSERT INTO user_tag (user_id, tag_id) VALUES ("210","37");


INSERT INTO likes (like_id, liked_id, like_date) VALUES ("210","163","2017-02-20 16:49:30");
INSERT INTO likes (like_id, liked_id, like_date) VALUES ("210","222","2017-06-25 22:58:09");
INSERT INTO likes (like_id, liked_id, like_date) VALUES ("210","138","2017-12-08 12:40:47");
INSERT INTO likes (like_id, liked_id, like_date) VALUES ("210","128","2017-05-21 13:39:18");


INSERT INTO user (id, first_name, last_name, username, email, password, birthdate, gender, orientation, bio, country, state, city, zip, file_1, file_2, file_3, file_4, file_5, score, token, token_date, active, register, created_at, updated_at) VALUES ("211","Giovanni","Lindgren","madilyn90","pouros.tyrel@dickinson.info","$2y$10$AZzZx6o61PEQAtZH7rAnDO.nuo.XOhw2lagNj6l9vlGIPu.0aESwK","1995-03-15 20:38:21","1","1","Asperiores laboriosam fugit fugit facilis itaque magni. Libero et rerum molestias. Libero rerum illo fugit earum voluptatem.","Aruba","","Kleinborough","65482-4807","../fixtures/male1.jpg","../fixtures/male2.jpg","../fixtures/male4.jpg","../fixtures/male1.jpg","","59","cf21a09b34fbb52589f3c2d6bbeaee9f","1987-04-25 17:53:01","1","0","1970-01-06 07:58:02","1990-01-18 15:22:41");
INSERT INTO user_tag (user_id, tag_id) VALUES ("211","2");
INSERT INTO user_tag (user_id, tag_id) VALUES ("211","23");
INSERT INTO user_tag (user_id, tag_id) VALUES ("211","31");
INSERT INTO user_tag (user_id, tag_id) VALUES ("211","31");
INSERT INTO user_tag (user_id, tag_id) VALUES ("211","37");
INSERT INTO user_tag (user_id, tag_id) VALUES ("211","43");


INSERT INTO likes (like_id, liked_id, like_date) VALUES ("211","281","2017-12-25 22:34:11");
INSERT INTO likes (like_id, liked_id, like_date) VALUES ("211","283","2018-01-23 12:54:27");
INSERT INTO likes (like_id, liked_id, like_date) VALUES ("211","495","2018-01-27 18:24:44");
INSERT INTO likes (like_id, liked_id, like_date) VALUES ("211","216","2017-03-30 04:16:08");
INSERT INTO likes (like_id, liked_id, like_date) VALUES ("211","396","2017-12-16 22:20:39");
INSERT INTO likes (like_id, liked_id, like_date) VALUES ("211","427","2017-10-19 14:03:41");
INSERT INTO likes (like_id, liked_id, like_date) VALUES ("211","346","2017-10-19 18:27:42");
INSERT INTO likes (like_id, liked_id, like_date) VALUES ("211","462","2018-01-14 13:17:14");
INSERT INTO likes (like_id, liked_id, like_date) VALUES ("211","328","2018-01-29 05:33:55");
INSERT INTO likes (like_id, liked_id, like_date) VALUES ("211","256","2017-08-07 19:40:06");
INSERT INTO likes (like_id, liked_id, like_date) VALUES ("211","496","2017-02-16 09:35:27");
INSERT INTO likes (like_id, liked_id, like_date) VALUES ("211","339","2017-05-07 01:34:54");
INSERT INTO likes (like_id, liked_id, like_date) VALUES ("211","229","2017-03-13 13:46:41");
INSERT INTO likes (like_id, liked_id, like_date) VALUES ("211","119","2017-08-04 13:39:43");
INSERT INTO likes (like_id, liked_id, like_date) VALUES ("211","392","2017-07-23 02:49:48");
INSERT INTO likes (like_id, liked_id, like_date) VALUES ("211","486","2017-10-17 09:38:46");
INSERT INTO likes (like_id, liked_id, like_date) VALUES ("211","109","2017-08-15 04:15:48");


INSERT INTO user (id, first_name, last_name, username, email, password, birthdate, gender, orientation, bio, country, state, city, zip, file_1, file_2, file_3, file_4, file_5, score, token, token_date, active, register, created_at, updated_at) VALUES ("212","Ubaldo","Dietrich","rfritsch","conroy.elroy@yahoo.com","$2y$10$GuQ4FLdO27wVRIaALeFps.y6TdKg4INd1JhpQ/NUHx1S8CHAGOJMO","1951-03-08 09:50:57","2","3","Qui et esse laborum commodi qui. Qui rerum ducimus rerum voluptatem. Voluptatem mollitia eum molestiae quisquam quam. Veniam officia est sed et officia ea.","Western Sahara","","Hermannburgh","53171","../fixtures/female7.jpg","../fixtures/female7.jpg","","","","66","c59e5ea3b7c8afce1a05d2ea4e35e3d5","2018-02-13 00:51:03","1","0","1986-01-13 14:35:42","1983-10-06 22:46:09");
INSERT INTO user_tag (user_id, tag_id) VALUES ("212","17");
INSERT INTO user_tag (user_id, tag_id) VALUES ("212","20");
INSERT INTO user_tag (user_id, tag_id) VALUES ("212","46");
INSERT INTO user_tag (user_id, tag_id) VALUES ("212","27");
INSERT INTO user_tag (user_id, tag_id) VALUES ("212","48");
INSERT INTO user_tag (user_id, tag_id) VALUES ("212","23");
INSERT INTO user_tag (user_id, tag_id) VALUES ("212","32");
INSERT INTO user_tag (user_id, tag_id) VALUES ("212","21");
INSERT INTO user_tag (user_id, tag_id) VALUES ("212","6");
INSERT INTO user_tag (user_id, tag_id) VALUES ("212","9");
INSERT INTO user_tag (user_id, tag_id) VALUES ("212","7");
INSERT INTO user_tag (user_id, tag_id) VALUES ("212","1");
INSERT INTO user_tag (user_id, tag_id) VALUES ("212","26");
INSERT INTO user_tag (user_id, tag_id) VALUES ("212","7");


INSERT INTO likes (like_id, liked_id, like_date) VALUES ("212","284","2017-06-09 20:27:44");
INSERT INTO likes (like_id, liked_id, like_date) VALUES ("212","351","2017-03-14 00:20:49");
INSERT INTO likes (like_id, liked_id, like_date) VALUES ("212","153","2017-09-03 21:33:44");
INSERT INTO likes (like_id, liked_id, like_date) VALUES ("212","480","2017-08-15 03:49:35");
INSERT INTO likes (like_id, liked_id, like_date) VALUES ("212","385","2017-05-24 11:44:09");
INSERT INTO likes (like_id, liked_id, like_date) VALUES ("212","275","2017-11-29 07:30:48");
INSERT INTO likes (like_id, liked_id, like_date) VALUES ("212","337","2017-05-17 03:50:02");
INSERT INTO likes (like_id, liked_id, like_date) VALUES ("212","403","2017-02-28 05:17:35");
INSERT INTO likes (like_id, liked_id, like_date) VALUES ("212","460","2017-11-19 20:03:57");
INSERT INTO likes (like_id, liked_id, like_date) VALUES ("212","210","2017-08-14 00:41:15");
INSERT INTO likes (like_id, liked_id, like_date) VALUES ("212","123","2017-05-31 18:14:56");


INSERT INTO user (id, first_name, last_name, username, email, password, birthdate, gender, orientation, bio, country, state, city, zip, file_1, file_2, file_3, file_4, file_5, score, token, token_date, active, register, created_at, updated_at) VALUES ("213","Cheyenne","Feest","rippinfleta","beth32@lakin.com","$2y$10$Tenajbu.9XIJRK7aLaWX/e5i5NGsBQ2uyXEU/ZfRj6jq8PCUR7Jjy","1972-12-13 01:13:23","2","2","Quaerat magnam laboriosam eos fugiat neque sed quam. Itaque velit deserunt non atque facilis in. Repudiandae dolorem illo eos iste reiciendis adipisci.","Tonga","","Vonberg","38759-0495","../fixtures/female9.jpg","../fixtures/female3.jpg","../fixtures/female5.jpg","","","90","3cdbb5b2e99eabf34451b589fe7b0d8b","2011-04-25 23:53:47","1","1","2014-03-10 17:54:05","2007-05-07 22:32:10");
INSERT INTO user_tag (user_id, tag_id) VALUES ("213","10");
INSERT INTO user_tag (user_id, tag_id) VALUES ("213","31");
INSERT INTO user_tag (user_id, tag_id) VALUES ("213","4");
INSERT INTO user_tag (user_id, tag_id) VALUES ("213","30");
INSERT INTO user_tag (user_id, tag_id) VALUES ("213","8");
INSERT INTO user_tag (user_id, tag_id) VALUES ("213","38");
INSERT INTO user_tag (user_id, tag_id) VALUES ("213","48");
INSERT INTO user_tag (user_id, tag_id) VALUES ("213","6");
INSERT INTO user_tag (user_id, tag_id) VALUES ("213","36");
INSERT INTO user_tag (user_id, tag_id) VALUES ("213","23");
INSERT INTO user_tag (user_id, tag_id) VALUES ("213","46");
INSERT INTO user_tag (user_id, tag_id) VALUES ("213","48");
INSERT INTO user_tag (user_id, tag_id) VALUES ("213","33");
INSERT INTO user_tag (user_id, tag_id) VALUES ("213","40");


INSERT INTO likes (like_id, liked_id, like_date) VALUES ("213","179","2017-08-02 08:51:09");
INSERT INTO likes (like_id, liked_id, like_date) VALUES ("213","388","2017-09-11 07:03:26");
INSERT INTO likes (like_id, liked_id, like_date) VALUES ("213","130","2017-09-18 08:26:31");
INSERT INTO likes (like_id, liked_id, like_date) VALUES ("213","408","2017-05-11 02:14:01");
INSERT INTO likes (like_id, liked_id, like_date) VALUES ("213","271","2018-01-09 17:41:57");
INSERT INTO likes (like_id, liked_id, like_date) VALUES ("213","47","2017-05-04 03:25:50");
INSERT INTO likes (like_id, liked_id, like_date) VALUES ("213","275","2017-10-16 04:13:41");
INSERT INTO likes (like_id, liked_id, like_date) VALUES ("213","127","2017-08-10 06:47:46");
INSERT INTO likes (like_id, liked_id, like_date) VALUES ("213","326","2017-07-18 14:25:37");
INSERT INTO likes (like_id, liked_id, like_date) VALUES ("213","494","2018-01-18 03:58:31");
INSERT INTO likes (like_id, liked_id, like_date) VALUES ("213","17","2017-07-08 14:42:41");
INSERT INTO likes (like_id, liked_id, like_date) VALUES ("213","132","2017-06-10 01:24:38");
INSERT INTO likes (like_id, liked_id, like_date) VALUES ("213","116","2017-07-07 02:08:26");
INSERT INTO likes (like_id, liked_id, like_date) VALUES ("213","439","2017-06-04 05:21:54");
INSERT INTO likes (like_id, liked_id, like_date) VALUES ("213","403","2017-03-24 19:40:24");
INSERT INTO likes (like_id, liked_id, like_date) VALUES ("213","142","2017-10-14 12:29:19");
INSERT INTO likes (like_id, liked_id, like_date) VALUES ("213","145","2017-03-18 22:13:42");
INSERT INTO likes (like_id, liked_id, like_date) VALUES ("213","44","2017-10-23 00:03:10");
INSERT INTO likes (like_id, liked_id, like_date) VALUES ("213","83","2017-03-04 15:51:31");
INSERT INTO likes (like_id, liked_id, like_date) VALUES ("213","74","2017-02-21 03:18:32");


INSERT INTO user (id, first_name, last_name, username, email, password, birthdate, gender, orientation, bio, country, state, city, zip, file_1, file_2, file_3, file_4, file_5, score, token, token_date, active, register, created_at, updated_at) VALUES ("214","Kathlyn","Wisoky","kristofer53","houston99@nader.com","$2y$10$3/nVmVtF684f4W4v6tGOn.MDA5WviErfJ7mvJ114klo.0hrXfKhnC","1980-07-05 06:48:53","2","1","Et animi laudantium ab reiciendis. Qui sint sed sit.","Croatia","","Marlinmouth","31422","../fixtures/female4.jpg","../fixtures/female3.jpg","../fixtures/female9.jpg","../fixtures/female8.jpg","../fixtures/female1.jpg","36","3e6db12a26e7553af5f4e869f2e38eb3","1990-05-24 03:22:55","1","1","1999-11-01 04:05:26","1971-08-21 10:21:55");
INSERT INTO user_tag (user_id, tag_id) VALUES ("214","24");
INSERT INTO user_tag (user_id, tag_id) VALUES ("214","48");
INSERT INTO user_tag (user_id, tag_id) VALUES ("214","36");


INSERT INTO likes (like_id, liked_id, like_date) VALUES ("214","365","2017-04-03 15:22:21");
INSERT INTO likes (like_id, liked_id, like_date) VALUES ("214","360","2017-12-02 03:33:31");
INSERT INTO likes (like_id, liked_id, like_date) VALUES ("214","315","2017-07-02 02:17:06");
INSERT INTO likes (like_id, liked_id, like_date) VALUES ("214","364","2017-11-30 18:31:00");
INSERT INTO likes (like_id, liked_id, like_date) VALUES ("214","334","2017-11-02 11:52:00");
INSERT INTO likes (like_id, liked_id, like_date) VALUES ("214","166","2017-09-03 09:22:40");


INSERT INTO user (id, first_name, last_name, username, email, password, birthdate, gender, orientation, bio, country, state, city, zip, file_1, file_2, file_3, file_4, file_5, score, token, token_date, active, register, created_at, updated_at) VALUES ("215","Cassandra","Little","pbeatty","vicenta.windler@yahoo.com","$2y$10$XOpYLHvg3HH3VCwhndDMgeai/ePtiPr2qRTniyedxeWtOHU/XNJcG","1968-10-22 05:39:48","2","2","Incidunt totam earum et minus dolores ducimus occaecati. Sint ipsam est provident quos ea doloremque ea. Et enim voluptatibus modi autem odit eum. Qui magni modi dolor autem repellat corrupti voluptates. Non maxime incidunt perspiciatis voluptas explicabo beatae quo consequuntur.","Saint Martin","","Lake Mohammedtown","69297-4214","../fixtures/female8.jpg","../fixtures/female6.jpg","","","","83","38bc27ca5f071f1415c2fde526e072f9","1982-02-24 16:03:07","1","0","2010-10-17 12:06:37","1979-04-25 07:31:05");
INSERT INTO user_tag (user_id, tag_id) VALUES ("215","16");
INSERT INTO user_tag (user_id, tag_id) VALUES ("215","47");
INSERT INTO user_tag (user_id, tag_id) VALUES ("215","38");
INSERT INTO user_tag (user_id, tag_id) VALUES ("215","50");
INSERT INTO user_tag (user_id, tag_id) VALUES ("215","7");
INSERT INTO user_tag (user_id, tag_id) VALUES ("215","9");
INSERT INTO user_tag (user_id, tag_id) VALUES ("215","28");
INSERT INTO user_tag (user_id, tag_id) VALUES ("215","10");
INSERT INTO user_tag (user_id, tag_id) VALUES ("215","41");


INSERT INTO likes (like_id, liked_id, like_date) VALUES ("215","447","2017-09-09 14:59:51");
INSERT INTO likes (like_id, liked_id, like_date) VALUES ("215","487","2017-05-09 14:19:46");
INSERT INTO likes (like_id, liked_id, like_date) VALUES ("215","220","2017-05-11 08:47:57");
INSERT INTO likes (like_id, liked_id, like_date) VALUES ("215","236","2018-01-31 10:38:34");
INSERT INTO likes (like_id, liked_id, like_date) VALUES ("215","116","2017-09-03 11:07:03");
INSERT INTO likes (like_id, liked_id, like_date) VALUES ("215","46","2017-03-02 15:01:58");
INSERT INTO likes (like_id, liked_id, like_date) VALUES ("215","181","2017-10-09 14:15:42");
INSERT INTO likes (like_id, liked_id, like_date) VALUES ("215","66","2018-01-29 12:56:02");
INSERT INTO likes (like_id, liked_id, like_date) VALUES ("215","205","2017-11-14 20:39:00");


INSERT INTO user (id, first_name, last_name, username, email, password, birthdate, gender, orientation, bio, country, state, city, zip, file_1, file_2, file_3, file_4, file_5, score, token, token_date, active, register, created_at, updated_at) VALUES ("216","Tianna","Wuckert","hesselelza","kohler.freeda@dach.info","$2y$10$VjYSgqbRTbeqx6S6CMGE6u8tNISwzXDE.8aPKeMH0No37kpzM7WxG","1948-08-27 04:38:19","2","1","Omnis aut et deleniti sed quos repellendus. Perferendis dolorem dolorem et numquam exercitationem. Iste at quia velit quo tenetur. Accusamus nesciunt aut provident quia alias.","Maldives","","East Brionna","85307-6777","../fixtures/female10.jpg","../fixtures/female1.jpg","../fixtures/female9.jpg","../fixtures/female6.jpg","../fixtures/female5.jpg","31","33e3354ee2c94601fc86baa43dacb488","1997-07-02 15:28:57","1","1","2004-12-04 18:14:27","1980-11-20 16:16:49");
INSERT INTO user_tag (user_id, tag_id) VALUES ("216","14");
INSERT INTO user_tag (user_id, tag_id) VALUES ("216","3");
INSERT INTO user_tag (user_id, tag_id) VALUES ("216","46");
INSERT INTO user_tag (user_id, tag_id) VALUES ("216","50");
INSERT INTO user_tag (user_id, tag_id) VALUES ("216","9");
INSERT INTO user_tag (user_id, tag_id) VALUES ("216","8");
INSERT INTO user_tag (user_id, tag_id) VALUES ("216","28");
INSERT INTO user_tag (user_id, tag_id) VALUES ("216","14");
INSERT INTO user_tag (user_id, tag_id) VALUES ("216","26");
INSERT INTO user_tag (user_id, tag_id) VALUES ("216","39");
INSERT INTO user_tag (user_id, tag_id) VALUES ("216","27");
INSERT INTO user_tag (user_id, tag_id) VALUES ("216","21");
INSERT INTO user_tag (user_id, tag_id) VALUES ("216","48");


INSERT INTO likes (like_id, liked_id, like_date) VALUES ("216","337","2017-08-18 00:41:55");
INSERT INTO likes (like_id, liked_id, like_date) VALUES ("216","52","2018-01-27 19:20:59");
INSERT INTO likes (like_id, liked_id, like_date) VALUES ("216","179","2017-07-12 20:30:04");
INSERT INTO likes (like_id, liked_id, like_date) VALUES ("216","268","2017-12-19 19:17:33");
INSERT INTO likes (like_id, liked_id, like_date) VALUES ("216","404","2017-09-27 14:43:56");
INSERT INTO likes (like_id, liked_id, like_date) VALUES ("216","433","2018-01-15 15:21:06");
INSERT INTO likes (like_id, liked_id, like_date) VALUES ("216","310","2017-05-19 12:22:31");
INSERT INTO likes (like_id, liked_id, like_date) VALUES ("216","357","2018-01-16 03:49:58");
INSERT INTO likes (like_id, liked_id, like_date) VALUES ("216","286","2018-02-09 21:00:18");
INSERT INTO likes (like_id, liked_id, like_date) VALUES ("216","45","2017-04-10 21:09:02");
INSERT INTO likes (like_id, liked_id, like_date) VALUES ("216","167","2017-12-23 14:19:10");
INSERT INTO likes (like_id, liked_id, like_date) VALUES ("216","278","2017-03-01 19:59:08");
INSERT INTO likes (like_id, liked_id, like_date) VALUES ("216","200","2018-02-05 14:57:00");
INSERT INTO likes (like_id, liked_id, like_date) VALUES ("216","472","2017-08-09 07:50:28");
INSERT INTO likes (like_id, liked_id, like_date) VALUES ("216","209","2017-03-21 15:44:16");
INSERT INTO likes (like_id, liked_id, like_date) VALUES ("216","292","2017-07-07 20:56:18");


INSERT INTO user (id, first_name, last_name, username, email, password, birthdate, gender, orientation, bio, country, state, city, zip, file_1, file_2, file_3, file_4, file_5, score, token, token_date, active, register, created_at, updated_at) VALUES ("217","Allen","Goldner","schneideralia","fweissnat@gibson.com","$2y$10$cWPOYgNZOTL.lGH74NILBuaNOyEtenD4HscrxN8z12M.ivPAIJ5Eq","1973-02-11 04:21:28","2","1","Laboriosam similique sint aut debitis dolor occaecati eveniet. Est voluptatum fuga consequuntur voluptas illum. Sed aspernatur maiores nobis ducimus quae est excepturi.","Iraq","","Jaunitaberg","62108-9521","../fixtures/female6.jpg","../fixtures/female2.jpg","../fixtures/female2.jpg","../fixtures/female3.jpg","../fixtures/female2.jpg","20","51629ee56e8d8854e9a46be61ec2c4cf","2011-11-22 20:21:13","1","0","1990-10-11 06:52:14","1992-01-18 17:05:39");
INSERT INTO user_tag (user_id, tag_id) VALUES ("217","15");
INSERT INTO user_tag (user_id, tag_id) VALUES ("217","20");
INSERT INTO user_tag (user_id, tag_id) VALUES ("217","36");
INSERT INTO user_tag (user_id, tag_id) VALUES ("217","32");
INSERT INTO user_tag (user_id, tag_id) VALUES ("217","7");
INSERT INTO user_tag (user_id, tag_id) VALUES ("217","33");


INSERT INTO likes (like_id, liked_id, like_date) VALUES ("217","87","2018-01-17 20:13:45");
INSERT INTO likes (like_id, liked_id, like_date) VALUES ("217","65","2017-04-13 20:52:12");


INSERT INTO user (id, first_name, last_name, username, email, password, birthdate, gender, orientation, bio, country, state, city, zip, file_1, file_2, file_3, file_4, file_5, score, token, token_date, active, register, created_at, updated_at) VALUES ("218","Randy","Kling","alizebeahan","kuhlman.abdiel@gmail.com","$2y$10$8S6VAX4yujAPlkzpaU8NEuJ5RJLrrySW2vmomYQHhq6SEO0yopgOu","1971-03-05 03:16:06","2","1","Occaecati quasi praesentium ab molestiae. Dignissimos et sequi ipsam soluta inventore et. Fugiat et pariatur vero minus iusto omnis voluptatem.","Botswana","","South Emmetborough","68166","../fixtures/female9.jpg","","","","","93","16882b05f50a831d343542a203818007","2003-03-11 19:32:51","0","0","1986-12-22 10:51:11","1973-11-13 21:44:16");
INSERT INTO user_tag (user_id, tag_id) VALUES ("218","46");
INSERT INTO user_tag (user_id, tag_id) VALUES ("218","18");
INSERT INTO user_tag (user_id, tag_id) VALUES ("218","21");
INSERT INTO user_tag (user_id, tag_id) VALUES ("218","11");
INSERT INTO user_tag (user_id, tag_id) VALUES ("218","50");
INSERT INTO user_tag (user_id, tag_id) VALUES ("218","17");
INSERT INTO user_tag (user_id, tag_id) VALUES ("218","22");
INSERT INTO user_tag (user_id, tag_id) VALUES ("218","22");
INSERT INTO user_tag (user_id, tag_id) VALUES ("218","17");
INSERT INTO user_tag (user_id, tag_id) VALUES ("218","14");
INSERT INTO user_tag (user_id, tag_id) VALUES ("218","32");
INSERT INTO user_tag (user_id, tag_id) VALUES ("218","39");


INSERT INTO likes (like_id, liked_id, like_date) VALUES ("218","171","2017-05-30 22:56:20");
INSERT INTO likes (like_id, liked_id, like_date) VALUES ("218","289","2017-09-23 05:52:53");
INSERT INTO likes (like_id, liked_id, like_date) VALUES ("218","467","2017-03-16 06:50:41");
INSERT INTO likes (like_id, liked_id, like_date) VALUES ("218","180","2018-02-05 20:54:34");
INSERT INTO likes (like_id, liked_id, like_date) VALUES ("218","458","2018-02-13 12:59:10");
INSERT INTO likes (like_id, liked_id, like_date) VALUES ("218","288","2017-03-23 07:22:40");
INSERT INTO likes (like_id, liked_id, like_date) VALUES ("218","6","2017-10-23 14:33:20");
INSERT INTO likes (like_id, liked_id, like_date) VALUES ("218","417","2017-04-25 09:12:37");


INSERT INTO user (id, first_name, last_name, username, email, password, birthdate, gender, orientation, bio, country, state, city, zip, file_1, file_2, file_3, file_4, file_5, score, token, token_date, active, register, created_at, updated_at) VALUES ("219","Allene","McKenzie","flatleycandida","mann.loren@bednar.com","$2y$10$7cA20lG6aaarlZLdvkeRROUtSHzMTA/5VV0.ILoLyQPDQAitsNDM2","1965-11-13 22:15:15","1","1","Quidem sunt et id tenetur labore dolore quod. Assumenda sed veniam doloribus nulla. Excepturi nemo eos nihil sit explicabo culpa ex.","Switzerland","","Alecborough","98732-5000","../fixtures/male4.jpg","../fixtures/male9.jpg","","","","18","f61ed98844f2abe7ca14aeb069f510bf","1984-08-14 16:02:04","1","1","1972-06-05 23:40:48","1994-01-21 01:20:49");
INSERT INTO user_tag (user_id, tag_id) VALUES ("219","36");
INSERT INTO user_tag (user_id, tag_id) VALUES ("219","1");
INSERT INTO user_tag (user_id, tag_id) VALUES ("219","9");


INSERT INTO likes (like_id, liked_id, like_date) VALUES ("219","414","2017-09-06 06:43:46");
INSERT INTO likes (like_id, liked_id, like_date) VALUES ("219","66","2017-11-07 16:14:11");
INSERT INTO likes (like_id, liked_id, like_date) VALUES ("219","205","2017-09-12 13:08:44");
INSERT INTO likes (like_id, liked_id, like_date) VALUES ("219","463","2017-04-23 13:33:24");
INSERT INTO likes (like_id, liked_id, like_date) VALUES ("219","214","2017-11-19 10:17:56");
INSERT INTO likes (like_id, liked_id, like_date) VALUES ("219","161","2017-03-23 17:29:20");
INSERT INTO likes (like_id, liked_id, like_date) VALUES ("219","175","2017-06-10 06:00:38");
INSERT INTO likes (like_id, liked_id, like_date) VALUES ("219","432","2017-10-12 08:06:38");
INSERT INTO likes (like_id, liked_id, like_date) VALUES ("219","69","2017-08-16 20:43:52");
INSERT INTO likes (like_id, liked_id, like_date) VALUES ("219","210","2018-02-03 18:35:34");
INSERT INTO likes (like_id, liked_id, like_date) VALUES ("219","463","2017-03-15 13:51:32");
INSERT INTO likes (like_id, liked_id, like_date) VALUES ("219","130","2018-01-01 08:02:30");
INSERT INTO likes (like_id, liked_id, like_date) VALUES ("219","364","2017-10-25 16:43:48");
INSERT INTO likes (like_id, liked_id, like_date) VALUES ("219","183","2017-05-02 20:02:44");
INSERT INTO likes (like_id, liked_id, like_date) VALUES ("219","332","2017-07-21 23:41:24");


INSERT INTO user (id, first_name, last_name, username, email, password, birthdate, gender, orientation, bio, country, state, city, zip, file_1, file_2, file_3, file_4, file_5, score, token, token_date, active, register, created_at, updated_at) VALUES ("220","Retha","Dibbert","jacobsonharmony","fhermann@marquardt.com","$2y$10$LmjsTJNEcm3zmYZnfK3y2.jWvSilxmVX3RRH.HJvsQ7llGeC2e2JW","1985-05-07 18:14:34","1","3","Est quia inventore eos dolorem voluptatem eaque. Amet explicabo ullam debitis sint. Quis id dolores iure at. Sequi id fuga omnis eos dignissimos.","Mauritius","","Erdmanborough","00789","../fixtures/male6.jpg","../fixtures/male9.jpg","../fixtures/male5.jpg","","","47","4eb477123bd77c1a6116f7e40ed839bf","1978-03-12 22:01:57","0","0","1984-01-08 11:17:57","1970-06-02 20:07:50");
INSERT INTO user_tag (user_id, tag_id) VALUES ("220","36");
INSERT INTO user_tag (user_id, tag_id) VALUES ("220","42");
INSERT INTO user_tag (user_id, tag_id) VALUES ("220","14");
INSERT INTO user_tag (user_id, tag_id) VALUES ("220","13");
INSERT INTO user_tag (user_id, tag_id) VALUES ("220","15");
INSERT INTO user_tag (user_id, tag_id) VALUES ("220","27");
INSERT INTO user_tag (user_id, tag_id) VALUES ("220","11");
INSERT INTO user_tag (user_id, tag_id) VALUES ("220","6");


INSERT INTO likes (like_id, liked_id, like_date) VALUES ("220","90","2017-10-27 09:15:36");
INSERT INTO likes (like_id, liked_id, like_date) VALUES ("220","229","2017-06-02 10:56:42");
INSERT INTO likes (like_id, liked_id, like_date) VALUES ("220","227","2017-11-09 00:06:49");
INSERT INTO likes (like_id, liked_id, like_date) VALUES ("220","58","2017-12-17 02:11:38");
INSERT INTO likes (like_id, liked_id, like_date) VALUES ("220","317","2017-08-11 01:43:14");
INSERT INTO likes (like_id, liked_id, like_date) VALUES ("220","164","2017-09-29 11:16:00");
INSERT INTO likes (like_id, liked_id, like_date) VALUES ("220","2","2017-11-26 20:38:28");
INSERT INTO likes (like_id, liked_id, like_date) VALUES ("220","21","2017-06-21 05:05:27");


INSERT INTO user (id, first_name, last_name, username, email, password, birthdate, gender, orientation, bio, country, state, city, zip, file_1, file_2, file_3, file_4, file_5, score, token, token_date, active, register, created_at, updated_at) VALUES ("221","Georgette","Bayer","kobe59","gabrielle.grimes@gmail.com","$2y$10$geVeihIVsAU7eEvApQawMOyo./nDfVnyPKpv/OP86kYd9DSuJorz2","1987-07-21 01:20:17","2","2","Et qui libero earum blanditiis dignissimos minus eius consequatur. Reiciendis explicabo labore et doloremque tempora asperiores earum autem. Quo ea sint aperiam quis.","Lesotho","","Hadleyhaven","19841-6947","../fixtures/female5.jpg","../fixtures/female3.jpg","../fixtures/female3.jpg","","","71","0c5b451ca0d1cf3b9b12422a0542b0c7","2008-03-01 01:01:26","1","1","1995-05-25 09:18:41","1996-05-23 20:28:34");
INSERT INTO user_tag (user_id, tag_id) VALUES ("221","14");
INSERT INTO user_tag (user_id, tag_id) VALUES ("221","12");
INSERT INTO user_tag (user_id, tag_id) VALUES ("221","5");
INSERT INTO user_tag (user_id, tag_id) VALUES ("221","39");
INSERT INTO user_tag (user_id, tag_id) VALUES ("221","1");
INSERT INTO user_tag (user_id, tag_id) VALUES ("221","25");
INSERT INTO user_tag (user_id, tag_id) VALUES ("221","33");
INSERT INTO user_tag (user_id, tag_id) VALUES ("221","46");
INSERT INTO user_tag (user_id, tag_id) VALUES ("221","31");
INSERT INTO user_tag (user_id, tag_id) VALUES ("221","30");
INSERT INTO user_tag (user_id, tag_id) VALUES ("221","13");
INSERT INTO user_tag (user_id, tag_id) VALUES ("221","13");
INSERT INTO user_tag (user_id, tag_id) VALUES ("221","10");
INSERT INTO user_tag (user_id, tag_id) VALUES ("221","16");


INSERT INTO likes (like_id, liked_id, like_date) VALUES ("221","257","2017-10-05 04:40:38");
INSERT INTO likes (like_id, liked_id, like_date) VALUES ("221","348","2017-08-27 14:37:05");
INSERT INTO likes (like_id, liked_id, like_date) VALUES ("221","159","2017-08-05 06:43:30");
INSERT INTO likes (like_id, liked_id, like_date) VALUES ("221","256","2017-12-13 15:14:43");
INSERT INTO likes (like_id, liked_id, like_date) VALUES ("221","237","2017-06-03 15:20:28");
INSERT INTO likes (like_id, liked_id, like_date) VALUES ("221","351","2017-10-01 22:15:24");
INSERT INTO likes (like_id, liked_id, like_date) VALUES ("221","35","2017-07-08 16:16:21");
INSERT INTO likes (like_id, liked_id, like_date) VALUES ("221","88","2017-05-03 02:33:08");
INSERT INTO likes (like_id, liked_id, like_date) VALUES ("221","58","2017-10-09 12:46:00");
INSERT INTO likes (like_id, liked_id, like_date) VALUES ("221","252","2017-08-07 09:58:43");
INSERT INTO likes (like_id, liked_id, like_date) VALUES ("221","291","2017-02-26 16:30:45");
INSERT INTO likes (like_id, liked_id, like_date) VALUES ("221","387","2017-05-29 12:30:09");
INSERT INTO likes (like_id, liked_id, like_date) VALUES ("221","242","2018-02-11 16:05:45");
INSERT INTO likes (like_id, liked_id, like_date) VALUES ("221","144","2017-12-17 00:32:53");


INSERT INTO user (id, first_name, last_name, username, email, password, birthdate, gender, orientation, bio, country, state, city, zip, file_1, file_2, file_3, file_4, file_5, score, token, token_date, active, register, created_at, updated_at) VALUES ("222","Madeline","Wisoky","hdouglas","uwindler@orn.com","$2y$10$1vcLPlbH4wfq0RS7Qj5iRe7iG3/7QCYrwjPT/rMeX6K1H7whB..V.","1958-03-19 07:47:14","1","3","Distinctio est eos officiis voluptatum qui dolore voluptatem. Quasi accusamus ea cupiditate consequatur est facilis voluptas. Totam voluptates earum tempore perferendis illo et non. Dolore a quos qui.","Italy","","Herminiaview","37071","../fixtures/male2.jpg","../fixtures/male3.jpg","../fixtures/male9.jpg","../fixtures/male2.jpg","../fixtures/male4.jpg","90","477751163a6b4d6efe3656a225c7c5ac","1973-10-24 09:23:48","0","0","1994-05-23 01:34:01","1995-07-22 10:05:56");
INSERT INTO user_tag (user_id, tag_id) VALUES ("222","24");
INSERT INTO user_tag (user_id, tag_id) VALUES ("222","21");
INSERT INTO user_tag (user_id, tag_id) VALUES ("222","4");
INSERT INTO user_tag (user_id, tag_id) VALUES ("222","13");
INSERT INTO user_tag (user_id, tag_id) VALUES ("222","38");
INSERT INTO user_tag (user_id, tag_id) VALUES ("222","16");
INSERT INTO user_tag (user_id, tag_id) VALUES ("222","32");
INSERT INTO user_tag (user_id, tag_id) VALUES ("222","20");
INSERT INTO user_tag (user_id, tag_id) VALUES ("222","47");
INSERT INTO user_tag (user_id, tag_id) VALUES ("222","13");
INSERT INTO user_tag (user_id, tag_id) VALUES ("222","31");
INSERT INTO user_tag (user_id, tag_id) VALUES ("222","8");


INSERT INTO likes (like_id, liked_id, like_date) VALUES ("222","334","2018-01-08 13:20:50");
INSERT INTO likes (like_id, liked_id, like_date) VALUES ("222","72","2017-12-10 16:18:41");
INSERT INTO likes (like_id, liked_id, like_date) VALUES ("222","40","2017-03-21 20:57:44");
INSERT INTO likes (like_id, liked_id, like_date) VALUES ("222","224","2017-04-09 03:55:43");
INSERT INTO likes (like_id, liked_id, like_date) VALUES ("222","359","2017-06-07 22:01:02");
INSERT INTO likes (like_id, liked_id, like_date) VALUES ("222","136","2018-01-05 03:36:34");
INSERT INTO likes (like_id, liked_id, like_date) VALUES ("222","6","2017-11-16 04:12:25");
INSERT INTO likes (like_id, liked_id, like_date) VALUES ("222","179","2017-11-05 17:39:33");
INSERT INTO likes (like_id, liked_id, like_date) VALUES ("222","447","2017-05-11 00:22:15");
INSERT INTO likes (like_id, liked_id, like_date) VALUES ("222","40","2017-04-05 20:59:42");


INSERT INTO user (id, first_name, last_name, username, email, password, birthdate, gender, orientation, bio, country, state, city, zip, file_1, file_2, file_3, file_4, file_5, score, token, token_date, active, register, created_at, updated_at) VALUES ("223","Domingo","Willms","nmayer","qhansen@gmail.com","$2y$10$wH53fwEMBX1vQbnVq9wtx.GbmygX6pXchpP3.x6J5J3SazZl4P59O","1948-11-11 14:21:37","1","3","Deleniti et et consequatur odio adipisci dicta dolores cupiditate. Animi ut distinctio nesciunt non et animi delectus.","Reunion","","Schulisthaven","38914-9957","../fixtures/male10.jpg","","","","","9","093e5a3f9fc716a5827e8e6aa9256a9e","1981-07-16 09:51:15","0","0","1987-01-07 09:16:19","1991-11-09 04:36:53");
INSERT INTO user_tag (user_id, tag_id) VALUES ("223","5");
INSERT INTO user_tag (user_id, tag_id) VALUES ("223","42");
INSERT INTO user_tag (user_id, tag_id) VALUES ("223","2");
INSERT INTO user_tag (user_id, tag_id) VALUES ("223","31");
INSERT INTO user_tag (user_id, tag_id) VALUES ("223","28");
INSERT INTO user_tag (user_id, tag_id) VALUES ("223","35");


INSERT INTO likes (like_id, liked_id, like_date) VALUES ("223","74","2018-01-03 19:15:06");
INSERT INTO likes (like_id, liked_id, like_date) VALUES ("223","106","2017-11-04 16:12:08");
INSERT INTO likes (like_id, liked_id, like_date) VALUES ("223","45","2018-01-03 16:38:00");
INSERT INTO likes (like_id, liked_id, like_date) VALUES ("223","104","2017-04-12 09:10:03");
INSERT INTO likes (like_id, liked_id, like_date) VALUES ("223","73","2017-10-23 17:05:57");
INSERT INTO likes (like_id, liked_id, like_date) VALUES ("223","357","2018-01-18 03:40:21");


INSERT INTO user (id, first_name, last_name, username, email, password, birthdate, gender, orientation, bio, country, state, city, zip, file_1, file_2, file_3, file_4, file_5, score, token, token_date, active, register, created_at, updated_at) VALUES ("224","Jacinto","Schumm","leonard83","welch.nova@bosco.info","$2y$10$pEN9VKmXA0WQCHvxPvKbtuP6fo7vbSlgwrAc5TFZWHTtPly6MiYiK","1964-10-20 08:03:29","1","1","Sunt ex qui blanditiis enim quia dolores. Quidem quis eum unde mollitia sit. Et ratione autem beatae provident delectus vel repellendus provident. Unde illo est vitae sequi.","New Zealand","","Wizastad","34794-7952","../fixtures/male4.jpg","../fixtures/male3.jpg","../fixtures/male8.jpg","../fixtures/male3.jpg","../fixtures/male1.jpg","85","f496eacdd0e2a5c271378e2371e1f037","1977-03-03 04:21:16","1","1","2015-08-25 13:31:45","2003-02-08 12:11:47");
INSERT INTO user_tag (user_id, tag_id) VALUES ("224","45");
INSERT INTO user_tag (user_id, tag_id) VALUES ("224","8");
INSERT INTO user_tag (user_id, tag_id) VALUES ("224","9");
INSERT INTO user_tag (user_id, tag_id) VALUES ("224","18");
INSERT INTO user_tag (user_id, tag_id) VALUES ("224","19");
INSERT INTO user_tag (user_id, tag_id) VALUES ("224","2");
INSERT INTO user_tag (user_id, tag_id) VALUES ("224","18");
INSERT INTO user_tag (user_id, tag_id) VALUES ("224","33");
INSERT INTO user_tag (user_id, tag_id) VALUES ("224","45");
INSERT INTO user_tag (user_id, tag_id) VALUES ("224","41");


INSERT INTO likes (like_id, liked_id, like_date) VALUES ("224","364","2018-02-02 00:31:00");
INSERT INTO likes (like_id, liked_id, like_date) VALUES ("224","388","2017-06-04 23:46:43");
INSERT INTO likes (like_id, liked_id, like_date) VALUES ("224","251","2017-10-19 08:40:46");


INSERT INTO user (id, first_name, last_name, username, email, password, birthdate, gender, orientation, bio, country, state, city, zip, file_1, file_2, file_3, file_4, file_5, score, token, token_date, active, register, created_at, updated_at) VALUES ("225","Peter","Klocko","khills","schoen.rhiannon@skiles.org","$2y$10$PjI7JYbNyLL3yksMQALk.OW8vAafdSZCsuZBcLsWPngeOasMNzu1.","1970-02-17 12:09:53","2","2","Deleniti dolor natus quae libero est est corporis. Harum nihil eveniet et deleniti fugiat. Laudantium eaque ea earum aut amet unde atque.","Benin","","Stevieton","94370","../fixtures/female6.jpg","../fixtures/female8.jpg","../fixtures/female2.jpg","../fixtures/female3.jpg","../fixtures/female9.jpg","32","4557ac957aaab292f13561099eba55b8","1998-07-24 12:55:50","1","1","1990-01-26 11:28:24","1971-06-07 00:39:56");
INSERT INTO user_tag (user_id, tag_id) VALUES ("225","9");
INSERT INTO user_tag (user_id, tag_id) VALUES ("225","46");
INSERT INTO user_tag (user_id, tag_id) VALUES ("225","43");


INSERT INTO likes (like_id, liked_id, like_date) VALUES ("225","438","2017-12-07 16:30:47");
INSERT INTO likes (like_id, liked_id, like_date) VALUES ("225","463","2017-06-23 04:28:05");
INSERT INTO likes (like_id, liked_id, like_date) VALUES ("225","305","2017-05-16 00:00:20");
INSERT INTO likes (like_id, liked_id, like_date) VALUES ("225","250","2017-06-28 14:01:35");
INSERT INTO likes (like_id, liked_id, like_date) VALUES ("225","2","2017-07-07 18:13:15");
INSERT INTO likes (like_id, liked_id, like_date) VALUES ("225","351","2017-11-12 07:46:20");
INSERT INTO likes (like_id, liked_id, like_date) VALUES ("225","294","2017-09-03 02:21:14");
INSERT INTO likes (like_id, liked_id, like_date) VALUES ("225","195","2017-05-08 23:20:26");
INSERT INTO likes (like_id, liked_id, like_date) VALUES ("225","87","2017-12-24 22:07:29");
INSERT INTO likes (like_id, liked_id, like_date) VALUES ("225","434","2017-11-03 02:07:11");
INSERT INTO likes (like_id, liked_id, like_date) VALUES ("225","67","2017-04-02 15:41:09");


INSERT INTO user (id, first_name, last_name, username, email, password, birthdate, gender, orientation, bio, country, state, city, zip, file_1, file_2, file_3, file_4, file_5, score, token, token_date, active, register, created_at, updated_at) VALUES ("226","Toney","Morar","zbrekke","dickinson.kavon@hotmail.com","$2y$10$yTKlmgi6v7KtLHXXW0OmNeA0fVYtszeAwoLDyuHWYnsCsu7//9Ntq","1975-07-13 21:55:42","2","2","Ea error corrupti sit eum. Ab consequatur et ullam at maxime. Labore tenetur mollitia commodi in alias nam fuga itaque.","Holy See (Vatican City State)","","Olsonside","02693","../fixtures/female8.jpg","../fixtures/female10.jpg","../fixtures/female6.jpg","","","56","bf8ab9798cecfbf9d3bd01dff829a37c","2003-08-22 21:14:35","1","0","2013-04-23 02:37:43","1975-12-07 12:24:10");
INSERT INTO user_tag (user_id, tag_id) VALUES ("226","17");
INSERT INTO user_tag (user_id, tag_id) VALUES ("226","38");
INSERT INTO user_tag (user_id, tag_id) VALUES ("226","5");
INSERT INTO user_tag (user_id, tag_id) VALUES ("226","43");


INSERT INTO likes (like_id, liked_id, like_date) VALUES ("226","267","2018-02-04 11:34:26");
INSERT INTO likes (like_id, liked_id, like_date) VALUES ("226","403","2017-06-15 02:27:20");
INSERT INTO likes (like_id, liked_id, like_date) VALUES ("226","173","2017-02-27 06:57:02");
INSERT INTO likes (like_id, liked_id, like_date) VALUES ("226","377","2017-06-30 09:30:35");
INSERT INTO likes (like_id, liked_id, like_date) VALUES ("226","189","2017-09-02 03:14:14");
INSERT INTO likes (like_id, liked_id, like_date) VALUES ("226","14","2017-10-23 20:08:39");
INSERT INTO likes (like_id, liked_id, like_date) VALUES ("226","278","2017-09-26 00:10:52");
INSERT INTO likes (like_id, liked_id, like_date) VALUES ("226","420","2017-04-16 01:06:19");
INSERT INTO likes (like_id, liked_id, like_date) VALUES ("226","376","2017-05-11 05:42:06");
INSERT INTO likes (like_id, liked_id, like_date) VALUES ("226","22","2017-10-27 16:29:46");
INSERT INTO likes (like_id, liked_id, like_date) VALUES ("226","37","2017-04-09 16:33:59");
INSERT INTO likes (like_id, liked_id, like_date) VALUES ("226","309","2017-02-19 21:07:08");


INSERT INTO user (id, first_name, last_name, username, email, password, birthdate, gender, orientation, bio, country, state, city, zip, file_1, file_2, file_3, file_4, file_5, score, token, token_date, active, register, created_at, updated_at) VALUES ("227","Brenda","Funk","jenningsvolkman","hudson.weimann@boyer.biz","$2y$10$5/V1ebn2hZPC7roD2COCeuY7DbXRKVn8liClXG.MzRS8y3eCa3JEW","1998-10-09 21:05:38","1","1","Sed facilis et qui rerum. Quibusdam deleniti voluptas itaque earum optio temporibus. Optio molestiae laborum sapiente aut possimus.","Taiwan","","West Oscarport","63336","../fixtures/male10.jpg","../fixtures/male7.jpg","","","","54","049d821e0f5956109ad6cb5c23a0d4f2","1982-04-29 07:21:56","0","0","1993-04-30 15:30:51","2001-11-11 10:19:41");
INSERT INTO user_tag (user_id, tag_id) VALUES ("227","33");
INSERT INTO user_tag (user_id, tag_id) VALUES ("227","20");
INSERT INTO user_tag (user_id, tag_id) VALUES ("227","23");


INSERT INTO likes (like_id, liked_id, like_date) VALUES ("227","438","2017-03-21 00:54:32");
INSERT INTO likes (like_id, liked_id, like_date) VALUES ("227","178","2017-11-03 00:15:31");
INSERT INTO likes (like_id, liked_id, like_date) VALUES ("227","98","2017-04-14 10:17:34");
INSERT INTO likes (like_id, liked_id, like_date) VALUES ("227","490","2017-09-10 22:42:16");
INSERT INTO likes (like_id, liked_id, like_date) VALUES ("227","392","2017-06-12 22:34:19");
INSERT INTO likes (like_id, liked_id, like_date) VALUES ("227","121","2017-06-10 03:22:54");
INSERT INTO likes (like_id, liked_id, like_date) VALUES ("227","443","2017-07-02 10:30:45");
INSERT INTO likes (like_id, liked_id, like_date) VALUES ("227","50","2018-01-14 09:42:25");
INSERT INTO likes (like_id, liked_id, like_date) VALUES ("227","39","2017-08-22 15:14:22");
INSERT INTO likes (like_id, liked_id, like_date) VALUES ("227","483","2018-01-30 21:39:36");
INSERT INTO likes (like_id, liked_id, like_date) VALUES ("227","134","2018-02-02 07:28:57");
INSERT INTO likes (like_id, liked_id, like_date) VALUES ("227","317","2018-01-14 22:43:03");
INSERT INTO likes (like_id, liked_id, like_date) VALUES ("227","354","2017-06-26 15:50:12");
INSERT INTO likes (like_id, liked_id, like_date) VALUES ("227","114","2017-08-06 11:32:11");
INSERT INTO likes (like_id, liked_id, like_date) VALUES ("227","321","2017-05-18 13:54:23");


INSERT INTO user (id, first_name, last_name, username, email, password, birthdate, gender, orientation, bio, country, state, city, zip, file_1, file_2, file_3, file_4, file_5, score, token, token_date, active, register, created_at, updated_at) VALUES ("228","Paige","Hodkiewicz","umoore","cdaniel@yahoo.com","$2y$10$of9KDv9XbcfkntgzVPFwSe0.FxqS4.0gQjfmakClpihDZjZBrdccW","1982-11-04 09:31:48","1","2","Aspernatur numquam sapiente blanditiis. Perspiciatis quisquam autem est quos ut molestias. Sed occaecati tempore maiores reprehenderit.","Indonesia","","West Loyceside","12748","../fixtures/male4.jpg","../fixtures/male9.jpg","../fixtures/male9.jpg","","","65","8693398566f94ec0b931583795424ad8","1978-03-04 13:06:46","0","0","2011-08-27 06:05:02","1993-07-25 21:55:28");
INSERT INTO user_tag (user_id, tag_id) VALUES ("228","39");
INSERT INTO user_tag (user_id, tag_id) VALUES ("228","50");
INSERT INTO user_tag (user_id, tag_id) VALUES ("228","7");
INSERT INTO user_tag (user_id, tag_id) VALUES ("228","14");
INSERT INTO user_tag (user_id, tag_id) VALUES ("228","30");
INSERT INTO user_tag (user_id, tag_id) VALUES ("228","1");


INSERT INTO likes (like_id, liked_id, like_date) VALUES ("228","335","2018-01-06 14:28:01");
INSERT INTO likes (like_id, liked_id, like_date) VALUES ("228","465","2017-03-01 13:42:18");
INSERT INTO likes (like_id, liked_id, like_date) VALUES ("228","405","2017-09-06 19:36:12");
INSERT INTO likes (like_id, liked_id, like_date) VALUES ("228","38","2017-10-17 03:03:35");
INSERT INTO likes (like_id, liked_id, like_date) VALUES ("228","496","2017-09-17 01:35:04");
INSERT INTO likes (like_id, liked_id, like_date) VALUES ("228","328","2017-03-21 07:37:28");
INSERT INTO likes (like_id, liked_id, like_date) VALUES ("228","316","2017-12-18 12:50:29");
INSERT INTO likes (like_id, liked_id, like_date) VALUES ("228","220","2017-11-12 00:03:18");
INSERT INTO likes (like_id, liked_id, like_date) VALUES ("228","484","2017-09-06 21:08:49");
INSERT INTO likes (like_id, liked_id, like_date) VALUES ("228","475","2017-08-11 15:23:03");
INSERT INTO likes (like_id, liked_id, like_date) VALUES ("228","241","2017-02-22 00:03:30");
INSERT INTO likes (like_id, liked_id, like_date) VALUES ("228","185","2017-10-26 12:01:16");
INSERT INTO likes (like_id, liked_id, like_date) VALUES ("228","440","2017-09-23 11:14:59");
INSERT INTO likes (like_id, liked_id, like_date) VALUES ("228","414","2017-02-25 20:53:30");
INSERT INTO likes (like_id, liked_id, like_date) VALUES ("228","254","2018-01-17 16:29:40");
INSERT INTO likes (like_id, liked_id, like_date) VALUES ("228","370","2017-08-12 03:07:44");


INSERT INTO user (id, first_name, last_name, username, email, password, birthdate, gender, orientation, bio, country, state, city, zip, file_1, file_2, file_3, file_4, file_5, score, token, token_date, active, register, created_at, updated_at) VALUES ("229","Haskell","Mayert","maverick90","shanahan.vern@gmail.com","$2y$10$G.cZlBq1NiVilQTV/W3GPudDV5/2UKpMdkvIXj78537AvOyvhYgvu","1976-03-11 01:31:10","2","2","Est ipsa facilis aut velit aperiam ullam id. Modi ipsa quas explicabo illum adipisci. Est quo magni consequatur nihil labore. Omnis fugit error reprehenderit voluptatem in.","Guinea-Bissau","","West Kassandra","86039","../fixtures/female7.jpg","../fixtures/female5.jpg","../fixtures/female10.jpg","../fixtures/female7.jpg","../fixtures/female3.jpg","85","7fbb94ce7cc19ce0690f950c354d1a8e","1972-04-17 16:57:23","1","0","1994-03-23 10:13:15","1979-03-20 22:56:37");
INSERT INTO user_tag (user_id, tag_id) VALUES ("229","16");
INSERT INTO user_tag (user_id, tag_id) VALUES ("229","35");
INSERT INTO user_tag (user_id, tag_id) VALUES ("229","12");
INSERT INTO user_tag (user_id, tag_id) VALUES ("229","27");
INSERT INTO user_tag (user_id, tag_id) VALUES ("229","5");
INSERT INTO user_tag (user_id, tag_id) VALUES ("229","36");
INSERT INTO user_tag (user_id, tag_id) VALUES ("229","3");


INSERT INTO likes (like_id, liked_id, like_date) VALUES ("229","126","2017-10-20 02:31:43");
INSERT INTO likes (like_id, liked_id, like_date) VALUES ("229","310","2017-12-26 11:07:44");
INSERT INTO likes (like_id, liked_id, like_date) VALUES ("229","203","2017-09-30 19:28:16");
INSERT INTO likes (like_id, liked_id, like_date) VALUES ("229","347","2017-12-15 18:53:56");
INSERT INTO likes (like_id, liked_id, like_date) VALUES ("229","14","2017-09-15 18:44:19");
INSERT INTO likes (like_id, liked_id, like_date) VALUES ("229","187","2018-01-27 07:46:10");
INSERT INTO likes (like_id, liked_id, like_date) VALUES ("229","178","2017-05-16 02:56:56");
INSERT INTO likes (like_id, liked_id, like_date) VALUES ("229","112","2017-10-12 09:00:50");
INSERT INTO likes (like_id, liked_id, like_date) VALUES ("229","152","2017-09-05 12:27:15");
INSERT INTO likes (like_id, liked_id, like_date) VALUES ("229","123","2017-05-20 00:14:39");
INSERT INTO likes (like_id, liked_id, like_date) VALUES ("229","299","2017-12-15 19:38:47");
INSERT INTO likes (like_id, liked_id, like_date) VALUES ("229","117","2017-10-03 00:09:17");
INSERT INTO likes (like_id, liked_id, like_date) VALUES ("229","316","2017-10-08 20:40:58");
INSERT INTO likes (like_id, liked_id, like_date) VALUES ("229","270","2017-02-24 18:51:53");
INSERT INTO likes (like_id, liked_id, like_date) VALUES ("229","22","2017-07-07 08:14:48");
INSERT INTO likes (like_id, liked_id, like_date) VALUES ("229","406","2017-08-03 03:45:10");
INSERT INTO likes (like_id, liked_id, like_date) VALUES ("229","69","2017-04-13 20:32:59");


INSERT INTO user (id, first_name, last_name, username, email, password, birthdate, gender, orientation, bio, country, state, city, zip, file_1, file_2, file_3, file_4, file_5, score, token, token_date, active, register, created_at, updated_at) VALUES ("230","Everardo","Stehr","durganguido","damore.elinor@hotmail.com","$2y$10$HKRwFWBVXvp3NzcGV/CspuVWN4mrG3Y/r7nzjJN6CXumAS4TCcEhy","1976-05-03 03:13:34","1","3","Qui totam officia quae molestiae praesentium unde omnis. Rerum at est velit voluptatibus odit incidunt dignissimos. Esse maxime id aut ex veritatis.","Ethiopia","","Port Dedricton","31577","../fixtures/male2.jpg","","","","","26","a8f9d717d05db13c8abcb7220d1e1d10","1972-03-06 02:36:12","0","0","2007-07-24 06:53:41","1999-06-29 06:38:25");
INSERT INTO user_tag (user_id, tag_id) VALUES ("230","25");
INSERT INTO user_tag (user_id, tag_id) VALUES ("230","41");
INSERT INTO user_tag (user_id, tag_id) VALUES ("230","12");
INSERT INTO user_tag (user_id, tag_id) VALUES ("230","33");
INSERT INTO user_tag (user_id, tag_id) VALUES ("230","35");
INSERT INTO user_tag (user_id, tag_id) VALUES ("230","12");
INSERT INTO user_tag (user_id, tag_id) VALUES ("230","41");
INSERT INTO user_tag (user_id, tag_id) VALUES ("230","48");
INSERT INTO user_tag (user_id, tag_id) VALUES ("230","27");
INSERT INTO user_tag (user_id, tag_id) VALUES ("230","15");
INSERT INTO user_tag (user_id, tag_id) VALUES ("230","9");
INSERT INTO user_tag (user_id, tag_id) VALUES ("230","33");
INSERT INTO user_tag (user_id, tag_id) VALUES ("230","31");
INSERT INTO user_tag (user_id, tag_id) VALUES ("230","25");


INSERT INTO likes (like_id, liked_id, like_date) VALUES ("230","89","2017-11-10 11:40:17");
INSERT INTO likes (like_id, liked_id, like_date) VALUES ("230","181","2017-05-23 21:54:54");
INSERT INTO likes (like_id, liked_id, like_date) VALUES ("230","87","2018-02-12 04:33:26");
INSERT INTO likes (like_id, liked_id, like_date) VALUES ("230","22","2017-04-30 03:25:37");
INSERT INTO likes (like_id, liked_id, like_date) VALUES ("230","440","2017-06-01 02:15:25");


INSERT INTO user (id, first_name, last_name, username, email, password, birthdate, gender, orientation, bio, country, state, city, zip, file_1, file_2, file_3, file_4, file_5, score, token, token_date, active, register, created_at, updated_at) VALUES ("231","Francis","Kovacek","njohnson","gay20@schamberger.com","$2y$10$.jjGgv2R7ANJN4GdJv4hM.GY33fp620qAtuFNS9KcdvLW.87bG0su","1948-08-10 01:25:46","1","2","Ad ullam aut sunt ut sit ut aut. Ratione corrupti rerum et aut. Et corporis praesentium incidunt. Itaque laboriosam veniam totam.","British Indian Ocean Territory (Chagos Archipelago)","","Lake Jaidenburgh","97304","../fixtures/male6.jpg","../fixtures/male2.jpg","../fixtures/male6.jpg","","","7","439b6463d8e7056721b5f9f02aa473d5","1979-10-14 23:07:37","0","0","1980-11-16 15:52:18","1981-03-20 05:24:50");
INSERT INTO user_tag (user_id, tag_id) VALUES ("231","7");
INSERT INTO user_tag (user_id, tag_id) VALUES ("231","16");
INSERT INTO user_tag (user_id, tag_id) VALUES ("231","3");


INSERT INTO likes (like_id, liked_id, like_date) VALUES ("231","144","2017-04-04 19:51:42");
INSERT INTO likes (like_id, liked_id, like_date) VALUES ("231","383","2017-11-19 20:01:47");
INSERT INTO likes (like_id, liked_id, like_date) VALUES ("231","195","2017-12-15 11:35:02");
INSERT INTO likes (like_id, liked_id, like_date) VALUES ("231","447","2017-08-16 08:28:03");
INSERT INTO likes (like_id, liked_id, like_date) VALUES ("231","417","2018-01-11 02:08:19");
INSERT INTO likes (like_id, liked_id, like_date) VALUES ("231","223","2017-04-07 11:50:50");
INSERT INTO likes (like_id, liked_id, like_date) VALUES ("231","253","2017-08-26 07:38:47");
INSERT INTO likes (like_id, liked_id, like_date) VALUES ("231","427","2017-09-06 04:32:40");
INSERT INTO likes (like_id, liked_id, like_date) VALUES ("231","216","2017-07-11 05:03:12");
INSERT INTO likes (like_id, liked_id, like_date) VALUES ("231","203","2017-03-15 02:46:56");
INSERT INTO likes (like_id, liked_id, like_date) VALUES ("231","260","2017-06-16 20:58:34");
INSERT INTO likes (like_id, liked_id, like_date) VALUES ("231","283","2017-08-11 06:08:55");
INSERT INTO likes (like_id, liked_id, like_date) VALUES ("231","193","2017-05-11 08:23:07");
INSERT INTO likes (like_id, liked_id, like_date) VALUES ("231","209","2017-10-29 20:11:13");
INSERT INTO likes (like_id, liked_id, like_date) VALUES ("231","335","2017-09-20 10:59:20");
INSERT INTO likes (like_id, liked_id, like_date) VALUES ("231","261","2018-01-25 02:43:29");
INSERT INTO likes (like_id, liked_id, like_date) VALUES ("231","73","2017-10-15 21:14:07");
INSERT INTO likes (like_id, liked_id, like_date) VALUES ("231","55","2017-04-12 18:14:05");


INSERT INTO user (id, first_name, last_name, username, email, password, birthdate, gender, orientation, bio, country, state, city, zip, file_1, file_2, file_3, file_4, file_5, score, token, token_date, active, register, created_at, updated_at) VALUES ("232","Blanca","Haag","lelahabbott","brandy.connelly@yahoo.com","$2y$10$EeJUglgRlxKwsTxmeVm35ecnmNlULwk8m0SObaWDkhE8Z3LwV/g1m","1971-04-16 03:43:47","2","2","Ipsam delectus eum aperiam modi illum nostrum. Et earum quis cum. Sapiente porro maxime tempora deserunt placeat libero.","Madagascar","","Beerside","66104-6985","../fixtures/female3.jpg","../fixtures/female4.jpg","../fixtures/female2.jpg","","","37","9dfd7b1ba6d129fcdb1724bd29e9de20","1996-06-03 16:37:13","1","1","1981-06-08 01:23:53","2006-07-17 14:27:27");
INSERT INTO user_tag (user_id, tag_id) VALUES ("232","20");
INSERT INTO user_tag (user_id, tag_id) VALUES ("232","43");
INSERT INTO user_tag (user_id, tag_id) VALUES ("232","42");
INSERT INTO user_tag (user_id, tag_id) VALUES ("232","50");
INSERT INTO user_tag (user_id, tag_id) VALUES ("232","36");
INSERT INTO user_tag (user_id, tag_id) VALUES ("232","42");
INSERT INTO user_tag (user_id, tag_id) VALUES ("232","24");
INSERT INTO user_tag (user_id, tag_id) VALUES ("232","37");
INSERT INTO user_tag (user_id, tag_id) VALUES ("232","8");
INSERT INTO user_tag (user_id, tag_id) VALUES ("232","19");
INSERT INTO user_tag (user_id, tag_id) VALUES ("232","17");
INSERT INTO user_tag (user_id, tag_id) VALUES ("232","23");


INSERT INTO likes (like_id, liked_id, like_date) VALUES ("232","61","2017-02-23 13:47:54");
INSERT INTO likes (like_id, liked_id, like_date) VALUES ("232","347","2017-03-25 20:21:27");
INSERT INTO likes (like_id, liked_id, like_date) VALUES ("232","133","2017-06-25 14:54:33");
INSERT INTO likes (like_id, liked_id, like_date) VALUES ("232","436","2017-07-02 01:28:23");
INSERT INTO likes (like_id, liked_id, like_date) VALUES ("232","191","2017-03-10 02:43:12");
INSERT INTO likes (like_id, liked_id, like_date) VALUES ("232","177","2017-06-02 04:17:25");
INSERT INTO likes (like_id, liked_id, like_date) VALUES ("232","119","2017-12-01 09:39:31");
INSERT INTO likes (like_id, liked_id, like_date) VALUES ("232","163","2018-01-16 19:22:54");
INSERT INTO likes (like_id, liked_id, like_date) VALUES ("232","458","2017-10-02 06:27:22");
INSERT INTO likes (like_id, liked_id, like_date) VALUES ("232","443","2017-04-12 14:27:17");
INSERT INTO likes (like_id, liked_id, like_date) VALUES ("232","221","2017-02-18 08:14:34");
INSERT INTO likes (like_id, liked_id, like_date) VALUES ("232","358","2017-04-16 01:32:47");


INSERT INTO user (id, first_name, last_name, username, email, password, birthdate, gender, orientation, bio, country, state, city, zip, file_1, file_2, file_3, file_4, file_5, score, token, token_date, active, register, created_at, updated_at) VALUES ("233","Marcella","Grant","adrainshanahan","toney.rice@hotmail.com","$2y$10$0D.f.xayfK40f/QHE2KTYuPHAYp/vwtZZfD.s0iNlb2PJtWXCrDWC","1966-04-12 02:17:36","1","2","Id facilis debitis facilis illo cupiditate. Quia excepturi et ab corporis. Quidem odio nemo aut qui. Nam placeat libero cum minima nihil natus vel nostrum. Iste minus rerum rerum est et.","Georgia","","South Scottie","39248-9060","../fixtures/male10.jpg","","","","","72","dfa599c04266956e43bfea3b0e4d4898","1984-01-10 01:25:00","1","1","2007-07-01 13:29:22","1979-02-26 12:54:11");
INSERT INTO user_tag (user_id, tag_id) VALUES ("233","45");
INSERT INTO user_tag (user_id, tag_id) VALUES ("233","37");
INSERT INTO user_tag (user_id, tag_id) VALUES ("233","4");
INSERT INTO user_tag (user_id, tag_id) VALUES ("233","14");
INSERT INTO user_tag (user_id, tag_id) VALUES ("233","47");
INSERT INTO user_tag (user_id, tag_id) VALUES ("233","26");
INSERT INTO user_tag (user_id, tag_id) VALUES ("233","29");
INSERT INTO user_tag (user_id, tag_id) VALUES ("233","36");
INSERT INTO user_tag (user_id, tag_id) VALUES ("233","42");
INSERT INTO user_tag (user_id, tag_id) VALUES ("233","11");
INSERT INTO user_tag (user_id, tag_id) VALUES ("233","45");
INSERT INTO user_tag (user_id, tag_id) VALUES ("233","15");
INSERT INTO user_tag (user_id, tag_id) VALUES ("233","35");
INSERT INTO user_tag (user_id, tag_id) VALUES ("233","23");
INSERT INTO user_tag (user_id, tag_id) VALUES ("233","40");


INSERT INTO likes (like_id, liked_id, like_date) VALUES ("233","215","2018-02-06 18:43:40");
INSERT INTO likes (like_id, liked_id, like_date) VALUES ("233","53","2017-09-21 16:55:18");
INSERT INTO likes (like_id, liked_id, like_date) VALUES ("233","350","2017-08-28 08:40:08");
INSERT INTO likes (like_id, liked_id, like_date) VALUES ("233","22","2017-07-30 16:26:15");
INSERT INTO likes (like_id, liked_id, like_date) VALUES ("233","303","2017-04-14 17:55:28");


INSERT INTO user (id, first_name, last_name, username, email, password, birthdate, gender, orientation, bio, country, state, city, zip, file_1, file_2, file_3, file_4, file_5, score, token, token_date, active, register, created_at, updated_at) VALUES ("234","Albert","Jacobi","rudy20","qkonopelski@stokes.com","$2y$10$SkJiH.ZfI.FShkb/ml2nJupQSKpNikKyqI/782lemPcWiFv0XM8Eu","1958-10-03 15:04:29","1","3","Dolores laborum quae saepe quisquam quisquam nostrum. Tempora corporis omnis iste.","Cambodia","","Port Earlene","35386","../fixtures/male8.jpg","../fixtures/male10.jpg","../fixtures/male5.jpg","../fixtures/male10.jpg","../fixtures/male8.jpg","38","4d6b874f25590d3ebc2a2e5d6dfaf423","1977-06-10 00:22:38","1","0","1972-08-06 22:56:10","2006-06-04 08:26:24");
INSERT INTO user_tag (user_id, tag_id) VALUES ("234","24");


INSERT INTO likes (like_id, liked_id, like_date) VALUES ("234","286","2017-12-08 23:57:28");
INSERT INTO likes (like_id, liked_id, like_date) VALUES ("234","457","2017-11-01 18:27:55");
INSERT INTO likes (like_id, liked_id, like_date) VALUES ("234","188","2018-01-14 11:17:45");
INSERT INTO likes (like_id, liked_id, like_date) VALUES ("234","139","2018-02-07 05:10:37");
INSERT INTO likes (like_id, liked_id, like_date) VALUES ("234","362","2017-05-14 23:24:08");
INSERT INTO likes (like_id, liked_id, like_date) VALUES ("234","80","2017-04-12 23:59:54");
INSERT INTO likes (like_id, liked_id, like_date) VALUES ("234","337","2017-02-27 06:21:13");
INSERT INTO likes (like_id, liked_id, like_date) VALUES ("234","238","2017-12-28 12:02:03");
INSERT INTO likes (like_id, liked_id, like_date) VALUES ("234","140","2017-11-21 08:44:49");
INSERT INTO likes (like_id, liked_id, like_date) VALUES ("234","413","2017-05-25 14:46:28");
INSERT INTO likes (like_id, liked_id, like_date) VALUES ("234","138","2017-04-04 15:42:41");


INSERT INTO user (id, first_name, last_name, username, email, password, birthdate, gender, orientation, bio, country, state, city, zip, file_1, file_2, file_3, file_4, file_5, score, token, token_date, active, register, created_at, updated_at) VALUES ("235","Lorine","Reilly","ednadickens","adelle35@mclaughlin.com","$2y$10$NqxXMTm.2Qui.74G1LvC2uY00Zhs7oq7n6WmQSmVJbPqNomETZspe","1985-07-09 06:35:18","1","3","Laborum ut blanditiis beatae aspernatur. Qui similique dicta rem ducimus.","Christmas Island","","Sophiechester","90820","../fixtures/male5.jpg","","","","","53","fcecff762b810c48932222cc182dd304","2012-01-04 15:10:23","1","0","2004-07-17 00:14:53","1991-07-25 07:44:25");
INSERT INTO user_tag (user_id, tag_id) VALUES ("235","25");
INSERT INTO user_tag (user_id, tag_id) VALUES ("235","29");
INSERT INTO user_tag (user_id, tag_id) VALUES ("235","26");


INSERT INTO likes (like_id, liked_id, like_date) VALUES ("235","454","2017-04-08 19:17:12");
INSERT INTO likes (like_id, liked_id, like_date) VALUES ("235","471","2018-01-08 11:44:20");
INSERT INTO likes (like_id, liked_id, like_date) VALUES ("235","340","2017-11-28 02:05:39");
INSERT INTO likes (like_id, liked_id, like_date) VALUES ("235","385","2017-12-21 17:36:42");
INSERT INTO likes (like_id, liked_id, like_date) VALUES ("235","388","2017-05-09 12:28:57");


INSERT INTO user (id, first_name, last_name, username, email, password, birthdate, gender, orientation, bio, country, state, city, zip, file_1, file_2, file_3, file_4, file_5, score, token, token_date, active, register, created_at, updated_at) VALUES ("236","Alfonzo","Hintz","othakuhn","wgerhold@luettgen.net","$2y$10$43jArVzGtPXiRvNVBBdwgOiNVYa6j5NzKAVXFPvSJHJoTfchFIZ3G","1966-12-27 06:49:57","2","1","Omnis non modi eaque voluptas. Aperiam consectetur praesentium eaque similique quibusdam impedit rerum. Aut facere aut maxime nemo adipisci.","Hong Kong","","Schroedertown","14402-3553","../fixtures/female3.jpg","","","","","93","a79b3cac90df8d4dea461278bd8fe15f","2013-09-15 23:17:46","1","0","1970-01-18 22:10:03","1981-07-02 01:31:58");
INSERT INTO user_tag (user_id, tag_id) VALUES ("236","45");
INSERT INTO user_tag (user_id, tag_id) VALUES ("236","23");
INSERT INTO user_tag (user_id, tag_id) VALUES ("236","31");
INSERT INTO user_tag (user_id, tag_id) VALUES ("236","45");
INSERT INTO user_tag (user_id, tag_id) VALUES ("236","25");
INSERT INTO user_tag (user_id, tag_id) VALUES ("236","45");
INSERT INTO user_tag (user_id, tag_id) VALUES ("236","17");
INSERT INTO user_tag (user_id, tag_id) VALUES ("236","29");
INSERT INTO user_tag (user_id, tag_id) VALUES ("236","24");
INSERT INTO user_tag (user_id, tag_id) VALUES ("236","23");
INSERT INTO user_tag (user_id, tag_id) VALUES ("236","21");
INSERT INTO user_tag (user_id, tag_id) VALUES ("236","15");
INSERT INTO user_tag (user_id, tag_id) VALUES ("236","38");
INSERT INTO user_tag (user_id, tag_id) VALUES ("236","9");


INSERT INTO likes (like_id, liked_id, like_date) VALUES ("236","303","2017-03-08 13:40:46");
INSERT INTO likes (like_id, liked_id, like_date) VALUES ("236","19","2017-09-08 18:47:14");
INSERT INTO likes (like_id, liked_id, like_date) VALUES ("236","115","2017-04-22 10:21:52");
INSERT INTO likes (like_id, liked_id, like_date) VALUES ("236","480","2017-05-19 10:58:40");
INSERT INTO likes (like_id, liked_id, like_date) VALUES ("236","368","2017-09-17 00:28:51");
INSERT INTO likes (like_id, liked_id, like_date) VALUES ("236","200","2017-11-27 07:58:14");
INSERT INTO likes (like_id, liked_id, like_date) VALUES ("236","118","2017-06-25 17:43:20");
INSERT INTO likes (like_id, liked_id, like_date) VALUES ("236","185","2018-02-03 09:08:17");
INSERT INTO likes (like_id, liked_id, like_date) VALUES ("236","66","2017-10-29 05:08:55");
INSERT INTO likes (like_id, liked_id, like_date) VALUES ("236","404","2017-07-02 14:24:49");
INSERT INTO likes (like_id, liked_id, like_date) VALUES ("236","273","2017-09-25 04:06:07");


INSERT INTO user (id, first_name, last_name, username, email, password, birthdate, gender, orientation, bio, country, state, city, zip, file_1, file_2, file_3, file_4, file_5, score, token, token_date, active, register, created_at, updated_at) VALUES ("237","Justice","Upton","hoytraynor","johnnie.haley@lemke.org","$2y$10$tK9ptxYF6hvMIoDlhLykbe6d/sjhAJWGtPCLucSVb7OlOGZsKb7aW","1954-09-02 04:31:22","1","1","Corrupti nostrum non et sit. Debitis quas est voluptate incidunt et qui. Impedit eum placeat expedita aut officiis. Et consequuntur soluta minima numquam. Unde odio animi expedita autem velit eos quo.","Hong Kong","","Lednerborough","38373","../fixtures/male8.jpg","../fixtures/male9.jpg","../fixtures/male8.jpg","../fixtures/male5.jpg","","20","29775d4e9f7f37ca91db1da316203809","1991-12-19 20:35:16","0","0","1975-01-12 15:33:22","1977-08-04 20:08:37");
INSERT INTO user_tag (user_id, tag_id) VALUES ("237","33");
INSERT INTO user_tag (user_id, tag_id) VALUES ("237","11");
INSERT INTO user_tag (user_id, tag_id) VALUES ("237","19");
INSERT INTO user_tag (user_id, tag_id) VALUES ("237","12");
INSERT INTO user_tag (user_id, tag_id) VALUES ("237","39");
INSERT INTO user_tag (user_id, tag_id) VALUES ("237","46");
INSERT INTO user_tag (user_id, tag_id) VALUES ("237","28");
INSERT INTO user_tag (user_id, tag_id) VALUES ("237","8");
INSERT INTO user_tag (user_id, tag_id) VALUES ("237","31");
INSERT INTO user_tag (user_id, tag_id) VALUES ("237","37");


INSERT INTO likes (like_id, liked_id, like_date) VALUES ("237","471","2017-09-15 00:32:55");
INSERT INTO likes (like_id, liked_id, like_date) VALUES ("237","44","2017-08-25 17:50:34");
INSERT INTO likes (like_id, liked_id, like_date) VALUES ("237","395","2017-10-14 21:43:13");
INSERT INTO likes (like_id, liked_id, like_date) VALUES ("237","181","2018-01-17 15:34:46");


INSERT INTO user (id, first_name, last_name, username, email, password, birthdate, gender, orientation, bio, country, state, city, zip, file_1, file_2, file_3, file_4, file_5, score, token, token_date, active, register, created_at, updated_at) VALUES ("238","Merritt","Schulist","wcummings","zwilliamson@bashirian.com","$2y$10$lAoQTZI2yB7PckH.aStr.uTkyFTXfAQbdS4oSMOrIgQyQoJnqzPsy","1973-04-03 09:08:57","1","3","Qui sint distinctio dignissimos distinctio. Quasi necessitatibus totam et aliquam. Ut illo soluta molestiae et explicabo consectetur dolores. Accusantium et fugiat dicta rem.","Liberia","","West Barry","75046","../fixtures/male7.jpg","../fixtures/male5.jpg","../fixtures/male5.jpg","../fixtures/male9.jpg","../fixtures/male10.jpg","33","e5dac175f5ddf27b3b2ae1dc4310fe84","1996-12-18 04:43:21","1","0","1971-04-25 21:26:47","1993-07-05 04:54:41");
INSERT INTO user_tag (user_id, tag_id) VALUES ("238","21");
INSERT INTO user_tag (user_id, tag_id) VALUES ("238","22");
INSERT INTO user_tag (user_id, tag_id) VALUES ("238","37");
INSERT INTO user_tag (user_id, tag_id) VALUES ("238","48");
INSERT INTO user_tag (user_id, tag_id) VALUES ("238","28");
INSERT INTO user_tag (user_id, tag_id) VALUES ("238","41");
INSERT INTO user_tag (user_id, tag_id) VALUES ("238","16");
INSERT INTO user_tag (user_id, tag_id) VALUES ("238","5");


INSERT INTO likes (like_id, liked_id, like_date) VALUES ("238","132","2017-05-09 07:53:36");
INSERT INTO likes (like_id, liked_id, like_date) VALUES ("238","241","2017-10-22 15:15:38");
INSERT INTO likes (like_id, liked_id, like_date) VALUES ("238","18","2017-06-19 21:57:56");
INSERT INTO likes (like_id, liked_id, like_date) VALUES ("238","454","2017-04-12 02:56:55");
INSERT INTO likes (like_id, liked_id, like_date) VALUES ("238","286","2017-08-16 12:53:24");
INSERT INTO likes (like_id, liked_id, like_date) VALUES ("238","202","2017-07-15 03:06:57");


INSERT INTO user (id, first_name, last_name, username, email, password, birthdate, gender, orientation, bio, country, state, city, zip, file_1, file_2, file_3, file_4, file_5, score, token, token_date, active, register, created_at, updated_at) VALUES ("239","Adan","Shields","aharris","gharber@yahoo.com","$2y$10$4RnVzaITLFgVSLSLzRQ6EOXrm8tyRoUtuvMgQhXPREd26OlOZNzvu","1979-02-11 22:37:43","1","1","Odit sit esse sequi voluptatem in incidunt. Vero in veniam inventore qui. Quis odio delectus rerum enim vitae.","Isle of Man","","West Madilynberg","70708-9450","../fixtures/male7.jpg","../fixtures/male5.jpg","../fixtures/male7.jpg","../fixtures/male6.jpg","","56","29ea74debb38beecd50a76134ef94ca6","1996-04-16 12:16:10","1","0","1995-01-04 02:45:56","1987-12-21 05:16:12");
INSERT INTO user_tag (user_id, tag_id) VALUES ("239","36");
INSERT INTO user_tag (user_id, tag_id) VALUES ("239","23");
INSERT INTO user_tag (user_id, tag_id) VALUES ("239","17");
INSERT INTO user_tag (user_id, tag_id) VALUES ("239","17");
INSERT INTO user_tag (user_id, tag_id) VALUES ("239","49");
INSERT INTO user_tag (user_id, tag_id) VALUES ("239","18");
INSERT INTO user_tag (user_id, tag_id) VALUES ("239","33");


INSERT INTO likes (like_id, liked_id, like_date) VALUES ("239","402","2017-05-21 16:28:48");
INSERT INTO likes (like_id, liked_id, like_date) VALUES ("239","369","2017-09-15 19:07:21");
INSERT INTO likes (like_id, liked_id, like_date) VALUES ("239","38","2017-04-21 00:06:25");


INSERT INTO user (id, first_name, last_name, username, email, password, birthdate, gender, orientation, bio, country, state, city, zip, file_1, file_2, file_3, file_4, file_5, score, token, token_date, active, register, created_at, updated_at) VALUES ("240","Adan","Bauch","abner57","mcglynn.rodolfo@deckow.com","$2y$10$vv7MX2YsC9GR04FTXdHsSOBmYuMx0pwJ1Xu3hBAPQVygcLV1Vpmf2","1966-07-18 04:14:18","2","3","Optio non ipsum alias. Ab vero deserunt eos molestiae. Facere ut facere reiciendis sit voluptates id doloremque. Quas repellendus facere qui repellendus dolor.","Kazakhstan","","West Mayaside","26662-0964","../fixtures/female9.jpg","../fixtures/female3.jpg","../fixtures/female4.jpg","","","21","047e45d89c55846afd9c7ff1dca096b8","2014-02-03 08:32:55","0","0","2001-10-24 06:13:42","2010-03-13 12:26:16");
INSERT INTO user_tag (user_id, tag_id) VALUES ("240","48");
INSERT INTO user_tag (user_id, tag_id) VALUES ("240","27");
INSERT INTO user_tag (user_id, tag_id) VALUES ("240","38");
INSERT INTO user_tag (user_id, tag_id) VALUES ("240","3");
INSERT INTO user_tag (user_id, tag_id) VALUES ("240","45");
INSERT INTO user_tag (user_id, tag_id) VALUES ("240","9");
INSERT INTO user_tag (user_id, tag_id) VALUES ("240","2");
INSERT INTO user_tag (user_id, tag_id) VALUES ("240","8");
INSERT INTO user_tag (user_id, tag_id) VALUES ("240","8");
INSERT INTO user_tag (user_id, tag_id) VALUES ("240","37");
INSERT INTO user_tag (user_id, tag_id) VALUES ("240","27");
INSERT INTO user_tag (user_id, tag_id) VALUES ("240","18");


INSERT INTO likes (like_id, liked_id, like_date) VALUES ("240","7","2017-04-22 14:21:57");
INSERT INTO likes (like_id, liked_id, like_date) VALUES ("240","127","2017-03-10 03:13:33");
INSERT INTO likes (like_id, liked_id, like_date) VALUES ("240","41","2017-10-22 17:34:22");
INSERT INTO likes (like_id, liked_id, like_date) VALUES ("240","283","2017-06-16 23:25:36");
INSERT INTO likes (like_id, liked_id, like_date) VALUES ("240","177","2017-06-18 21:13:46");
INSERT INTO likes (like_id, liked_id, like_date) VALUES ("240","367","2017-04-16 23:37:58");
INSERT INTO likes (like_id, liked_id, like_date) VALUES ("240","347","2017-06-25 00:42:53");
INSERT INTO likes (like_id, liked_id, like_date) VALUES ("240","218","2017-07-22 08:56:28");
INSERT INTO likes (like_id, liked_id, like_date) VALUES ("240","405","2017-07-02 18:12:40");
INSERT INTO likes (like_id, liked_id, like_date) VALUES ("240","419","2017-05-17 15:44:47");
INSERT INTO likes (like_id, liked_id, like_date) VALUES ("240","281","2017-04-19 16:03:35");
INSERT INTO likes (like_id, liked_id, like_date) VALUES ("240","492","2017-12-05 03:33:13");
INSERT INTO likes (like_id, liked_id, like_date) VALUES ("240","267","2017-04-15 09:43:00");


INSERT INTO user (id, first_name, last_name, username, email, password, birthdate, gender, orientation, bio, country, state, city, zip, file_1, file_2, file_3, file_4, file_5, score, token, token_date, active, register, created_at, updated_at) VALUES ("241","Jake","Wilkinson","gregghauck","karson01@schumm.net","$2y$10$L0DjopIEPwpnN4aD1Ct6/.09uRB03ooVi9stS3RsO8b9mMgyl3Mje","1956-06-08 15:04:32","1","2","Quo quis velit non itaque sint ut. Eius tempora id est exercitationem nihil enim. Provident sint expedita voluptas autem.","Bermuda","","East Libbietown","39874-6334","../fixtures/male2.jpg","../fixtures/male5.jpg","../fixtures/male1.jpg","../fixtures/male9.jpg","../fixtures/male2.jpg","60","498266e5e2a03c8d6f50910a8aefc4d6","1978-02-08 09:25:42","0","0","2006-10-21 16:32:40","1977-11-04 04:55:54");
INSERT INTO user_tag (user_id, tag_id) VALUES ("241","48");
INSERT INTO user_tag (user_id, tag_id) VALUES ("241","33");


INSERT INTO likes (like_id, liked_id, like_date) VALUES ("241","265","2017-02-26 22:49:08");
INSERT INTO likes (like_id, liked_id, like_date) VALUES ("241","117","2017-05-14 16:49:00");
INSERT INTO likes (like_id, liked_id, like_date) VALUES ("241","308","2018-01-30 17:24:16");
INSERT INTO likes (like_id, liked_id, like_date) VALUES ("241","173","2017-10-13 06:02:21");
INSERT INTO likes (like_id, liked_id, like_date) VALUES ("241","257","2018-02-07 21:33:55");
INSERT INTO likes (like_id, liked_id, like_date) VALUES ("241","482","2017-08-11 03:08:04");
INSERT INTO likes (like_id, liked_id, like_date) VALUES ("241","242","2017-07-15 03:49:22");
INSERT INTO likes (like_id, liked_id, like_date) VALUES ("241","25","2017-08-10 14:04:25");
INSERT INTO likes (like_id, liked_id, like_date) VALUES ("241","55","2017-04-11 09:03:10");
INSERT INTO likes (like_id, liked_id, like_date) VALUES ("241","333","2017-10-26 06:47:50");
INSERT INTO likes (like_id, liked_id, like_date) VALUES ("241","251","2017-09-11 01:54:14");
INSERT INTO likes (like_id, liked_id, like_date) VALUES ("241","40","2017-12-10 23:28:01");
INSERT INTO likes (like_id, liked_id, like_date) VALUES ("241","95","2017-07-03 19:12:23");
INSERT INTO likes (like_id, liked_id, like_date) VALUES ("241","372","2017-06-05 00:32:01");
INSERT INTO likes (like_id, liked_id, like_date) VALUES ("241","50","2017-11-17 02:53:20");
INSERT INTO likes (like_id, liked_id, like_date) VALUES ("241","473","2017-06-20 07:46:57");
INSERT INTO likes (like_id, liked_id, like_date) VALUES ("241","17","2017-11-07 15:31:43");
INSERT INTO likes (like_id, liked_id, like_date) VALUES ("241","141","2017-09-28 10:53:18");


INSERT INTO user (id, first_name, last_name, username, email, password, birthdate, gender, orientation, bio, country, state, city, zip, file_1, file_2, file_3, file_4, file_5, score, token, token_date, active, register, created_at, updated_at) VALUES ("242","Emmanuel","Effertz","rene60","tbalistreri@yahoo.com","$2y$10$zU0jb7YOJslWScBXq55S5ex/3Tj6ZQSUdTk3AR9qlWaLTSK2Gk70m","1972-02-17 16:16:08","1","3","Temporibus maxime voluptatem delectus ducimus et. Aspernatur autem sed quaerat laborum velit eos quia et. Dolores quia possimus repellat nisi natus consequuntur. Necessitatibus sit voluptatem enim est laudantium dolores.","Afghanistan","","South Caroleburgh","36942","../fixtures/male6.jpg","../fixtures/male3.jpg","../fixtures/male5.jpg","","","34","e81167251e21686734867165e785e83c","1990-09-18 05:25:13","1","0","2001-04-07 23:58:26","1998-09-17 20:12:34");
INSERT INTO user_tag (user_id, tag_id) VALUES ("242","33");
INSERT INTO user_tag (user_id, tag_id) VALUES ("242","26");
INSERT INTO user_tag (user_id, tag_id) VALUES ("242","5");
INSERT INTO user_tag (user_id, tag_id) VALUES ("242","42");
INSERT INTO user_tag (user_id, tag_id) VALUES ("242","24");
INSERT INTO user_tag (user_id, tag_id) VALUES ("242","38");
INSERT INTO user_tag (user_id, tag_id) VALUES ("242","48");
INSERT INTO user_tag (user_id, tag_id) VALUES ("242","28");
INSERT INTO user_tag (user_id, tag_id) VALUES ("242","10");
INSERT INTO user_tag (user_id, tag_id) VALUES ("242","7");
INSERT INTO user_tag (user_id, tag_id) VALUES ("242","19");


INSERT INTO likes (like_id, liked_id, like_date) VALUES ("242","95","2017-10-13 17:18:04");
INSERT INTO likes (like_id, liked_id, like_date) VALUES ("242","350","2017-11-17 15:54:19");
INSERT INTO likes (like_id, liked_id, like_date) VALUES ("242","64","2017-06-07 22:52:14");


INSERT INTO user (id, first_name, last_name, username, email, password, birthdate, gender, orientation, bio, country, state, city, zip, file_1, file_2, file_3, file_4, file_5, score, token, token_date, active, register, created_at, updated_at) VALUES ("243","Marcel","Cummerata","ganderson","edgardo.corwin@jakubowski.com","$2y$10$AkEiA.K/rQ2DyV3YU7WyUO9C8gdj/iYpjKtdurIRgmeTgEpl0JlIq","1973-12-08 22:43:53","2","3","Veniam nisi necessitatibus voluptatem incidunt soluta. Debitis nihil repellat quo rerum. Esse rerum incidunt molestiae et est similique inventore. Aut ea minus dolorem excepturi quisquam est. Quo et aut a velit.","Turks and Caicos Islands","","Larkinstad","10868","../fixtures/female5.jpg","","","","","33","5e438f4f32af1bfd3ca133800abe3b13","1996-06-14 11:02:57","0","0","2016-10-13 14:35:25","1980-06-14 03:38:53");
INSERT INTO user_tag (user_id, tag_id) VALUES ("243","44");
INSERT INTO user_tag (user_id, tag_id) VALUES ("243","32");
INSERT INTO user_tag (user_id, tag_id) VALUES ("243","5");
INSERT INTO user_tag (user_id, tag_id) VALUES ("243","20");
INSERT INTO user_tag (user_id, tag_id) VALUES ("243","7");
INSERT INTO user_tag (user_id, tag_id) VALUES ("243","7");
INSERT INTO user_tag (user_id, tag_id) VALUES ("243","43");
INSERT INTO user_tag (user_id, tag_id) VALUES ("243","36");


INSERT INTO likes (like_id, liked_id, like_date) VALUES ("243","196","2017-03-01 12:49:02");
INSERT INTO likes (like_id, liked_id, like_date) VALUES ("243","262","2017-07-08 01:12:56");
INSERT INTO likes (like_id, liked_id, like_date) VALUES ("243","213","2017-09-06 18:15:31");


INSERT INTO user (id, first_name, last_name, username, email, password, birthdate, gender, orientation, bio, country, state, city, zip, file_1, file_2, file_3, file_4, file_5, score, token, token_date, active, register, created_at, updated_at) VALUES ("244","Christ","Rempel","larue45","afranecki@hammes.info","$2y$10$GggU63bq2H3dkNw.cdHvMez6En044Oy.NaZchZlt1ffDsIwL.gO5y","1997-10-15 20:49:13","1","3","Rerum et aperiam non quia delectus. Aut magni voluptatum cumque sed est porro eius. Qui laboriosam consequatur dolorem ad consequatur est nemo. Ullam neque quae nostrum officiis recusandae consequatur. Assumenda quo qui repellendus quis eos repellendus.","Cyprus","","Lake Claude","33368-1376","../fixtures/male9.jpg","../fixtures/male5.jpg","../fixtures/male6.jpg","../fixtures/male10.jpg","","76","bc8f1efd03672ea7212d284dcd229c94","1978-01-30 17:33:00","0","0","2006-09-01 08:30:49","1987-06-30 21:59:17");
INSERT INTO user_tag (user_id, tag_id) VALUES ("244","5");
INSERT INTO user_tag (user_id, tag_id) VALUES ("244","12");
INSERT INTO user_tag (user_id, tag_id) VALUES ("244","5");
INSERT INTO user_tag (user_id, tag_id) VALUES ("244","26");
INSERT INTO user_tag (user_id, tag_id) VALUES ("244","1");
INSERT INTO user_tag (user_id, tag_id) VALUES ("244","35");
INSERT INTO user_tag (user_id, tag_id) VALUES ("244","10");


INSERT INTO likes (like_id, liked_id, like_date) VALUES ("244","150","2018-01-14 22:16:16");
INSERT INTO likes (like_id, liked_id, like_date) VALUES ("244","297","2018-01-23 07:00:02");
INSERT INTO likes (like_id, liked_id, like_date) VALUES ("244","146","2018-02-09 07:54:39");
INSERT INTO likes (like_id, liked_id, like_date) VALUES ("244","217","2017-02-21 23:59:00");
INSERT INTO likes (like_id, liked_id, like_date) VALUES ("244","397","2017-05-21 19:21:51");
INSERT INTO likes (like_id, liked_id, like_date) VALUES ("244","238","2018-02-07 16:45:24");
INSERT INTO likes (like_id, liked_id, like_date) VALUES ("244","380","2017-11-01 00:06:02");
INSERT INTO likes (like_id, liked_id, like_date) VALUES ("244","307","2017-04-28 12:11:50");
INSERT INTO likes (like_id, liked_id, like_date) VALUES ("244","291","2018-01-12 14:20:17");
INSERT INTO likes (like_id, liked_id, like_date) VALUES ("244","464","2017-08-21 03:51:49");
INSERT INTO likes (like_id, liked_id, like_date) VALUES ("244","338","2017-05-10 06:45:45");
INSERT INTO likes (like_id, liked_id, like_date) VALUES ("244","495","2017-10-13 10:00:16");
INSERT INTO likes (like_id, liked_id, like_date) VALUES ("244","401","2017-02-20 23:26:22");
INSERT INTO likes (like_id, liked_id, like_date) VALUES ("244","361","2017-10-15 01:08:01");


INSERT INTO user (id, first_name, last_name, username, email, password, birthdate, gender, orientation, bio, country, state, city, zip, file_1, file_2, file_3, file_4, file_5, score, token, token_date, active, register, created_at, updated_at) VALUES ("245","Ewell","Auer","hpredovic","mmills@herzog.com","$2y$10$DWoeCMaRSkJ1BJZamdlKn.GRUjEt/z4jDZmaCzUJkEAe3GvTpEa5a","1987-08-03 12:10:01","1","3","Ullam placeat a et doloribus aut reiciendis perspiciatis saepe. Sed tempore enim ut expedita ducimus quibusdam. Distinctio est amet tempora.","Cuba","","North Ashleyside","68916","../fixtures/male4.jpg","../fixtures/male7.jpg","../fixtures/male4.jpg","../fixtures/male2.jpg","","89","168dede1b069b4e3b42952274826f523","1974-10-21 23:12:21","0","0","1978-02-26 00:46:09","2002-08-06 03:15:59");
INSERT INTO user_tag (user_id, tag_id) VALUES ("245","16");
INSERT INTO user_tag (user_id, tag_id) VALUES ("245","12");
INSERT INTO user_tag (user_id, tag_id) VALUES ("245","50");
INSERT INTO user_tag (user_id, tag_id) VALUES ("245","1");
INSERT INTO user_tag (user_id, tag_id) VALUES ("245","28");
INSERT INTO user_tag (user_id, tag_id) VALUES ("245","37");
INSERT INTO user_tag (user_id, tag_id) VALUES ("245","26");
INSERT INTO user_tag (user_id, tag_id) VALUES ("245","47");


INSERT INTO likes (like_id, liked_id, like_date) VALUES ("245","144","2017-07-14 09:39:55");


INSERT INTO user (id, first_name, last_name, username, email, password, birthdate, gender, orientation, bio, country, state, city, zip, file_1, file_2, file_3, file_4, file_5, score, token, token_date, active, register, created_at, updated_at) VALUES ("246","Aliza","Bahringer","ubode","dawn.hintz@hotmail.com","$2y$10$MToC9AmRtLtCBG4w96b9juQ/1VnOUky6OwTZiTgRiSGh2CShOPScq","1964-09-19 14:33:44","1","2","Voluptate voluptatum optio autem culpa dolore et laborum iure. Non eum eius molestias ex dolores unde qui. Ut molestiae nemo aut repudiandae et quis.","Algeria","","South Brennonshire","34476-7390","../fixtures/male8.jpg","../fixtures/male7.jpg","../fixtures/male4.jpg","../fixtures/male3.jpg","../fixtures/male8.jpg","27","856228d32176534497021b6473aed102","1971-12-29 04:45:59","0","0","1983-06-12 06:34:08","1981-11-06 07:06:16");
INSERT INTO user_tag (user_id, tag_id) VALUES ("246","47");
INSERT INTO user_tag (user_id, tag_id) VALUES ("246","19");
INSERT INTO user_tag (user_id, tag_id) VALUES ("246","20");
INSERT INTO user_tag (user_id, tag_id) VALUES ("246","24");
INSERT INTO user_tag (user_id, tag_id) VALUES ("246","33");
INSERT INTO user_tag (user_id, tag_id) VALUES ("246","37");


INSERT INTO likes (like_id, liked_id, like_date) VALUES ("246","187","2017-10-26 18:46:29");
INSERT INTO likes (like_id, liked_id, like_date) VALUES ("246","229","2017-10-07 22:02:45");


INSERT INTO user (id, first_name, last_name, username, email, password, birthdate, gender, orientation, bio, country, state, city, zip, file_1, file_2, file_3, file_4, file_5, score, token, token_date, active, register, created_at, updated_at) VALUES ("247","Reid","Wilkinson","gloverimogene","ggreen@gmail.com","$2y$10$5KUnAx16HIxgg./y3A2w7ON2d/ZofiHW/DKLL.Ta1iXs3qLLXmC56","1986-10-22 21:39:44","1","2","Eaque reiciendis assumenda qui totam. Soluta cumque quasi nemo nesciunt ratione culpa. Ullam eos enim sed architecto. Id quod sit et vel quasi.","Denmark","","East Dandrehaven","61325-3752","../fixtures/male9.jpg","../fixtures/male7.jpg","../fixtures/male9.jpg","","","72","1251883a48a8764024085256e30024a5","1993-04-22 23:24:48","0","0","1999-11-02 05:53:27","2007-04-14 04:34:11");
INSERT INTO user_tag (user_id, tag_id) VALUES ("247","33");
INSERT INTO user_tag (user_id, tag_id) VALUES ("247","9");
INSERT INTO user_tag (user_id, tag_id) VALUES ("247","35");
INSERT INTO user_tag (user_id, tag_id) VALUES ("247","22");
INSERT INTO user_tag (user_id, tag_id) VALUES ("247","47");
INSERT INTO user_tag (user_id, tag_id) VALUES ("247","29");
INSERT INTO user_tag (user_id, tag_id) VALUES ("247","49");
INSERT INTO user_tag (user_id, tag_id) VALUES ("247","14");
INSERT INTO user_tag (user_id, tag_id) VALUES ("247","41");


INSERT INTO likes (like_id, liked_id, like_date) VALUES ("247","168","2017-11-22 07:59:36");
INSERT INTO likes (like_id, liked_id, like_date) VALUES ("247","48","2017-02-16 05:25:10");
INSERT INTO likes (like_id, liked_id, like_date) VALUES ("247","78","2017-07-24 12:13:51");
INSERT INTO likes (like_id, liked_id, like_date) VALUES ("247","452","2017-05-05 03:55:09");


INSERT INTO user (id, first_name, last_name, username, email, password, birthdate, gender, orientation, bio, country, state, city, zip, file_1, file_2, file_3, file_4, file_5, score, token, token_date, active, register, created_at, updated_at) VALUES ("248","Coby","Schaden","scotty49","krystal07@gmail.com","$2y$10$XnLTsic50P9DNNeNkJRybef12xh.JrbSG4Ur5PM1phoH7LVEhgMV.","1961-01-11 01:10:28","2","2","Reprehenderit et vel aut quidem est. Necessitatibus cumque vero et omnis in. Eligendi cumque qui voluptatem ea enim.","Argentina","","South Gerrymouth","93399","../fixtures/female5.jpg","","","","","48","68a5e8a77c7b55ea0057a1ac95fd5d51","2011-05-11 00:28:21","0","0","2012-03-08 16:44:42","2001-12-18 23:09:54");
INSERT INTO user_tag (user_id, tag_id) VALUES ("248","9");
INSERT INTO user_tag (user_id, tag_id) VALUES ("248","50");
INSERT INTO user_tag (user_id, tag_id) VALUES ("248","16");
INSERT INTO user_tag (user_id, tag_id) VALUES ("248","37");
INSERT INTO user_tag (user_id, tag_id) VALUES ("248","16");
INSERT INTO user_tag (user_id, tag_id) VALUES ("248","14");
INSERT INTO user_tag (user_id, tag_id) VALUES ("248","22");
INSERT INTO user_tag (user_id, tag_id) VALUES ("248","41");
INSERT INTO user_tag (user_id, tag_id) VALUES ("248","43");


INSERT INTO likes (like_id, liked_id, like_date) VALUES ("248","137","2017-12-05 10:22:30");
INSERT INTO likes (like_id, liked_id, like_date) VALUES ("248","44","2017-06-08 13:45:21");
INSERT INTO likes (like_id, liked_id, like_date) VALUES ("248","283","2017-02-26 20:20:20");
INSERT INTO likes (like_id, liked_id, like_date) VALUES ("248","156","2017-11-29 22:49:37");
INSERT INTO likes (like_id, liked_id, like_date) VALUES ("248","144","2017-05-24 16:34:33");
INSERT INTO likes (like_id, liked_id, like_date) VALUES ("248","211","2017-03-01 23:21:10");


INSERT INTO user (id, first_name, last_name, username, email, password, birthdate, gender, orientation, bio, country, state, city, zip, file_1, file_2, file_3, file_4, file_5, score, token, token_date, active, register, created_at, updated_at) VALUES ("249","Susanna","Kuhn","langworthlibby","fwyman@gmail.com","$2y$10$T0YbOBIaszwiWKAKYPbgb.8ia4gq3ox94pGSIlFxZqIAw0BfzfVmm","1950-01-16 11:59:48","1","2","Et non et placeat ipsam sint. Accusantium at eaque sit exercitationem quia non. Possimus dolorem sit vel harum molestiae culpa aut. Voluptatem autem blanditiis rerum fuga quod dignissimos voluptatum.","Reunion","","Viviannemouth","76605-0902","../fixtures/male6.jpg","","","","","11","bd28588090258c6cf6d65475c8bf1208","1979-10-16 11:32:07","0","0","2008-11-05 08:27:36","2016-03-28 03:54:29");
INSERT INTO user_tag (user_id, tag_id) VALUES ("249","31");
INSERT INTO user_tag (user_id, tag_id) VALUES ("249","34");
INSERT INTO user_tag (user_id, tag_id) VALUES ("249","10");


INSERT INTO likes (like_id, liked_id, like_date) VALUES ("249","10","2017-05-07 16:56:52");
INSERT INTO likes (like_id, liked_id, like_date) VALUES ("249","244","2017-08-22 05:11:37");
INSERT INTO likes (like_id, liked_id, like_date) VALUES ("249","452","2017-11-25 22:20:26");
INSERT INTO likes (like_id, liked_id, like_date) VALUES ("249","428","2017-11-23 01:12:40");
INSERT INTO likes (like_id, liked_id, like_date) VALUES ("249","212","2017-04-26 16:31:48");


INSERT INTO user (id, first_name, last_name, username, email, password, birthdate, gender, orientation, bio, country, state, city, zip, file_1, file_2, file_3, file_4, file_5, score, token, token_date, active, register, created_at, updated_at) VALUES ("250","Trudie","Smitham","lorineoreilly","chaya.turcotte@hotmail.com","$2y$10$KXed9qz4UMB3J1F6pkrD8.RCrW36wdAA/gfH/a3ga5aYNv/K2iqia","1950-07-22 01:01:10","1","2","Nisi consequatur odio veniam officia. Delectus illo et corrupti quia maiores exercitationem quam. Ullam pariatur aut est inventore magni eos.","Mongolia","","East Cassandrabury","42394","../fixtures/male2.jpg","../fixtures/male7.jpg","","","","57","04877ae4de147263020efd7726ba17ef","1970-10-15 15:47:30","0","0","1981-10-02 20:58:13","1989-05-13 07:33:33");
INSERT INTO user_tag (user_id, tag_id) VALUES ("250","30");
INSERT INTO user_tag (user_id, tag_id) VALUES ("250","21");
INSERT INTO user_tag (user_id, tag_id) VALUES ("250","12");
INSERT INTO user_tag (user_id, tag_id) VALUES ("250","3");
INSERT INTO user_tag (user_id, tag_id) VALUES ("250","10");
INSERT INTO user_tag (user_id, tag_id) VALUES ("250","6");


INSERT INTO likes (like_id, liked_id, like_date) VALUES ("250","438","2017-07-22 18:48:48");
INSERT INTO likes (like_id, liked_id, like_date) VALUES ("250","427","2017-10-31 05:37:37");
INSERT INTO likes (like_id, liked_id, like_date) VALUES ("250","25","2017-10-18 01:45:47");
INSERT INTO likes (like_id, liked_id, like_date) VALUES ("250","289","2017-08-04 01:59:32");


INSERT INTO user (id, first_name, last_name, username, email, password, birthdate, gender, orientation, bio, country, state, city, zip, file_1, file_2, file_3, file_4, file_5, score, token, token_date, active, register, created_at, updated_at) VALUES ("251","Melvin","Bogisich","binstheresa","xthompson@hotmail.com","$2y$10$QraT7ercrbVcFgHcSOAjvOr0k4bOCFbfPkgdd6qpxqLkCf1y/isXu","1986-11-30 18:53:49","1","3","Omnis libero consequatur explicabo omnis nemo odio. Vitae molestiae amet atque aut ex beatae explicabo.","Christmas Island","","Mathildeberg","91805-8782","../fixtures/male5.jpg","../fixtures/male3.jpg","../fixtures/male8.jpg","","","23","90846074084d301fb2dfdacabc299a3a","1987-05-15 19:37:45","0","0","2014-12-09 08:09:34","1998-02-06 00:43:22");
INSERT INTO user_tag (user_id, tag_id) VALUES ("251","43");
INSERT INTO user_tag (user_id, tag_id) VALUES ("251","43");
INSERT INTO user_tag (user_id, tag_id) VALUES ("251","5");
INSERT INTO user_tag (user_id, tag_id) VALUES ("251","23");
INSERT INTO user_tag (user_id, tag_id) VALUES ("251","48");
INSERT INTO user_tag (user_id, tag_id) VALUES ("251","35");
INSERT INTO user_tag (user_id, tag_id) VALUES ("251","46");
INSERT INTO user_tag (user_id, tag_id) VALUES ("251","47");
INSERT INTO user_tag (user_id, tag_id) VALUES ("251","49");
INSERT INTO user_tag (user_id, tag_id) VALUES ("251","49");
INSERT INTO user_tag (user_id, tag_id) VALUES ("251","43");
INSERT INTO user_tag (user_id, tag_id) VALUES ("251","20");
INSERT INTO user_tag (user_id, tag_id) VALUES ("251","13");
INSERT INTO user_tag (user_id, tag_id) VALUES ("251","10");


INSERT INTO likes (like_id, liked_id, like_date) VALUES ("251","98","2017-04-15 10:17:36");
INSERT INTO likes (like_id, liked_id, like_date) VALUES ("251","249","2017-10-11 12:48:18");
INSERT INTO likes (like_id, liked_id, like_date) VALUES ("251","479","2017-06-01 11:29:03");
INSERT INTO likes (like_id, liked_id, like_date) VALUES ("251","328","2018-01-24 05:24:36");
INSERT INTO likes (like_id, liked_id, like_date) VALUES ("251","55","2018-01-12 07:50:04");
INSERT INTO likes (like_id, liked_id, like_date) VALUES ("251","490","2017-06-02 09:11:06");
INSERT INTO likes (like_id, liked_id, like_date) VALUES ("251","111","2017-02-18 08:13:51");


INSERT INTO user (id, first_name, last_name, username, email, password, birthdate, gender, orientation, bio, country, state, city, zip, file_1, file_2, file_3, file_4, file_5, score, token, token_date, active, register, created_at, updated_at) VALUES ("252","Ethyl","Wilkinson","lenora00","christophe.sporer@mccullough.com","$2y$10$1p6HBK8MIibNl/jKaYfW7.PWZDz2LNEHs6RGRuHRtmaXrgQn9ndLm","1962-07-23 06:38:01","1","2","Molestiae harum nesciunt recusandae eveniet. Omnis sapiente veniam sed est. Et quo quaerat sed aliquam exercitationem soluta. Sequi repellendus laborum et libero reprehenderit ut.","Suriname","","Abbottmouth","06556-9429","../fixtures/male3.jpg","../fixtures/male1.jpg","../fixtures/male6.jpg","","","82","ea8d01131d573d0acfcf611fb25d5f69","1995-12-13 02:20:10","0","0","2000-08-19 23:15:24","1985-10-18 22:00:21");
INSERT INTO user_tag (user_id, tag_id) VALUES ("252","42");
INSERT INTO user_tag (user_id, tag_id) VALUES ("252","49");
INSERT INTO user_tag (user_id, tag_id) VALUES ("252","28");
INSERT INTO user_tag (user_id, tag_id) VALUES ("252","2");
INSERT INTO user_tag (user_id, tag_id) VALUES ("252","1");
INSERT INTO user_tag (user_id, tag_id) VALUES ("252","47");
INSERT INTO user_tag (user_id, tag_id) VALUES ("252","11");
INSERT INTO user_tag (user_id, tag_id) VALUES ("252","24");
INSERT INTO user_tag (user_id, tag_id) VALUES ("252","42");
INSERT INTO user_tag (user_id, tag_id) VALUES ("252","29");
INSERT INTO user_tag (user_id, tag_id) VALUES ("252","50");


INSERT INTO likes (like_id, liked_id, like_date) VALUES ("252","64","2018-01-28 09:44:13");
INSERT INTO likes (like_id, liked_id, like_date) VALUES ("252","255","2017-10-27 11:35:27");
INSERT INTO likes (like_id, liked_id, like_date) VALUES ("252","126","2017-11-26 20:54:44");
INSERT INTO likes (like_id, liked_id, like_date) VALUES ("252","384","2017-11-02 09:24:33");
INSERT INTO likes (like_id, liked_id, like_date) VALUES ("252","36","2017-07-06 21:03:00");
INSERT INTO likes (like_id, liked_id, like_date) VALUES ("252","361","2017-05-17 09:44:33");
INSERT INTO likes (like_id, liked_id, like_date) VALUES ("252","43","2017-08-03 19:55:50");
INSERT INTO likes (like_id, liked_id, like_date) VALUES ("252","489","2018-01-13 01:43:27");
INSERT INTO likes (like_id, liked_id, like_date) VALUES ("252","187","2018-01-13 13:48:47");
INSERT INTO likes (like_id, liked_id, like_date) VALUES ("252","400","2017-08-27 08:58:44");
INSERT INTO likes (like_id, liked_id, like_date) VALUES ("252","136","2017-12-17 13:14:57");
INSERT INTO likes (like_id, liked_id, like_date) VALUES ("252","479","2017-03-25 15:13:58");
INSERT INTO likes (like_id, liked_id, like_date) VALUES ("252","156","2018-01-19 22:14:31");
INSERT INTO likes (like_id, liked_id, like_date) VALUES ("252","459","2017-04-26 07:53:59");
INSERT INTO likes (like_id, liked_id, like_date) VALUES ("252","177","2017-04-27 03:15:10");


INSERT INTO user (id, first_name, last_name, username, email, password, birthdate, gender, orientation, bio, country, state, city, zip, file_1, file_2, file_3, file_4, file_5, score, token, token_date, active, register, created_at, updated_at) VALUES ("253","Jedidiah","Herzog","jermey64","paul.reilly@hotmail.com","$2y$10$U.MNFC.8etFcrrKWiDAHD.rJWHMc9YEvVQqmgnH8yybXxyRtpKXZe","1974-05-14 08:52:17","2","3","Eum atque consequatur qui tempora ratione excepturi. Laborum eos esse maxime beatae suscipit. Ea quo suscipit aliquid unde sunt.","United Arab Emirates","","East Christinabury","95148","../fixtures/female2.jpg","","","","","60","f80bcff0344544b8d05498574724e9fb","2013-10-16 18:34:50","1","0","2001-05-08 04:17:43","1993-03-11 14:15:54");
INSERT INTO user_tag (user_id, tag_id) VALUES ("253","23");
INSERT INTO user_tag (user_id, tag_id) VALUES ("253","2");
INSERT INTO user_tag (user_id, tag_id) VALUES ("253","38");
INSERT INTO user_tag (user_id, tag_id) VALUES ("253","49");
INSERT INTO user_tag (user_id, tag_id) VALUES ("253","13");
INSERT INTO user_tag (user_id, tag_id) VALUES ("253","10");
INSERT INTO user_tag (user_id, tag_id) VALUES ("253","15");
INSERT INTO user_tag (user_id, tag_id) VALUES ("253","6");
INSERT INTO user_tag (user_id, tag_id) VALUES ("253","19");
INSERT INTO user_tag (user_id, tag_id) VALUES ("253","48");
INSERT INTO user_tag (user_id, tag_id) VALUES ("253","10");


INSERT INTO likes (like_id, liked_id, like_date) VALUES ("253","26","2017-10-06 20:11:53");
INSERT INTO likes (like_id, liked_id, like_date) VALUES ("253","104","2017-05-13 19:34:36");
INSERT INTO likes (like_id, liked_id, like_date) VALUES ("253","234","2018-01-22 11:34:01");
INSERT INTO likes (like_id, liked_id, like_date) VALUES ("253","498","2017-07-23 10:06:34");
INSERT INTO likes (like_id, liked_id, like_date) VALUES ("253","154","2017-11-23 07:35:51");


INSERT INTO user (id, first_name, last_name, username, email, password, birthdate, gender, orientation, bio, country, state, city, zip, file_1, file_2, file_3, file_4, file_5, score, token, token_date, active, register, created_at, updated_at) VALUES ("254","Elenora","O'Reilly","charlenegoodwin","don03@yahoo.com","$2y$10$hX1.Rr7H.Bqi9AjdHyjzfO67Cmwf6Nh1RdU8mr4MzvOnBl5dIQ7FS","1959-10-15 04:37:33","1","3","Doloremque debitis sunt fuga qui et vero. Doloremque dolorem non dolorem aspernatur molestias sit quis qui. Est modi vel vel architecto eaque. Totam doloribus aspernatur facere nesciunt consectetur.","Jordan","","Schmittshire","02219","../fixtures/male3.jpg","","","","","59","85e70357178e9bf5069f92321471efc6","2004-03-06 17:45:21","0","0","1999-09-03 10:06:11","1997-06-10 09:05:22");
INSERT INTO user_tag (user_id, tag_id) VALUES ("254","31");
INSERT INTO user_tag (user_id, tag_id) VALUES ("254","48");
INSERT INTO user_tag (user_id, tag_id) VALUES ("254","18");
INSERT INTO user_tag (user_id, tag_id) VALUES ("254","2");
INSERT INTO user_tag (user_id, tag_id) VALUES ("254","12");
INSERT INTO user_tag (user_id, tag_id) VALUES ("254","38");
INSERT INTO user_tag (user_id, tag_id) VALUES ("254","12");
INSERT INTO user_tag (user_id, tag_id) VALUES ("254","47");
INSERT INTO user_tag (user_id, tag_id) VALUES ("254","1");


INSERT INTO likes (like_id, liked_id, like_date) VALUES ("254","484","2017-04-03 01:53:33");
INSERT INTO likes (like_id, liked_id, like_date) VALUES ("254","459","2017-09-20 09:48:07");
INSERT INTO likes (like_id, liked_id, like_date) VALUES ("254","315","2018-02-07 02:16:26");
INSERT INTO likes (like_id, liked_id, like_date) VALUES ("254","329","2017-06-03 15:40:44");
INSERT INTO likes (like_id, liked_id, like_date) VALUES ("254","332","2017-06-21 23:57:24");
INSERT INTO likes (like_id, liked_id, like_date) VALUES ("254","149","2017-10-20 13:11:15");
INSERT INTO likes (like_id, liked_id, like_date) VALUES ("254","78","2017-06-13 11:40:32");
INSERT INTO likes (like_id, liked_id, like_date) VALUES ("254","352","2017-05-16 03:43:28");
INSERT INTO likes (like_id, liked_id, like_date) VALUES ("254","385","2018-01-14 17:12:48");
INSERT INTO likes (like_id, liked_id, like_date) VALUES ("254","350","2017-10-26 06:05:23");
INSERT INTO likes (like_id, liked_id, like_date) VALUES ("254","254","2017-04-25 23:20:41");
INSERT INTO likes (like_id, liked_id, like_date) VALUES ("254","306","2017-11-03 01:52:01");
INSERT INTO likes (like_id, liked_id, like_date) VALUES ("254","391","2017-12-08 22:33:50");
INSERT INTO likes (like_id, liked_id, like_date) VALUES ("254","232","2017-03-06 20:30:51");
INSERT INTO likes (like_id, liked_id, like_date) VALUES ("254","350","2017-03-24 07:53:43");
INSERT INTO likes (like_id, liked_id, like_date) VALUES ("254","448","2018-02-03 17:10:33");
INSERT INTO likes (like_id, liked_id, like_date) VALUES ("254","297","2017-10-27 04:04:22");
INSERT INTO likes (like_id, liked_id, like_date) VALUES ("254","101","2018-01-26 13:57:25");
INSERT INTO likes (like_id, liked_id, like_date) VALUES ("254","289","2017-10-24 06:31:34");


INSERT INTO user (id, first_name, last_name, username, email, password, birthdate, gender, orientation, bio, country, state, city, zip, file_1, file_2, file_3, file_4, file_5, score, token, token_date, active, register, created_at, updated_at) VALUES ("255","Godfrey","Will","mohrlee","bruce.marvin@runolfsson.com","$2y$10$44LygGgU8u7RvtvQuGKYQOlOxQ7N1zHgN/bW9ycJnilAIEQ7Jnz/a","1956-03-04 09:20:05","1","3","Accusantium quae corrupti ut quam commodi voluptatem dolores pariatur. Laborum qui vitae voluptatibus id aut. Facere perferendis dolores est ullam.","Turkmenistan","","Hintzview","28808-0507","../fixtures/male6.jpg","../fixtures/male2.jpg","../fixtures/male7.jpg","../fixtures/male8.jpg","../fixtures/male4.jpg","93","e2217ab5b94e3406ae28b087e1800057","1995-06-17 01:08:33","0","0","1975-07-09 01:53:14","1980-01-07 05:20:22");
INSERT INTO user_tag (user_id, tag_id) VALUES ("255","11");
INSERT INTO user_tag (user_id, tag_id) VALUES ("255","26");
INSERT INTO user_tag (user_id, tag_id) VALUES ("255","19");
INSERT INTO user_tag (user_id, tag_id) VALUES ("255","28");
INSERT INTO user_tag (user_id, tag_id) VALUES ("255","19");
INSERT INTO user_tag (user_id, tag_id) VALUES ("255","9");
INSERT INTO user_tag (user_id, tag_id) VALUES ("255","18");


INSERT INTO likes (like_id, liked_id, like_date) VALUES ("255","443","2017-09-27 15:00:53");
INSERT INTO likes (like_id, liked_id, like_date) VALUES ("255","337","2017-08-10 20:42:47");
INSERT INTO likes (like_id, liked_id, like_date) VALUES ("255","332","2018-02-03 11:16:08");
INSERT INTO likes (like_id, liked_id, like_date) VALUES ("255","423","2017-07-22 12:11:10");
INSERT INTO likes (like_id, liked_id, like_date) VALUES ("255","365","2017-02-26 17:29:19");
INSERT INTO likes (like_id, liked_id, like_date) VALUES ("255","314","2017-07-02 10:37:51");
INSERT INTO likes (like_id, liked_id, like_date) VALUES ("255","79","2017-05-14 07:56:53");
INSERT INTO likes (like_id, liked_id, like_date) VALUES ("255","486","2017-12-21 11:30:35");
INSERT INTO likes (like_id, liked_id, like_date) VALUES ("255","467","2018-01-12 06:55:54");


INSERT INTO user (id, first_name, last_name, username, email, password, birthdate, gender, orientation, bio, country, state, city, zip, file_1, file_2, file_3, file_4, file_5, score, token, token_date, active, register, created_at, updated_at) VALUES ("256","Daniela","Satterfield","smoen","dahlia.green@hotmail.com","$2y$10$PyBacIxxkq2ddC6j016bsuEIvIjIt.UOdvBxGGwLYKOUrvRn6V7ja","1973-01-01 06:53:22","2","1","Iusto asperiores nam eos animi consequatur rerum. Delectus doloremque facere aut rem dolor dolores. Est expedita commodi ut consequatur et nostrum.","Angola","","Port Marilou","82318","../fixtures/female6.jpg","../fixtures/female6.jpg","../fixtures/female1.jpg","","","99","f7b36bc46e3ab68ddc5c5817b48f0026","1984-07-14 02:08:56","0","0","1981-08-18 05:03:46","1977-08-27 22:11:12");
INSERT INTO user_tag (user_id, tag_id) VALUES ("256","20");
INSERT INTO user_tag (user_id, tag_id) VALUES ("256","41");
INSERT INTO user_tag (user_id, tag_id) VALUES ("256","40");
INSERT INTO user_tag (user_id, tag_id) VALUES ("256","25");
INSERT INTO user_tag (user_id, tag_id) VALUES ("256","48");
INSERT INTO user_tag (user_id, tag_id) VALUES ("256","32");
INSERT INTO user_tag (user_id, tag_id) VALUES ("256","50");


INSERT INTO likes (like_id, liked_id, like_date) VALUES ("256","232","2017-12-21 07:58:11");
INSERT INTO likes (like_id, liked_id, like_date) VALUES ("256","461","2017-08-17 16:32:52");
INSERT INTO likes (like_id, liked_id, like_date) VALUES ("256","250","2018-02-02 21:33:56");
INSERT INTO likes (like_id, liked_id, like_date) VALUES ("256","125","2017-04-09 17:37:10");
INSERT INTO likes (like_id, liked_id, like_date) VALUES ("256","450","2017-07-18 03:40:16");
INSERT INTO likes (like_id, liked_id, like_date) VALUES ("256","413","2018-01-07 19:15:32");
INSERT INTO likes (like_id, liked_id, like_date) VALUES ("256","184","2017-07-16 08:55:14");
INSERT INTO likes (like_id, liked_id, like_date) VALUES ("256","450","2017-12-20 03:04:54");
INSERT INTO likes (like_id, liked_id, like_date) VALUES ("256","194","2017-10-31 20:57:22");
INSERT INTO likes (like_id, liked_id, like_date) VALUES ("256","120","2017-05-29 16:50:49");
INSERT INTO likes (like_id, liked_id, like_date) VALUES ("256","482","2017-08-31 01:12:26");
INSERT INTO likes (like_id, liked_id, like_date) VALUES ("256","77","2017-06-01 05:34:00");
INSERT INTO likes (like_id, liked_id, like_date) VALUES ("256","173","2017-08-21 18:51:43");
INSERT INTO likes (like_id, liked_id, like_date) VALUES ("256","179","2018-02-09 13:09:57");


INSERT INTO user (id, first_name, last_name, username, email, password, birthdate, gender, orientation, bio, country, state, city, zip, file_1, file_2, file_3, file_4, file_5, score, token, token_date, active, register, created_at, updated_at) VALUES ("257","Treva","Moore","maritza31","mmann@hotmail.com","$2y$10$Q9W0AEMPIBAoMkeMYY9.OOEM5CEsGdRHYlf3ycr36v5KDZRxKSOOW","1997-04-17 10:58:44","1","3","Enim vel unde sed repellat soluta et. Sequi ipsam dolorum nemo omnis ipsum enim mollitia. Nostrum id quia rerum natus. Laudantium similique animi iste error dolorum molestiae.","Dominica","","Port Maya","06393","../fixtures/male2.jpg","../fixtures/male10.jpg","../fixtures/male7.jpg","../fixtures/male2.jpg","","85","459b0099e65dc2fcbc53fb05374de6f9","2013-02-20 14:44:09","1","0","1981-03-01 21:11:35","1976-09-22 01:02:31");
INSERT INTO user_tag (user_id, tag_id) VALUES ("257","33");
INSERT INTO user_tag (user_id, tag_id) VALUES ("257","17");
INSERT INTO user_tag (user_id, tag_id) VALUES ("257","23");
INSERT INTO user_tag (user_id, tag_id) VALUES ("257","13");
INSERT INTO user_tag (user_id, tag_id) VALUES ("257","12");
INSERT INTO user_tag (user_id, tag_id) VALUES ("257","14");
INSERT INTO user_tag (user_id, tag_id) VALUES ("257","34");
INSERT INTO user_tag (user_id, tag_id) VALUES ("257","47");
INSERT INTO user_tag (user_id, tag_id) VALUES ("257","33");
INSERT INTO user_tag (user_id, tag_id) VALUES ("257","42");
INSERT INTO user_tag (user_id, tag_id) VALUES ("257","13");
INSERT INTO user_tag (user_id, tag_id) VALUES ("257","15");
INSERT INTO user_tag (user_id, tag_id) VALUES ("257","1");


INSERT INTO likes (like_id, liked_id, like_date) VALUES ("257","280","2017-04-02 09:15:20");
INSERT INTO likes (like_id, liked_id, like_date) VALUES ("257","437","2017-09-15 17:03:51");
INSERT INTO likes (like_id, liked_id, like_date) VALUES ("257","485","2017-12-23 17:42:47");
INSERT INTO likes (like_id, liked_id, like_date) VALUES ("257","88","2017-10-20 01:22:10");
INSERT INTO likes (like_id, liked_id, like_date) VALUES ("257","319","2017-09-21 19:15:51");
INSERT INTO likes (like_id, liked_id, like_date) VALUES ("257","110","2018-01-17 03:58:55");
INSERT INTO likes (like_id, liked_id, like_date) VALUES ("257","399","2017-03-29 18:44:07");


INSERT INTO user (id, first_name, last_name, username, email, password, birthdate, gender, orientation, bio, country, state, city, zip, file_1, file_2, file_3, file_4, file_5, score, token, token_date, active, register, created_at, updated_at) VALUES ("258","Betsy","Weber","schimmelrebeka","amina07@conroy.com","$2y$10$R1RhcFJQOJEwUjLqhJS5Cep4aB8vrpQ/B8mytgvOQWjGszYEbhiv2","1967-07-28 03:57:05","2","1","Nihil ut iure quasi voluptate esse error in facilis. Maxime repellat ut perferendis eveniet rerum voluptas. Beatae qui ipsam dolore aut in quia. Nihil qui autem et eos rerum.","Central African Republic","","New Beaulah","17864-7296","../fixtures/female1.jpg","../fixtures/female9.jpg","../fixtures/female4.jpg","../fixtures/female2.jpg","../fixtures/female5.jpg","30","f42f2aacc5d6f3788c5b6260c2f1b126","1988-02-01 13:40:07","1","0","1977-05-05 14:14:26","2000-04-28 09:59:46");
INSERT INTO user_tag (user_id, tag_id) VALUES ("258","12");
INSERT INTO user_tag (user_id, tag_id) VALUES ("258","13");
INSERT INTO user_tag (user_id, tag_id) VALUES ("258","19");
INSERT INTO user_tag (user_id, tag_id) VALUES ("258","26");
INSERT INTO user_tag (user_id, tag_id) VALUES ("258","34");
INSERT INTO user_tag (user_id, tag_id) VALUES ("258","16");
INSERT INTO user_tag (user_id, tag_id) VALUES ("258","24");
INSERT INTO user_tag (user_id, tag_id) VALUES ("258","33");
INSERT INTO user_tag (user_id, tag_id) VALUES ("258","42");


INSERT INTO likes (like_id, liked_id, like_date) VALUES ("258","388","2017-09-22 11:52:18");


INSERT INTO user (id, first_name, last_name, username, email, password, birthdate, gender, orientation, bio, country, state, city, zip, file_1, file_2, file_3, file_4, file_5, score, token, token_date, active, register, created_at, updated_at) VALUES ("259","Krystel","Towne","abbottstefanie","bettie.ledner@yahoo.com","$2y$10$G.4LhUZFMRA3USyDdgnBreyGqXgJor5h88jJmNayuFUwl/etHmfHq","1954-10-23 08:15:20","2","2","Aliquam exercitationem qui neque. Necessitatibus ut sit quidem ad vitae voluptatibus. Et molestias sapiente repellendus autem sit ratione rerum esse.","Togo","","Naomieborough","41479","../fixtures/female5.jpg","../fixtures/female4.jpg","../fixtures/female3.jpg","","","44","9806ded7026f2ba6d600d2c3ef009dcf","2016-07-27 13:23:25","1","0","1972-10-16 15:53:52","1983-09-26 04:39:33");
INSERT INTO user_tag (user_id, tag_id) VALUES ("259","30");
INSERT INTO user_tag (user_id, tag_id) VALUES ("259","35");
INSERT INTO user_tag (user_id, tag_id) VALUES ("259","45");
INSERT INTO user_tag (user_id, tag_id) VALUES ("259","6");
INSERT INTO user_tag (user_id, tag_id) VALUES ("259","2");
INSERT INTO user_tag (user_id, tag_id) VALUES ("259","45");
INSERT INTO user_tag (user_id, tag_id) VALUES ("259","24");
INSERT INTO user_tag (user_id, tag_id) VALUES ("259","43");
INSERT INTO user_tag (user_id, tag_id) VALUES ("259","18");


INSERT INTO likes (like_id, liked_id, like_date) VALUES ("259","461","2017-08-20 18:08:21");
INSERT INTO likes (like_id, liked_id, like_date) VALUES ("259","219","2017-07-27 06:03:25");
INSERT INTO likes (like_id, liked_id, like_date) VALUES ("259","426","2017-02-16 09:27:48");


INSERT INTO user (id, first_name, last_name, username, email, password, birthdate, gender, orientation, bio, country, state, city, zip, file_1, file_2, file_3, file_4, file_5, score, token, token_date, active, register, created_at, updated_at) VALUES ("260","Luisa","Grant","vpaucek","leffler.terence@king.info","$2y$10$GXhw1fM5ZIWpUm5MDsk69ONFDZVsCimASSSiEL1H8zTVDLsRby/ty","1960-05-08 11:09:08","1","2","Voluptatem ut ea officiis aliquid ut dolor recusandae. Ipsum delectus harum sequi est. Est cupiditate maiores possimus aut sequi vero ex et. Totam voluptate rerum quas repellendus corporis.","Faroe Islands","","Jammieburgh","61691-6717","../fixtures/male10.jpg","../fixtures/male4.jpg","","","","89","8ffafd7154a82da5a0340b558b1aee66","2015-05-01 07:14:19","1","1","1990-06-01 00:27:29","1979-03-24 08:45:25");
INSERT INTO user_tag (user_id, tag_id) VALUES ("260","31");
INSERT INTO user_tag (user_id, tag_id) VALUES ("260","9");
INSERT INTO user_tag (user_id, tag_id) VALUES ("260","26");
INSERT INTO user_tag (user_id, tag_id) VALUES ("260","7");
INSERT INTO user_tag (user_id, tag_id) VALUES ("260","39");


INSERT INTO likes (like_id, liked_id, like_date) VALUES ("260","229","2017-03-06 11:40:27");
INSERT INTO likes (like_id, liked_id, like_date) VALUES ("260","384","2017-12-23 10:58:32");
INSERT INTO likes (like_id, liked_id, like_date) VALUES ("260","99","2017-04-11 23:50:00");
INSERT INTO likes (like_id, liked_id, like_date) VALUES ("260","309","2017-03-23 07:56:36");
INSERT INTO likes (like_id, liked_id, like_date) VALUES ("260","181","2017-11-19 16:21:57");
INSERT INTO likes (like_id, liked_id, like_date) VALUES ("260","283","2017-05-02 11:29:08");
INSERT INTO likes (like_id, liked_id, like_date) VALUES ("260","352","2017-12-04 20:18:53");
INSERT INTO likes (like_id, liked_id, like_date) VALUES ("260","394","2017-04-29 05:02:57");
INSERT INTO likes (like_id, liked_id, like_date) VALUES ("260","330","2017-08-15 01:38:22");
INSERT INTO likes (like_id, liked_id, like_date) VALUES ("260","252","2017-09-19 11:59:10");
INSERT INTO likes (like_id, liked_id, like_date) VALUES ("260","311","2017-05-06 09:12:26");
INSERT INTO likes (like_id, liked_id, like_date) VALUES ("260","247","2017-12-13 07:52:38");
INSERT INTO likes (like_id, liked_id, like_date) VALUES ("260","259","2018-02-07 11:27:51");
INSERT INTO likes (like_id, liked_id, like_date) VALUES ("260","340","2017-05-19 21:04:28");
INSERT INTO likes (like_id, liked_id, like_date) VALUES ("260","374","2017-09-07 22:11:33");


INSERT INTO user (id, first_name, last_name, username, email, password, birthdate, gender, orientation, bio, country, state, city, zip, file_1, file_2, file_3, file_4, file_5, score, token, token_date, active, register, created_at, updated_at) VALUES ("261","Bernadine","Harvey","yundtlou","stephon.lebsack@eichmann.com","$2y$10$1YqdQolgbv07k3ls.T.mM.JXJ7E4MF1ql3XzUW0EnOSU/jv./dnPu","1955-03-17 20:08:23","1","3","Vero et est omnis eum quia corporis. Eius impedit quo quo. Ut ut quaerat ducimus sunt voluptatum earum a deleniti. Accusamus omnis sed deserunt quaerat sequi nemo ea.","Nicaragua","","Cronatown","71376","../fixtures/male2.jpg","../fixtures/male6.jpg","../fixtures/male7.jpg","../fixtures/male1.jpg","../fixtures/male8.jpg","89","bdad16dc881d7b3bac8d502ddcc1de8a","2016-07-12 21:05:04","0","0","1982-02-04 20:56:11","1986-06-19 17:36:41");
INSERT INTO user_tag (user_id, tag_id) VALUES ("261","13");


INSERT INTO likes (like_id, liked_id, like_date) VALUES ("261","46","2017-10-06 01:41:01");
INSERT INTO likes (like_id, liked_id, like_date) VALUES ("261","493","2017-09-29 17:49:28");


INSERT INTO user (id, first_name, last_name, username, email, password, birthdate, gender, orientation, bio, country, state, city, zip, file_1, file_2, file_3, file_4, file_5, score, token, token_date, active, register, created_at, updated_at) VALUES ("262","Sister","Kertzmann","wolfbenjamin","auer.wiley@yahoo.com","$2y$10$MgVasAd8aDht9qMWhNN7beTGYBpIZ0alzcO.vDeZw5/Ap0IjQg9Ju","1974-02-12 19:55:36","2","2","Velit qui optio qui dolorem ut aut. Praesentium natus ipsum cupiditate dolores ut. Debitis laborum id voluptatum dolores accusantium. At illo quaerat ut amet tempora.","Taiwan","","Kilbackbury","11078","../fixtures/female7.jpg","../fixtures/female8.jpg","../fixtures/female8.jpg","","","43","61a252f29405bb0cb1b27763ff08a3df","1970-12-30 01:02:53","1","0","1979-04-10 14:07:34","1978-12-20 00:25:07");
INSERT INTO user_tag (user_id, tag_id) VALUES ("262","31");
INSERT INTO user_tag (user_id, tag_id) VALUES ("262","11");
INSERT INTO user_tag (user_id, tag_id) VALUES ("262","29");
INSERT INTO user_tag (user_id, tag_id) VALUES ("262","14");
INSERT INTO user_tag (user_id, tag_id) VALUES ("262","34");
INSERT INTO user_tag (user_id, tag_id) VALUES ("262","29");
INSERT INTO user_tag (user_id, tag_id) VALUES ("262","14");
INSERT INTO user_tag (user_id, tag_id) VALUES ("262","8");
INSERT INTO user_tag (user_id, tag_id) VALUES ("262","45");
INSERT INTO user_tag (user_id, tag_id) VALUES ("262","38");
INSERT INTO user_tag (user_id, tag_id) VALUES ("262","21");
INSERT INTO user_tag (user_id, tag_id) VALUES ("262","20");
INSERT INTO user_tag (user_id, tag_id) VALUES ("262","3");


INSERT INTO likes (like_id, liked_id, like_date) VALUES ("262","397","2017-12-30 13:22:43");
INSERT INTO likes (like_id, liked_id, like_date) VALUES ("262","454","2017-03-18 09:27:20");
INSERT INTO likes (like_id, liked_id, like_date) VALUES ("262","309","2017-11-03 16:08:36");
INSERT INTO likes (like_id, liked_id, like_date) VALUES ("262","287","2017-11-16 05:32:26");
INSERT INTO likes (like_id, liked_id, like_date) VALUES ("262","51","2017-04-11 03:19:24");
INSERT INTO likes (like_id, liked_id, like_date) VALUES ("262","177","2017-03-19 01:07:13");
INSERT INTO likes (like_id, liked_id, like_date) VALUES ("262","424","2017-09-09 18:49:55");
INSERT INTO likes (like_id, liked_id, like_date) VALUES ("262","495","2017-02-21 02:14:14");
INSERT INTO likes (like_id, liked_id, like_date) VALUES ("262","398","2017-09-23 06:49:39");
INSERT INTO likes (like_id, liked_id, like_date) VALUES ("262","192","2017-10-11 04:03:45");
INSERT INTO likes (like_id, liked_id, like_date) VALUES ("262","80","2017-08-20 17:15:22");
INSERT INTO likes (like_id, liked_id, like_date) VALUES ("262","425","2017-06-20 23:04:13");
INSERT INTO likes (like_id, liked_id, like_date) VALUES ("262","187","2018-02-04 17:26:49");
INSERT INTO likes (like_id, liked_id, like_date) VALUES ("262","104","2018-01-01 17:19:18");
INSERT INTO likes (like_id, liked_id, like_date) VALUES ("262","239","2017-08-27 02:46:20");
INSERT INTO likes (like_id, liked_id, like_date) VALUES ("262","55","2017-09-14 21:58:39");
INSERT INTO likes (like_id, liked_id, like_date) VALUES ("262","357","2017-10-11 04:01:48");
INSERT INTO likes (like_id, liked_id, like_date) VALUES ("262","233","2017-03-07 06:59:04");
INSERT INTO likes (like_id, liked_id, like_date) VALUES ("262","182","2017-06-21 07:56:35");


INSERT INTO user (id, first_name, last_name, username, email, password, birthdate, gender, orientation, bio, country, state, city, zip, file_1, file_2, file_3, file_4, file_5, score, token, token_date, active, register, created_at, updated_at) VALUES ("263","Clementina","Herman","paucekjessica","donnelly.myriam@yahoo.com","$2y$10$jQO4QFxav.H2NZ15o16X9eTe/kAen9nSkNeB0ldiRwYZi9q1NGSk.","1954-04-09 01:39:26","1","1","Earum enim deserunt facilis velit necessitatibus libero animi consequatur. Doloribus aut ipsam quisquam enim. Omnis ab quos dolore ipsa cupiditate ad quo.","Belarus","","Rosieside","98811","../fixtures/male8.jpg","","","","","88","4a2dc7658a77492d0a757c5a5103f8c1","2006-09-23 20:47:03","0","0","1994-04-17 12:58:32","1974-10-20 19:05:42");
INSERT INTO user_tag (user_id, tag_id) VALUES ("263","46");
INSERT INTO user_tag (user_id, tag_id) VALUES ("263","15");
INSERT INTO user_tag (user_id, tag_id) VALUES ("263","9");
INSERT INTO user_tag (user_id, tag_id) VALUES ("263","45");


INSERT INTO likes (like_id, liked_id, like_date) VALUES ("263","466","2017-07-12 19:25:03");
INSERT INTO likes (like_id, liked_id, like_date) VALUES ("263","296","2017-02-15 21:21:43");
INSERT INTO likes (like_id, liked_id, like_date) VALUES ("263","446","2017-06-05 16:16:34");
INSERT INTO likes (like_id, liked_id, like_date) VALUES ("263","339","2017-08-27 16:48:47");
INSERT INTO likes (like_id, liked_id, like_date) VALUES ("263","104","2017-08-31 23:02:32");
INSERT INTO likes (like_id, liked_id, like_date) VALUES ("263","350","2017-08-01 19:06:11");
INSERT INTO likes (like_id, liked_id, like_date) VALUES ("263","232","2017-12-29 01:45:59");
INSERT INTO likes (like_id, liked_id, like_date) VALUES ("263","340","2017-10-31 01:49:10");
INSERT INTO likes (like_id, liked_id, like_date) VALUES ("263","453","2018-01-23 05:42:35");
INSERT INTO likes (like_id, liked_id, like_date) VALUES ("263","444","2017-09-24 19:41:21");
INSERT INTO likes (like_id, liked_id, like_date) VALUES ("263","240","2018-01-06 11:52:24");
INSERT INTO likes (like_id, liked_id, like_date) VALUES ("263","349","2017-04-13 21:31:43");
INSERT INTO likes (like_id, liked_id, like_date) VALUES ("263","227","2017-12-17 09:37:43");
INSERT INTO likes (like_id, liked_id, like_date) VALUES ("263","274","2017-02-22 11:37:00");
INSERT INTO likes (like_id, liked_id, like_date) VALUES ("263","141","2018-01-06 09:44:02");


INSERT INTO user (id, first_name, last_name, username, email, password, birthdate, gender, orientation, bio, country, state, city, zip, file_1, file_2, file_3, file_4, file_5, score, token, token_date, active, register, created_at, updated_at) VALUES ("264","Elsa","Reichert","wemmerich","jakubowski.garry@ankunding.biz","$2y$10$FQmucH9Gr33jpL4glprUDe7kX3u3LsmkOjZJu.lDPGPAlpQ/l8j.a","1963-01-30 16:19:48","1","3","Nulla repudiandae et rem inventore est delectus modi. Est suscipit voluptates reprehenderit impedit quia qui.","Lebanon","","Breitenbergville","45534","../fixtures/male4.jpg","../fixtures/male10.jpg","../fixtures/male9.jpg","../fixtures/male3.jpg","","44","9d41afff149e4168edd333528a550be3","1991-04-16 11:44:56","0","0","1985-05-06 23:37:56","1971-10-03 07:53:57");
INSERT INTO user_tag (user_id, tag_id) VALUES ("264","50");
INSERT INTO user_tag (user_id, tag_id) VALUES ("264","49");
INSERT INTO user_tag (user_id, tag_id) VALUES ("264","9");
INSERT INTO user_tag (user_id, tag_id) VALUES ("264","31");
INSERT INTO user_tag (user_id, tag_id) VALUES ("264","43");
INSERT INTO user_tag (user_id, tag_id) VALUES ("264","10");
INSERT INTO user_tag (user_id, tag_id) VALUES ("264","47");
INSERT INTO user_tag (user_id, tag_id) VALUES ("264","12");
INSERT INTO user_tag (user_id, tag_id) VALUES ("264","39");
INSERT INTO user_tag (user_id, tag_id) VALUES ("264","43");
INSERT INTO user_tag (user_id, tag_id) VALUES ("264","27");
INSERT INTO user_tag (user_id, tag_id) VALUES ("264","4");


INSERT INTO likes (like_id, liked_id, like_date) VALUES ("264","431","2017-07-15 04:46:05");
INSERT INTO likes (like_id, liked_id, like_date) VALUES ("264","145","2017-05-28 13:33:20");
INSERT INTO likes (like_id, liked_id, like_date) VALUES ("264","448","2017-05-27 12:08:09");
INSERT INTO likes (like_id, liked_id, like_date) VALUES ("264","327","2017-03-03 03:26:17");
INSERT INTO likes (like_id, liked_id, like_date) VALUES ("264","475","2017-10-09 01:36:46");
INSERT INTO likes (like_id, liked_id, like_date) VALUES ("264","64","2018-01-23 20:26:40");
INSERT INTO likes (like_id, liked_id, like_date) VALUES ("264","433","2017-11-07 01:46:02");
INSERT INTO likes (like_id, liked_id, like_date) VALUES ("264","232","2017-08-24 09:45:38");
INSERT INTO likes (like_id, liked_id, like_date) VALUES ("264","451","2017-06-05 03:36:43");
INSERT INTO likes (like_id, liked_id, like_date) VALUES ("264","316","2017-10-29 08:37:46");


INSERT INTO user (id, first_name, last_name, username, email, password, birthdate, gender, orientation, bio, country, state, city, zip, file_1, file_2, file_3, file_4, file_5, score, token, token_date, active, register, created_at, updated_at) VALUES ("265","Marta","Dickens","bonnie37","reyna.senger@gmail.com","$2y$10$EM5qZ2JKPiHN4ghNUOhkNe45iik38MXl7zAKWvgvf9.3inJbNjo/O","1972-05-08 15:22:55","2","3","Ad optio ab dolorem amet. Qui voluptas consequatur et vero ea ipsam maiores aut. Aperiam quia dolorem nam accusamus. Voluptatem rerum amet omnis harum iusto. Quos est fuga repudiandae sit harum.","Spain","","West Rashawnton","74378","../fixtures/female1.jpg","../fixtures/female1.jpg","","","","53","fee598238ab784633730e44e12aa3271","2000-06-15 11:43:20","1","0","1976-04-16 16:33:55","1986-10-27 17:53:26");
INSERT INTO user_tag (user_id, tag_id) VALUES ("265","31");
INSERT INTO user_tag (user_id, tag_id) VALUES ("265","47");
INSERT INTO user_tag (user_id, tag_id) VALUES ("265","39");
INSERT INTO user_tag (user_id, tag_id) VALUES ("265","43");
INSERT INTO user_tag (user_id, tag_id) VALUES ("265","41");
INSERT INTO user_tag (user_id, tag_id) VALUES ("265","41");
INSERT INTO user_tag (user_id, tag_id) VALUES ("265","7");


INSERT INTO likes (like_id, liked_id, like_date) VALUES ("265","307","2017-06-11 02:53:10");
INSERT INTO likes (like_id, liked_id, like_date) VALUES ("265","441","2017-07-09 05:44:04");
INSERT INTO likes (like_id, liked_id, like_date) VALUES ("265","428","2018-02-11 12:47:01");
INSERT INTO likes (like_id, liked_id, like_date) VALUES ("265","125","2018-02-01 13:39:29");
INSERT INTO likes (like_id, liked_id, like_date) VALUES ("265","104","2017-10-07 04:28:11");
INSERT INTO likes (like_id, liked_id, like_date) VALUES ("265","164","2017-12-28 09:30:29");
INSERT INTO likes (like_id, liked_id, like_date) VALUES ("265","269","2018-02-09 19:25:51");
INSERT INTO likes (like_id, liked_id, like_date) VALUES ("265","315","2017-03-18 02:38:49");


INSERT INTO user (id, first_name, last_name, username, email, password, birthdate, gender, orientation, bio, country, state, city, zip, file_1, file_2, file_3, file_4, file_5, score, token, token_date, active, register, created_at, updated_at) VALUES ("266","Sven","Deckow","denesikdallin","leffler.sylvester@hotmail.com","$2y$10$U99RTixobo613K0RgopC9e7NkDABTsmC9nnLM9hqd9Nn8MfmOKh1i","1985-12-09 17:20:52","1","3","Dignissimos necessitatibus aut sed sunt. Voluptatem sed sit animi occaecati et qui a. Ea tenetur qui molestiae voluptatem nesciunt rerum.","British Virgin Islands","","Morissetteberg","54190-1319","../fixtures/male8.jpg","../fixtures/male5.jpg","../fixtures/male5.jpg","","","73","5792e7267282570afefa80e2fcacb5ec","1971-03-04 20:00:44","1","1","2001-03-20 09:29:08","1977-01-18 18:10:20");
INSERT INTO user_tag (user_id, tag_id) VALUES ("266","37");
INSERT INTO user_tag (user_id, tag_id) VALUES ("266","3");
INSERT INTO user_tag (user_id, tag_id) VALUES ("266","16");
INSERT INTO user_tag (user_id, tag_id) VALUES ("266","41");
INSERT INTO user_tag (user_id, tag_id) VALUES ("266","15");
INSERT INTO user_tag (user_id, tag_id) VALUES ("266","31");
INSERT INTO user_tag (user_id, tag_id) VALUES ("266","25");
INSERT INTO user_tag (user_id, tag_id) VALUES ("266","24");


INSERT INTO likes (like_id, liked_id, like_date) VALUES ("266","271","2017-02-24 18:13:45");
INSERT INTO likes (like_id, liked_id, like_date) VALUES ("266","91","2017-05-06 18:18:56");
INSERT INTO likes (like_id, liked_id, like_date) VALUES ("266","418","2017-07-02 17:22:55");
INSERT INTO likes (like_id, liked_id, like_date) VALUES ("266","462","2017-10-26 01:38:52");
INSERT INTO likes (like_id, liked_id, like_date) VALUES ("266","450","2017-03-28 03:49:08");
INSERT INTO likes (like_id, liked_id, like_date) VALUES ("266","131","2018-01-07 11:41:27");
INSERT INTO likes (like_id, liked_id, like_date) VALUES ("266","90","2017-06-13 21:09:57");
INSERT INTO likes (like_id, liked_id, like_date) VALUES ("266","330","2017-07-31 09:17:42");
INSERT INTO likes (like_id, liked_id, like_date) VALUES ("266","115","2017-06-11 15:55:19");
INSERT INTO likes (like_id, liked_id, like_date) VALUES ("266","321","2017-03-28 23:21:38");
INSERT INTO likes (like_id, liked_id, like_date) VALUES ("266","435","2017-03-06 13:34:54");
INSERT INTO likes (like_id, liked_id, like_date) VALUES ("266","68","2017-04-15 22:51:44");
INSERT INTO likes (like_id, liked_id, like_date) VALUES ("266","430","2017-10-14 15:33:26");
INSERT INTO likes (like_id, liked_id, like_date) VALUES ("266","149","2017-02-15 08:47:45");


INSERT INTO user (id, first_name, last_name, username, email, password, birthdate, gender, orientation, bio, country, state, city, zip, file_1, file_2, file_3, file_4, file_5, score, token, token_date, active, register, created_at, updated_at) VALUES ("267","Alycia","Pouros","pamelaborer","katharina35@yahoo.com","$2y$10$LjeAJXi1LY65uAECEPipG.NgbPxzw.qGTSfGAYrGcbUtznOG5Bp92","1995-10-09 00:40:24","2","3","Quia hic iure debitis sed vero tempore. Ut quisquam ut vel ipsam repellendus magni. Nulla sapiente eos rerum neque. Maxime voluptas accusamus voluptatem quo repellat autem.","Gambia","","Walkertown","07135-6050","../fixtures/female4.jpg","","","","","16","fd48c92b193d26388a3051d119834d6a","1986-10-05 05:07:25","0","0","2008-12-20 19:34:43","1991-09-30 03:41:34");
INSERT INTO user_tag (user_id, tag_id) VALUES ("267","28");
INSERT INTO user_tag (user_id, tag_id) VALUES ("267","1");
INSERT INTO user_tag (user_id, tag_id) VALUES ("267","1");


INSERT INTO likes (like_id, liked_id, like_date) VALUES ("267","291","2017-05-29 01:48:23");
INSERT INTO likes (like_id, liked_id, like_date) VALUES ("267","298","2017-07-29 05:30:45");
INSERT INTO likes (like_id, liked_id, like_date) VALUES ("267","71","2017-05-16 07:31:16");
INSERT INTO likes (like_id, liked_id, like_date) VALUES ("267","42","2017-06-29 01:07:59");
INSERT INTO likes (like_id, liked_id, like_date) VALUES ("267","376","2017-07-20 06:28:11");


INSERT INTO user (id, first_name, last_name, username, email, password, birthdate, gender, orientation, bio, country, state, city, zip, file_1, file_2, file_3, file_4, file_5, score, token, token_date, active, register, created_at, updated_at) VALUES ("268","Elvis","Renner","romaine73","twolff@borer.com","$2y$10$wDBN0v.0.2da4bratfLdd.4JjNjz6GcGlKRtrWH9dODWffJgusKrq","1954-07-24 04:31:24","2","3","Omnis et occaecati molestiae voluptatum nemo sed. Impedit sit et iusto itaque magnam cupiditate.","Haiti","","Lake Jennyfer","89908-2601","../fixtures/female4.jpg","../fixtures/female1.jpg","../fixtures/female10.jpg","../fixtures/female10.jpg","../fixtures/female4.jpg","64","a78bee83f8ef1ccf6998183b84b64db6","2009-03-13 09:32:32","1","1","1983-04-21 14:19:26","2000-06-10 18:20:51");
INSERT INTO user_tag (user_id, tag_id) VALUES ("268","29");
INSERT INTO user_tag (user_id, tag_id) VALUES ("268","33");
INSERT INTO user_tag (user_id, tag_id) VALUES ("268","28");
INSERT INTO user_tag (user_id, tag_id) VALUES ("268","2");


INSERT INTO likes (like_id, liked_id, like_date) VALUES ("268","29","2018-02-09 10:05:39");
INSERT INTO likes (like_id, liked_id, like_date) VALUES ("268","424","2017-02-27 06:45:37");
INSERT INTO likes (like_id, liked_id, like_date) VALUES ("268","316","2017-12-12 07:16:15");
INSERT INTO likes (like_id, liked_id, like_date) VALUES ("268","212","2017-10-06 19:05:24");
INSERT INTO likes (like_id, liked_id, like_date) VALUES ("268","109","2018-01-11 12:50:41");
INSERT INTO likes (like_id, liked_id, like_date) VALUES ("268","384","2017-08-23 21:10:29");
INSERT INTO likes (like_id, liked_id, like_date) VALUES ("268","404","2018-02-12 23:08:07");
INSERT INTO likes (like_id, liked_id, like_date) VALUES ("268","305","2018-01-25 12:27:33");
INSERT INTO likes (like_id, liked_id, like_date) VALUES ("268","270","2017-05-19 03:38:20");
INSERT INTO likes (like_id, liked_id, like_date) VALUES ("268","99","2017-05-23 21:17:03");
INSERT INTO likes (like_id, liked_id, like_date) VALUES ("268","371","2018-01-28 06:33:30");
INSERT INTO likes (like_id, liked_id, like_date) VALUES ("268","86","2017-11-22 06:00:06");
INSERT INTO likes (like_id, liked_id, like_date) VALUES ("268","214","2017-07-11 11:28:12");


INSERT INTO user (id, first_name, last_name, username, email, password, birthdate, gender, orientation, bio, country, state, city, zip, file_1, file_2, file_3, file_4, file_5, score, token, token_date, active, register, created_at, updated_at) VALUES ("269","Garret","Powlowski","hosea00","buford.mcclure@douglas.net","$2y$10$YLl4yP4px03Z.Zp5stEX8.LXvAPaTjD9XMKXTWnBij43nIFbx1f.i","1960-04-01 21:51:33","1","2","Consequatur ut magnam consequatur minima. Animi voluptate et pariatur quaerat sunt quas sit quas.","Brunei Darussalam","","Charleyview","33493","../fixtures/male5.jpg","../fixtures/male6.jpg","../fixtures/male3.jpg","../fixtures/male8.jpg","../fixtures/male5.jpg","2","68456f88c3ce913596f135ca4c84c8ed","1986-10-15 05:16:18","1","0","1978-11-08 21:08:02","1975-11-11 22:42:51");
INSERT INTO user_tag (user_id, tag_id) VALUES ("269","3");


INSERT INTO likes (like_id, liked_id, like_date) VALUES ("269","356","2017-08-09 17:42:46");
INSERT INTO likes (like_id, liked_id, like_date) VALUES ("269","295","2017-04-22 15:43:46");
INSERT INTO likes (like_id, liked_id, like_date) VALUES ("269","392","2017-03-21 06:41:09");


INSERT INTO user (id, first_name, last_name, username, email, password, birthdate, gender, orientation, bio, country, state, city, zip, file_1, file_2, file_3, file_4, file_5, score, token, token_date, active, register, created_at, updated_at) VALUES ("270","Ricardo","Schulist","sandy73","agustin.reichel@gmail.com","$2y$10$X0AjW37puhTHaCLRl3TSAOEcqGu3d7/j8Dza.xKj9uaWw/rxU7QS2","1961-12-28 08:46:32","1","2","Tenetur tenetur error architecto possimus officia vitae. Pariatur harum labore beatae. Non sed minima ea molestiae voluptate nostrum quidem voluptas. Aspernatur a blanditiis quae accusantium.","Saint Martin","","Kertzmannhaven","52615","../fixtures/male8.jpg","../fixtures/male8.jpg","../fixtures/male9.jpg","../fixtures/male8.jpg","../fixtures/male9.jpg","77","9073242c3c23f20257b5de669f79bfb0","1978-12-15 18:53:52","0","0","1982-06-30 04:48:27","1978-07-14 19:45:17");
INSERT INTO user_tag (user_id, tag_id) VALUES ("270","24");
INSERT INTO user_tag (user_id, tag_id) VALUES ("270","16");
INSERT INTO user_tag (user_id, tag_id) VALUES ("270","43");
INSERT INTO user_tag (user_id, tag_id) VALUES ("270","50");
INSERT INTO user_tag (user_id, tag_id) VALUES ("270","41");
INSERT INTO user_tag (user_id, tag_id) VALUES ("270","24");
INSERT INTO user_tag (user_id, tag_id) VALUES ("270","11");
INSERT INTO user_tag (user_id, tag_id) VALUES ("270","18");
INSERT INTO user_tag (user_id, tag_id) VALUES ("270","22");
INSERT INTO user_tag (user_id, tag_id) VALUES ("270","26");
INSERT INTO user_tag (user_id, tag_id) VALUES ("270","17");


INSERT INTO likes (like_id, liked_id, like_date) VALUES ("270","330","2017-04-13 19:52:40");
INSERT INTO likes (like_id, liked_id, like_date) VALUES ("270","378","2017-05-18 09:51:18");
INSERT INTO likes (like_id, liked_id, like_date) VALUES ("270","256","2018-02-12 14:51:07");
INSERT INTO likes (like_id, liked_id, like_date) VALUES ("270","419","2017-12-07 20:11:41");


INSERT INTO user (id, first_name, last_name, username, email, password, birthdate, gender, orientation, bio, country, state, city, zip, file_1, file_2, file_3, file_4, file_5, score, token, token_date, active, register, created_at, updated_at) VALUES ("271","Carlie","Zieme","roobalba","martine42@gmail.com","$2y$10$xfRFw2wjPPsqZHuyOoB.EeKsPMjwJospQiHOnF9.53ekKoAHkh7BK","1974-11-19 07:01:46","1","1","Dolorem et laboriosam distinctio asperiores laboriosam laudantium ut. Itaque earum quia cumque libero vero beatae. Modi rem porro accusantium sint eligendi et suscipit quia. Cumque totam dolor natus optio adipisci.","Singapore","","Corwinton","26273-1311","../fixtures/male10.jpg","../fixtures/male8.jpg","../fixtures/male3.jpg","","","90","df0546a959fa55ef72e3eca10cbe700b","1998-03-18 12:35:24","1","0","2009-05-27 12:58:46","1972-01-08 20:23:29");
INSERT INTO user_tag (user_id, tag_id) VALUES ("271","22");
INSERT INTO user_tag (user_id, tag_id) VALUES ("271","25");
INSERT INTO user_tag (user_id, tag_id) VALUES ("271","7");
INSERT INTO user_tag (user_id, tag_id) VALUES ("271","45");


INSERT INTO likes (like_id, liked_id, like_date) VALUES ("271","438","2017-05-08 14:24:08");
INSERT INTO likes (like_id, liked_id, like_date) VALUES ("271","392","2017-06-19 08:46:24");
INSERT INTO likes (like_id, liked_id, like_date) VALUES ("271","309","2017-11-19 15:48:47");
INSERT INTO likes (like_id, liked_id, like_date) VALUES ("271","377","2017-12-27 04:49:50");
INSERT INTO likes (like_id, liked_id, like_date) VALUES ("271","357","2018-02-12 12:27:24");
INSERT INTO likes (like_id, liked_id, like_date) VALUES ("271","371","2017-06-23 09:16:07");
INSERT INTO likes (like_id, liked_id, like_date) VALUES ("271","345","2017-08-26 21:39:53");
INSERT INTO likes (like_id, liked_id, like_date) VALUES ("271","363","2017-07-14 08:49:07");


INSERT INTO user (id, first_name, last_name, username, email, password, birthdate, gender, orientation, bio, country, state, city, zip, file_1, file_2, file_3, file_4, file_5, score, token, token_date, active, register, created_at, updated_at) VALUES ("272","Clay","Vandervort","hackettdaniela","jhettinger@bergstrom.com","$2y$10$pNr3SOD7jHF4iFfxC7CUc.nxnU.EDiI6NzrmUj3QbQod0TLEf56gm","1998-02-28 02:47:35","1","2","Qui facilis quod non maiores similique. Ea quos vel aut asperiores. Eos eos porro vel blanditiis voluptatem tenetur ducimus.","Barbados","","West Cruz","04118","../fixtures/male5.jpg","../fixtures/male5.jpg","../fixtures/male5.jpg","","","65","82295c96d8248de1b2a9717ce2fa2594","1977-04-24 17:13:22","1","1","1988-07-17 03:39:37","1982-03-19 04:54:34");
INSERT INTO user_tag (user_id, tag_id) VALUES ("272","47");
INSERT INTO user_tag (user_id, tag_id) VALUES ("272","12");
INSERT INTO user_tag (user_id, tag_id) VALUES ("272","9");
INSERT INTO user_tag (user_id, tag_id) VALUES ("272","39");
INSERT INTO user_tag (user_id, tag_id) VALUES ("272","15");
INSERT INTO user_tag (user_id, tag_id) VALUES ("272","7");
INSERT INTO user_tag (user_id, tag_id) VALUES ("272","25");
INSERT INTO user_tag (user_id, tag_id) VALUES ("272","1");
INSERT INTO user_tag (user_id, tag_id) VALUES ("272","29");
INSERT INTO user_tag (user_id, tag_id) VALUES ("272","39");
INSERT INTO user_tag (user_id, tag_id) VALUES ("272","7");
INSERT INTO user_tag (user_id, tag_id) VALUES ("272","40");
INSERT INTO user_tag (user_id, tag_id) VALUES ("272","31");
INSERT INTO user_tag (user_id, tag_id) VALUES ("272","8");
INSERT INTO user_tag (user_id, tag_id) VALUES ("272","2");


INSERT INTO likes (like_id, liked_id, like_date) VALUES ("272","54","2017-07-29 13:35:26");
INSERT INTO likes (like_id, liked_id, like_date) VALUES ("272","482","2017-08-14 01:39:28");


INSERT INTO user (id, first_name, last_name, username, email, password, birthdate, gender, orientation, bio, country, state, city, zip, file_1, file_2, file_3, file_4, file_5, score, token, token_date, active, register, created_at, updated_at) VALUES ("273","Luis","Windler","waterscalista","craig20@yahoo.com","$2y$10$eN2nBVj9GtafZT.VvoQKwOGeouh4yl.zJWqnFijlvpsnEQaJSm0xm","1964-02-07 16:17:36","2","1","Dolorum est veritatis laboriosam hic. Dolorem officia non nihil blanditiis. Dolore laboriosam quaerat quo facilis.","Liechtenstein","","Aglaeport","73262-2820","../fixtures/female4.jpg","../fixtures/female4.jpg","../fixtures/female9.jpg","../fixtures/female10.jpg","../fixtures/female1.jpg","91","887c57495f5d0f05cb1f7da6c8cbe0ac","1971-11-09 00:04:03","1","0","1973-05-29 03:34:41","2001-01-19 17:24:57");
INSERT INTO user_tag (user_id, tag_id) VALUES ("273","12");
INSERT INTO user_tag (user_id, tag_id) VALUES ("273","13");
INSERT INTO user_tag (user_id, tag_id) VALUES ("273","11");
INSERT INTO user_tag (user_id, tag_id) VALUES ("273","9");
INSERT INTO user_tag (user_id, tag_id) VALUES ("273","42");
INSERT INTO user_tag (user_id, tag_id) VALUES ("273","49");
INSERT INTO user_tag (user_id, tag_id) VALUES ("273","17");
INSERT INTO user_tag (user_id, tag_id) VALUES ("273","23");
INSERT INTO user_tag (user_id, tag_id) VALUES ("273","37");
INSERT INTO user_tag (user_id, tag_id) VALUES ("273","5");
INSERT INTO user_tag (user_id, tag_id) VALUES ("273","5");
INSERT INTO user_tag (user_id, tag_id) VALUES ("273","45");
INSERT INTO user_tag (user_id, tag_id) VALUES ("273","1");
INSERT INTO user_tag (user_id, tag_id) VALUES ("273","21");
INSERT INTO user_tag (user_id, tag_id) VALUES ("273","41");


INSERT INTO likes (like_id, liked_id, like_date) VALUES ("273","446","2017-10-19 06:48:28");
INSERT INTO likes (like_id, liked_id, like_date) VALUES ("273","262","2018-01-11 15:53:57");
INSERT INTO likes (like_id, liked_id, like_date) VALUES ("273","354","2017-11-04 14:58:51");
INSERT INTO likes (like_id, liked_id, like_date) VALUES ("273","328","2017-11-25 23:59:49");
INSERT INTO likes (like_id, liked_id, like_date) VALUES ("273","357","2017-04-23 02:40:10");
INSERT INTO likes (like_id, liked_id, like_date) VALUES ("273","454","2017-06-06 13:24:14");
INSERT INTO likes (like_id, liked_id, like_date) VALUES ("273","312","2017-03-05 05:37:46");
INSERT INTO likes (like_id, liked_id, like_date) VALUES ("273","427","2017-04-03 04:43:25");


INSERT INTO user (id, first_name, last_name, username, email, password, birthdate, gender, orientation, bio, country, state, city, zip, file_1, file_2, file_3, file_4, file_5, score, token, token_date, active, register, created_at, updated_at) VALUES ("274","Kira","Marks","jettiemann","adah.bergstrom@lehner.net","$2y$10$tbFX9aCT2q.mdu0URX/FvOGgpj9f15ozAUrW5YwMg64iqJDxMmt2G","1963-09-28 23:29:55","2","1","Vitae quos sit et. Voluptatum et error consequuntur tempore harum. Mollitia quos consequuntur aperiam ipsum aut et incidunt expedita. Autem ut voluptas minima voluptas quos.","Peru","","South Dejonmouth","72054","../fixtures/female7.jpg","../fixtures/female7.jpg","../fixtures/female1.jpg","../fixtures/female8.jpg","","74","0fc72683cf765c124a626dfa01acf8ac","2014-09-02 17:27:29","1","0","2008-11-02 08:00:53","1975-10-01 15:21:25");
INSERT INTO user_tag (user_id, tag_id) VALUES ("274","28");
INSERT INTO user_tag (user_id, tag_id) VALUES ("274","24");
INSERT INTO user_tag (user_id, tag_id) VALUES ("274","41");
INSERT INTO user_tag (user_id, tag_id) VALUES ("274","20");
INSERT INTO user_tag (user_id, tag_id) VALUES ("274","37");
INSERT INTO user_tag (user_id, tag_id) VALUES ("274","49");
INSERT INTO user_tag (user_id, tag_id) VALUES ("274","13");
INSERT INTO user_tag (user_id, tag_id) VALUES ("274","16");


INSERT INTO likes (like_id, liked_id, like_date) VALUES ("274","450","2017-11-21 11:18:36");
INSERT INTO likes (like_id, liked_id, like_date) VALUES ("274","275","2017-08-03 00:56:38");
INSERT INTO likes (like_id, liked_id, like_date) VALUES ("274","194","2017-05-23 21:27:15");
INSERT INTO likes (like_id, liked_id, like_date) VALUES ("274","227","2017-07-19 06:34:27");
INSERT INTO likes (like_id, liked_id, like_date) VALUES ("274","15","2017-09-29 14:37:04");
INSERT INTO likes (like_id, liked_id, like_date) VALUES ("274","132","2017-10-13 05:41:42");
INSERT INTO likes (like_id, liked_id, like_date) VALUES ("274","459","2017-06-01 00:42:36");
INSERT INTO likes (like_id, liked_id, like_date) VALUES ("274","164","2017-10-20 20:56:56");
INSERT INTO likes (like_id, liked_id, like_date) VALUES ("274","54","2017-10-28 23:01:09");
INSERT INTO likes (like_id, liked_id, like_date) VALUES ("274","353","2017-10-31 13:16:10");
INSERT INTO likes (like_id, liked_id, like_date) VALUES ("274","103","2017-09-02 13:16:27");
INSERT INTO likes (like_id, liked_id, like_date) VALUES ("274","3","2017-12-28 03:57:56");
INSERT INTO likes (like_id, liked_id, like_date) VALUES ("274","497","2017-09-11 19:35:33");
INSERT INTO likes (like_id, liked_id, like_date) VALUES ("274","255","2017-07-03 11:19:48");
INSERT INTO likes (like_id, liked_id, like_date) VALUES ("274","499","2017-02-18 22:19:40");
INSERT INTO likes (like_id, liked_id, like_date) VALUES ("274","399","2018-01-06 19:06:47");
INSERT INTO likes (like_id, liked_id, like_date) VALUES ("274","220","2017-04-14 16:36:07");
INSERT INTO likes (like_id, liked_id, like_date) VALUES ("274","101","2017-12-16 04:14:08");
INSERT INTO likes (like_id, liked_id, like_date) VALUES ("274","204","2017-11-24 18:19:52");


INSERT INTO user (id, first_name, last_name, username, email, password, birthdate, gender, orientation, bio, country, state, city, zip, file_1, file_2, file_3, file_4, file_5, score, token, token_date, active, register, created_at, updated_at) VALUES ("275","Deion","Block","mabel50","cwolf@schinner.com","$2y$10$LCm3QOTRbSiAUrAZ8KhTHOeV0kgzlQbOK0of37nfQOfswbFgAhmPe","1961-11-11 09:45:37","1","2","Ad officia quia et optio. Sint nulla tempora sint qui itaque veniam eligendi.","Guyana","","Harveystad","04994","../fixtures/male5.jpg","","","","","94","26ad0155cc1d01699204fca0a900462f","1977-10-04 10:10:08","1","0","1974-11-25 10:27:36","1989-04-30 19:45:18");
INSERT INTO user_tag (user_id, tag_id) VALUES ("275","39");
INSERT INTO user_tag (user_id, tag_id) VALUES ("275","27");
INSERT INTO user_tag (user_id, tag_id) VALUES ("275","50");
INSERT INTO user_tag (user_id, tag_id) VALUES ("275","3");
INSERT INTO user_tag (user_id, tag_id) VALUES ("275","12");
INSERT INTO user_tag (user_id, tag_id) VALUES ("275","2");
INSERT INTO user_tag (user_id, tag_id) VALUES ("275","12");
INSERT INTO user_tag (user_id, tag_id) VALUES ("275","30");
INSERT INTO user_tag (user_id, tag_id) VALUES ("275","36");
INSERT INTO user_tag (user_id, tag_id) VALUES ("275","14");
INSERT INTO user_tag (user_id, tag_id) VALUES ("275","3");
INSERT INTO user_tag (user_id, tag_id) VALUES ("275","22");


INSERT INTO likes (like_id, liked_id, like_date) VALUES ("275","40","2017-03-22 03:14:40");
INSERT INTO likes (like_id, liked_id, like_date) VALUES ("275","479","2017-06-26 00:39:37");
INSERT INTO likes (like_id, liked_id, like_date) VALUES ("275","389","2017-09-17 05:55:44");
INSERT INTO likes (like_id, liked_id, like_date) VALUES ("275","158","2017-08-22 19:23:45");
INSERT INTO likes (like_id, liked_id, like_date) VALUES ("275","194","2017-05-01 05:01:25");
INSERT INTO likes (like_id, liked_id, like_date) VALUES ("275","114","2017-07-10 17:19:05");
INSERT INTO likes (like_id, liked_id, like_date) VALUES ("275","146","2017-06-24 14:58:56");
INSERT INTO likes (like_id, liked_id, like_date) VALUES ("275","8","2017-12-06 08:00:35");
INSERT INTO likes (like_id, liked_id, like_date) VALUES ("275","290","2017-02-22 03:54:17");
INSERT INTO likes (like_id, liked_id, like_date) VALUES ("275","374","2017-07-25 07:28:39");
INSERT INTO likes (like_id, liked_id, like_date) VALUES ("275","348","2017-06-02 12:27:57");
INSERT INTO likes (like_id, liked_id, like_date) VALUES ("275","462","2017-08-04 14:14:13");


INSERT INTO user (id, first_name, last_name, username, email, password, birthdate, gender, orientation, bio, country, state, city, zip, file_1, file_2, file_3, file_4, file_5, score, token, token_date, active, register, created_at, updated_at) VALUES ("276","Janae","Blick","connruth","gkiehn@smitham.org","$2y$10$bFoDSZg.4JG1IACRWZFiMeEyk7D1xdkDCIhg4hnRxZBaDRps8t2Hm","1992-03-26 15:52:17","1","3","Officia qui fugit sit perferendis omnis necessitatibus. Quasi dolorem rerum autem et. Ducimus iure nam sit dolor odio sed.","Sao Tome and Principe","","Hintzland","00702-1167","../fixtures/male2.jpg","../fixtures/male2.jpg","../fixtures/male1.jpg","","","39","494e37de0faa5957f8d81de90d2bca92","1992-07-07 21:09:50","0","0","1994-09-19 04:58:19","1974-01-29 19:40:21");
INSERT INTO user_tag (user_id, tag_id) VALUES ("276","24");
INSERT INTO user_tag (user_id, tag_id) VALUES ("276","37");
INSERT INTO user_tag (user_id, tag_id) VALUES ("276","41");
INSERT INTO user_tag (user_id, tag_id) VALUES ("276","17");
INSERT INTO user_tag (user_id, tag_id) VALUES ("276","28");
INSERT INTO user_tag (user_id, tag_id) VALUES ("276","12");
INSERT INTO user_tag (user_id, tag_id) VALUES ("276","37");
INSERT INTO user_tag (user_id, tag_id) VALUES ("276","48");
INSERT INTO user_tag (user_id, tag_id) VALUES ("276","34");


INSERT INTO likes (like_id, liked_id, like_date) VALUES ("276","236","2018-01-20 03:27:04");
INSERT INTO likes (like_id, liked_id, like_date) VALUES ("276","338","2017-12-18 07:13:24");
INSERT INTO likes (like_id, liked_id, like_date) VALUES ("276","386","2017-12-23 07:51:45");
INSERT INTO likes (like_id, liked_id, like_date) VALUES ("276","163","2017-06-13 11:48:20");
INSERT INTO likes (like_id, liked_id, like_date) VALUES ("276","51","2018-01-16 15:50:32");
INSERT INTO likes (like_id, liked_id, like_date) VALUES ("276","293","2017-11-17 10:37:34");
INSERT INTO likes (like_id, liked_id, like_date) VALUES ("276","368","2017-12-24 10:29:34");
INSERT INTO likes (like_id, liked_id, like_date) VALUES ("276","195","2018-01-31 00:25:31");
INSERT INTO likes (like_id, liked_id, like_date) VALUES ("276","291","2017-08-11 23:10:51");
INSERT INTO likes (like_id, liked_id, like_date) VALUES ("276","199","2017-08-29 13:24:56");
INSERT INTO likes (like_id, liked_id, like_date) VALUES ("276","35","2017-09-18 02:58:43");
INSERT INTO likes (like_id, liked_id, like_date) VALUES ("276","286","2018-01-09 13:51:04");
INSERT INTO likes (like_id, liked_id, like_date) VALUES ("276","3","2017-11-27 10:32:52");


INSERT INTO user (id, first_name, last_name, username, email, password, birthdate, gender, orientation, bio, country, state, city, zip, file_1, file_2, file_3, file_4, file_5, score, token, token_date, active, register, created_at, updated_at) VALUES ("277","Andreanne","Sauer","marinahoeger","macejkovic.marcelino@gmail.com","$2y$10$/B4a3V1dUlmnota.cUDz1.3YJEoupRR/Xqaq63MQfqsgg/ZZ4TFnq","1951-03-05 15:55:44","1","2","Et nihil ut ipsam est quia est ullam. Similique soluta est neque blanditiis est sint. Atque libero autem facilis omnis sunt reprehenderit qui et. Officiis temporibus aut reprehenderit dignissimos perspiciatis atque.","Croatia","","Lauriannemouth","34620-4876","../fixtures/male6.jpg","../fixtures/male10.jpg","","","","10","304db44ac49ca7f9899b2bb258ce5379","1973-06-03 18:08:13","1","1","1978-10-31 05:54:53","1995-05-08 05:21:12");
INSERT INTO user_tag (user_id, tag_id) VALUES ("277","4");
INSERT INTO user_tag (user_id, tag_id) VALUES ("277","12");
INSERT INTO user_tag (user_id, tag_id) VALUES ("277","1");
INSERT INTO user_tag (user_id, tag_id) VALUES ("277","6");
INSERT INTO user_tag (user_id, tag_id) VALUES ("277","19");
INSERT INTO user_tag (user_id, tag_id) VALUES ("277","10");
INSERT INTO user_tag (user_id, tag_id) VALUES ("277","46");
INSERT INTO user_tag (user_id, tag_id) VALUES ("277","46");
INSERT INTO user_tag (user_id, tag_id) VALUES ("277","29");
INSERT INTO user_tag (user_id, tag_id) VALUES ("277","43");
INSERT INTO user_tag (user_id, tag_id) VALUES ("277","34");
INSERT INTO user_tag (user_id, tag_id) VALUES ("277","34");
INSERT INTO user_tag (user_id, tag_id) VALUES ("277","18");
INSERT INTO user_tag (user_id, tag_id) VALUES ("277","2");
INSERT INTO user_tag (user_id, tag_id) VALUES ("277","3");


INSERT INTO likes (like_id, liked_id, like_date) VALUES ("277","261","2017-09-14 13:46:35");
INSERT INTO likes (like_id, liked_id, like_date) VALUES ("277","224","2017-04-22 07:13:12");
INSERT INTO likes (like_id, liked_id, like_date) VALUES ("277","104","2018-01-30 00:25:15");
INSERT INTO likes (like_id, liked_id, like_date) VALUES ("277","47","2017-09-26 15:47:15");
INSERT INTO likes (like_id, liked_id, like_date) VALUES ("277","376","2017-06-15 14:58:18");
INSERT INTO likes (like_id, liked_id, like_date) VALUES ("277","496","2017-06-07 02:30:56");
INSERT INTO likes (like_id, liked_id, like_date) VALUES ("277","47","2017-02-14 21:50:14");
INSERT INTO likes (like_id, liked_id, like_date) VALUES ("277","5","2017-06-12 17:29:15");
INSERT INTO likes (like_id, liked_id, like_date) VALUES ("277","233","2017-10-19 03:58:30");
INSERT INTO likes (like_id, liked_id, like_date) VALUES ("277","330","2017-09-07 07:24:20");
INSERT INTO likes (like_id, liked_id, like_date) VALUES ("277","347","2017-11-16 11:46:26");
INSERT INTO likes (like_id, liked_id, like_date) VALUES ("277","262","2017-11-24 10:48:09");
INSERT INTO likes (like_id, liked_id, like_date) VALUES ("277","45","2017-08-03 10:20:35");
INSERT INTO likes (like_id, liked_id, like_date) VALUES ("277","305","2017-07-31 19:03:37");
INSERT INTO likes (like_id, liked_id, like_date) VALUES ("277","366","2017-03-06 05:46:54");
INSERT INTO likes (like_id, liked_id, like_date) VALUES ("277","107","2017-11-08 02:40:28");
INSERT INTO likes (like_id, liked_id, like_date) VALUES ("277","468","2017-06-25 08:32:30");
INSERT INTO likes (like_id, liked_id, like_date) VALUES ("277","83","2017-03-03 07:12:30");


INSERT INTO user (id, first_name, last_name, username, email, password, birthdate, gender, orientation, bio, country, state, city, zip, file_1, file_2, file_3, file_4, file_5, score, token, token_date, active, register, created_at, updated_at) VALUES ("278","Adonis","Brekke","hermanrichard","virginia.ward@dooley.com","$2y$10$JTjTYSbQAEn2AbYiE4w5FuO8les1zE2rz.eZd3NI3RgjG0dQtON46","1948-03-28 23:47:32","1","2","Praesentium eos quasi sint deleniti tempora. Omnis sint possimus maxime quaerat occaecati molestias suscipit. Nobis tempore nemo quo sunt molestias dicta quibusdam.","France","","Port Joshuamouth","79441-3208","../fixtures/male3.jpg","../fixtures/male4.jpg","../fixtures/male10.jpg","../fixtures/male6.jpg","../fixtures/male5.jpg","22","869389de11fb59469903cf8637715d37","2005-05-03 02:54:40","0","0","2010-05-29 00:46:13","2004-06-21 03:12:52");
INSERT INTO user_tag (user_id, tag_id) VALUES ("278","42");
INSERT INTO user_tag (user_id, tag_id) VALUES ("278","31");


INSERT INTO likes (like_id, liked_id, like_date) VALUES ("278","141","2017-12-03 19:22:06");
INSERT INTO likes (like_id, liked_id, like_date) VALUES ("278","452","2018-02-11 22:55:14");
INSERT INTO likes (like_id, liked_id, like_date) VALUES ("278","272","2017-09-04 10:39:27");
INSERT INTO likes (like_id, liked_id, like_date) VALUES ("278","271","2017-09-13 02:00:42");
INSERT INTO likes (like_id, liked_id, like_date) VALUES ("278","384","2017-03-29 16:45:35");
INSERT INTO likes (like_id, liked_id, like_date) VALUES ("278","326","2017-06-14 03:49:03");
INSERT INTO likes (like_id, liked_id, like_date) VALUES ("278","59","2017-02-15 15:28:17");
INSERT INTO likes (like_id, liked_id, like_date) VALUES ("278","53","2017-06-17 11:56:09");
INSERT INTO likes (like_id, liked_id, like_date) VALUES ("278","307","2017-11-08 07:26:13");
INSERT INTO likes (like_id, liked_id, like_date) VALUES ("278","358","2017-07-28 22:05:12");
INSERT INTO likes (like_id, liked_id, like_date) VALUES ("278","75","2017-09-30 10:21:24");
INSERT INTO likes (like_id, liked_id, like_date) VALUES ("278","393","2017-03-05 20:17:55");
INSERT INTO likes (like_id, liked_id, like_date) VALUES ("278","389","2017-11-23 17:25:26");
INSERT INTO likes (like_id, liked_id, like_date) VALUES ("278","442","2017-06-05 05:07:35");


INSERT INTO user (id, first_name, last_name, username, email, password, birthdate, gender, orientation, bio, country, state, city, zip, file_1, file_2, file_3, file_4, file_5, score, token, token_date, active, register, created_at, updated_at) VALUES ("279","Amani","Walker","yolson","leonel36@dibbert.net","$2y$10$acm2mXprjsx/CgUHF4Ixu.F70hzncT21hDjPd0b6.KkB7gp07Gemy","1969-06-18 18:09:06","2","2","Itaque vel et ea veritatis inventore et soluta. Porro ratione voluptatem suscipit placeat sit error repellat. Minima adipisci laboriosam debitis consectetur cumque.","Niue","","Eloiseview","64640","../fixtures/female6.jpg","../fixtures/female10.jpg","../fixtures/female8.jpg","../fixtures/female1.jpg","","74","fab39879c8086a3f00fdd2b4afcc5d89","2008-10-02 18:35:34","1","0","1995-10-30 19:41:30","1973-03-22 00:38:13");
INSERT INTO user_tag (user_id, tag_id) VALUES ("279","21");


INSERT INTO likes (like_id, liked_id, like_date) VALUES ("279","379","2017-12-12 05:41:17");
INSERT INTO likes (like_id, liked_id, like_date) VALUES ("279","461","2017-10-05 14:09:48");
INSERT INTO likes (like_id, liked_id, like_date) VALUES ("279","464","2017-10-22 12:22:49");
INSERT INTO likes (like_id, liked_id, like_date) VALUES ("279","15","2017-05-18 17:14:57");
INSERT INTO likes (like_id, liked_id, like_date) VALUES ("279","255","2018-02-02 17:40:46");
INSERT INTO likes (like_id, liked_id, like_date) VALUES ("279","498","2017-07-01 11:24:01");
INSERT INTO likes (like_id, liked_id, like_date) VALUES ("279","119","2017-03-01 16:34:17");
INSERT INTO likes (like_id, liked_id, like_date) VALUES ("279","33","2017-11-09 04:19:48");
INSERT INTO likes (like_id, liked_id, like_date) VALUES ("279","214","2017-10-05 23:19:00");
INSERT INTO likes (like_id, liked_id, like_date) VALUES ("279","90","2017-07-27 00:01:34");
INSERT INTO likes (like_id, liked_id, like_date) VALUES ("279","348","2018-01-29 01:57:08");
INSERT INTO likes (like_id, liked_id, like_date) VALUES ("279","338","2018-01-05 08:46:31");
INSERT INTO likes (like_id, liked_id, like_date) VALUES ("279","287","2017-10-25 13:40:20");
INSERT INTO likes (like_id, liked_id, like_date) VALUES ("279","408","2018-01-12 02:47:10");
INSERT INTO likes (like_id, liked_id, like_date) VALUES ("279","227","2017-05-08 00:09:49");
INSERT INTO likes (like_id, liked_id, like_date) VALUES ("279","162","2017-06-16 03:56:49");
INSERT INTO likes (like_id, liked_id, like_date) VALUES ("279","77","2018-01-30 05:18:37");
INSERT INTO likes (like_id, liked_id, like_date) VALUES ("279","153","2017-06-22 20:30:43");


INSERT INTO user (id, first_name, last_name, username, email, password, birthdate, gender, orientation, bio, country, state, city, zip, file_1, file_2, file_3, file_4, file_5, score, token, token_date, active, register, created_at, updated_at) VALUES ("280","Eleanora","Rosenbaum","bell76","lemke.noemy@gmail.com","$2y$10$C63CtMMFvCJtsgXg7ZtVBuZkp.KxyF1zX0bMHYVSx3qFD4mLj2/ja","1987-02-17 07:15:30","2","1","Aut hic eum rem aut cupiditate voluptates voluptatibus qui. Et ut ab eaque. Ullam laborum enim quaerat eos maiores rerum.","Central African Republic","","New Estrella","82541-5108","../fixtures/female10.jpg","","","","","50","9c932696f8603dc1959e8ba74c046534","1978-04-07 21:07:35","0","0","2006-08-12 03:19:47","2012-07-07 16:47:37");
INSERT INTO user_tag (user_id, tag_id) VALUES ("280","45");
INSERT INTO user_tag (user_id, tag_id) VALUES ("280","32");
INSERT INTO user_tag (user_id, tag_id) VALUES ("280","30");
INSERT INTO user_tag (user_id, tag_id) VALUES ("280","29");


INSERT INTO likes (like_id, liked_id, like_date) VALUES ("280","331","2017-04-24 08:11:19");
INSERT INTO likes (like_id, liked_id, like_date) VALUES ("280","160","2018-01-10 14:24:04");
INSERT INTO likes (like_id, liked_id, like_date) VALUES ("280","191","2017-11-10 18:01:10");
INSERT INTO likes (like_id, liked_id, like_date) VALUES ("280","438","2017-06-01 01:58:53");
INSERT INTO likes (like_id, liked_id, like_date) VALUES ("280","495","2018-01-30 22:40:31");
INSERT INTO likes (like_id, liked_id, like_date) VALUES ("280","208","2017-04-14 04:28:51");
INSERT INTO likes (like_id, liked_id, like_date) VALUES ("280","395","2017-05-25 20:26:06");


INSERT INTO user (id, first_name, last_name, username, email, password, birthdate, gender, orientation, bio, country, state, city, zip, file_1, file_2, file_3, file_4, file_5, score, token, token_date, active, register, created_at, updated_at) VALUES ("281","Enid","Anderson","gorczanydemario","reichert.alec@gmail.com","$2y$10$TBsv6PDIPmm2F99e4LyRnuQSfush0Rte./fFA7s4DGXo13lx.GKAu","1967-02-17 05:42:47","2","2","Libero aspernatur accusamus dolorem nostrum. Illum itaque impedit laudantium tempore asperiores qui vero. Est consequuntur porro est quod id sapiente ut. Modi repellendus tenetur ut rerum quaerat temporibus. Porro harum consectetur eos molestiae.","France","","Melisaton","84448","../fixtures/female7.jpg","../fixtures/female10.jpg","","","","72","16b5688768f950cd392c05d2d2c246a8","2016-01-07 13:06:12","1","0","1996-11-17 08:39:12","1975-01-07 00:19:37");
INSERT INTO user_tag (user_id, tag_id) VALUES ("281","23");
INSERT INTO user_tag (user_id, tag_id) VALUES ("281","7");
INSERT INTO user_tag (user_id, tag_id) VALUES ("281","37");
INSERT INTO user_tag (user_id, tag_id) VALUES ("281","27");
INSERT INTO user_tag (user_id, tag_id) VALUES ("281","42");
INSERT INTO user_tag (user_id, tag_id) VALUES ("281","30");


INSERT INTO likes (like_id, liked_id, like_date) VALUES ("281","65","2017-10-06 15:18:56");
INSERT INTO likes (like_id, liked_id, like_date) VALUES ("281","443","2018-02-04 19:36:59");
INSERT INTO likes (like_id, liked_id, like_date) VALUES ("281","10","2018-01-22 06:17:24");
INSERT INTO likes (like_id, liked_id, like_date) VALUES ("281","16","2017-03-26 00:05:38");
INSERT INTO likes (like_id, liked_id, like_date) VALUES ("281","186","2017-06-01 14:35:09");
INSERT INTO likes (like_id, liked_id, like_date) VALUES ("281","386","2017-04-06 07:06:59");
INSERT INTO likes (like_id, liked_id, like_date) VALUES ("281","79","2017-08-28 06:57:24");
INSERT INTO likes (like_id, liked_id, like_date) VALUES ("281","407","2017-03-10 12:31:55");
INSERT INTO likes (like_id, liked_id, like_date) VALUES ("281","45","2018-01-30 03:22:02");
INSERT INTO likes (like_id, liked_id, like_date) VALUES ("281","407","2017-05-02 14:56:25");
INSERT INTO likes (like_id, liked_id, like_date) VALUES ("281","473","2017-05-30 05:17:42");
INSERT INTO likes (like_id, liked_id, like_date) VALUES ("281","311","2018-02-10 17:17:58");
INSERT INTO likes (like_id, liked_id, like_date) VALUES ("281","306","2017-12-24 19:25:36");


INSERT INTO user (id, first_name, last_name, username, email, password, birthdate, gender, orientation, bio, country, state, city, zip, file_1, file_2, file_3, file_4, file_5, score, token, token_date, active, register, created_at, updated_at) VALUES ("282","Gracie","Wunsch","ukohler","weldon.toy@hotmail.com","$2y$10$3w.JpzmjQmzwnGYiuQsGNeVl2OTA2W6Z/lc6Ga/AgWo6Dgl9I9DDS","1955-01-18 11:48:13","1","3","Facere eos ea ut natus voluptates tempore repudiandae. Aperiam eum fugiat et. Rerum illo omnis quia quasi inventore. Nobis in et est occaecati velit excepturi.","Vietnam","","Lelandstad","21384-0162","../fixtures/male5.jpg","../fixtures/male9.jpg","../fixtures/male6.jpg","../fixtures/male10.jpg","../fixtures/male2.jpg","97","118a134b006599b1d894c61dff64b6d2","1987-03-31 19:32:41","0","0","1986-09-29 01:56:47","1979-10-13 16:19:40");
INSERT INTO user_tag (user_id, tag_id) VALUES ("282","38");
INSERT INTO user_tag (user_id, tag_id) VALUES ("282","36");
INSERT INTO user_tag (user_id, tag_id) VALUES ("282","49");
INSERT INTO user_tag (user_id, tag_id) VALUES ("282","36");
INSERT INTO user_tag (user_id, tag_id) VALUES ("282","5");
INSERT INTO user_tag (user_id, tag_id) VALUES ("282","22");
INSERT INTO user_tag (user_id, tag_id) VALUES ("282","8");
INSERT INTO user_tag (user_id, tag_id) VALUES ("282","34");
INSERT INTO user_tag (user_id, tag_id) VALUES ("282","44");
INSERT INTO user_tag (user_id, tag_id) VALUES ("282","48");
INSERT INTO user_tag (user_id, tag_id) VALUES ("282","18");
INSERT INTO user_tag (user_id, tag_id) VALUES ("282","22");
INSERT INTO user_tag (user_id, tag_id) VALUES ("282","12");
INSERT INTO user_tag (user_id, tag_id) VALUES ("282","41");


INSERT INTO likes (like_id, liked_id, like_date) VALUES ("282","236","2017-04-25 00:29:11");
INSERT INTO likes (like_id, liked_id, like_date) VALUES ("282","1","2017-11-26 17:56:51");
INSERT INTO likes (like_id, liked_id, like_date) VALUES ("282","480","2017-11-14 17:58:18");
INSERT INTO likes (like_id, liked_id, like_date) VALUES ("282","493","2017-03-27 19:24:06");
INSERT INTO likes (like_id, liked_id, like_date) VALUES ("282","292","2017-10-07 19:10:43");
INSERT INTO likes (like_id, liked_id, like_date) VALUES ("282","46","2017-10-10 10:09:09");
INSERT INTO likes (like_id, liked_id, like_date) VALUES ("282","80","2017-11-25 02:50:48");
INSERT INTO likes (like_id, liked_id, like_date) VALUES ("282","162","2017-10-16 16:27:07");


INSERT INTO user (id, first_name, last_name, username, email, password, birthdate, gender, orientation, bio, country, state, city, zip, file_1, file_2, file_3, file_4, file_5, score, token, token_date, active, register, created_at, updated_at) VALUES ("283","Watson","Bahringer","hopeauer","hayes.sam@yahoo.com","$2y$10$qaA7Q67EXnj5twUPvuZlaeGeBJwwduIxz6dGMHmtm9caRv/8B9arS","1951-01-22 15:42:00","2","1","Illo corporis recusandae expedita voluptas illum unde fugiat molestiae. Quae quo dolores error non sed eos omnis cupiditate. Molestiae minus facere beatae eligendi error inventore minus.","United States Minor Outlying Islands","","East Mitchelbury","90830-5406","../fixtures/female10.jpg","../fixtures/female1.jpg","../fixtures/female2.jpg","../fixtures/female4.jpg","../fixtures/female4.jpg","91","0bf691bc69eca9f04919086a0f2a4204","1979-10-04 05:21:03","0","0","2017-12-14 23:43:02","1993-02-03 16:01:24");
INSERT INTO user_tag (user_id, tag_id) VALUES ("283","19");
INSERT INTO user_tag (user_id, tag_id) VALUES ("283","1");
INSERT INTO user_tag (user_id, tag_id) VALUES ("283","47");
INSERT INTO user_tag (user_id, tag_id) VALUES ("283","48");
INSERT INTO user_tag (user_id, tag_id) VALUES ("283","44");


INSERT INTO likes (like_id, liked_id, like_date) VALUES ("283","288","2017-10-22 11:13:09");
INSERT INTO likes (like_id, liked_id, like_date) VALUES ("283","345","2018-01-04 11:44:32");
INSERT INTO likes (like_id, liked_id, like_date) VALUES ("283","462","2018-01-15 06:03:48");
INSERT INTO likes (like_id, liked_id, like_date) VALUES ("283","211","2017-12-23 03:26:54");
INSERT INTO likes (like_id, liked_id, like_date) VALUES ("283","351","2017-07-01 23:21:47");
INSERT INTO likes (like_id, liked_id, like_date) VALUES ("283","379","2017-09-23 01:40:44");
INSERT INTO likes (like_id, liked_id, like_date) VALUES ("283","240","2017-10-10 06:17:00");
INSERT INTO likes (like_id, liked_id, like_date) VALUES ("283","404","2017-08-17 03:56:43");
INSERT INTO likes (like_id, liked_id, like_date) VALUES ("283","49","2018-02-07 03:53:10");
INSERT INTO likes (like_id, liked_id, like_date) VALUES ("283","365","2017-06-20 00:13:58");
INSERT INTO likes (like_id, liked_id, like_date) VALUES ("283","453","2017-06-17 00:48:43");


INSERT INTO user (id, first_name, last_name, username, email, password, birthdate, gender, orientation, bio, country, state, city, zip, file_1, file_2, file_3, file_4, file_5, score, token, token_date, active, register, created_at, updated_at) VALUES ("284","Wyatt","Senger","tgaylord","corbin80@yahoo.com","$2y$10$kGua3uZc8vh0yVFeAz/kEeLirSp/wT5eRwXFNbOXFXAE3MkAPZYFe","1959-04-26 18:54:48","2","2","Cupiditate distinctio distinctio ea adipisci ipsam blanditiis. Exercitationem adipisci doloribus consectetur officia. Quia rerum eaque saepe voluptatibus.","Montserrat","","Eugenehaven","18238-0605","../fixtures/female1.jpg","../fixtures/female5.jpg","../fixtures/female2.jpg","","","86","28e4e70ff4fdfde14cb379ef65c586ff","1996-07-09 03:58:37","0","0","1985-10-31 09:55:55","1993-01-31 06:36:34");
INSERT INTO user_tag (user_id, tag_id) VALUES ("284","37");
INSERT INTO user_tag (user_id, tag_id) VALUES ("284","11");
INSERT INTO user_tag (user_id, tag_id) VALUES ("284","40");
INSERT INTO user_tag (user_id, tag_id) VALUES ("284","40");
INSERT INTO user_tag (user_id, tag_id) VALUES ("284","13");
INSERT INTO user_tag (user_id, tag_id) VALUES ("284","35");
INSERT INTO user_tag (user_id, tag_id) VALUES ("284","11");
INSERT INTO user_tag (user_id, tag_id) VALUES ("284","19");
INSERT INTO user_tag (user_id, tag_id) VALUES ("284","45");
INSERT INTO user_tag (user_id, tag_id) VALUES ("284","32");
INSERT INTO user_tag (user_id, tag_id) VALUES ("284","6");
INSERT INTO user_tag (user_id, tag_id) VALUES ("284","49");
INSERT INTO user_tag (user_id, tag_id) VALUES ("284","42");
INSERT INTO user_tag (user_id, tag_id) VALUES ("284","36");


INSERT INTO likes (like_id, liked_id, like_date) VALUES ("284","46","2017-02-19 23:33:25");
INSERT INTO likes (like_id, liked_id, like_date) VALUES ("284","171","2017-09-26 17:54:20");


INSERT INTO user (id, first_name, last_name, username, email, password, birthdate, gender, orientation, bio, country, state, city, zip, file_1, file_2, file_3, file_4, file_5, score, token, token_date, active, register, created_at, updated_at) VALUES ("285","Justine","Hansen","addisonmueller","cicero.cremin@gmail.com","$2y$10$1HH3oq2zOV16FPX3HS8jV.oZRor.yeTQPSHTYGtOHqedcq/JXNYU2","1949-04-24 01:49:57","2","2","Saepe architecto et mollitia alias ex qui quia consequatur. Non consequatur aspernatur consequatur amet et delectus. Sint illo neque quas exercitationem.","Cambodia","","Lethaside","05462","../fixtures/female9.jpg","../fixtures/female9.jpg","../fixtures/female10.jpg","../fixtures/female10.jpg","../fixtures/female10.jpg","67","4de563823ee391c82c4c7a1bb82e0be3","1985-12-18 23:34:26","0","0","1984-03-19 08:14:15","2001-12-07 01:51:22");
INSERT INTO user_tag (user_id, tag_id) VALUES ("285","43");
INSERT INTO user_tag (user_id, tag_id) VALUES ("285","27");
INSERT INTO user_tag (user_id, tag_id) VALUES ("285","25");
INSERT INTO user_tag (user_id, tag_id) VALUES ("285","22");
INSERT INTO user_tag (user_id, tag_id) VALUES ("285","2");
INSERT INTO user_tag (user_id, tag_id) VALUES ("285","49");
INSERT INTO user_tag (user_id, tag_id) VALUES ("285","22");
INSERT INTO user_tag (user_id, tag_id) VALUES ("285","43");
INSERT INTO user_tag (user_id, tag_id) VALUES ("285","13");
INSERT INTO user_tag (user_id, tag_id) VALUES ("285","11");


INSERT INTO likes (like_id, liked_id, like_date) VALUES ("285","241","2017-08-09 03:22:11");
INSERT INTO likes (like_id, liked_id, like_date) VALUES ("285","400","2017-07-09 01:30:03");
INSERT INTO likes (like_id, liked_id, like_date) VALUES ("285","465","2017-12-09 02:27:20");
INSERT INTO likes (like_id, liked_id, like_date) VALUES ("285","224","2017-12-04 18:24:22");
INSERT INTO likes (like_id, liked_id, like_date) VALUES ("285","246","2017-05-20 09:19:57");
INSERT INTO likes (like_id, liked_id, like_date) VALUES ("285","453","2017-12-21 16:05:14");
INSERT INTO likes (like_id, liked_id, like_date) VALUES ("285","326","2018-02-03 14:32:42");
INSERT INTO likes (like_id, liked_id, like_date) VALUES ("285","298","2017-03-09 04:16:16");
INSERT INTO likes (like_id, liked_id, like_date) VALUES ("285","142","2017-12-09 04:45:52");
INSERT INTO likes (like_id, liked_id, like_date) VALUES ("285","166","2017-03-23 20:29:22");
INSERT INTO likes (like_id, liked_id, like_date) VALUES ("285","421","2017-09-14 07:27:29");
INSERT INTO likes (like_id, liked_id, like_date) VALUES ("285","283","2017-02-23 13:53:37");
INSERT INTO likes (like_id, liked_id, like_date) VALUES ("285","467","2017-07-29 18:22:30");
INSERT INTO likes (like_id, liked_id, like_date) VALUES ("285","362","2017-09-15 05:22:50");
INSERT INTO likes (like_id, liked_id, like_date) VALUES ("285","479","2017-06-03 18:10:05");
INSERT INTO likes (like_id, liked_id, like_date) VALUES ("285","22","2017-03-10 10:57:00");


INSERT INTO user (id, first_name, last_name, username, email, password, birthdate, gender, orientation, bio, country, state, city, zip, file_1, file_2, file_3, file_4, file_5, score, token, token_date, active, register, created_at, updated_at) VALUES ("286","Marlee","Herman","darrick13","concepcion25@baumbach.com","$2y$10$FE3cIQ0xB/to5PZQZtvA9Ot8HrWhYBOh4Ij/zjfibuxRvDI8WAATG","1993-02-22 04:40:45","2","2","Molestias dolorum quasi doloribus ducimus qui et. Id porro et cupiditate recusandae libero pariatur. Beatae qui quod et adipisci.","Ireland","","Port Traceyville","65247-3680","../fixtures/female7.jpg","","","","","30","80baa1a5faf360a538aa858889f01941","1972-10-03 12:56:46","1","1","1985-06-03 19:53:14","1977-06-18 21:50:40");
INSERT INTO user_tag (user_id, tag_id) VALUES ("286","28");
INSERT INTO user_tag (user_id, tag_id) VALUES ("286","28");
INSERT INTO user_tag (user_id, tag_id) VALUES ("286","20");
INSERT INTO user_tag (user_id, tag_id) VALUES ("286","45");
INSERT INTO user_tag (user_id, tag_id) VALUES ("286","7");
INSERT INTO user_tag (user_id, tag_id) VALUES ("286","49");
INSERT INTO user_tag (user_id, tag_id) VALUES ("286","32");
INSERT INTO user_tag (user_id, tag_id) VALUES ("286","11");
INSERT INTO user_tag (user_id, tag_id) VALUES ("286","45");
INSERT INTO user_tag (user_id, tag_id) VALUES ("286","36");
INSERT INTO user_tag (user_id, tag_id) VALUES ("286","26");


INSERT INTO likes (like_id, liked_id, like_date) VALUES ("286","117","2017-08-16 06:55:39");
INSERT INTO likes (like_id, liked_id, like_date) VALUES ("286","152","2017-08-12 15:56:22");
INSERT INTO likes (like_id, liked_id, like_date) VALUES ("286","270","2018-01-04 09:36:49");
INSERT INTO likes (like_id, liked_id, like_date) VALUES ("286","430","2017-03-31 15:13:38");
INSERT INTO likes (like_id, liked_id, like_date) VALUES ("286","148","2017-10-07 07:50:53");
INSERT INTO likes (like_id, liked_id, like_date) VALUES ("286","261","2018-02-01 13:12:37");
INSERT INTO likes (like_id, liked_id, like_date) VALUES ("286","110","2017-03-17 08:40:47");
INSERT INTO likes (like_id, liked_id, like_date) VALUES ("286","166","2017-08-18 13:34:39");
INSERT INTO likes (like_id, liked_id, like_date) VALUES ("286","238","2017-07-29 19:53:46");
INSERT INTO likes (like_id, liked_id, like_date) VALUES ("286","489","2017-06-09 20:11:26");
INSERT INTO likes (like_id, liked_id, like_date) VALUES ("286","18","2017-05-09 15:16:56");
INSERT INTO likes (like_id, liked_id, like_date) VALUES ("286","378","2017-07-26 07:13:53");
INSERT INTO likes (like_id, liked_id, like_date) VALUES ("286","254","2017-08-03 21:00:29");
INSERT INTO likes (like_id, liked_id, like_date) VALUES ("286","436","2017-06-03 17:35:53");
INSERT INTO likes (like_id, liked_id, like_date) VALUES ("286","195","2017-05-12 16:49:53");
INSERT INTO likes (like_id, liked_id, like_date) VALUES ("286","89","2017-09-08 11:01:45");


INSERT INTO user (id, first_name, last_name, username, email, password, birthdate, gender, orientation, bio, country, state, city, zip, file_1, file_2, file_3, file_4, file_5, score, token, token_date, active, register, created_at, updated_at) VALUES ("287","Flavie","Tillman","shieldslaila","willms.makenzie@gmail.com","$2y$10$WqHSYyJ3sLXxr2mXV7CwreTCoEAsnUuq3qLhTVpLLA3h8rcgmQWFm","1950-02-07 03:04:41","1","2","Quo non similique vel deserunt facere consectetur. Doloremque qui accusantium rerum et autem impedit. Veritatis animi quia dicta eos libero enim.","Panama","","Heathcotetown","58734","../fixtures/male6.jpg","../fixtures/male4.jpg","../fixtures/male9.jpg","../fixtures/male4.jpg","../fixtures/male10.jpg","29","3ab43da84762d338b843950a9c4a0b6d","1970-10-29 21:26:37","1","0","2011-08-17 15:44:11","1977-02-22 02:53:45");
INSERT INTO user_tag (user_id, tag_id) VALUES ("287","41");
INSERT INTO user_tag (user_id, tag_id) VALUES ("287","38");
INSERT INTO user_tag (user_id, tag_id) VALUES ("287","22");
INSERT INTO user_tag (user_id, tag_id) VALUES ("287","9");
INSERT INTO user_tag (user_id, tag_id) VALUES ("287","10");
INSERT INTO user_tag (user_id, tag_id) VALUES ("287","34");
INSERT INTO user_tag (user_id, tag_id) VALUES ("287","14");
INSERT INTO user_tag (user_id, tag_id) VALUES ("287","37");
INSERT INTO user_tag (user_id, tag_id) VALUES ("287","33");
INSERT INTO user_tag (user_id, tag_id) VALUES ("287","15");
INSERT INTO user_tag (user_id, tag_id) VALUES ("287","8");


INSERT INTO likes (like_id, liked_id, like_date) VALUES ("287","6","2017-11-24 07:49:51");
INSERT INTO likes (like_id, liked_id, like_date) VALUES ("287","204","2017-04-08 05:24:53");
INSERT INTO likes (like_id, liked_id, like_date) VALUES ("287","344","2018-01-04 16:52:46");
INSERT INTO likes (like_id, liked_id, like_date) VALUES ("287","141","2017-12-06 06:50:21");
INSERT INTO likes (like_id, liked_id, like_date) VALUES ("287","360","2017-10-11 05:18:47");
INSERT INTO likes (like_id, liked_id, like_date) VALUES ("287","183","2017-08-09 14:13:05");


INSERT INTO user (id, first_name, last_name, username, email, password, birthdate, gender, orientation, bio, country, state, city, zip, file_1, file_2, file_3, file_4, file_5, score, token, token_date, active, register, created_at, updated_at) VALUES ("288","Johnson","Pfeffer","elsa04","steuber.therese@glover.info","$2y$10$CtY45cw2UDRlkq.qAORwSuUlupuFU4o5xX47m2RUD/TUy9buE2xzW","1995-10-25 17:11:53","2","2","Dolorem et qui non delectus maxime esse. Atque ad ducimus facilis. Corporis labore sapiente non dolorem. Voluptatum quae non est quia voluptates temporibus porro.","Netherlands Antilles","","Lake Ruthefurt","76289-2901","../fixtures/female1.jpg","","","","","68","dd25c34b3246f4e59f279ef37e0d9c2e","1982-01-29 11:48:29","1","0","1986-11-18 16:59:07","1981-11-01 10:32:41");
INSERT INTO user_tag (user_id, tag_id) VALUES ("288","41");
INSERT INTO user_tag (user_id, tag_id) VALUES ("288","17");


INSERT INTO likes (like_id, liked_id, like_date) VALUES ("288","70","2017-12-02 08:52:49");
INSERT INTO likes (like_id, liked_id, like_date) VALUES ("288","53","2017-07-25 04:22:57");
INSERT INTO likes (like_id, liked_id, like_date) VALUES ("288","262","2017-10-28 20:29:41");
INSERT INTO likes (like_id, liked_id, like_date) VALUES ("288","169","2017-09-30 07:51:17");
INSERT INTO likes (like_id, liked_id, like_date) VALUES ("288","356","2017-11-16 20:34:32");
INSERT INTO likes (like_id, liked_id, like_date) VALUES ("288","273","2017-03-25 15:50:30");
INSERT INTO likes (like_id, liked_id, like_date) VALUES ("288","298","2018-01-10 11:33:56");
INSERT INTO likes (like_id, liked_id, like_date) VALUES ("288","184","2017-07-26 20:45:43");
INSERT INTO likes (like_id, liked_id, like_date) VALUES ("288","345","2018-02-13 04:18:57");
INSERT INTO likes (like_id, liked_id, like_date) VALUES ("288","86","2017-06-27 10:01:04");
INSERT INTO likes (like_id, liked_id, like_date) VALUES ("288","116","2017-09-07 13:42:25");
INSERT INTO likes (like_id, liked_id, like_date) VALUES ("288","450","2017-04-26 23:19:31");
INSERT INTO likes (like_id, liked_id, like_date) VALUES ("288","393","2017-03-19 15:11:05");


INSERT INTO user (id, first_name, last_name, username, email, password, birthdate, gender, orientation, bio, country, state, city, zip, file_1, file_2, file_3, file_4, file_5, score, token, token_date, active, register, created_at, updated_at) VALUES ("289","Nicholaus","Barton","leatha21","langworth.kimberly@yahoo.com","$2y$10$5qLvOU9CFXPFA652iTOkFOJb9QM.FR1mdmSCL/6bgcjDCNGx8Mzum","1959-02-15 05:15:13","1","1","Ut ullam fuga et error corrupti. Voluptatem qui ut dolor rerum perferendis. Reiciendis qui cum sed necessitatibus distinctio in est. Molestias laudantium enim consectetur.","Bermuda","","East Dax","09213-6517","../fixtures/male9.jpg","../fixtures/male8.jpg","../fixtures/male1.jpg","../fixtures/male1.jpg","","72","debf1bd33fd8db20dbda1962fd3193fd","1994-12-05 20:30:37","1","1","1988-07-28 00:02:23","1995-03-09 16:32:48");
INSERT INTO user_tag (user_id, tag_id) VALUES ("289","38");
INSERT INTO user_tag (user_id, tag_id) VALUES ("289","31");
INSERT INTO user_tag (user_id, tag_id) VALUES ("289","28");
INSERT INTO user_tag (user_id, tag_id) VALUES ("289","1");
INSERT INTO user_tag (user_id, tag_id) VALUES ("289","23");
INSERT INTO user_tag (user_id, tag_id) VALUES ("289","47");


INSERT INTO likes (like_id, liked_id, like_date) VALUES ("289","305","2018-01-02 23:50:52");


INSERT INTO user (id, first_name, last_name, username, email, password, birthdate, gender, orientation, bio, country, state, city, zip, file_1, file_2, file_3, file_4, file_5, score, token, token_date, active, register, created_at, updated_at) VALUES ("290","Grady","Daugherty","jamel15","ncrooks@predovic.com","$2y$10$3WiT5ykdm3q5lbhdfRvq6eET5jGCrh0ppmxSEyuEQ.COLqL/MCFry","1984-08-16 14:30:34","2","2","Maiores voluptatum suscipit aut. Autem consequuntur accusamus dolorem veniam architecto. Quasi voluptates est aut rem voluptatem ut est. Voluptatem qui laboriosam magnam aut molestias.","Bangladesh","","Isaifort","36853","../fixtures/female7.jpg","","","","","91","4091dccf145ae18c1b8fb02c9d367061","1988-10-21 03:31:00","0","0","2000-04-29 20:16:45","1979-07-11 08:48:21");
INSERT INTO user_tag (user_id, tag_id) VALUES ("290","11");
INSERT INTO user_tag (user_id, tag_id) VALUES ("290","3");
INSERT INTO user_tag (user_id, tag_id) VALUES ("290","35");
INSERT INTO user_tag (user_id, tag_id) VALUES ("290","28");
INSERT INTO user_tag (user_id, tag_id) VALUES ("290","11");


INSERT INTO likes (like_id, liked_id, like_date) VALUES ("290","255","2017-07-18 17:39:51");
INSERT INTO likes (like_id, liked_id, like_date) VALUES ("290","480","2017-03-17 03:09:07");
INSERT INTO likes (like_id, liked_id, like_date) VALUES ("290","286","2017-04-13 06:59:07");
INSERT INTO likes (like_id, liked_id, like_date) VALUES ("290","494","2017-08-16 16:08:44");
INSERT INTO likes (like_id, liked_id, like_date) VALUES ("290","142","2017-08-14 08:35:03");
INSERT INTO likes (like_id, liked_id, like_date) VALUES ("290","186","2018-01-18 04:02:36");
INSERT INTO likes (like_id, liked_id, like_date) VALUES ("290","445","2017-05-13 18:48:07");


INSERT INTO user (id, first_name, last_name, username, email, password, birthdate, gender, orientation, bio, country, state, city, zip, file_1, file_2, file_3, file_4, file_5, score, token, token_date, active, register, created_at, updated_at) VALUES ("291","Meaghan","Kessler","champlinzena","metz.theodore@koelpin.com","$2y$10$TafirVirHcIYtpjkdtyjHejO2NKLTSVR5rdCjsLUwqy7wX1TXLGUW","1981-08-10 01:15:38","1","1","Consequuntur qui rerum fugit ut eos quia. Molestias reiciendis nulla sit. Dolores molestias iusto nihil sunt harum ea eos. Et aut vel cumque cumque dolore est aliquam.","Syrian Arab Republic","","Armandoburgh","36226-9607","../fixtures/male10.jpg","../fixtures/male10.jpg","","","","42","a7f91d3a112d023284facfc831810ce2","1990-10-20 04:39:59","1","1","1976-03-11 06:48:40","1997-09-29 18:17:37");
INSERT INTO user_tag (user_id, tag_id) VALUES ("291","30");
INSERT INTO user_tag (user_id, tag_id) VALUES ("291","41");
INSERT INTO user_tag (user_id, tag_id) VALUES ("291","12");
INSERT INTO user_tag (user_id, tag_id) VALUES ("291","24");
INSERT INTO user_tag (user_id, tag_id) VALUES ("291","10");
INSERT INTO user_tag (user_id, tag_id) VALUES ("291","30");


INSERT INTO likes (like_id, liked_id, like_date) VALUES ("291","101","2017-11-27 21:13:25");
INSERT INTO likes (like_id, liked_id, like_date) VALUES ("291","334","2017-08-05 04:42:35");


INSERT INTO user (id, first_name, last_name, username, email, password, birthdate, gender, orientation, bio, country, state, city, zip, file_1, file_2, file_3, file_4, file_5, score, token, token_date, active, register, created_at, updated_at) VALUES ("292","Guillermo","Reichert","runteloren","mallory.boyer@leannon.info","$2y$10$VeYMh6UW4ixiMneOiioH7.EG0.8Foyw5neZRxHgsoK7DjiOM30AGq","1970-09-27 20:14:47","2","1","Non quibusdam modi sit aut doloribus. In rerum odio ut ut quibusdam. Ut adipisci fuga atque aut dolorum. Ut voluptatum ducimus ea ut non.","Kiribati","","New Felicity","06299-3493","../fixtures/female4.jpg","../fixtures/female4.jpg","../fixtures/female8.jpg","../fixtures/female7.jpg","","12","fe70c495b181ef2c7a2ca841bc0289e0","2009-02-19 16:27:15","0","0","1978-11-18 07:28:43","1972-04-23 09:59:13");
INSERT INTO user_tag (user_id, tag_id) VALUES ("292","38");
INSERT INTO user_tag (user_id, tag_id) VALUES ("292","41");
INSERT INTO user_tag (user_id, tag_id) VALUES ("292","33");
INSERT INTO user_tag (user_id, tag_id) VALUES ("292","50");
INSERT INTO user_tag (user_id, tag_id) VALUES ("292","40");
INSERT INTO user_tag (user_id, tag_id) VALUES ("292","28");
INSERT INTO user_tag (user_id, tag_id) VALUES ("292","1");
INSERT INTO user_tag (user_id, tag_id) VALUES ("292","45");
INSERT INTO user_tag (user_id, tag_id) VALUES ("292","23");
INSERT INTO user_tag (user_id, tag_id) VALUES ("292","33");
INSERT INTO user_tag (user_id, tag_id) VALUES ("292","39");
INSERT INTO user_tag (user_id, tag_id) VALUES ("292","18");
INSERT INTO user_tag (user_id, tag_id) VALUES ("292","13");
INSERT INTO user_tag (user_id, tag_id) VALUES ("292","38");
INSERT INTO user_tag (user_id, tag_id) VALUES ("292","21");


INSERT INTO likes (like_id, liked_id, like_date) VALUES ("292","227","2018-01-15 05:07:23");
INSERT INTO likes (like_id, liked_id, like_date) VALUES ("292","458","2017-05-22 00:46:26");
INSERT INTO likes (like_id, liked_id, like_date) VALUES ("292","230","2017-10-10 08:19:29");
INSERT INTO likes (like_id, liked_id, like_date) VALUES ("292","236","2017-05-23 19:04:27");
INSERT INTO likes (like_id, liked_id, like_date) VALUES ("292","127","2017-12-31 04:57:13");
INSERT INTO likes (like_id, liked_id, like_date) VALUES ("292","432","2017-04-26 21:02:47");
INSERT INTO likes (like_id, liked_id, like_date) VALUES ("292","395","2018-01-21 14:34:14");
INSERT INTO likes (like_id, liked_id, like_date) VALUES ("292","476","2017-10-12 18:13:45");
INSERT INTO likes (like_id, liked_id, like_date) VALUES ("292","465","2017-03-13 06:25:57");
INSERT INTO likes (like_id, liked_id, like_date) VALUES ("292","269","2017-03-19 18:11:54");
INSERT INTO likes (like_id, liked_id, like_date) VALUES ("292","335","2017-03-15 19:07:54");
INSERT INTO likes (like_id, liked_id, like_date) VALUES ("292","113","2017-04-09 14:28:30");
INSERT INTO likes (like_id, liked_id, like_date) VALUES ("292","5","2017-11-04 16:17:49");


INSERT INTO user (id, first_name, last_name, username, email, password, birthdate, gender, orientation, bio, country, state, city, zip, file_1, file_2, file_3, file_4, file_5, score, token, token_date, active, register, created_at, updated_at) VALUES ("293","Kellie","Gottlieb","ankundingreina","mollie32@yahoo.com","$2y$10$BgCXVpAR0rYA3qnzgDYb6.HdTkO2TXPC5/b3jBkopx5zd7Q053u7K","1999-07-23 07:15:22","2","1","Soluta dolorem ad quaerat soluta ipsam harum soluta tempore. Aut aspernatur aut hic soluta aperiam. Est eum sapiente et. Voluptatem nam iste similique exercitationem libero dolore in consequuntur.","Mozambique","","Treborough","68687-4259","../fixtures/female4.jpg","../fixtures/female9.jpg","../fixtures/female6.jpg","","","98","b3d3122348ea681ee9e4415e58e976b8","1972-02-10 05:04:20","0","0","2003-02-27 00:43:15","1991-07-24 23:24:23");
INSERT INTO user_tag (user_id, tag_id) VALUES ("293","48");


INSERT INTO likes (like_id, liked_id, like_date) VALUES ("293","91","2017-11-25 00:26:52");
INSERT INTO likes (like_id, liked_id, like_date) VALUES ("293","299","2017-04-10 09:17:07");
INSERT INTO likes (like_id, liked_id, like_date) VALUES ("293","484","2017-11-22 06:02:26");
INSERT INTO likes (like_id, liked_id, like_date) VALUES ("293","165","2017-05-25 23:57:06");
INSERT INTO likes (like_id, liked_id, like_date) VALUES ("293","413","2017-07-23 00:53:44");
INSERT INTO likes (like_id, liked_id, like_date) VALUES ("293","401","2017-05-09 12:14:00");
INSERT INTO likes (like_id, liked_id, like_date) VALUES ("293","16","2017-03-16 17:21:42");
INSERT INTO likes (like_id, liked_id, like_date) VALUES ("293","239","2017-08-23 11:12:20");


INSERT INTO user (id, first_name, last_name, username, email, password, birthdate, gender, orientation, bio, country, state, city, zip, file_1, file_2, file_3, file_4, file_5, score, token, token_date, active, register, created_at, updated_at) VALUES ("294","Frieda","McLaughlin","karlie63","alexandra52@yahoo.com","$2y$10$HVzFPa9FiJtTCHY8vb8HK.67Q9Uy8.oLpQX4ihdXJHH6A22ID08di","1978-02-03 17:17:08","1","1","Ad repellat dolorum explicabo non et consequatur. Molestias pariatur non impedit iure. Repellat vero quod placeat aspernatur.","Western Sahara","","East Lavinia","71690","../fixtures/male9.jpg","../fixtures/male4.jpg","../fixtures/male10.jpg","../fixtures/male6.jpg","../fixtures/male5.jpg","2","d01423e9f2b45435555a62816219129f","2001-07-20 04:46:14","1","1","1985-07-04 21:24:23","1989-12-12 07:02:58");
INSERT INTO user_tag (user_id, tag_id) VALUES ("294","23");
INSERT INTO user_tag (user_id, tag_id) VALUES ("294","24");
INSERT INTO user_tag (user_id, tag_id) VALUES ("294","6");
INSERT INTO user_tag (user_id, tag_id) VALUES ("294","12");
INSERT INTO user_tag (user_id, tag_id) VALUES ("294","2");
INSERT INTO user_tag (user_id, tag_id) VALUES ("294","1");
INSERT INTO user_tag (user_id, tag_id) VALUES ("294","44");
INSERT INTO user_tag (user_id, tag_id) VALUES ("294","50");
INSERT INTO user_tag (user_id, tag_id) VALUES ("294","50");
INSERT INTO user_tag (user_id, tag_id) VALUES ("294","48");


INSERT INTO likes (like_id, liked_id, like_date) VALUES ("294","94","2017-12-20 14:46:21");
INSERT INTO likes (like_id, liked_id, like_date) VALUES ("294","426","2017-04-17 21:49:56");
INSERT INTO likes (like_id, liked_id, like_date) VALUES ("294","238","2017-09-17 11:21:03");
INSERT INTO likes (like_id, liked_id, like_date) VALUES ("294","110","2017-08-04 04:02:08");
INSERT INTO likes (like_id, liked_id, like_date) VALUES ("294","363","2017-02-20 15:48:10");
INSERT INTO likes (like_id, liked_id, like_date) VALUES ("294","287","2017-03-16 05:43:04");
INSERT INTO likes (like_id, liked_id, like_date) VALUES ("294","459","2017-03-05 20:37:21");
INSERT INTO likes (like_id, liked_id, like_date) VALUES ("294","210","2017-07-06 22:34:25");
INSERT INTO likes (like_id, liked_id, like_date) VALUES ("294","176","2017-11-23 15:01:04");
INSERT INTO likes (like_id, liked_id, like_date) VALUES ("294","436","2017-03-05 08:42:31");
INSERT INTO likes (like_id, liked_id, like_date) VALUES ("294","405","2017-03-13 03:10:28");
INSERT INTO likes (like_id, liked_id, like_date) VALUES ("294","175","2017-08-07 20:35:12");
INSERT INTO likes (like_id, liked_id, like_date) VALUES ("294","123","2017-04-06 02:57:35");
INSERT INTO likes (like_id, liked_id, like_date) VALUES ("294","298","2017-04-28 15:23:50");
INSERT INTO likes (like_id, liked_id, like_date) VALUES ("294","331","2017-06-09 09:33:48");


INSERT INTO user (id, first_name, last_name, username, email, password, birthdate, gender, orientation, bio, country, state, city, zip, file_1, file_2, file_3, file_4, file_5, score, token, token_date, active, register, created_at, updated_at) VALUES ("295","Sim","Boehm","sanfordjuston","swaelchi@huels.com","$2y$10$q0JsxHdi6WPii6gYhbAQNOv8P92Y4xzVog9VMH7SKYgiUeUORK6C2","1970-01-09 22:18:35","1","1","Possimus quos autem totam iure expedita at. Debitis voluptatum rerum et incidunt error quae est saepe. Dignissimos vel quis atque illum est autem. Quis corporis voluptatibus rem et officiis.","Swaziland","","South Milfordhaven","82599-5436","../fixtures/male10.jpg","../fixtures/male5.jpg","../fixtures/male3.jpg","../fixtures/male7.jpg","../fixtures/male7.jpg","41","6964ef9ebdd3488e5e871c6afbc2036b","1998-12-17 22:31:01","1","1","1999-07-15 10:07:49","2015-11-10 07:26:04");
INSERT INTO user_tag (user_id, tag_id) VALUES ("295","8");


INSERT INTO likes (like_id, liked_id, like_date) VALUES ("295","87","2017-08-08 05:59:16");
INSERT INTO likes (like_id, liked_id, like_date) VALUES ("295","220","2017-09-24 17:44:59");
INSERT INTO likes (like_id, liked_id, like_date) VALUES ("295","137","2017-06-15 12:22:43");
INSERT INTO likes (like_id, liked_id, like_date) VALUES ("295","266","2017-12-30 12:29:06");
INSERT INTO likes (like_id, liked_id, like_date) VALUES ("295","195","2017-10-18 18:27:26");
INSERT INTO likes (like_id, liked_id, like_date) VALUES ("295","320","2017-02-18 19:41:15");
INSERT INTO likes (like_id, liked_id, like_date) VALUES ("295","472","2017-03-27 15:36:00");
INSERT INTO likes (like_id, liked_id, like_date) VALUES ("295","267","2017-05-29 18:30:06");
INSERT INTO likes (like_id, liked_id, like_date) VALUES ("295","413","2017-07-22 12:42:13");
INSERT INTO likes (like_id, liked_id, like_date) VALUES ("295","283","2017-11-22 16:47:01");
INSERT INTO likes (like_id, liked_id, like_date) VALUES ("295","497","2018-01-18 11:20:46");
INSERT INTO likes (like_id, liked_id, like_date) VALUES ("295","267","2017-06-27 14:25:47");
INSERT INTO likes (like_id, liked_id, like_date) VALUES ("295","16","2018-02-12 01:16:35");
INSERT INTO likes (like_id, liked_id, like_date) VALUES ("295","228","2017-06-02 04:48:50");
INSERT INTO likes (like_id, liked_id, like_date) VALUES ("295","108","2017-03-19 11:11:53");
INSERT INTO likes (like_id, liked_id, like_date) VALUES ("295","130","2017-03-09 12:43:14");
INSERT INTO likes (like_id, liked_id, like_date) VALUES ("295","460","2017-12-17 16:20:51");
INSERT INTO likes (like_id, liked_id, like_date) VALUES ("295","214","2017-05-28 06:28:07");


INSERT INTO user (id, first_name, last_name, username, email, password, birthdate, gender, orientation, bio, country, state, city, zip, file_1, file_2, file_3, file_4, file_5, score, token, token_date, active, register, created_at, updated_at) VALUES ("296","Sunny","Hane","bhudson","reynolds.jaclyn@fay.com","$2y$10$9SlKtl9/3R8dZH0wI3wnse.UQlSnfgCHsLoLH/Uzk5ZxeQLfbW5.O","1986-04-28 05:35:03","2","1","Alias et a ducimus et omnis laborum quia. Sunt quasi blanditiis illum voluptatem maiores aut voluptas sit. Adipisci distinctio nostrum eos minima voluptatem qui ea.","Gambia","","Lake Bertaside","06978-6040","../fixtures/female10.jpg","","","","","97","7865cec127478d9501ea30b5d696f2b6","1970-08-21 05:40:35","1","1","1989-08-27 21:09:30","1999-04-09 19:27:45");
INSERT INTO user_tag (user_id, tag_id) VALUES ("296","43");
INSERT INTO user_tag (user_id, tag_id) VALUES ("296","42");
INSERT INTO user_tag (user_id, tag_id) VALUES ("296","23");
INSERT INTO user_tag (user_id, tag_id) VALUES ("296","1");
INSERT INTO user_tag (user_id, tag_id) VALUES ("296","5");


INSERT INTO likes (like_id, liked_id, like_date) VALUES ("296","421","2017-05-15 07:03:08");
INSERT INTO likes (like_id, liked_id, like_date) VALUES ("296","237","2017-12-12 10:42:14");
INSERT INTO likes (like_id, liked_id, like_date) VALUES ("296","441","2017-05-17 12:15:15");
INSERT INTO likes (like_id, liked_id, like_date) VALUES ("296","36","2017-07-12 09:13:21");
INSERT INTO likes (like_id, liked_id, like_date) VALUES ("296","266","2017-06-08 12:01:17");
INSERT INTO likes (like_id, liked_id, like_date) VALUES ("296","450","2017-07-13 02:49:20");
INSERT INTO likes (like_id, liked_id, like_date) VALUES ("296","311","2017-08-27 12:06:41");
INSERT INTO likes (like_id, liked_id, like_date) VALUES ("296","31","2017-08-03 22:34:58");
INSERT INTO likes (like_id, liked_id, like_date) VALUES ("296","80","2017-04-07 23:26:58");
INSERT INTO likes (like_id, liked_id, like_date) VALUES ("296","183","2017-08-08 12:50:33");
INSERT INTO likes (like_id, liked_id, like_date) VALUES ("296","218","2018-01-08 20:12:02");
INSERT INTO likes (like_id, liked_id, like_date) VALUES ("296","182","2017-03-16 15:14:19");
INSERT INTO likes (like_id, liked_id, like_date) VALUES ("296","350","2018-01-06 03:54:00");
INSERT INTO likes (like_id, liked_id, like_date) VALUES ("296","133","2018-02-02 14:42:55");
INSERT INTO likes (like_id, liked_id, like_date) VALUES ("296","410","2017-06-25 02:39:55");
INSERT INTO likes (like_id, liked_id, like_date) VALUES ("296","141","2017-04-04 15:21:49");
INSERT INTO likes (like_id, liked_id, like_date) VALUES ("296","482","2017-09-08 02:14:36");
INSERT INTO likes (like_id, liked_id, like_date) VALUES ("296","139","2017-09-23 08:20:49");
INSERT INTO likes (like_id, liked_id, like_date) VALUES ("296","293","2017-12-29 20:18:12");
INSERT INTO likes (like_id, liked_id, like_date) VALUES ("296","460","2017-06-02 21:40:34");


INSERT INTO user (id, first_name, last_name, username, email, password, birthdate, gender, orientation, bio, country, state, city, zip, file_1, file_2, file_3, file_4, file_5, score, token, token_date, active, register, created_at, updated_at) VALUES ("297","Julian","Langworth","bessie74","kale17@gmail.com","$2y$10$mBG/GEJIJ0r.UN0F1N/ziuqxSK1OId8fP/0ELZWqc2E4zB6w/bdZy","1951-11-14 00:27:39","2","3","Omnis id eligendi molestiae sunt ea enim et. Quia fugit libero sint nulla. Temporibus in enim est ipsam perspiciatis. Neque voluptatem veniam dolorem similique.","Vanuatu","","Batzton","75032","../fixtures/female2.jpg","../fixtures/female1.jpg","","","","85","451533b20a18fc406d86f2e79035403e","2006-05-24 18:53:22","1","0","2016-10-19 04:23:36","1974-07-10 11:49:00");
INSERT INTO user_tag (user_id, tag_id) VALUES ("297","40");
INSERT INTO user_tag (user_id, tag_id) VALUES ("297","12");
INSERT INTO user_tag (user_id, tag_id) VALUES ("297","45");
INSERT INTO user_tag (user_id, tag_id) VALUES ("297","49");
INSERT INTO user_tag (user_id, tag_id) VALUES ("297","21");
INSERT INTO user_tag (user_id, tag_id) VALUES ("297","42");
INSERT INTO user_tag (user_id, tag_id) VALUES ("297","29");
INSERT INTO user_tag (user_id, tag_id) VALUES ("297","33");
INSERT INTO user_tag (user_id, tag_id) VALUES ("297","40");
INSERT INTO user_tag (user_id, tag_id) VALUES ("297","3");
INSERT INTO user_tag (user_id, tag_id) VALUES ("297","11");


INSERT INTO likes (like_id, liked_id, like_date) VALUES ("297","401","2017-08-09 02:16:21");
INSERT INTO likes (like_id, liked_id, like_date) VALUES ("297","272","2017-09-13 04:56:17");
INSERT INTO likes (like_id, liked_id, like_date) VALUES ("297","278","2017-11-15 06:23:42");
INSERT INTO likes (like_id, liked_id, like_date) VALUES ("297","432","2017-06-02 02:02:53");
INSERT INTO likes (like_id, liked_id, like_date) VALUES ("297","323","2018-01-15 01:16:09");
INSERT INTO likes (like_id, liked_id, like_date) VALUES ("297","174","2018-02-03 13:11:54");
INSERT INTO likes (like_id, liked_id, like_date) VALUES ("297","377","2018-01-04 04:34:13");
INSERT INTO likes (like_id, liked_id, like_date) VALUES ("297","266","2017-07-16 20:52:44");
INSERT INTO likes (like_id, liked_id, like_date) VALUES ("297","292","2017-08-21 03:04:35");
INSERT INTO likes (like_id, liked_id, like_date) VALUES ("297","255","2017-12-20 08:56:40");
INSERT INTO likes (like_id, liked_id, like_date) VALUES ("297","320","2017-12-01 13:21:07");
INSERT INTO likes (like_id, liked_id, like_date) VALUES ("297","240","2017-08-27 10:32:28");
INSERT INTO likes (like_id, liked_id, like_date) VALUES ("297","426","2017-10-19 12:03:07");
INSERT INTO likes (like_id, liked_id, like_date) VALUES ("297","497","2017-10-31 09:30:34");


INSERT INTO user (id, first_name, last_name, username, email, password, birthdate, gender, orientation, bio, country, state, city, zip, file_1, file_2, file_3, file_4, file_5, score, token, token_date, active, register, created_at, updated_at) VALUES ("298","Tyrique","Reilly","luther86","arlene.prohaska@hotmail.com","$2y$10$xSScg1D6TVOb0tFm0m.6NOernXFnVIMCDVGjqwBMPwv7mpOGlX5Eq","1953-12-11 21:34:35","1","3","Id temporibus temporibus laudantium minima sit. Nostrum ab dolores ipsum quia earum blanditiis eum. Est culpa et distinctio repellendus quo at. Voluptas laudantium at maiores aut ipsum nesciunt magnam. Qui eos amet rerum reprehenderit.","Greece","","South Rileyview","93318-5448","../fixtures/male5.jpg","../fixtures/male3.jpg","../fixtures/male6.jpg","","","93","2515ff9ed81bf3a2e6503ee194faa179","1973-12-05 06:05:41","0","0","2007-05-05 15:47:42","1975-10-15 11:36:31");
INSERT INTO user_tag (user_id, tag_id) VALUES ("298","19");
INSERT INTO user_tag (user_id, tag_id) VALUES ("298","49");
INSERT INTO user_tag (user_id, tag_id) VALUES ("298","4");
INSERT INTO user_tag (user_id, tag_id) VALUES ("298","12");
INSERT INTO user_tag (user_id, tag_id) VALUES ("298","13");
INSERT INTO user_tag (user_id, tag_id) VALUES ("298","41");
INSERT INTO user_tag (user_id, tag_id) VALUES ("298","8");
INSERT INTO user_tag (user_id, tag_id) VALUES ("298","35");


INSERT INTO likes (like_id, liked_id, like_date) VALUES ("298","184","2017-06-10 07:30:39");
INSERT INTO likes (like_id, liked_id, like_date) VALUES ("298","253","2017-10-10 06:09:05");
INSERT INTO likes (like_id, liked_id, like_date) VALUES ("298","300","2017-12-08 21:41:35");
INSERT INTO likes (like_id, liked_id, like_date) VALUES ("298","444","2017-02-19 03:22:00");


INSERT INTO user (id, first_name, last_name, username, email, password, birthdate, gender, orientation, bio, country, state, city, zip, file_1, file_2, file_3, file_4, file_5, score, token, token_date, active, register, created_at, updated_at) VALUES ("299","Twila","Lang","iwest","jadon.swaniawski@hotmail.com","$2y$10$75MDaRKGA4ZNDtW3dICnTegH1rqK6TSrL5MiXppkadv.1TyZx.RGe","1978-10-06 17:49:46","1","1","Accusamus facilis quas sunt sunt cum. Incidunt placeat ea aperiam distinctio qui.","Tanzania","","South Else","13242-7464","../fixtures/male6.jpg","../fixtures/male4.jpg","../fixtures/male3.jpg","","","6","2316595499d4986bf5591da4a04592e5","1999-05-28 13:50:13","0","0","2008-03-24 17:30:22","1972-02-22 14:46:12");
INSERT INTO user_tag (user_id, tag_id) VALUES ("299","49");
INSERT INTO user_tag (user_id, tag_id) VALUES ("299","28");
INSERT INTO user_tag (user_id, tag_id) VALUES ("299","22");


INSERT INTO likes (like_id, liked_id, like_date) VALUES ("299","484","2017-11-26 17:27:09");
INSERT INTO likes (like_id, liked_id, like_date) VALUES ("299","453","2017-07-20 23:07:34");
INSERT INTO likes (like_id, liked_id, like_date) VALUES ("299","318","2018-01-08 08:03:00");
INSERT INTO likes (like_id, liked_id, like_date) VALUES ("299","62","2018-01-17 12:22:30");
INSERT INTO likes (like_id, liked_id, like_date) VALUES ("299","171","2017-08-18 20:27:16");
INSERT INTO likes (like_id, liked_id, like_date) VALUES ("299","449","2017-02-21 20:47:18");
INSERT INTO likes (like_id, liked_id, like_date) VALUES ("299","201","2017-06-06 18:05:55");
INSERT INTO likes (like_id, liked_id, like_date) VALUES ("299","309","2017-05-19 23:59:59");
INSERT INTO likes (like_id, liked_id, like_date) VALUES ("299","329","2017-12-19 12:44:21");
INSERT INTO likes (like_id, liked_id, like_date) VALUES ("299","230","2017-04-09 00:00:55");
INSERT INTO likes (like_id, liked_id, like_date) VALUES ("299","153","2017-05-22 13:07:18");
INSERT INTO likes (like_id, liked_id, like_date) VALUES ("299","50","2018-01-02 12:17:14");
INSERT INTO likes (like_id, liked_id, like_date) VALUES ("299","133","2017-05-25 02:25:01");
INSERT INTO likes (like_id, liked_id, like_date) VALUES ("299","280","2018-01-16 00:51:01");
INSERT INTO likes (like_id, liked_id, like_date) VALUES ("299","303","2017-06-16 20:49:51");
INSERT INTO likes (like_id, liked_id, like_date) VALUES ("299","486","2017-06-30 04:53:32");
INSERT INTO likes (like_id, liked_id, like_date) VALUES ("299","178","2018-01-17 15:34:57");


INSERT INTO user (id, first_name, last_name, username, email, password, birthdate, gender, orientation, bio, country, state, city, zip, file_1, file_2, file_3, file_4, file_5, score, token, token_date, active, register, created_at, updated_at) VALUES ("300","Naomie","Trantow","gabriellagottlieb","yvette74@kertzmann.com","$2y$10$bxsvjgVbCg9M2oWsCSDRKOC1P7C4a4uWPxheuDIXNvD6PH.L0kn1C","1997-07-08 13:33:37","1","1","Optio rerum nihil dolor ut eum eveniet. Minus necessitatibus aut reprehenderit expedita sint magni. Explicabo aut nam qui explicabo vel eos ea architecto.","Belgium","","Vonview","08378-8623","../fixtures/male4.jpg","../fixtures/male4.jpg","","","","68","07ce1880c49a9e97ae1be2c0f821c554","1992-12-12 02:07:09","1","0","1992-12-19 19:08:38","1982-02-18 12:53:55");
INSERT INTO user_tag (user_id, tag_id) VALUES ("300","9");


INSERT INTO likes (like_id, liked_id, like_date) VALUES ("300","329","2017-09-09 07:05:02");
INSERT INTO likes (like_id, liked_id, like_date) VALUES ("300","210","2017-05-23 15:02:51");
INSERT INTO likes (like_id, liked_id, like_date) VALUES ("300","276","2017-10-23 16:30:27");
INSERT INTO likes (like_id, liked_id, like_date) VALUES ("300","297","2017-09-16 09:12:20");
INSERT INTO likes (like_id, liked_id, like_date) VALUES ("300","404","2017-03-15 10:23:41");
INSERT INTO likes (like_id, liked_id, like_date) VALUES ("300","491","2017-04-03 03:19:36");
INSERT INTO likes (like_id, liked_id, like_date) VALUES ("300","323","2017-07-23 22:52:47");
INSERT INTO likes (like_id, liked_id, like_date) VALUES ("300","324","2017-08-15 03:50:21");


INSERT INTO user (id, first_name, last_name, username, email, password, birthdate, gender, orientation, bio, country, state, city, zip, file_1, file_2, file_3, file_4, file_5, score, token, token_date, active, register, created_at, updated_at) VALUES ("301","Concepcion","Barrows","mhomenick","kayla.vandervort@hotmail.com","$2y$10$H1FWI0IL8th0HBrvsrAsquZESFupwOu0pWdeUQPFbYVvdKa0WrO9e","1978-04-18 17:20:30","1","1","Laboriosam culpa qui placeat nobis facilis nam. Esse voluptate ad asperiores ratione aliquam dolores consectetur. Et vel aut ab velit. Et dolore labore neque aut.","China","","Kleinhaven","51701","../fixtures/male10.jpg","../fixtures/male5.jpg","","","","67","ec181e36e257d964d7d185459eb40600","2011-01-08 01:17:25","0","0","2000-11-19 17:21:24","2004-10-08 18:06:25");
INSERT INTO user_tag (user_id, tag_id) VALUES ("301","25");
INSERT INTO user_tag (user_id, tag_id) VALUES ("301","23");
INSERT INTO user_tag (user_id, tag_id) VALUES ("301","38");


INSERT INTO likes (like_id, liked_id, like_date) VALUES ("301","125","2017-09-29 15:56:52");
INSERT INTO likes (like_id, liked_id, like_date) VALUES ("301","143","2018-01-29 06:34:14");
INSERT INTO likes (like_id, liked_id, like_date) VALUES ("301","323","2017-10-03 22:08:07");
INSERT INTO likes (like_id, liked_id, like_date) VALUES ("301","4","2017-05-23 17:27:04");
INSERT INTO likes (like_id, liked_id, like_date) VALUES ("301","226","2017-07-02 22:54:25");
INSERT INTO likes (like_id, liked_id, like_date) VALUES ("301","65","2017-12-16 10:40:50");
INSERT INTO likes (like_id, liked_id, like_date) VALUES ("301","288","2017-11-29 04:30:10");
INSERT INTO likes (like_id, liked_id, like_date) VALUES ("301","415","2017-11-12 21:28:52");


INSERT INTO user (id, first_name, last_name, username, email, password, birthdate, gender, orientation, bio, country, state, city, zip, file_1, file_2, file_3, file_4, file_5, score, token, token_date, active, register, created_at, updated_at) VALUES ("302","Bria","O'Conner","armstrongdavion","jedidiah81@strosin.com","$2y$10$5h0ApxtiM/wrsoZwD69fweDweF9G7MWg/fZZV3lCEjZ6yeKz0M4la","1950-03-09 20:32:36","2","2","Nesciunt blanditiis dolores cupiditate voluptate eius ab aut. Necessitatibus in non alias inventore architecto. Vitae neque quia omnis nulla.","Eritrea","","Lednerhaven","49073","../fixtures/female5.jpg","../fixtures/female5.jpg","../fixtures/female1.jpg","../fixtures/female6.jpg","../fixtures/female9.jpg","31","07026a4cf6c8b51abdc3ccd5afbd4f7c","2006-01-25 17:56:56","0","0","1993-04-21 06:20:21","2002-05-23 12:19:34");
INSERT INTO user_tag (user_id, tag_id) VALUES ("302","35");
INSERT INTO user_tag (user_id, tag_id) VALUES ("302","49");
INSERT INTO user_tag (user_id, tag_id) VALUES ("302","9");
INSERT INTO user_tag (user_id, tag_id) VALUES ("302","1");


INSERT INTO likes (like_id, liked_id, like_date) VALUES ("302","85","2017-05-14 12:53:45");
INSERT INTO likes (like_id, liked_id, like_date) VALUES ("302","464","2017-05-17 17:26:27");
INSERT INTO likes (like_id, liked_id, like_date) VALUES ("302","87","2017-08-28 12:39:20");
INSERT INTO likes (like_id, liked_id, like_date) VALUES ("302","313","2018-01-06 05:49:53");
INSERT INTO likes (like_id, liked_id, like_date) VALUES ("302","385","2017-04-03 13:48:58");
INSERT INTO likes (like_id, liked_id, like_date) VALUES ("302","314","2017-12-08 11:50:06");
INSERT INTO likes (like_id, liked_id, like_date) VALUES ("302","325","2017-11-21 03:49:32");
INSERT INTO likes (like_id, liked_id, like_date) VALUES ("302","381","2017-11-05 04:33:06");
INSERT INTO likes (like_id, liked_id, like_date) VALUES ("302","103","2017-02-15 17:17:22");
INSERT INTO likes (like_id, liked_id, like_date) VALUES ("302","487","2017-06-30 22:06:32");
INSERT INTO likes (like_id, liked_id, like_date) VALUES ("302","491","2017-09-30 15:50:53");
INSERT INTO likes (like_id, liked_id, like_date) VALUES ("302","323","2017-03-21 00:37:33");
INSERT INTO likes (like_id, liked_id, like_date) VALUES ("302","463","2017-12-15 01:41:28");
INSERT INTO likes (like_id, liked_id, like_date) VALUES ("302","296","2017-06-09 09:58:41");
INSERT INTO likes (like_id, liked_id, like_date) VALUES ("302","344","2017-06-25 04:23:45");


INSERT INTO user (id, first_name, last_name, username, email, password, birthdate, gender, orientation, bio, country, state, city, zip, file_1, file_2, file_3, file_4, file_5, score, token, token_date, active, register, created_at, updated_at) VALUES ("303","Prince","Altenwerth","oramann","lang.pearline@yahoo.com","$2y$10$ehoVv7vGe01e7IdmLPqM0uil0vWy1xkR778W87MGVaO/4mo4ru4my","1990-10-23 09:01:00","2","3","Repudiandae voluptas id corporis omnis totam sunt. Accusantium explicabo ut dolor sint. Adipisci mollitia tempore ea voluptatem sint dolor quae. Amet incidunt dolore consequatur est atque.","Bangladesh","","Kerlukeside","82359","../fixtures/female7.jpg","../fixtures/female2.jpg","","","","0","138a328543ce183a49992b5b60c9881c","1986-10-18 00:14:47","1","0","2003-05-05 18:55:00","1998-08-11 02:59:22");
INSERT INTO user_tag (user_id, tag_id) VALUES ("303","36");
INSERT INTO user_tag (user_id, tag_id) VALUES ("303","37");
INSERT INTO user_tag (user_id, tag_id) VALUES ("303","33");
INSERT INTO user_tag (user_id, tag_id) VALUES ("303","27");
INSERT INTO user_tag (user_id, tag_id) VALUES ("303","14");


INSERT INTO likes (like_id, liked_id, like_date) VALUES ("303","483","2017-06-11 06:34:17");
INSERT INTO likes (like_id, liked_id, like_date) VALUES ("303","336","2017-06-13 23:59:12");
INSERT INTO likes (like_id, liked_id, like_date) VALUES ("303","101","2017-11-27 15:07:37");
INSERT INTO likes (like_id, liked_id, like_date) VALUES ("303","193","2017-05-29 06:45:27");
INSERT INTO likes (like_id, liked_id, like_date) VALUES ("303","47","2017-07-16 05:59:13");
INSERT INTO likes (like_id, liked_id, like_date) VALUES ("303","266","2017-12-10 08:44:01");
INSERT INTO likes (like_id, liked_id, like_date) VALUES ("303","379","2017-08-17 02:00:45");
INSERT INTO likes (like_id, liked_id, like_date) VALUES ("303","165","2017-07-31 07:07:50");
INSERT INTO likes (like_id, liked_id, like_date) VALUES ("303","41","2017-04-28 17:22:58");
INSERT INTO likes (like_id, liked_id, like_date) VALUES ("303","432","2017-06-20 03:27:47");
INSERT INTO likes (like_id, liked_id, like_date) VALUES ("303","5","2017-07-09 19:26:25");
INSERT INTO likes (like_id, liked_id, like_date) VALUES ("303","480","2017-04-13 08:26:21");
INSERT INTO likes (like_id, liked_id, like_date) VALUES ("303","7","2017-05-07 21:51:55");
INSERT INTO likes (like_id, liked_id, like_date) VALUES ("303","454","2017-08-15 20:08:49");
INSERT INTO likes (like_id, liked_id, like_date) VALUES ("303","14","2017-05-03 16:16:21");


INSERT INTO user (id, first_name, last_name, username, email, password, birthdate, gender, orientation, bio, country, state, city, zip, file_1, file_2, file_3, file_4, file_5, score, token, token_date, active, register, created_at, updated_at) VALUES ("304","Dennis","Zieme","hoegernewton","imurazik@gmail.com","$2y$10$K1qxx6zdiZnn50iwa/0i3O8T/pI3s50/0oUkpkRXdP8B8HvtbCzjG","1951-03-28 11:38:05","1","3","Mollitia quia iste cupiditate magnam. Nesciunt sed vero fugiat sed incidunt aperiam ducimus. Aut necessitatibus ut repellendus quae et ut. Voluptatem expedita et quis quo voluptatem nisi cupiditate distinctio.","Saint Lucia","","Hilbertview","09776","../fixtures/male1.jpg","../fixtures/male4.jpg","../fixtures/male5.jpg","","","43","ef01bcb80d041b0277bf202f648e9a21","1997-07-07 19:45:41","1","0","1990-02-03 02:47:28","2017-09-07 01:53:43");
INSERT INTO user_tag (user_id, tag_id) VALUES ("304","5");
INSERT INTO user_tag (user_id, tag_id) VALUES ("304","2");
INSERT INTO user_tag (user_id, tag_id) VALUES ("304","3");
INSERT INTO user_tag (user_id, tag_id) VALUES ("304","5");


INSERT INTO likes (like_id, liked_id, like_date) VALUES ("304","88","2017-06-12 23:50:26");
INSERT INTO likes (like_id, liked_id, like_date) VALUES ("304","271","2018-01-24 08:10:10");
INSERT INTO likes (like_id, liked_id, like_date) VALUES ("304","254","2017-08-19 20:31:57");
INSERT INTO likes (like_id, liked_id, like_date) VALUES ("304","103","2017-09-19 13:45:59");
INSERT INTO likes (like_id, liked_id, like_date) VALUES ("304","4","2017-07-09 06:15:57");
INSERT INTO likes (like_id, liked_id, like_date) VALUES ("304","26","2017-03-21 16:34:23");
INSERT INTO likes (like_id, liked_id, like_date) VALUES ("304","34","2017-10-22 06:47:13");
INSERT INTO likes (like_id, liked_id, like_date) VALUES ("304","234","2017-11-19 04:25:44");
INSERT INTO likes (like_id, liked_id, like_date) VALUES ("304","217","2017-05-12 14:18:13");
INSERT INTO likes (like_id, liked_id, like_date) VALUES ("304","144","2017-09-06 22:04:48");
INSERT INTO likes (like_id, liked_id, like_date) VALUES ("304","216","2017-04-04 22:25:57");
INSERT INTO likes (like_id, liked_id, like_date) VALUES ("304","73","2018-01-28 22:37:49");


INSERT INTO user (id, first_name, last_name, username, email, password, birthdate, gender, orientation, bio, country, state, city, zip, file_1, file_2, file_3, file_4, file_5, score, token, token_date, active, register, created_at, updated_at) VALUES ("305","Arielle","Schneider","maxieconn","clemmie.swaniawski@rolfson.com","$2y$10$NwWyWApgQftN.fliBaf9YuqQqdAYpI35QhAdlHpOxGqHpm/shsQDi","1977-10-08 04:35:52","1","3","Maiores architecto inventore repellat quia. Dolores culpa accusamus fugiat aut eum quaerat in. Eius voluptates neque vel consequatur voluptatem quia temporibus. Laudantium qui rerum id asperiores sit saepe quod.","Korea","","East Williebury","05674","../fixtures/male9.jpg","","","","","92","2229ff7fd04c26fef524c9af5c722a15","1998-04-20 23:11:07","0","0","1975-04-18 21:25:05","1981-07-23 09:24:37");
INSERT INTO user_tag (user_id, tag_id) VALUES ("305","10");
INSERT INTO user_tag (user_id, tag_id) VALUES ("305","5");
INSERT INTO user_tag (user_id, tag_id) VALUES ("305","27");
INSERT INTO user_tag (user_id, tag_id) VALUES ("305","24");
INSERT INTO user_tag (user_id, tag_id) VALUES ("305","46");
INSERT INTO user_tag (user_id, tag_id) VALUES ("305","44");
INSERT INTO user_tag (user_id, tag_id) VALUES ("305","14");
INSERT INTO user_tag (user_id, tag_id) VALUES ("305","19");
INSERT INTO user_tag (user_id, tag_id) VALUES ("305","29");
INSERT INTO user_tag (user_id, tag_id) VALUES ("305","33");


INSERT INTO likes (like_id, liked_id, like_date) VALUES ("305","266","2018-01-24 09:20:52");
INSERT INTO likes (like_id, liked_id, like_date) VALUES ("305","18","2018-01-10 22:36:15");
INSERT INTO likes (like_id, liked_id, like_date) VALUES ("305","27","2017-06-13 04:53:30");
INSERT INTO likes (like_id, liked_id, like_date) VALUES ("305","86","2017-09-06 07:08:50");
INSERT INTO likes (like_id, liked_id, like_date) VALUES ("305","164","2017-06-22 05:59:37");
INSERT INTO likes (like_id, liked_id, like_date) VALUES ("305","457","2017-08-03 01:30:54");
INSERT INTO likes (like_id, liked_id, like_date) VALUES ("305","472","2017-04-24 03:48:33");
INSERT INTO likes (like_id, liked_id, like_date) VALUES ("305","53","2018-01-14 05:43:47");
INSERT INTO likes (like_id, liked_id, like_date) VALUES ("305","359","2017-07-12 14:44:21");
INSERT INTO likes (like_id, liked_id, like_date) VALUES ("305","315","2017-07-24 19:16:50");
INSERT INTO likes (like_id, liked_id, like_date) VALUES ("305","481","2017-05-07 16:01:22");
INSERT INTO likes (like_id, liked_id, like_date) VALUES ("305","103","2017-09-09 05:01:14");


INSERT INTO user (id, first_name, last_name, username, email, password, birthdate, gender, orientation, bio, country, state, city, zip, file_1, file_2, file_3, file_4, file_5, score, token, token_date, active, register, created_at, updated_at) VALUES ("306","Chelsie","Ferry","lbosco","halle60@rohan.org","$2y$10$hDigFgiXKzL/WQq0SZ2ZeuPwNf14dWverBTIZC7eSsVTCgfQGWuBW","1963-11-04 13:41:24","2","1","Quia quidem recusandae atque aliquam est asperiores. Expedita iste vitae deleniti. Aut nostrum non nulla quae. In voluptas temporibus harum numquam non.","South Georgia and the South Sandwich Islands","","Ralphbury","22080","../fixtures/female5.jpg","../fixtures/female10.jpg","../fixtures/female9.jpg","../fixtures/female7.jpg","","32","4231db9c562770864ad91d438734116a","1977-09-26 07:00:20","1","0","2000-02-07 13:20:05","2000-01-15 21:24:48");
INSERT INTO user_tag (user_id, tag_id) VALUES ("306","22");
INSERT INTO user_tag (user_id, tag_id) VALUES ("306","11");
INSERT INTO user_tag (user_id, tag_id) VALUES ("306","30");
INSERT INTO user_tag (user_id, tag_id) VALUES ("306","43");
INSERT INTO user_tag (user_id, tag_id) VALUES ("306","16");
INSERT INTO user_tag (user_id, tag_id) VALUES ("306","12");
INSERT INTO user_tag (user_id, tag_id) VALUES ("306","11");
INSERT INTO user_tag (user_id, tag_id) VALUES ("306","24");
INSERT INTO user_tag (user_id, tag_id) VALUES ("306","44");
INSERT INTO user_tag (user_id, tag_id) VALUES ("306","29");
INSERT INTO user_tag (user_id, tag_id) VALUES ("306","1");
INSERT INTO user_tag (user_id, tag_id) VALUES ("306","21");
INSERT INTO user_tag (user_id, tag_id) VALUES ("306","12");
INSERT INTO user_tag (user_id, tag_id) VALUES ("306","11");
INSERT INTO user_tag (user_id, tag_id) VALUES ("306","8");


INSERT INTO likes (like_id, liked_id, like_date) VALUES ("306","134","2017-12-13 02:09:56");
INSERT INTO likes (like_id, liked_id, like_date) VALUES ("306","127","2017-07-21 22:12:37");
INSERT INTO likes (like_id, liked_id, like_date) VALUES ("306","418","2017-06-09 17:10:34");
INSERT INTO likes (like_id, liked_id, like_date) VALUES ("306","140","2017-03-06 03:27:23");
INSERT INTO likes (like_id, liked_id, like_date) VALUES ("306","43","2017-12-29 06:28:36");


INSERT INTO user (id, first_name, last_name, username, email, password, birthdate, gender, orientation, bio, country, state, city, zip, file_1, file_2, file_3, file_4, file_5, score, token, token_date, active, register, created_at, updated_at) VALUES ("307","Billie","Schuster","corwinjamie","batz.arlie@gerhold.com","$2y$10$fRupZVEtVDjZq/TVJq0Ik.UM0BnrM5eoogxE..VVAxe9UAZCbyrB6","1976-08-19 10:27:57","2","1","Assumenda et ad tempore dolores et ut asperiores. Nulla voluptatem error consequatur deleniti in. Quia assumenda omnis magni ut quaerat tempora libero. Corrupti nulla temporibus ut.","Puerto Rico","","Smithambury","29069-6569","../fixtures/female8.jpg","../fixtures/female1.jpg","../fixtures/female5.jpg","","","89","397282cefa87355cec5791f148f4d964","1976-11-08 01:35:51","1","1","1985-01-22 19:21:33","1992-05-31 07:07:36");
INSERT INTO user_tag (user_id, tag_id) VALUES ("307","40");
INSERT INTO user_tag (user_id, tag_id) VALUES ("307","16");
INSERT INTO user_tag (user_id, tag_id) VALUES ("307","25");
INSERT INTO user_tag (user_id, tag_id) VALUES ("307","44");
INSERT INTO user_tag (user_id, tag_id) VALUES ("307","5");
INSERT INTO user_tag (user_id, tag_id) VALUES ("307","25");


INSERT INTO likes (like_id, liked_id, like_date) VALUES ("307","297","2017-07-26 01:05:45");
INSERT INTO likes (like_id, liked_id, like_date) VALUES ("307","218","2017-03-11 07:58:41");
INSERT INTO likes (like_id, liked_id, like_date) VALUES ("307","29","2017-04-11 19:18:13");


INSERT INTO user (id, first_name, last_name, username, email, password, birthdate, gender, orientation, bio, country, state, city, zip, file_1, file_2, file_3, file_4, file_5, score, token, token_date, active, register, created_at, updated_at) VALUES ("308","Helene","Mills","botsfordgarland","brakus.carter@yahoo.com","$2y$10$yFD.slv5QvHEUd2nzU1MxOCn117k7pyccWG4v4pMXTvtsOppB80Cm","1972-07-01 01:23:45","2","3","Hic voluptatem provident fuga ipsum sapiente ab odit. Officiis earum et voluptatem eum at veniam nam. Illum delectus distinctio eum commodi dicta at occaecati illo.","British Indian Ocean Territory (Chagos Archipelago)","","Durwardview","58445","../fixtures/female3.jpg","../fixtures/female7.jpg","","","","54","91f7b81f99e3c186d8aea93e382d40d4","2008-02-18 20:20:57","1","1","2006-06-06 20:52:58","1977-11-16 14:38:51");
INSERT INTO user_tag (user_id, tag_id) VALUES ("308","21");


INSERT INTO likes (like_id, liked_id, like_date) VALUES ("308","467","2017-03-03 05:00:01");
INSERT INTO likes (like_id, liked_id, like_date) VALUES ("308","329","2018-02-08 13:25:02");
INSERT INTO likes (like_id, liked_id, like_date) VALUES ("308","320","2017-12-17 11:47:14");
INSERT INTO likes (like_id, liked_id, like_date) VALUES ("308","129","2017-08-12 04:59:04");
INSERT INTO likes (like_id, liked_id, like_date) VALUES ("308","214","2017-09-30 11:57:52");
INSERT INTO likes (like_id, liked_id, like_date) VALUES ("308","424","2017-10-01 09:22:56");
INSERT INTO likes (like_id, liked_id, like_date) VALUES ("308","483","2017-08-26 05:02:53");


INSERT INTO user (id, first_name, last_name, username, email, password, birthdate, gender, orientation, bio, country, state, city, zip, file_1, file_2, file_3, file_4, file_5, score, token, token_date, active, register, created_at, updated_at) VALUES ("309","Astrid","Morissette","garett51","pietro.considine@grimes.com","$2y$10$FZ/zzWGZvdfo8DFfCYPw7OvQTjBY4qOVMHBoHbyKLMaC2.uBgsbpu","1953-11-06 07:32:45","1","1","Quaerat eum minus molestias amet ut. Libero sed illo amet voluptatem minima facere ut. Laudantium beatae tempora blanditiis est. Ad suscipit repudiandae itaque veritatis et asperiores.","Samoa","","Americastad","25229-4827","../fixtures/male5.jpg","../fixtures/male7.jpg","../fixtures/male3.jpg","","","17","3536812f867d3087251eb00951a4f93c","1978-04-29 11:28:16","0","0","1970-09-10 03:53:26","1970-07-31 04:45:53");
INSERT INTO user_tag (user_id, tag_id) VALUES ("309","6");
INSERT INTO user_tag (user_id, tag_id) VALUES ("309","29");
INSERT INTO user_tag (user_id, tag_id) VALUES ("309","14");
INSERT INTO user_tag (user_id, tag_id) VALUES ("309","49");
INSERT INTO user_tag (user_id, tag_id) VALUES ("309","20");
INSERT INTO user_tag (user_id, tag_id) VALUES ("309","14");
INSERT INTO user_tag (user_id, tag_id) VALUES ("309","19");
INSERT INTO user_tag (user_id, tag_id) VALUES ("309","38");
INSERT INTO user_tag (user_id, tag_id) VALUES ("309","16");
INSERT INTO user_tag (user_id, tag_id) VALUES ("309","18");


INSERT INTO likes (like_id, liked_id, like_date) VALUES ("309","64","2017-05-27 14:29:02");


INSERT INTO user (id, first_name, last_name, username, email, password, birthdate, gender, orientation, bio, country, state, city, zip, file_1, file_2, file_3, file_4, file_5, score, token, token_date, active, register, created_at, updated_at) VALUES ("310","Mallie","Christiansen","ahmedmaggio","william85@gmail.com","$2y$10$lEI7NbLnI9JoM.KxbfIf7efTDt4yu3aqv3tWtCXZjCzu9fwKpl6QO","1951-04-10 10:24:10","2","2","Qui itaque est similique distinctio id dolorum cumque. Aperiam doloremque eum quia nemo saepe. Autem consequatur quaerat et eveniet est id odit. Magnam quis a sed sed pariatur.","Turkmenistan","","South Kyleview","76323-4328","../fixtures/female3.jpg","../fixtures/female10.jpg","../fixtures/female6.jpg","","","88","031c88c8f6323c9add27a1134ed747c9","1990-01-02 18:04:30","0","0","1976-03-22 20:54:39","1981-05-08 21:58:02");
INSERT INTO user_tag (user_id, tag_id) VALUES ("310","1");
INSERT INTO user_tag (user_id, tag_id) VALUES ("310","7");
INSERT INTO user_tag (user_id, tag_id) VALUES ("310","37");
INSERT INTO user_tag (user_id, tag_id) VALUES ("310","21");
INSERT INTO user_tag (user_id, tag_id) VALUES ("310","14");
INSERT INTO user_tag (user_id, tag_id) VALUES ("310","1");
INSERT INTO user_tag (user_id, tag_id) VALUES ("310","28");
INSERT INTO user_tag (user_id, tag_id) VALUES ("310","3");


INSERT INTO likes (like_id, liked_id, like_date) VALUES ("310","100","2017-03-27 04:40:01");
INSERT INTO likes (like_id, liked_id, like_date) VALUES ("310","207","2017-07-11 08:59:31");
INSERT INTO likes (like_id, liked_id, like_date) VALUES ("310","238","2017-09-15 07:00:21");
INSERT INTO likes (like_id, liked_id, like_date) VALUES ("310","40","2017-04-06 23:11:20");
INSERT INTO likes (like_id, liked_id, like_date) VALUES ("310","334","2017-12-31 07:09:48");


INSERT INTO user (id, first_name, last_name, username, email, password, birthdate, gender, orientation, bio, country, state, city, zip, file_1, file_2, file_3, file_4, file_5, score, token, token_date, active, register, created_at, updated_at) VALUES ("311","Okey","O'Reilly","stehrmagali","green.bessie@padberg.com","$2y$10$zev.WX73j3TaQPtArhlKxeypSEJnGT8PBfJ5eB75Sx.STWxnCWk9O","1997-03-29 14:23:11","2","3","Reprehenderit suscipit ipsa cum minima asperiores fugit et. Vero et eos aspernatur eius itaque et. Velit ipsum aliquid odio maiores autem nemo.","Ecuador","","New Raymundo","86584-8364","../fixtures/female8.jpg","../fixtures/female4.jpg","../fixtures/female7.jpg","../fixtures/female1.jpg","","88","0afa3a7c6b6066cb2a086f9262efb95a","2010-11-23 05:37:19","0","0","2004-07-28 22:38:36","1982-10-01 20:06:47");
INSERT INTO user_tag (user_id, tag_id) VALUES ("311","14");
INSERT INTO user_tag (user_id, tag_id) VALUES ("311","2");
INSERT INTO user_tag (user_id, tag_id) VALUES ("311","15");
INSERT INTO user_tag (user_id, tag_id) VALUES ("311","33");
INSERT INTO user_tag (user_id, tag_id) VALUES ("311","31");
INSERT INTO user_tag (user_id, tag_id) VALUES ("311","19");
INSERT INTO user_tag (user_id, tag_id) VALUES ("311","20");
INSERT INTO user_tag (user_id, tag_id) VALUES ("311","44");
INSERT INTO user_tag (user_id, tag_id) VALUES ("311","39");
INSERT INTO user_tag (user_id, tag_id) VALUES ("311","30");
INSERT INTO user_tag (user_id, tag_id) VALUES ("311","44");


INSERT INTO likes (like_id, liked_id, like_date) VALUES ("311","423","2018-01-15 22:46:15");
INSERT INTO likes (like_id, liked_id, like_date) VALUES ("311","131","2017-06-29 01:52:24");
INSERT INTO likes (like_id, liked_id, like_date) VALUES ("311","483","2018-01-31 08:48:03");
INSERT INTO likes (like_id, liked_id, like_date) VALUES ("311","87","2017-05-14 09:39:38");
INSERT INTO likes (like_id, liked_id, like_date) VALUES ("311","490","2017-09-30 01:27:55");
INSERT INTO likes (like_id, liked_id, like_date) VALUES ("311","418","2017-11-30 22:11:22");
INSERT INTO likes (like_id, liked_id, like_date) VALUES ("311","445","2017-08-04 18:54:46");
INSERT INTO likes (like_id, liked_id, like_date) VALUES ("311","279","2017-08-28 10:00:29");
INSERT INTO likes (like_id, liked_id, like_date) VALUES ("311","11","2017-06-25 05:54:30");
INSERT INTO likes (like_id, liked_id, like_date) VALUES ("311","412","2017-03-21 01:03:48");
INSERT INTO likes (like_id, liked_id, like_date) VALUES ("311","298","2017-08-16 15:50:46");
INSERT INTO likes (like_id, liked_id, like_date) VALUES ("311","462","2017-10-09 01:09:07");
INSERT INTO likes (like_id, liked_id, like_date) VALUES ("311","400","2017-06-08 00:34:05");
INSERT INTO likes (like_id, liked_id, like_date) VALUES ("311","377","2018-01-24 10:59:29");
INSERT INTO likes (like_id, liked_id, like_date) VALUES ("311","240","2017-11-04 18:48:07");
INSERT INTO likes (like_id, liked_id, like_date) VALUES ("311","440","2017-05-31 09:23:36");
INSERT INTO likes (like_id, liked_id, like_date) VALUES ("311","332","2017-02-16 22:26:33");
INSERT INTO likes (like_id, liked_id, like_date) VALUES ("311","91","2017-04-04 13:32:08");


INSERT INTO user (id, first_name, last_name, username, email, password, birthdate, gender, orientation, bio, country, state, city, zip, file_1, file_2, file_3, file_4, file_5, score, token, token_date, active, register, created_at, updated_at) VALUES ("312","Tamara","Heller","madisynemard","cristopher.gutmann@yahoo.com","$2y$10$fjLCTFLmnzMoJrwbzq0SWuY0HRNoMc5pkmkqpMoI8nyoVDCzQyhze","1953-03-24 05:10:02","2","3","Nulla et earum eaque mollitia delectus quo. Aut esse sunt doloremque saepe voluptatem est quod. Vitae laboriosam fugit officiis qui dolor dolorem.","Greece","","Kuphalmouth","16687","../fixtures/female3.jpg","","","","","95","f7ec3c103a5e4675d51b3c1c1eb71361","1970-08-17 09:38:40","1","0","1994-09-19 02:33:39","2004-10-05 16:20:51");
INSERT INTO user_tag (user_id, tag_id) VALUES ("312","5");
INSERT INTO user_tag (user_id, tag_id) VALUES ("312","12");
INSERT INTO user_tag (user_id, tag_id) VALUES ("312","21");
INSERT INTO user_tag (user_id, tag_id) VALUES ("312","42");
INSERT INTO user_tag (user_id, tag_id) VALUES ("312","8");
INSERT INTO user_tag (user_id, tag_id) VALUES ("312","35");
INSERT INTO user_tag (user_id, tag_id) VALUES ("312","49");
INSERT INTO user_tag (user_id, tag_id) VALUES ("312","40");
INSERT INTO user_tag (user_id, tag_id) VALUES ("312","22");


INSERT INTO likes (like_id, liked_id, like_date) VALUES ("312","196","2017-12-28 19:26:59");


INSERT INTO user (id, first_name, last_name, username, email, password, birthdate, gender, orientation, bio, country, state, city, zip, file_1, file_2, file_3, file_4, file_5, score, token, token_date, active, register, created_at, updated_at) VALUES ("313","Zelda","Keebler","lzemlak","urban.shields@nikolaus.com","$2y$10$ZjTNfa8GFTKHgARJhjz2E.T22.JNomrun0LbScUTtlv5tDdhQ8mX2","1966-02-04 09:13:49","2","2","Nihil vel veritatis ab eveniet atque quam. Natus qui et odit quas modi excepturi inventore. Ut in tempora accusamus. Qui id iure consequatur rerum nam nesciunt. Voluptatem aut iusto mollitia est sunt.","Holy See (Vatican City State)","","Jillianberg","41164-5597","../fixtures/female6.jpg","../fixtures/female6.jpg","../fixtures/female7.jpg","","","72","124892883d8d238cf21242ca75ae00dd","1974-08-10 21:11:20","1","0","1978-06-14 12:27:48","1978-04-19 16:21:53");
INSERT INTO user_tag (user_id, tag_id) VALUES ("313","15");
INSERT INTO user_tag (user_id, tag_id) VALUES ("313","30");
INSERT INTO user_tag (user_id, tag_id) VALUES ("313","48");
INSERT INTO user_tag (user_id, tag_id) VALUES ("313","50");
INSERT INTO user_tag (user_id, tag_id) VALUES ("313","23");
INSERT INTO user_tag (user_id, tag_id) VALUES ("313","31");
INSERT INTO user_tag (user_id, tag_id) VALUES ("313","40");
INSERT INTO user_tag (user_id, tag_id) VALUES ("313","5");
INSERT INTO user_tag (user_id, tag_id) VALUES ("313","16");
INSERT INTO user_tag (user_id, tag_id) VALUES ("313","33");
INSERT INTO user_tag (user_id, tag_id) VALUES ("313","14");
INSERT INTO user_tag (user_id, tag_id) VALUES ("313","4");
INSERT INTO user_tag (user_id, tag_id) VALUES ("313","22");
INSERT INTO user_tag (user_id, tag_id) VALUES ("313","26");
INSERT INTO user_tag (user_id, tag_id) VALUES ("313","44");


INSERT INTO likes (like_id, liked_id, like_date) VALUES ("313","484","2017-10-03 01:19:55");
INSERT INTO likes (like_id, liked_id, like_date) VALUES ("313","490","2017-03-28 01:49:07");


INSERT INTO user (id, first_name, last_name, username, email, password, birthdate, gender, orientation, bio, country, state, city, zip, file_1, file_2, file_3, file_4, file_5, score, token, token_date, active, register, created_at, updated_at) VALUES ("314","Rozella","Raynor","khills","lhermann@brakus.info","$2y$10$CQ7W5bBrFlLhjNvpi/vapetVOBWOmeWwzDHe1H4K87qX4zoU/dB6.","1970-05-13 07:59:19","1","2","Pariatur est sit inventore et corrupti. Deserunt et velit et consequatur blanditiis atque. Labore reiciendis et veritatis fugiat fuga dolores et.","Jordan","","Jaskolskibury","40441-3094","../fixtures/male10.jpg","../fixtures/male7.jpg","","","","77","1099c4093aea02f6884cc248d565117e","2000-06-09 08:19:05","1","0","1996-12-30 16:33:02","2016-05-16 08:20:50");
INSERT INTO user_tag (user_id, tag_id) VALUES ("314","10");
INSERT INTO user_tag (user_id, tag_id) VALUES ("314","7");
INSERT INTO user_tag (user_id, tag_id) VALUES ("314","49");
INSERT INTO user_tag (user_id, tag_id) VALUES ("314","43");
INSERT INTO user_tag (user_id, tag_id) VALUES ("314","40");
INSERT INTO user_tag (user_id, tag_id) VALUES ("314","24");
INSERT INTO user_tag (user_id, tag_id) VALUES ("314","45");
INSERT INTO user_tag (user_id, tag_id) VALUES ("314","17");
INSERT INTO user_tag (user_id, tag_id) VALUES ("314","1");
INSERT INTO user_tag (user_id, tag_id) VALUES ("314","15");
INSERT INTO user_tag (user_id, tag_id) VALUES ("314","17");
INSERT INTO user_tag (user_id, tag_id) VALUES ("314","39");
INSERT INTO user_tag (user_id, tag_id) VALUES ("314","29");
INSERT INTO user_tag (user_id, tag_id) VALUES ("314","25");


INSERT INTO likes (like_id, liked_id, like_date) VALUES ("314","183","2017-07-27 01:48:17");
INSERT INTO likes (like_id, liked_id, like_date) VALUES ("314","458","2017-08-12 14:02:56");
INSERT INTO likes (like_id, liked_id, like_date) VALUES ("314","251","2017-09-15 16:18:57");
INSERT INTO likes (like_id, liked_id, like_date) VALUES ("314","103","2017-09-08 02:44:53");


INSERT INTO user (id, first_name, last_name, username, email, password, birthdate, gender, orientation, bio, country, state, city, zip, file_1, file_2, file_3, file_4, file_5, score, token, token_date, active, register, created_at, updated_at) VALUES ("315","Adalberto","Ward","kfeil","dedric34@orn.com","$2y$10$MR2yiVEUIYayZIp3ptQYhOKwUdtZ4SkKl0TjdqEGBuLOOowcWOW5W","1962-07-09 20:59:47","1","1","Officia minus consequatur error aperiam ratione voluptatibus. Et velit fuga ipsam voluptas delectus. Quis hic et quae incidunt doloribus accusantium est. Enim rerum id deserunt facere.","Jersey","","Port Rosa","86959-8259","../fixtures/male1.jpg","../fixtures/male6.jpg","../fixtures/male4.jpg","../fixtures/male9.jpg","../fixtures/male9.jpg","44","a0ade8de3ebf4cd9ea33c31f2008b213","1981-03-16 06:55:24","0","0","1981-05-11 21:55:52","1989-06-09 22:19:35");
INSERT INTO user_tag (user_id, tag_id) VALUES ("315","26");
INSERT INTO user_tag (user_id, tag_id) VALUES ("315","40");
INSERT INTO user_tag (user_id, tag_id) VALUES ("315","41");
INSERT INTO user_tag (user_id, tag_id) VALUES ("315","39");
INSERT INTO user_tag (user_id, tag_id) VALUES ("315","24");


INSERT INTO likes (like_id, liked_id, like_date) VALUES ("315","476","2018-01-27 03:34:56");
INSERT INTO likes (like_id, liked_id, like_date) VALUES ("315","448","2017-09-29 13:04:08");
INSERT INTO likes (like_id, liked_id, like_date) VALUES ("315","423","2017-05-08 16:26:04");


INSERT INTO user (id, first_name, last_name, username, email, password, birthdate, gender, orientation, bio, country, state, city, zip, file_1, file_2, file_3, file_4, file_5, score, token, token_date, active, register, created_at, updated_at) VALUES ("316","Devonte","Hirthe","scotty97","tristin.mclaughlin@yahoo.com","$2y$10$RIxwYr9NUhGiNT7/5rH13ee34MHy95wmDrCPt7rycdBDOoWnVC21.","1969-07-22 21:53:30","2","3","Sit libero illo architecto reiciendis dicta. Et et ducimus ipsum voluptas inventore ex rem et. Sed quas ullam rerum. Et aut veritatis sint qui iusto. Et nobis hic numquam nihil quae.","Malawi","","Mattshire","79446-1369","../fixtures/female2.jpg","../fixtures/female10.jpg","","","","99","324a24296893dd45bd5d79ec24d2eeef","1983-04-14 18:05:13","1","0","2017-08-29 00:02:31","2013-02-21 11:56:46");
INSERT INTO user_tag (user_id, tag_id) VALUES ("316","26");
INSERT INTO user_tag (user_id, tag_id) VALUES ("316","10");
INSERT INTO user_tag (user_id, tag_id) VALUES ("316","45");
INSERT INTO user_tag (user_id, tag_id) VALUES ("316","8");


INSERT INTO likes (like_id, liked_id, like_date) VALUES ("316","250","2017-05-22 00:23:49");
INSERT INTO likes (like_id, liked_id, like_date) VALUES ("316","466","2017-11-16 13:05:06");
INSERT INTO likes (like_id, liked_id, like_date) VALUES ("316","244","2017-04-16 00:14:10");
INSERT INTO likes (like_id, liked_id, like_date) VALUES ("316","157","2018-02-03 11:59:33");
INSERT INTO likes (like_id, liked_id, like_date) VALUES ("316","373","2017-12-15 13:24:55");
INSERT INTO likes (like_id, liked_id, like_date) VALUES ("316","173","2017-12-19 06:50:04");
INSERT INTO likes (like_id, liked_id, like_date) VALUES ("316","17","2018-02-10 03:08:46");
INSERT INTO likes (like_id, liked_id, like_date) VALUES ("316","312","2018-02-08 23:46:35");
INSERT INTO likes (like_id, liked_id, like_date) VALUES ("316","58","2017-09-06 16:17:31");


INSERT INTO user (id, first_name, last_name, username, email, password, birthdate, gender, orientation, bio, country, state, city, zip, file_1, file_2, file_3, file_4, file_5, score, token, token_date, active, register, created_at, updated_at) VALUES ("317","Ned","Schinner","boehmeaster","mckenzie.quincy@hotmail.com","$2y$10$s/sMYzU0lPHs6ndA86c8h.FQdCneuT2KU16tzWmISfzK7wslhy58y","1991-03-26 21:57:58","1","3","Voluptas delectus aut sed repellat voluptates maxime. Cum vitae et magni odio iste.","Lesotho","","Haleighburgh","23902-6412","../fixtures/male8.jpg","","","","","40","6f520cb271892097e90faf638c1d22a7","1986-11-11 09:18:16","0","0","1986-03-04 01:23:08","1971-10-19 03:20:00");
INSERT INTO user_tag (user_id, tag_id) VALUES ("317","6");
INSERT INTO user_tag (user_id, tag_id) VALUES ("317","47");
INSERT INTO user_tag (user_id, tag_id) VALUES ("317","2");
INSERT INTO user_tag (user_id, tag_id) VALUES ("317","46");
INSERT INTO user_tag (user_id, tag_id) VALUES ("317","25");
INSERT INTO user_tag (user_id, tag_id) VALUES ("317","26");
INSERT INTO user_tag (user_id, tag_id) VALUES ("317","40");
INSERT INTO user_tag (user_id, tag_id) VALUES ("317","33");
INSERT INTO user_tag (user_id, tag_id) VALUES ("317","41");
INSERT INTO user_tag (user_id, tag_id) VALUES ("317","40");


INSERT INTO likes (like_id, liked_id, like_date) VALUES ("317","131","2017-07-20 06:18:17");
INSERT INTO likes (like_id, liked_id, like_date) VALUES ("317","194","2018-01-04 00:21:29");
INSERT INTO likes (like_id, liked_id, like_date) VALUES ("317","484","2017-02-15 11:19:21");
INSERT INTO likes (like_id, liked_id, like_date) VALUES ("317","197","2017-10-29 00:11:11");
INSERT INTO likes (like_id, liked_id, like_date) VALUES ("317","111","2017-12-09 13:03:40");
INSERT INTO likes (like_id, liked_id, like_date) VALUES ("317","35","2018-01-01 07:16:15");
INSERT INTO likes (like_id, liked_id, like_date) VALUES ("317","29","2017-12-03 10:51:58");
INSERT INTO likes (like_id, liked_id, like_date) VALUES ("317","380","2017-05-26 02:57:35");
INSERT INTO likes (like_id, liked_id, like_date) VALUES ("317","16","2017-05-30 02:56:31");
INSERT INTO likes (like_id, liked_id, like_date) VALUES ("317","95","2017-10-04 05:48:09");
INSERT INTO likes (like_id, liked_id, like_date) VALUES ("317","37","2017-03-18 03:44:45");
INSERT INTO likes (like_id, liked_id, like_date) VALUES ("317","158","2017-08-05 12:30:34");
INSERT INTO likes (like_id, liked_id, like_date) VALUES ("317","201","2017-12-21 05:39:48");
INSERT INTO likes (like_id, liked_id, like_date) VALUES ("317","368","2017-03-28 05:46:45");
INSERT INTO likes (like_id, liked_id, like_date) VALUES ("317","470","2017-08-03 12:07:21");
INSERT INTO likes (like_id, liked_id, like_date) VALUES ("317","14","2017-10-16 13:08:29");
INSERT INTO likes (like_id, liked_id, like_date) VALUES ("317","393","2017-12-07 07:44:04");
INSERT INTO likes (like_id, liked_id, like_date) VALUES ("317","53","2017-12-02 04:21:41");
INSERT INTO likes (like_id, liked_id, like_date) VALUES ("317","114","2017-08-27 09:44:23");


INSERT INTO user (id, first_name, last_name, username, email, password, birthdate, gender, orientation, bio, country, state, city, zip, file_1, file_2, file_3, file_4, file_5, score, token, token_date, active, register, created_at, updated_at) VALUES ("318","Lavina","White","maximilianruecker","zlehner@gmail.com","$2y$10$Eh2x/nXnilJkqOjf6vDm8.Q.V5ykzjoxtklBJGUfgjxMrAmn2T1lC","1956-08-18 18:40:56","1","1","Deleniti voluptatem id qui illum rerum sit voluptas. Placeat recusandae et sit et eum ea suscipit.","Trinidad and Tobago","","New Grantborough","76336-4611","../fixtures/male8.jpg","../fixtures/male4.jpg","../fixtures/male10.jpg","../fixtures/male7.jpg","../fixtures/male3.jpg","78","d5e8f10a0fe9e45a3d2628d8dc4a2bcb","1970-12-08 14:20:57","0","0","2003-06-11 05:11:02","2004-08-31 12:36:12");
INSERT INTO user_tag (user_id, tag_id) VALUES ("318","42");
INSERT INTO user_tag (user_id, tag_id) VALUES ("318","44");
INSERT INTO user_tag (user_id, tag_id) VALUES ("318","28");
INSERT INTO user_tag (user_id, tag_id) VALUES ("318","2");
INSERT INTO user_tag (user_id, tag_id) VALUES ("318","4");
INSERT INTO user_tag (user_id, tag_id) VALUES ("318","24");
INSERT INTO user_tag (user_id, tag_id) VALUES ("318","46");
INSERT INTO user_tag (user_id, tag_id) VALUES ("318","19");
INSERT INTO user_tag (user_id, tag_id) VALUES ("318","34");
INSERT INTO user_tag (user_id, tag_id) VALUES ("318","4");


INSERT INTO likes (like_id, liked_id, like_date) VALUES ("318","472","2017-11-16 23:12:49");
INSERT INTO likes (like_id, liked_id, like_date) VALUES ("318","404","2017-10-13 22:13:06");
INSERT INTO likes (like_id, liked_id, like_date) VALUES ("318","233","2017-06-16 01:25:56");
INSERT INTO likes (like_id, liked_id, like_date) VALUES ("318","184","2017-08-13 00:17:48");
INSERT INTO likes (like_id, liked_id, like_date) VALUES ("318","27","2017-03-03 17:33:23");
INSERT INTO likes (like_id, liked_id, like_date) VALUES ("318","100","2017-11-07 01:36:57");


INSERT INTO user (id, first_name, last_name, username, email, password, birthdate, gender, orientation, bio, country, state, city, zip, file_1, file_2, file_3, file_4, file_5, score, token, token_date, active, register, created_at, updated_at) VALUES ("319","Thora","Robel","pinkiedurgan","adah54@gmail.com","$2y$10$CpHtMiSMmqv2BivHLQLJ1eUS/C.CTBj6/s/NtT6GFqt4JsDw/W2Xi","1967-01-09 12:02:58","1","3","Assumenda ipsa nobis nisi aut ipsum. Aut nam quam sunt. Eius ducimus in quae voluptas omnis.","Saint Barthelemy","","South Helenfort","79356","../fixtures/male6.jpg","../fixtures/male7.jpg","../fixtures/male9.jpg","","","32","7268676173f0c1d4b865e7557e594277","2015-10-26 10:47:13","1","0","1973-12-05 07:42:34","2016-11-15 19:48:16");
INSERT INTO user_tag (user_id, tag_id) VALUES ("319","48");
INSERT INTO user_tag (user_id, tag_id) VALUES ("319","25");
INSERT INTO user_tag (user_id, tag_id) VALUES ("319","36");
INSERT INTO user_tag (user_id, tag_id) VALUES ("319","20");
INSERT INTO user_tag (user_id, tag_id) VALUES ("319","25");
INSERT INTO user_tag (user_id, tag_id) VALUES ("319","26");
INSERT INTO user_tag (user_id, tag_id) VALUES ("319","13");
INSERT INTO user_tag (user_id, tag_id) VALUES ("319","8");
INSERT INTO user_tag (user_id, tag_id) VALUES ("319","24");
INSERT INTO user_tag (user_id, tag_id) VALUES ("319","8");
INSERT INTO user_tag (user_id, tag_id) VALUES ("319","44");
INSERT INTO user_tag (user_id, tag_id) VALUES ("319","11");
INSERT INTO user_tag (user_id, tag_id) VALUES ("319","4");


INSERT INTO likes (like_id, liked_id, like_date) VALUES ("319","444","2017-11-25 23:30:08");
INSERT INTO likes (like_id, liked_id, like_date) VALUES ("319","282","2017-03-02 05:39:51");
INSERT INTO likes (like_id, liked_id, like_date) VALUES ("319","354","2017-03-14 06:36:44");
INSERT INTO likes (like_id, liked_id, like_date) VALUES ("319","352","2018-01-20 21:13:47");
INSERT INTO likes (like_id, liked_id, like_date) VALUES ("319","409","2017-12-09 19:26:17");
INSERT INTO likes (like_id, liked_id, like_date) VALUES ("319","189","2017-11-14 21:06:52");
INSERT INTO likes (like_id, liked_id, like_date) VALUES ("319","164","2017-02-18 10:42:27");
INSERT INTO likes (like_id, liked_id, like_date) VALUES ("319","88","2018-01-04 14:02:42");
INSERT INTO likes (like_id, liked_id, like_date) VALUES ("319","329","2017-07-24 22:11:55");
INSERT INTO likes (like_id, liked_id, like_date) VALUES ("319","499","2018-02-04 18:44:24");
INSERT INTO likes (like_id, liked_id, like_date) VALUES ("319","327","2017-08-22 22:13:06");
INSERT INTO likes (like_id, liked_id, like_date) VALUES ("319","486","2017-02-25 11:10:17");
INSERT INTO likes (like_id, liked_id, like_date) VALUES ("319","148","2017-09-20 16:32:58");


INSERT INTO user (id, first_name, last_name, username, email, password, birthdate, gender, orientation, bio, country, state, city, zip, file_1, file_2, file_3, file_4, file_5, score, token, token_date, active, register, created_at, updated_at) VALUES ("320","Orval","Barton","strosinalfreda","jose14@gmail.com","$2y$10$I.oHusN4b6sKpFCerrXhB.yWV9oo8R5bQDCOA0ByDIARY9Iv/0aQC","1965-10-26 16:19:03","1","1","Provident tempora sint quis aut aliquam quibusdam quo. Iusto praesentium dolorem culpa quis ut molestiae necessitatibus. Illum ut atque enim vel quasi ea. Ut quod enim ea quia ex inventore eligendi.","Sao Tome and Principe","","Eleazarmouth","49713-9310","../fixtures/male1.jpg","../fixtures/male9.jpg","../fixtures/male8.jpg","../fixtures/male2.jpg","../fixtures/male5.jpg","27","527b41397993be98bc51effe42a310d0","1976-10-06 17:24:13","1","1","2006-03-17 20:33:06","1988-12-06 15:50:09");
INSERT INTO user_tag (user_id, tag_id) VALUES ("320","38");
INSERT INTO user_tag (user_id, tag_id) VALUES ("320","10");
INSERT INTO user_tag (user_id, tag_id) VALUES ("320","3");
INSERT INTO user_tag (user_id, tag_id) VALUES ("320","27");


INSERT INTO likes (like_id, liked_id, like_date) VALUES ("320","143","2017-11-05 03:03:12");
INSERT INTO likes (like_id, liked_id, like_date) VALUES ("320","35","2017-08-07 14:41:25");
INSERT INTO likes (like_id, liked_id, like_date) VALUES ("320","27","2018-01-08 16:25:54");
INSERT INTO likes (like_id, liked_id, like_date) VALUES ("320","91","2017-12-12 00:27:56");
INSERT INTO likes (like_id, liked_id, like_date) VALUES ("320","96","2017-12-27 10:30:12");


INSERT INTO user (id, first_name, last_name, username, email, password, birthdate, gender, orientation, bio, country, state, city, zip, file_1, file_2, file_3, file_4, file_5, score, token, token_date, active, register, created_at, updated_at) VALUES ("321","Alanis","Kuhn","oschowalter","lfunk@hotmail.com","$2y$10$dbAD0BsfFDa7MQHNblPQZewZwFVm9HJvuaef58hLn4ZZmZw09yQTm","1964-07-25 21:38:27","2","1","Ut laboriosam eius voluptatem animi repellendus quibusdam. Excepturi necessitatibus quas dolorum dolorum corporis. Inventore ut aut minima voluptatem autem quia voluptatibus placeat.","Ireland","","West Fiona","61930-9813","../fixtures/female1.jpg","../fixtures/female5.jpg","","","","8","ab8b94e2484ba60b52fb27f3ebaf217c","1970-05-11 11:56:14","1","0","2012-05-23 22:59:05","1984-07-14 07:27:13");
INSERT INTO user_tag (user_id, tag_id) VALUES ("321","47");
INSERT INTO user_tag (user_id, tag_id) VALUES ("321","48");
INSERT INTO user_tag (user_id, tag_id) VALUES ("321","15");
INSERT INTO user_tag (user_id, tag_id) VALUES ("321","43");
INSERT INTO user_tag (user_id, tag_id) VALUES ("321","41");
INSERT INTO user_tag (user_id, tag_id) VALUES ("321","17");
INSERT INTO user_tag (user_id, tag_id) VALUES ("321","7");
INSERT INTO user_tag (user_id, tag_id) VALUES ("321","13");
INSERT INTO user_tag (user_id, tag_id) VALUES ("321","50");
INSERT INTO user_tag (user_id, tag_id) VALUES ("321","5");
INSERT INTO user_tag (user_id, tag_id) VALUES ("321","22");


INSERT INTO likes (like_id, liked_id, like_date) VALUES ("321","191","2017-06-30 03:39:57");
INSERT INTO likes (like_id, liked_id, like_date) VALUES ("321","83","2017-12-08 05:38:28");
INSERT INTO likes (like_id, liked_id, like_date) VALUES ("321","143","2018-01-06 09:38:53");
INSERT INTO likes (like_id, liked_id, like_date) VALUES ("321","196","2017-10-16 10:08:44");
INSERT INTO likes (like_id, liked_id, like_date) VALUES ("321","478","2017-09-21 08:48:34");
INSERT INTO likes (like_id, liked_id, like_date) VALUES ("321","333","2017-03-23 11:42:31");
INSERT INTO likes (like_id, liked_id, like_date) VALUES ("321","10","2017-12-14 14:40:46");
INSERT INTO likes (like_id, liked_id, like_date) VALUES ("321","410","2017-04-11 11:02:31");
INSERT INTO likes (like_id, liked_id, like_date) VALUES ("321","216","2017-10-07 12:54:10");
INSERT INTO likes (like_id, liked_id, like_date) VALUES ("321","456","2017-04-06 05:20:08");
INSERT INTO likes (like_id, liked_id, like_date) VALUES ("321","159","2017-10-22 16:58:51");
INSERT INTO likes (like_id, liked_id, like_date) VALUES ("321","194","2017-11-04 06:08:37");
INSERT INTO likes (like_id, liked_id, like_date) VALUES ("321","332","2018-01-07 12:11:54");


INSERT INTO user (id, first_name, last_name, username, email, password, birthdate, gender, orientation, bio, country, state, city, zip, file_1, file_2, file_3, file_4, file_5, score, token, token_date, active, register, created_at, updated_at) VALUES ("322","Wade","Wuckert","nhoeger","hackett.misty@hotmail.com","$2y$10$jjZy/W5PTrvJTiFz4YF/M.OQZAS9PFeHCxe1fXQox0nT8sGx99fUm","1955-09-23 04:31:18","2","1","Non et nihil eius architecto ducimus et. Sunt tenetur itaque delectus et. Ipsum ipsum qui nostrum autem et qui est. Aut eum aut ut laudantium molestias ab et.","Bhutan","","Wolffland","06268","../fixtures/female10.jpg","","","","","41","64b19d5da81296d8c306da42dad90c37","1997-11-12 15:44:35","1","0","2008-10-02 05:24:13","1985-09-30 19:26:37");
INSERT INTO user_tag (user_id, tag_id) VALUES ("322","26");
INSERT INTO user_tag (user_id, tag_id) VALUES ("322","2");
INSERT INTO user_tag (user_id, tag_id) VALUES ("322","15");
INSERT INTO user_tag (user_id, tag_id) VALUES ("322","40");
INSERT INTO user_tag (user_id, tag_id) VALUES ("322","22");
INSERT INTO user_tag (user_id, tag_id) VALUES ("322","3");
INSERT INTO user_tag (user_id, tag_id) VALUES ("322","7");


INSERT INTO likes (like_id, liked_id, like_date) VALUES ("322","400","2018-01-21 19:16:00");
INSERT INTO likes (like_id, liked_id, like_date) VALUES ("322","387","2017-10-17 18:49:44");
INSERT INTO likes (like_id, liked_id, like_date) VALUES ("322","219","2017-07-23 17:50:25");
INSERT INTO likes (like_id, liked_id, like_date) VALUES ("322","163","2017-03-25 13:54:49");
INSERT INTO likes (like_id, liked_id, like_date) VALUES ("322","458","2017-03-23 08:11:28");
INSERT INTO likes (like_id, liked_id, like_date) VALUES ("322","208","2017-07-29 16:06:32");
INSERT INTO likes (like_id, liked_id, like_date) VALUES ("322","76","2017-10-21 00:24:50");
INSERT INTO likes (like_id, liked_id, like_date) VALUES ("322","144","2017-05-18 08:45:05");
INSERT INTO likes (like_id, liked_id, like_date) VALUES ("322","368","2017-05-29 06:38:13");
INSERT INTO likes (like_id, liked_id, like_date) VALUES ("322","212","2017-04-22 12:22:26");


INSERT INTO user (id, first_name, last_name, username, email, password, birthdate, gender, orientation, bio, country, state, city, zip, file_1, file_2, file_3, file_4, file_5, score, token, token_date, active, register, created_at, updated_at) VALUES ("323","Cedrick","Hagenes","jacintodouglas","omarvin@gmail.com","$2y$10$GO0Gbl/A4OjW6I/t/ZuQM.eQzxU3iA69gJINldFrbHbeMUm6bZpt.","1969-05-07 19:20:40","2","1","Aut dolor perspiciatis ratione et qui officia et. Tempore facere in sit distinctio. Voluptas similique est sit laudantium.","Iraq","","Cummeratahaven","00110","../fixtures/female8.jpg","../fixtures/female1.jpg","","","","8","abaa689220f4e631f29f52a0c48fe0c2","1991-01-24 22:14:21","0","0","2003-07-07 16:14:45","2011-03-24 17:58:36");
INSERT INTO user_tag (user_id, tag_id) VALUES ("323","36");
INSERT INTO user_tag (user_id, tag_id) VALUES ("323","25");
INSERT INTO user_tag (user_id, tag_id) VALUES ("323","20");
INSERT INTO user_tag (user_id, tag_id) VALUES ("323","6");
INSERT INTO user_tag (user_id, tag_id) VALUES ("323","6");
INSERT INTO user_tag (user_id, tag_id) VALUES ("323","26");
INSERT INTO user_tag (user_id, tag_id) VALUES ("323","4");
INSERT INTO user_tag (user_id, tag_id) VALUES ("323","25");
INSERT INTO user_tag (user_id, tag_id) VALUES ("323","30");
INSERT INTO user_tag (user_id, tag_id) VALUES ("323","11");
INSERT INTO user_tag (user_id, tag_id) VALUES ("323","48");


INSERT INTO likes (like_id, liked_id, like_date) VALUES ("323","171","2017-04-16 21:21:12");
INSERT INTO likes (like_id, liked_id, like_date) VALUES ("323","204","2017-06-05 15:07:16");
INSERT INTO likes (like_id, liked_id, like_date) VALUES ("323","122","2017-09-21 09:25:54");
INSERT INTO likes (like_id, liked_id, like_date) VALUES ("323","159","2017-11-18 21:40:10");
INSERT INTO likes (like_id, liked_id, like_date) VALUES ("323","238","2017-06-15 16:54:02");
INSERT INTO likes (like_id, liked_id, like_date) VALUES ("323","285","2017-06-27 17:16:21");
INSERT INTO likes (like_id, liked_id, like_date) VALUES ("323","359","2017-12-16 11:50:39");
INSERT INTO likes (like_id, liked_id, like_date) VALUES ("323","48","2018-01-17 11:18:49");
INSERT INTO likes (like_id, liked_id, like_date) VALUES ("323","456","2017-11-07 10:14:44");
INSERT INTO likes (like_id, liked_id, like_date) VALUES ("323","161","2017-04-25 19:39:23");
INSERT INTO likes (like_id, liked_id, like_date) VALUES ("323","380","2017-11-25 02:12:41");
INSERT INTO likes (like_id, liked_id, like_date) VALUES ("323","462","2017-05-08 13:23:40");
INSERT INTO likes (like_id, liked_id, like_date) VALUES ("323","107","2017-07-15 07:24:53");
INSERT INTO likes (like_id, liked_id, like_date) VALUES ("323","422","2017-11-13 00:22:42");
INSERT INTO likes (like_id, liked_id, like_date) VALUES ("323","267","2017-07-05 03:14:01");
INSERT INTO likes (like_id, liked_id, like_date) VALUES ("323","254","2017-10-04 17:49:17");
INSERT INTO likes (like_id, liked_id, like_date) VALUES ("323","210","2018-01-30 07:37:37");


INSERT INTO user (id, first_name, last_name, username, email, password, birthdate, gender, orientation, bio, country, state, city, zip, file_1, file_2, file_3, file_4, file_5, score, token, token_date, active, register, created_at, updated_at) VALUES ("324","Bertrand","Gusikowski","mprohaska","yoshiko.powlowski@yahoo.com","$2y$10$YMBqrqC60ePTmKOwvCifF.j2JS8GSmp5Uh1elYLRAP5cIC7UGBUt2","1950-09-09 09:47:38","1","1","Asperiores consequatur quidem veniam consequatur odit sit ut. Magni necessitatibus ducimus eius molestias aperiam nostrum. Ut consequuntur est a laborum. Porro consequuntur at quia eum quis.","Thailand","","North Citlalliland","89992","../fixtures/male9.jpg","../fixtures/male6.jpg","","","","94","0547d3d2f2c6df23df82cd946d97d86a","1983-12-31 18:44:40","0","0","1990-02-08 19:09:14","2002-07-14 22:20:35");
INSERT INTO user_tag (user_id, tag_id) VALUES ("324","27");
INSERT INTO user_tag (user_id, tag_id) VALUES ("324","45");
INSERT INTO user_tag (user_id, tag_id) VALUES ("324","3");
INSERT INTO user_tag (user_id, tag_id) VALUES ("324","8");
INSERT INTO user_tag (user_id, tag_id) VALUES ("324","16");
INSERT INTO user_tag (user_id, tag_id) VALUES ("324","26");
INSERT INTO user_tag (user_id, tag_id) VALUES ("324","33");
INSERT INTO user_tag (user_id, tag_id) VALUES ("324","50");
INSERT INTO user_tag (user_id, tag_id) VALUES ("324","30");
INSERT INTO user_tag (user_id, tag_id) VALUES ("324","7");
INSERT INTO user_tag (user_id, tag_id) VALUES ("324","29");
INSERT INTO user_tag (user_id, tag_id) VALUES ("324","24");
INSERT INTO user_tag (user_id, tag_id) VALUES ("324","41");


INSERT INTO likes (like_id, liked_id, like_date) VALUES ("324","204","2017-10-10 17:37:20");
INSERT INTO likes (like_id, liked_id, like_date) VALUES ("324","17","2017-04-24 16:52:34");
INSERT INTO likes (like_id, liked_id, like_date) VALUES ("324","456","2017-02-14 00:23:43");
INSERT INTO likes (like_id, liked_id, like_date) VALUES ("324","127","2017-05-27 02:47:21");
INSERT INTO likes (like_id, liked_id, like_date) VALUES ("324","310","2017-08-18 17:48:22");
INSERT INTO likes (like_id, liked_id, like_date) VALUES ("324","227","2017-06-28 01:37:10");
INSERT INTO likes (like_id, liked_id, like_date) VALUES ("324","187","2017-05-19 14:55:53");
INSERT INTO likes (like_id, liked_id, like_date) VALUES ("324","116","2017-09-08 15:25:09");


INSERT INTO user (id, first_name, last_name, username, email, password, birthdate, gender, orientation, bio, country, state, city, zip, file_1, file_2, file_3, file_4, file_5, score, token, token_date, active, register, created_at, updated_at) VALUES ("325","Deontae","Goodwin","henry30","gfadel@swaniawski.org","$2y$10$pdBg/fR1ad4wWZkoTVo2D.j.ydmHhPbIuUmRV18e3j4usQspYbUTu","1958-02-11 12:28:49","1","3","Sint veniam nobis voluptas non rerum iusto laudantium. Eos eos soluta architecto dolores. Numquam neque minima pariatur ratione in saepe quia. Reiciendis in est reiciendis consectetur.","Guadeloupe","","North Jazmynland","48501","../fixtures/male6.jpg","../fixtures/male3.jpg","../fixtures/male1.jpg","../fixtures/male2.jpg","","1","3eaa5dc35aa0564bea858a950252a958","2003-06-01 01:15:47","1","0","1974-05-09 15:53:37","1971-12-02 02:35:52");
INSERT INTO user_tag (user_id, tag_id) VALUES ("325","25");
INSERT INTO user_tag (user_id, tag_id) VALUES ("325","13");
INSERT INTO user_tag (user_id, tag_id) VALUES ("325","20");
INSERT INTO user_tag (user_id, tag_id) VALUES ("325","29");
INSERT INTO user_tag (user_id, tag_id) VALUES ("325","49");
INSERT INTO user_tag (user_id, tag_id) VALUES ("325","26");
INSERT INTO user_tag (user_id, tag_id) VALUES ("325","8");
INSERT INTO user_tag (user_id, tag_id) VALUES ("325","8");


INSERT INTO likes (like_id, liked_id, like_date) VALUES ("325","222","2017-03-17 15:21:04");
INSERT INTO likes (like_id, liked_id, like_date) VALUES ("325","437","2017-09-28 01:11:39");
INSERT INTO likes (like_id, liked_id, like_date) VALUES ("325","204","2017-05-23 16:14:34");
INSERT INTO likes (like_id, liked_id, like_date) VALUES ("325","350","2018-02-06 11:33:36");
INSERT INTO likes (like_id, liked_id, like_date) VALUES ("325","24","2017-04-22 11:50:49");
INSERT INTO likes (like_id, liked_id, like_date) VALUES ("325","125","2017-03-19 11:39:44");
INSERT INTO likes (like_id, liked_id, like_date) VALUES ("325","173","2017-08-06 18:52:39");
INSERT INTO likes (like_id, liked_id, like_date) VALUES ("325","37","2017-07-06 03:13:25");
INSERT INTO likes (like_id, liked_id, like_date) VALUES ("325","312","2017-12-04 23:15:31");
INSERT INTO likes (like_id, liked_id, like_date) VALUES ("325","174","2017-07-02 22:48:59");
INSERT INTO likes (like_id, liked_id, like_date) VALUES ("325","496","2017-09-30 07:34:18");
INSERT INTO likes (like_id, liked_id, like_date) VALUES ("325","453","2018-01-23 08:02:02");
INSERT INTO likes (like_id, liked_id, like_date) VALUES ("325","181","2017-12-11 15:39:34");
INSERT INTO likes (like_id, liked_id, like_date) VALUES ("325","311","2018-01-30 09:14:40");
INSERT INTO likes (like_id, liked_id, like_date) VALUES ("325","167","2017-08-04 15:44:51");


INSERT INTO user (id, first_name, last_name, username, email, password, birthdate, gender, orientation, bio, country, state, city, zip, file_1, file_2, file_3, file_4, file_5, score, token, token_date, active, register, created_at, updated_at) VALUES ("326","Clare","Kunde","rosamondlang","stoltenberg.kamren@gerhold.com","$2y$10$4Us33x8zHe195zCn5vqgwegqgBmRRGHL/gJRqFYhKvIGmqtJj/s/6","1977-04-03 22:36:27","2","2","Eius officiis ratione sunt. Dolor est quas est ut vel eius incidunt. Et cum nesciunt rerum doloremque sint. Qui praesentium sequi omnis mollitia.","Mayotte","","Bergnaumfort","80130","../fixtures/female4.jpg","../fixtures/female5.jpg","../fixtures/female6.jpg","../fixtures/female2.jpg","../fixtures/female3.jpg","30","a2e5549111e6f6fe4f8895bcb72e48cf","1994-03-28 22:54:25","0","0","1994-02-14 08:32:18","2012-07-16 18:56:39");
INSERT INTO user_tag (user_id, tag_id) VALUES ("326","27");


INSERT INTO likes (like_id, liked_id, like_date) VALUES ("326","368","2017-10-03 14:02:56");
INSERT INTO likes (like_id, liked_id, like_date) VALUES ("326","487","2018-02-03 17:31:46");
INSERT INTO likes (like_id, liked_id, like_date) VALUES ("326","360","2017-07-02 10:46:26");
INSERT INTO likes (like_id, liked_id, like_date) VALUES ("326","257","2017-07-27 12:43:28");
INSERT INTO likes (like_id, liked_id, like_date) VALUES ("326","187","2018-02-11 11:19:31");
INSERT INTO likes (like_id, liked_id, like_date) VALUES ("326","350","2017-04-06 02:15:59");


INSERT INTO user (id, first_name, last_name, username, email, password, birthdate, gender, orientation, bio, country, state, city, zip, file_1, file_2, file_3, file_4, file_5, score, token, token_date, active, register, created_at, updated_at) VALUES ("327","Grover","Douglas","elvie03","pattie40@gmail.com","$2y$10$VeIa5S7ceFaBXg8xBgGnv.9mGGXDejfY3FN9p1/58ONY9iW7n/.5G","1956-12-16 04:19:50","1","1","Blanditiis in at nihil et ea quia velit molestiae. Ut repudiandae voluptatem qui.","Egypt","","Leuschkeshire","94587-4318","../fixtures/male5.jpg","../fixtures/male8.jpg","../fixtures/male6.jpg","","","7","95f860817f37afc5c687b2c10b0f3468","1985-12-05 09:32:26","1","0","1976-09-07 12:34:25","1984-08-16 11:35:35");
INSERT INTO user_tag (user_id, tag_id) VALUES ("327","43");
INSERT INTO user_tag (user_id, tag_id) VALUES ("327","25");
INSERT INTO user_tag (user_id, tag_id) VALUES ("327","25");
INSERT INTO user_tag (user_id, tag_id) VALUES ("327","20");
INSERT INTO user_tag (user_id, tag_id) VALUES ("327","50");
INSERT INTO user_tag (user_id, tag_id) VALUES ("327","14");
INSERT INTO user_tag (user_id, tag_id) VALUES ("327","3");
INSERT INTO user_tag (user_id, tag_id) VALUES ("327","43");
INSERT INTO user_tag (user_id, tag_id) VALUES ("327","7");
INSERT INTO user_tag (user_id, tag_id) VALUES ("327","18");
INSERT INTO user_tag (user_id, tag_id) VALUES ("327","31");
INSERT INTO user_tag (user_id, tag_id) VALUES ("327","19");
INSERT INTO user_tag (user_id, tag_id) VALUES ("327","31");
INSERT INTO user_tag (user_id, tag_id) VALUES ("327","2");
INSERT INTO user_tag (user_id, tag_id) VALUES ("327","30");


INSERT INTO likes (like_id, liked_id, like_date) VALUES ("327","209","2017-12-14 04:22:33");


INSERT INTO user (id, first_name, last_name, username, email, password, birthdate, gender, orientation, bio, country, state, city, zip, file_1, file_2, file_3, file_4, file_5, score, token, token_date, active, register, created_at, updated_at) VALUES ("328","Teagan","Rogahn","garnett57","dmurphy@gmail.com","$2y$10$qjyifVY6559HAmoADAEyFufTFjvCCFiXsuANJP9AzX6Wjs1kWVg1e","1996-01-06 08:39:50","1","2","Et tempore accusamus dolor eaque perspiciatis aut. Amet earum expedita facere ut sapiente dolor voluptates. Mollitia numquam delectus labore deleniti.","Saint Pierre and Miquelon","","Roscoeburgh","30375","../fixtures/male8.jpg","../fixtures/male4.jpg","../fixtures/male4.jpg","../fixtures/male3.jpg","","29","c3856766952e71edc757b916d7f6bda8","1979-11-20 07:30:04","0","0","1975-05-29 06:16:56","1974-02-04 04:49:46");
INSERT INTO user_tag (user_id, tag_id) VALUES ("328","32");
INSERT INTO user_tag (user_id, tag_id) VALUES ("328","13");
INSERT INTO user_tag (user_id, tag_id) VALUES ("328","9");
INSERT INTO user_tag (user_id, tag_id) VALUES ("328","13");
INSERT INTO user_tag (user_id, tag_id) VALUES ("328","25");


INSERT INTO likes (like_id, liked_id, like_date) VALUES ("328","15","2017-05-05 01:30:11");
INSERT INTO likes (like_id, liked_id, like_date) VALUES ("328","141","2018-01-03 06:08:01");
INSERT INTO likes (like_id, liked_id, like_date) VALUES ("328","423","2018-01-03 22:21:50");
INSERT INTO likes (like_id, liked_id, like_date) VALUES ("328","102","2017-11-05 09:32:35");


INSERT INTO user (id, first_name, last_name, username, email, password, birthdate, gender, orientation, bio, country, state, city, zip, file_1, file_2, file_3, file_4, file_5, score, token, token_date, active, register, created_at, updated_at) VALUES ("329","Sunny","Kiehn","wohara","garret83@hotmail.com","$2y$10$bl0VGK7.gDi2Y2bP9.9ANeUZXAwCs1LI5AdO4IyGcraMjEONyuvXG","1960-09-24 23:22:31","2","3","Omnis voluptas dicta nisi praesentium. Dolores laboriosam autem illum hic. Qui cumque non est expedita nobis quibusdam ex voluptates. Consequuntur aut voluptatibus atque repellat iusto.","Aruba","","New Demetrius","42433-9763","../fixtures/female5.jpg","../fixtures/female3.jpg","../fixtures/female7.jpg","../fixtures/female10.jpg","../fixtures/female10.jpg","24","dd3fd94a92464e1af39da73773bfbc66","1974-10-01 14:33:01","0","0","1977-05-03 23:18:19","2008-12-02 05:25:49");
INSERT INTO user_tag (user_id, tag_id) VALUES ("329","4");


INSERT INTO likes (like_id, liked_id, like_date) VALUES ("329","212","2017-02-14 05:57:28");
INSERT INTO likes (like_id, liked_id, like_date) VALUES ("329","388","2018-02-03 19:21:05");
INSERT INTO likes (like_id, liked_id, like_date) VALUES ("329","324","2017-04-26 23:35:46");
INSERT INTO likes (like_id, liked_id, like_date) VALUES ("329","164","2018-02-12 02:22:00");
INSERT INTO likes (like_id, liked_id, like_date) VALUES ("329","404","2017-10-22 04:11:56");
INSERT INTO likes (like_id, liked_id, like_date) VALUES ("329","427","2017-03-14 00:06:25");
INSERT INTO likes (like_id, liked_id, like_date) VALUES ("329","328","2017-09-23 10:17:10");
INSERT INTO likes (like_id, liked_id, like_date) VALUES ("329","145","2017-04-26 10:57:36");
INSERT INTO likes (like_id, liked_id, like_date) VALUES ("329","217","2017-12-02 09:13:10");
INSERT INTO likes (like_id, liked_id, like_date) VALUES ("329","32","2017-06-11 09:40:02");
INSERT INTO likes (like_id, liked_id, like_date) VALUES ("329","419","2017-08-15 03:52:10");
INSERT INTO likes (like_id, liked_id, like_date) VALUES ("329","157","2018-01-03 09:01:16");
INSERT INTO likes (like_id, liked_id, like_date) VALUES ("329","200","2017-04-17 04:32:38");


INSERT INTO user (id, first_name, last_name, username, email, password, birthdate, gender, orientation, bio, country, state, city, zip, file_1, file_2, file_3, file_4, file_5, score, token, token_date, active, register, created_at, updated_at) VALUES ("330","Danyka","Toy","bechtelarjennings","zaria09@mayer.com","$2y$10$i5b2wzgXYt/ujPRJJTcgHOGstsaSTIuwJ8Ss8XGzwBV5zpw8rXSy6","1993-07-14 05:18:49","1","1","Libero qui aut debitis porro qui nihil. Iste rerum assumenda ut omnis eveniet quis molestias et. Et temporibus est maxime explicabo.","Svalbard & Jan Mayen Islands","","O'Connellborough","45541","../fixtures/male9.jpg","","","","","46","d66d4aad9e30737ce94b4bfc7b61a327","1975-12-26 10:10:43","0","0","1989-09-05 17:04:19","2009-07-19 21:47:51");
INSERT INTO user_tag (user_id, tag_id) VALUES ("330","44");
INSERT INTO user_tag (user_id, tag_id) VALUES ("330","7");
INSERT INTO user_tag (user_id, tag_id) VALUES ("330","16");
INSERT INTO user_tag (user_id, tag_id) VALUES ("330","34");
INSERT INTO user_tag (user_id, tag_id) VALUES ("330","48");
INSERT INTO user_tag (user_id, tag_id) VALUES ("330","48");
INSERT INTO user_tag (user_id, tag_id) VALUES ("330","21");
INSERT INTO user_tag (user_id, tag_id) VALUES ("330","2");
INSERT INTO user_tag (user_id, tag_id) VALUES ("330","5");
INSERT INTO user_tag (user_id, tag_id) VALUES ("330","49");
INSERT INTO user_tag (user_id, tag_id) VALUES ("330","26");
INSERT INTO user_tag (user_id, tag_id) VALUES ("330","33");
INSERT INTO user_tag (user_id, tag_id) VALUES ("330","24");


INSERT INTO likes (like_id, liked_id, like_date) VALUES ("330","483","2017-12-03 19:39:31");
INSERT INTO likes (like_id, liked_id, like_date) VALUES ("330","236","2018-01-21 06:03:09");
INSERT INTO likes (like_id, liked_id, like_date) VALUES ("330","83","2017-09-17 00:29:01");
INSERT INTO likes (like_id, liked_id, like_date) VALUES ("330","200","2018-01-11 21:42:33");


INSERT INTO user (id, first_name, last_name, username, email, password, birthdate, gender, orientation, bio, country, state, city, zip, file_1, file_2, file_3, file_4, file_5, score, token, token_date, active, register, created_at, updated_at) VALUES ("331","Pearline","Ratke","dakota56","cbode@hotmail.com","$2y$10$ARVXEeiAAb33qc47Sckbu.xsEFHyDNxFkM7ig5eshrR/fcs76WW2e","1988-03-10 19:22:43","2","3","Voluptas sit consectetur sequi in. Debitis quis necessitatibus ratione. Ut delectus provident in delectus quasi numquam.","Saint Pierre and Miquelon","","Franciston","39391-4999","../fixtures/female4.jpg","../fixtures/female1.jpg","../fixtures/female1.jpg","","","85","49f30d87b9e5b3135028c40235d1a2c2","2016-12-24 13:07:15","0","0","1974-12-08 05:36:59","2003-04-10 04:58:30");
INSERT INTO user_tag (user_id, tag_id) VALUES ("331","31");
INSERT INTO user_tag (user_id, tag_id) VALUES ("331","13");
INSERT INTO user_tag (user_id, tag_id) VALUES ("331","45");
INSERT INTO user_tag (user_id, tag_id) VALUES ("331","32");
INSERT INTO user_tag (user_id, tag_id) VALUES ("331","16");
INSERT INTO user_tag (user_id, tag_id) VALUES ("331","34");
INSERT INTO user_tag (user_id, tag_id) VALUES ("331","4");
INSERT INTO user_tag (user_id, tag_id) VALUES ("331","19");
INSERT INTO user_tag (user_id, tag_id) VALUES ("331","16");
INSERT INTO user_tag (user_id, tag_id) VALUES ("331","15");
INSERT INTO user_tag (user_id, tag_id) VALUES ("331","33");
INSERT INTO user_tag (user_id, tag_id) VALUES ("331","41");
INSERT INTO user_tag (user_id, tag_id) VALUES ("331","8");
INSERT INTO user_tag (user_id, tag_id) VALUES ("331","42");
INSERT INTO user_tag (user_id, tag_id) VALUES ("331","48");


INSERT INTO likes (like_id, liked_id, like_date) VALUES ("331","105","2017-04-13 22:39:16");
INSERT INTO likes (like_id, liked_id, like_date) VALUES ("331","147","2017-09-30 17:11:57");
INSERT INTO likes (like_id, liked_id, like_date) VALUES ("331","327","2017-06-15 16:37:12");
INSERT INTO likes (like_id, liked_id, like_date) VALUES ("331","295","2017-11-06 15:20:07");
INSERT INTO likes (like_id, liked_id, like_date) VALUES ("331","98","2017-10-31 09:01:51");
INSERT INTO likes (like_id, liked_id, like_date) VALUES ("331","67","2017-03-01 21:40:32");
INSERT INTO likes (like_id, liked_id, like_date) VALUES ("331","152","2017-03-19 03:45:57");
INSERT INTO likes (like_id, liked_id, like_date) VALUES ("331","176","2017-09-14 21:34:01");
INSERT INTO likes (like_id, liked_id, like_date) VALUES ("331","12","2017-03-02 09:25:32");
INSERT INTO likes (like_id, liked_id, like_date) VALUES ("331","413","2017-07-10 20:59:15");
INSERT INTO likes (like_id, liked_id, like_date) VALUES ("331","120","2018-02-10 09:31:07");
INSERT INTO likes (like_id, liked_id, like_date) VALUES ("331","10","2017-05-25 02:19:33");
INSERT INTO likes (like_id, liked_id, like_date) VALUES ("331","382","2017-09-14 01:58:50");
INSERT INTO likes (like_id, liked_id, like_date) VALUES ("331","442","2017-11-16 13:14:12");


INSERT INTO user (id, first_name, last_name, username, email, password, birthdate, gender, orientation, bio, country, state, city, zip, file_1, file_2, file_3, file_4, file_5, score, token, token_date, active, register, created_at, updated_at) VALUES ("332","Daisha","Batz","kgoldner","paucek.zoe@prosacco.net","$2y$10$9SMS92a5WzivARByT/cDOucQjlBfZRJaczePROTqZpV187EkG0O7G","1954-02-19 07:54:33","1","1","Iusto ut quia sint maxime ad odio illum. Dolor enim omnis et qui voluptatum eaque qui. Et quo voluptas officiis voluptate.","Suriname","","Christinachester","89604-9417","../fixtures/male5.jpg","","","","","18","d045074925815f5215a6c9b0debb1750","1998-09-16 19:34:28","1","0","1999-12-01 21:55:36","1991-09-12 01:00:19");
INSERT INTO user_tag (user_id, tag_id) VALUES ("332","44");
INSERT INTO user_tag (user_id, tag_id) VALUES ("332","31");
INSERT INTO user_tag (user_id, tag_id) VALUES ("332","27");
INSERT INTO user_tag (user_id, tag_id) VALUES ("332","25");
INSERT INTO user_tag (user_id, tag_id) VALUES ("332","5");
INSERT INTO user_tag (user_id, tag_id) VALUES ("332","14");
INSERT INTO user_tag (user_id, tag_id) VALUES ("332","7");
INSERT INTO user_tag (user_id, tag_id) VALUES ("332","39");
INSERT INTO user_tag (user_id, tag_id) VALUES ("332","45");
INSERT INTO user_tag (user_id, tag_id) VALUES ("332","21");
INSERT INTO user_tag (user_id, tag_id) VALUES ("332","49");


INSERT INTO likes (like_id, liked_id, like_date) VALUES ("332","295","2017-11-03 05:48:31");
INSERT INTO likes (like_id, liked_id, like_date) VALUES ("332","254","2017-11-06 08:13:36");
INSERT INTO likes (like_id, liked_id, like_date) VALUES ("332","156","2017-07-14 20:38:21");


INSERT INTO user (id, first_name, last_name, username, email, password, birthdate, gender, orientation, bio, country, state, city, zip, file_1, file_2, file_3, file_4, file_5, score, token, token_date, active, register, created_at, updated_at) VALUES ("333","Delores","Moen","nadiahickle","epouros@howell.com","$2y$10$Wg6xGbG9MNDtoFp0Jji5.O.S75eHIEO/F1QDlEaAbjlmXifSLzqwG","1952-04-09 03:50:26","1","1","Sit nulla sequi pariatur nemo. Quo cumque earum quis maxime animi recusandae et. Earum libero et perspiciatis.","Mozambique","","Cassinborough","41708","../fixtures/male4.jpg","","","","","53","afbe8e84e49a54917aa35506ecf8c02e","2011-02-25 22:49:56","1","0","1973-12-27 18:50:08","2001-01-29 04:30:03");
INSERT INTO user_tag (user_id, tag_id) VALUES ("333","23");
INSERT INTO user_tag (user_id, tag_id) VALUES ("333","11");
INSERT INTO user_tag (user_id, tag_id) VALUES ("333","24");
INSERT INTO user_tag (user_id, tag_id) VALUES ("333","43");
INSERT INTO user_tag (user_id, tag_id) VALUES ("333","38");
INSERT INTO user_tag (user_id, tag_id) VALUES ("333","26");


INSERT INTO likes (like_id, liked_id, like_date) VALUES ("333","284","2018-01-07 10:38:59");
INSERT INTO likes (like_id, liked_id, like_date) VALUES ("333","358","2017-02-19 20:11:08");
INSERT INTO likes (like_id, liked_id, like_date) VALUES ("333","423","2017-03-11 18:55:07");
INSERT INTO likes (like_id, liked_id, like_date) VALUES ("333","136","2017-04-02 16:33:05");
INSERT INTO likes (like_id, liked_id, like_date) VALUES ("333","428","2017-05-12 22:06:52");
INSERT INTO likes (like_id, liked_id, like_date) VALUES ("333","283","2017-12-05 13:50:08");
INSERT INTO likes (like_id, liked_id, like_date) VALUES ("333","265","2017-11-16 06:32:11");
INSERT INTO likes (like_id, liked_id, like_date) VALUES ("333","238","2017-11-21 08:09:31");
INSERT INTO likes (like_id, liked_id, like_date) VALUES ("333","275","2017-02-23 02:09:42");
INSERT INTO likes (like_id, liked_id, like_date) VALUES ("333","25","2017-06-01 12:20:20");
INSERT INTO likes (like_id, liked_id, like_date) VALUES ("333","89","2017-03-16 19:47:03");
INSERT INTO likes (like_id, liked_id, like_date) VALUES ("333","146","2017-12-16 11:12:48");
INSERT INTO likes (like_id, liked_id, like_date) VALUES ("333","234","2017-03-25 14:28:09");
INSERT INTO likes (like_id, liked_id, like_date) VALUES ("333","395","2017-08-29 07:45:58");
INSERT INTO likes (like_id, liked_id, like_date) VALUES ("333","485","2017-12-19 22:31:56");
INSERT INTO likes (like_id, liked_id, like_date) VALUES ("333","271","2017-08-11 12:20:03");
INSERT INTO likes (like_id, liked_id, like_date) VALUES ("333","465","2017-07-27 18:24:47");
INSERT INTO likes (like_id, liked_id, like_date) VALUES ("333","148","2018-02-02 11:38:13");


INSERT INTO user (id, first_name, last_name, username, email, password, birthdate, gender, orientation, bio, country, state, city, zip, file_1, file_2, file_3, file_4, file_5, score, token, token_date, active, register, created_at, updated_at) VALUES ("334","Amie","Baumbach","arelykautzer","adelle.hamill@gmail.com","$2y$10$sFATI7rSyVroYznBNMQAye0ktQ4m/QW9NGvC81X/iZw8/K/LNJQ9a","1967-01-23 03:56:17","1","3","Quam iste vero aut molestias. Corrupti itaque dolorem tenetur fugit maxime. Accusantium praesentium porro placeat ut voluptatum. Reiciendis occaecati voluptas ipsum.","Nauru","","Russelview","67730-3196","../fixtures/male7.jpg","../fixtures/male4.jpg","","","","30","c317d795df0b7dd1c78ece185cb2fa82","2004-10-19 07:29:33","1","1","1985-05-15 23:06:54","2007-07-09 02:45:26");
INSERT INTO user_tag (user_id, tag_id) VALUES ("334","18");
INSERT INTO user_tag (user_id, tag_id) VALUES ("334","22");
INSERT INTO user_tag (user_id, tag_id) VALUES ("334","35");
INSERT INTO user_tag (user_id, tag_id) VALUES ("334","50");


INSERT INTO likes (like_id, liked_id, like_date) VALUES ("334","320","2017-03-16 03:15:15");
INSERT INTO likes (like_id, liked_id, like_date) VALUES ("334","133","2017-03-29 20:17:30");
INSERT INTO likes (like_id, liked_id, like_date) VALUES ("334","366","2017-11-30 01:37:01");
INSERT INTO likes (like_id, liked_id, like_date) VALUES ("334","205","2017-05-26 13:58:30");
INSERT INTO likes (like_id, liked_id, like_date) VALUES ("334","325","2017-02-26 14:18:27");
INSERT INTO likes (like_id, liked_id, like_date) VALUES ("334","488","2017-02-26 20:13:38");
INSERT INTO likes (like_id, liked_id, like_date) VALUES ("334","260","2017-11-20 02:51:28");
INSERT INTO likes (like_id, liked_id, like_date) VALUES ("334","488","2017-06-01 15:29:03");
INSERT INTO likes (like_id, liked_id, like_date) VALUES ("334","318","2018-01-02 16:50:46");


INSERT INTO user (id, first_name, last_name, username, email, password, birthdate, gender, orientation, bio, country, state, city, zip, file_1, file_2, file_3, file_4, file_5, score, token, token_date, active, register, created_at, updated_at) VALUES ("335","Antonetta","Rohan","bergesanta","eduardo65@fahey.org","$2y$10$wZwxHm4xvPF3YD51HO1.C.RtmgaQ9tAtDLZ.8Gw2FFmDnfZSSW7aG","1996-03-22 21:25:46","1","3","Vel harum distinctio eaque consequuntur minus. Dolor eaque quasi quod provident. Qui dolor voluptas porro perspiciatis qui voluptatum. Corrupti voluptatibus et omnis modi.","Thailand","","New Remington","40729-2560","../fixtures/male2.jpg","../fixtures/male10.jpg","../fixtures/male6.jpg","../fixtures/male8.jpg","","61","4e2efa469e6c772cdeadeea9e78c875c","1998-02-21 06:40:49","0","0","1980-05-23 04:43:02","1972-09-08 15:52:16");
INSERT INTO user_tag (user_id, tag_id) VALUES ("335","21");
INSERT INTO user_tag (user_id, tag_id) VALUES ("335","30");


INSERT INTO likes (like_id, liked_id, like_date) VALUES ("335","31","2017-07-26 02:21:40");
INSERT INTO likes (like_id, liked_id, like_date) VALUES ("335","234","2017-04-08 08:08:16");
INSERT INTO likes (like_id, liked_id, like_date) VALUES ("335","36","2017-05-10 20:13:36");
INSERT INTO likes (like_id, liked_id, like_date) VALUES ("335","352","2017-03-11 11:23:22");
INSERT INTO likes (like_id, liked_id, like_date) VALUES ("335","474","2017-12-15 03:08:52");
INSERT INTO likes (like_id, liked_id, like_date) VALUES ("335","329","2017-05-11 13:46:36");


INSERT INTO user (id, first_name, last_name, username, email, password, birthdate, gender, orientation, bio, country, state, city, zip, file_1, file_2, file_3, file_4, file_5, score, token, token_date, active, register, created_at, updated_at) VALUES ("336","Friedrich","Bruen","beverly80","aida81@mcdermott.biz","$2y$10$kSIPNWM986Q5XEoLMW.dsOBPdTmomToc.btm2JbsAC0LnXu2k8tMW","1969-03-10 23:43:23","2","2","Itaque pariatur quis quidem. Molestias blanditiis eos minima et possimus voluptate commodi. Unde est animi impedit doloribus.","United States Virgin Islands","","Reicherttown","21824","../fixtures/female4.jpg","","","","","18","4cc54fa2bf9eacb0b5eda20f2ad13a0f","2001-01-28 23:48:50","1","0","1974-07-27 08:22:22","1992-12-25 10:06:56");
INSERT INTO user_tag (user_id, tag_id) VALUES ("336","34");
INSERT INTO user_tag (user_id, tag_id) VALUES ("336","14");
INSERT INTO user_tag (user_id, tag_id) VALUES ("336","19");


INSERT INTO likes (like_id, liked_id, like_date) VALUES ("336","286","2017-07-02 05:15:32");
INSERT INTO likes (like_id, liked_id, like_date) VALUES ("336","178","2017-09-09 06:03:46");
INSERT INTO likes (like_id, liked_id, like_date) VALUES ("336","468","2017-06-25 09:35:22");
INSERT INTO likes (like_id, liked_id, like_date) VALUES ("336","217","2017-05-16 10:10:42");
INSERT INTO likes (like_id, liked_id, like_date) VALUES ("336","146","2017-04-05 15:04:22");
INSERT INTO likes (like_id, liked_id, like_date) VALUES ("336","428","2017-10-07 06:50:38");
INSERT INTO likes (like_id, liked_id, like_date) VALUES ("336","486","2017-10-18 20:26:19");
INSERT INTO likes (like_id, liked_id, like_date) VALUES ("336","265","2017-06-26 18:35:34");
INSERT INTO likes (like_id, liked_id, like_date) VALUES ("336","152","2017-12-12 20:33:05");
INSERT INTO likes (like_id, liked_id, like_date) VALUES ("336","272","2017-06-14 10:27:33");
INSERT INTO likes (like_id, liked_id, like_date) VALUES ("336","440","2017-02-27 10:24:05");
INSERT INTO likes (like_id, liked_id, like_date) VALUES ("336","227","2017-12-11 14:44:45");
INSERT INTO likes (like_id, liked_id, like_date) VALUES ("336","118","2017-11-22 22:16:19");
INSERT INTO likes (like_id, liked_id, like_date) VALUES ("336","475","2017-10-04 10:03:21");
INSERT INTO likes (like_id, liked_id, like_date) VALUES ("336","228","2017-11-06 00:56:32");
INSERT INTO likes (like_id, liked_id, like_date) VALUES ("336","113","2017-11-01 14:51:46");
INSERT INTO likes (like_id, liked_id, like_date) VALUES ("336","245","2017-03-29 16:30:59");
INSERT INTO likes (like_id, liked_id, like_date) VALUES ("336","420","2017-10-09 05:53:51");
INSERT INTO likes (like_id, liked_id, like_date) VALUES ("336","115","2017-08-18 09:55:42");


INSERT INTO user (id, first_name, last_name, username, email, password, birthdate, gender, orientation, bio, country, state, city, zip, file_1, file_2, file_3, file_4, file_5, score, token, token_date, active, register, created_at, updated_at) VALUES ("337","Christelle","Torp","reillyarlie","wiza.elbert@yahoo.com","$2y$10$P.eAeDo8yZhcZ9YjflOjjOjifRCFKac8EwrDO766adIIVPFFF/AhO","1967-04-18 23:02:05","1","2","Qui velit qui rerum accusamus quibusdam. Omnis qui voluptatem minus aut tempora ut. Dolorum quas esse delectus at atque nihil. Nihil saepe laborum error eveniet voluptatem.","United States Virgin Islands","","South Emilborough","98287-3470","../fixtures/male3.jpg","../fixtures/male9.jpg","","","","40","290d945877cd65f5b171619093bcaf1d","1974-01-24 17:12:16","1","0","1985-07-07 08:25:48","1971-02-12 13:16:49");
INSERT INTO user_tag (user_id, tag_id) VALUES ("337","30");
INSERT INTO user_tag (user_id, tag_id) VALUES ("337","6");
INSERT INTO user_tag (user_id, tag_id) VALUES ("337","19");
INSERT INTO user_tag (user_id, tag_id) VALUES ("337","23");
INSERT INTO user_tag (user_id, tag_id) VALUES ("337","49");
INSERT INTO user_tag (user_id, tag_id) VALUES ("337","23");


INSERT INTO likes (like_id, liked_id, like_date) VALUES ("337","60","2017-09-07 19:12:42");
INSERT INTO likes (like_id, liked_id, like_date) VALUES ("337","245","2017-08-17 21:39:14");
INSERT INTO likes (like_id, liked_id, like_date) VALUES ("337","123","2017-08-20 05:18:50");
INSERT INTO likes (like_id, liked_id, like_date) VALUES ("337","24","2017-08-18 12:00:43");
INSERT INTO likes (like_id, liked_id, like_date) VALUES ("337","307","2017-05-09 13:02:37");
INSERT INTO likes (like_id, liked_id, like_date) VALUES ("337","173","2017-11-23 17:06:04");
INSERT INTO likes (like_id, liked_id, like_date) VALUES ("337","181","2017-12-27 03:41:40");
INSERT INTO likes (like_id, liked_id, like_date) VALUES ("337","152","2017-09-10 20:02:00");
INSERT INTO likes (like_id, liked_id, like_date) VALUES ("337","359","2017-07-26 00:05:02");
INSERT INTO likes (like_id, liked_id, like_date) VALUES ("337","363","2017-10-24 01:38:34");


INSERT INTO user (id, first_name, last_name, username, email, password, birthdate, gender, orientation, bio, country, state, city, zip, file_1, file_2, file_3, file_4, file_5, score, token, token_date, active, register, created_at, updated_at) VALUES ("338","Dallas","Hirthe","patdenesik","maria.ortiz@hotmail.com","$2y$10$F6164IsqA8xNZcTnEAwJqOsZlXYY9G1nFR7PEwkz2641PShk//76G","1974-01-04 13:05:24","2","3","Nobis nihil incidunt fugit et rem nisi nisi. Odio cum est voluptatum aut. Enim soluta quia debitis quasi sequi sint et. Et officia explicabo non dolorem debitis.","Montserrat","","Quitzonbury","82937","../fixtures/female8.jpg","../fixtures/female1.jpg","../fixtures/female7.jpg","../fixtures/female5.jpg","../fixtures/female2.jpg","57","b960aff7cd9604de8000d2d9fb85ddbc","2004-08-28 08:51:16","0","0","1979-10-07 08:16:06","2006-03-18 01:55:20");
INSERT INTO user_tag (user_id, tag_id) VALUES ("338","39");
INSERT INTO user_tag (user_id, tag_id) VALUES ("338","43");
INSERT INTO user_tag (user_id, tag_id) VALUES ("338","14");
INSERT INTO user_tag (user_id, tag_id) VALUES ("338","17");


INSERT INTO likes (like_id, liked_id, like_date) VALUES ("338","89","2017-02-25 17:38:24");
INSERT INTO likes (like_id, liked_id, like_date) VALUES ("338","375","2017-04-18 17:59:59");
INSERT INTO likes (like_id, liked_id, like_date) VALUES ("338","262","2017-09-26 06:27:32");
INSERT INTO likes (like_id, liked_id, like_date) VALUES ("338","275","2017-04-07 04:28:09");
INSERT INTO likes (like_id, liked_id, like_date) VALUES ("338","261","2017-11-03 07:08:57");
INSERT INTO likes (like_id, liked_id, like_date) VALUES ("338","374","2018-01-18 18:33:22");


INSERT INTO user (id, first_name, last_name, username, email, password, birthdate, gender, orientation, bio, country, state, city, zip, file_1, file_2, file_3, file_4, file_5, score, token, token_date, active, register, created_at, updated_at) VALUES ("339","Raheem","Larkin","augustusgutmann","rborer@grady.info","$2y$10$K3ZPvC8zPJ8.l.zOSuRJQuhd/4.No0R/gtu1wQWVHAyQ1X7Yfk33e","1977-01-26 17:59:39","2","3","Laboriosam tempore a sunt suscipit rerum aliquid qui. Doloremque sit et possimus non. Sit dolorum minus voluptatem. Ut est hic cum deleniti. Odio sit officiis reprehenderit deleniti est sed.","Sweden","","Daphneyborough","69225","../fixtures/female9.jpg","","","","","70","0dc018ed8f7faf843c627c4c30b74c4f","1993-02-16 19:24:11","1","0","1988-09-06 22:05:16","1971-02-20 13:41:01");
INSERT INTO user_tag (user_id, tag_id) VALUES ("339","27");
INSERT INTO user_tag (user_id, tag_id) VALUES ("339","29");
INSERT INTO user_tag (user_id, tag_id) VALUES ("339","8");
INSERT INTO user_tag (user_id, tag_id) VALUES ("339","38");
INSERT INTO user_tag (user_id, tag_id) VALUES ("339","10");
INSERT INTO user_tag (user_id, tag_id) VALUES ("339","37");
INSERT INTO user_tag (user_id, tag_id) VALUES ("339","4");
INSERT INTO user_tag (user_id, tag_id) VALUES ("339","4");
INSERT INTO user_tag (user_id, tag_id) VALUES ("339","30");
INSERT INTO user_tag (user_id, tag_id) VALUES ("339","22");
INSERT INTO user_tag (user_id, tag_id) VALUES ("339","26");
INSERT INTO user_tag (user_id, tag_id) VALUES ("339","37");
INSERT INTO user_tag (user_id, tag_id) VALUES ("339","26");
INSERT INTO user_tag (user_id, tag_id) VALUES ("339","41");
INSERT INTO user_tag (user_id, tag_id) VALUES ("339","23");


INSERT INTO likes (like_id, liked_id, like_date) VALUES ("339","146","2017-10-05 20:09:15");
INSERT INTO likes (like_id, liked_id, like_date) VALUES ("339","456","2017-04-02 17:04:39");
INSERT INTO likes (like_id, liked_id, like_date) VALUES ("339","231","2017-09-17 07:31:10");
INSERT INTO likes (like_id, liked_id, like_date) VALUES ("339","61","2017-05-30 01:49:32");
INSERT INTO likes (like_id, liked_id, like_date) VALUES ("339","115","2017-12-18 06:55:54");
INSERT INTO likes (like_id, liked_id, like_date) VALUES ("339","429","2017-06-25 16:20:49");
INSERT INTO likes (like_id, liked_id, like_date) VALUES ("339","141","2017-09-15 18:32:06");
INSERT INTO likes (like_id, liked_id, like_date) VALUES ("339","480","2017-03-18 13:05:24");
INSERT INTO likes (like_id, liked_id, like_date) VALUES ("339","258","2017-09-05 18:03:13");
INSERT INTO likes (like_id, liked_id, like_date) VALUES ("339","424","2017-12-05 05:30:45");
INSERT INTO likes (like_id, liked_id, like_date) VALUES ("339","50","2017-04-03 18:21:45");
INSERT INTO likes (like_id, liked_id, like_date) VALUES ("339","158","2017-02-19 08:55:29");
INSERT INTO likes (like_id, liked_id, like_date) VALUES ("339","178","2017-06-26 08:12:06");
INSERT INTO likes (like_id, liked_id, like_date) VALUES ("339","121","2017-08-15 04:51:12");
INSERT INTO likes (like_id, liked_id, like_date) VALUES ("339","104","2017-03-21 00:09:10");
INSERT INTO likes (like_id, liked_id, like_date) VALUES ("339","125","2017-10-21 21:00:29");
INSERT INTO likes (like_id, liked_id, like_date) VALUES ("339","189","2018-02-01 22:43:19");
INSERT INTO likes (like_id, liked_id, like_date) VALUES ("339","217","2017-02-13 22:12:33");
INSERT INTO likes (like_id, liked_id, like_date) VALUES ("339","257","2018-01-23 20:28:52");
INSERT INTO likes (like_id, liked_id, like_date) VALUES ("339","26","2017-11-07 23:28:52");


INSERT INTO user (id, first_name, last_name, username, email, password, birthdate, gender, orientation, bio, country, state, city, zip, file_1, file_2, file_3, file_4, file_5, score, token, token_date, active, register, created_at, updated_at) VALUES ("340","Lowell","Rodriguez","treuteljolie","deckow.orval@hotmail.com","$2y$10$cvA/VaYhBD52N.kjF/Dwve9C/nFmOaQDMwGv8JP6roOi6jp8XOLXG","1968-04-24 19:45:46","1","3","Blanditiis nihil omnis voluptatibus ratione ad. Ut quo impedit ex ipsam laudantium adipisci aliquam. Sed ut deleniti aut inventore. Impedit deserunt alias rem laborum dolores.","Somalia","","West Alexandermouth","07285-7264","../fixtures/male6.jpg","","","","","58","c1cf49a686c1b94be8956dad323e0d8b","1970-02-05 08:35:16","0","0","1988-11-10 03:07:27","2000-05-07 00:10:46");
INSERT INTO user_tag (user_id, tag_id) VALUES ("340","19");
INSERT INTO user_tag (user_id, tag_id) VALUES ("340","27");
INSERT INTO user_tag (user_id, tag_id) VALUES ("340","15");
INSERT INTO user_tag (user_id, tag_id) VALUES ("340","14");
INSERT INTO user_tag (user_id, tag_id) VALUES ("340","33");
INSERT INTO user_tag (user_id, tag_id) VALUES ("340","42");
INSERT INTO user_tag (user_id, tag_id) VALUES ("340","23");
INSERT INTO user_tag (user_id, tag_id) VALUES ("340","14");
INSERT INTO user_tag (user_id, tag_id) VALUES ("340","11");
INSERT INTO user_tag (user_id, tag_id) VALUES ("340","46");
INSERT INTO user_tag (user_id, tag_id) VALUES ("340","13");
INSERT INTO user_tag (user_id, tag_id) VALUES ("340","5");


INSERT INTO likes (like_id, liked_id, like_date) VALUES ("340","122","2017-10-27 02:32:34");
INSERT INTO likes (like_id, liked_id, like_date) VALUES ("340","414","2017-10-27 10:20:21");
INSERT INTO likes (like_id, liked_id, like_date) VALUES ("340","463","2017-03-13 21:27:41");
INSERT INTO likes (like_id, liked_id, like_date) VALUES ("340","279","2017-03-01 11:10:34");
INSERT INTO likes (like_id, liked_id, like_date) VALUES ("340","222","2017-09-02 10:47:44");
INSERT INTO likes (like_id, liked_id, like_date) VALUES ("340","246","2017-07-07 15:30:28");
INSERT INTO likes (like_id, liked_id, like_date) VALUES ("340","166","2017-04-28 11:07:34");
INSERT INTO likes (like_id, liked_id, like_date) VALUES ("340","287","2018-02-10 13:29:25");
INSERT INTO likes (like_id, liked_id, like_date) VALUES ("340","36","2017-05-09 11:31:09");
INSERT INTO likes (like_id, liked_id, like_date) VALUES ("340","316","2017-09-21 19:51:06");


INSERT INTO user (id, first_name, last_name, username, email, password, birthdate, gender, orientation, bio, country, state, city, zip, file_1, file_2, file_3, file_4, file_5, score, token, token_date, active, register, created_at, updated_at) VALUES ("341","Derrick","Cole","grace71","beatty.hans@yahoo.com","$2y$10$TAIFcIbWD/TjXPVMPQhEZupMUx0.9e1zCNA19yOU/eRW6zOaUla1O","1974-07-20 18:28:45","2","2","Et laboriosam rerum perferendis error ipsa aut. Quod nostrum sequi sit hic omnis quia amet. Quo sequi iste velit quos dolores. Occaecati ex dignissimos ducimus rem fugiat alias.","Nepal","","Reichertberg","13947","../fixtures/female10.jpg","../fixtures/female4.jpg","../fixtures/female3.jpg","../fixtures/female6.jpg","","95","7d05d8ff5503517f34d182cf25d96fe5","1986-05-18 17:20:31","0","0","2008-08-24 06:06:13","1981-08-08 01:36:50");
INSERT INTO user_tag (user_id, tag_id) VALUES ("341","2");
INSERT INTO user_tag (user_id, tag_id) VALUES ("341","46");
INSERT INTO user_tag (user_id, tag_id) VALUES ("341","22");
INSERT INTO user_tag (user_id, tag_id) VALUES ("341","16");
INSERT INTO user_tag (user_id, tag_id) VALUES ("341","26");
INSERT INTO user_tag (user_id, tag_id) VALUES ("341","41");
INSERT INTO user_tag (user_id, tag_id) VALUES ("341","4");
INSERT INTO user_tag (user_id, tag_id) VALUES ("341","35");
INSERT INTO user_tag (user_id, tag_id) VALUES ("341","3");
INSERT INTO user_tag (user_id, tag_id) VALUES ("341","5");
INSERT INTO user_tag (user_id, tag_id) VALUES ("341","36");
INSERT INTO user_tag (user_id, tag_id) VALUES ("341","29");
INSERT INTO user_tag (user_id, tag_id) VALUES ("341","25");


INSERT INTO likes (like_id, liked_id, like_date) VALUES ("341","414","2017-05-02 08:49:03");
INSERT INTO likes (like_id, liked_id, like_date) VALUES ("341","385","2017-12-20 14:53:28");
INSERT INTO likes (like_id, liked_id, like_date) VALUES ("341","487","2017-09-25 23:32:52");
INSERT INTO likes (like_id, liked_id, like_date) VALUES ("341","238","2018-02-07 09:48:17");
INSERT INTO likes (like_id, liked_id, like_date) VALUES ("341","445","2017-06-10 01:06:24");
INSERT INTO likes (like_id, liked_id, like_date) VALUES ("341","355","2018-01-17 02:45:19");
INSERT INTO likes (like_id, liked_id, like_date) VALUES ("341","385","2017-04-18 05:44:03");
INSERT INTO likes (like_id, liked_id, like_date) VALUES ("341","470","2017-12-03 22:08:40");
INSERT INTO likes (like_id, liked_id, like_date) VALUES ("341","174","2017-12-02 21:41:57");
INSERT INTO likes (like_id, liked_id, like_date) VALUES ("341","182","2017-06-12 16:58:29");
INSERT INTO likes (like_id, liked_id, like_date) VALUES ("341","481","2017-06-07 22:51:03");
INSERT INTO likes (like_id, liked_id, like_date) VALUES ("341","57","2017-10-14 05:44:29");
INSERT INTO likes (like_id, liked_id, like_date) VALUES ("341","116","2018-01-26 19:58:09");
INSERT INTO likes (like_id, liked_id, like_date) VALUES ("341","259","2017-03-21 10:53:51");
INSERT INTO likes (like_id, liked_id, like_date) VALUES ("341","156","2017-08-14 17:47:27");
INSERT INTO likes (like_id, liked_id, like_date) VALUES ("341","345","2017-11-26 08:43:09");
INSERT INTO likes (like_id, liked_id, like_date) VALUES ("341","212","2017-05-17 20:43:41");


INSERT INTO user (id, first_name, last_name, username, email, password, birthdate, gender, orientation, bio, country, state, city, zip, file_1, file_2, file_3, file_4, file_5, score, token, token_date, active, register, created_at, updated_at) VALUES ("342","Dan","Dach","melisamoore","seamus.wolf@yahoo.com","$2y$10$VQf3Mj.lXuA9w7JgomVik.T6IrIxLGVgUgnVwh4LFVg4CgDd0Jrx6","1964-12-08 20:14:19","1","2","Quaerat et dolorum eius molestiae voluptatem totam distinctio. Nihil dolorum deserunt sit repudiandae iste nisi similique. Libero quo minima qui recusandae.","Peru","","West Laceyland","79023","../fixtures/male8.jpg","../fixtures/male2.jpg","../fixtures/male5.jpg","","","79","de075e9777876a5c77260aa2e6052cb7","2004-01-17 03:30:57","0","0","2000-07-09 07:27:01","1990-02-24 15:02:07");
INSERT INTO user_tag (user_id, tag_id) VALUES ("342","26");
INSERT INTO user_tag (user_id, tag_id) VALUES ("342","40");
INSERT INTO user_tag (user_id, tag_id) VALUES ("342","14");


INSERT INTO likes (like_id, liked_id, like_date) VALUES ("342","430","2017-07-03 12:53:13");
INSERT INTO likes (like_id, liked_id, like_date) VALUES ("342","248","2017-03-03 16:26:35");
INSERT INTO likes (like_id, liked_id, like_date) VALUES ("342","129","2018-01-26 01:03:40");
INSERT INTO likes (like_id, liked_id, like_date) VALUES ("342","127","2017-07-19 16:09:44");
INSERT INTO likes (like_id, liked_id, like_date) VALUES ("342","335","2017-05-23 05:38:04");
INSERT INTO likes (like_id, liked_id, like_date) VALUES ("342","289","2017-06-30 11:55:02");
INSERT INTO likes (like_id, liked_id, like_date) VALUES ("342","70","2017-02-28 02:51:16");


INSERT INTO user (id, first_name, last_name, username, email, password, birthdate, gender, orientation, bio, country, state, city, zip, file_1, file_2, file_3, file_4, file_5, score, token, token_date, active, register, created_at, updated_at) VALUES ("343","Jessica","Balistreri","gustavebahringer","pagac.elliott@mante.com","$2y$10$Pykc7MWIYdNQ40MUevouzefbYAcPoGsE9XfvG2fnQ6wVWJ6XVoqSG","1952-07-07 14:09:40","2","3","Dicta et ipsam non exercitationem non explicabo magnam. Quia ab error numquam numquam. Et dolorem ipsum dolor quo illum sed illum.","Algeria","","East Violetton","91304","../fixtures/female2.jpg","","","","","19","47a8592a5a477d0b8a6b45f1f47c01d9","1986-01-18 14:54:17","1","1","1999-05-12 12:13:48","1984-12-25 22:15:38");
INSERT INTO user_tag (user_id, tag_id) VALUES ("343","24");
INSERT INTO user_tag (user_id, tag_id) VALUES ("343","8");
INSERT INTO user_tag (user_id, tag_id) VALUES ("343","43");
INSERT INTO user_tag (user_id, tag_id) VALUES ("343","48");
INSERT INTO user_tag (user_id, tag_id) VALUES ("343","32");
INSERT INTO user_tag (user_id, tag_id) VALUES ("343","32");
INSERT INTO user_tag (user_id, tag_id) VALUES ("343","31");
INSERT INTO user_tag (user_id, tag_id) VALUES ("343","27");
INSERT INTO user_tag (user_id, tag_id) VALUES ("343","24");


INSERT INTO likes (like_id, liked_id, like_date) VALUES ("343","115","2017-06-22 16:12:17");
INSERT INTO likes (like_id, liked_id, like_date) VALUES ("343","91","2017-05-13 18:13:57");
INSERT INTO likes (like_id, liked_id, like_date) VALUES ("343","371","2017-09-27 21:44:55");
INSERT INTO likes (like_id, liked_id, like_date) VALUES ("343","480","2017-12-29 03:02:30");
INSERT INTO likes (like_id, liked_id, like_date) VALUES ("343","17","2018-01-04 14:21:06");
INSERT INTO likes (like_id, liked_id, like_date) VALUES ("343","17","2017-07-24 03:52:06");
INSERT INTO likes (like_id, liked_id, like_date) VALUES ("343","23","2017-12-29 21:08:47");
INSERT INTO likes (like_id, liked_id, like_date) VALUES ("343","222","2018-02-08 01:21:31");
INSERT INTO likes (like_id, liked_id, like_date) VALUES ("343","13","2017-11-08 04:55:08");
INSERT INTO likes (like_id, liked_id, like_date) VALUES ("343","197","2017-03-10 21:49:28");
INSERT INTO likes (like_id, liked_id, like_date) VALUES ("343","386","2017-03-19 11:03:34");


INSERT INTO user (id, first_name, last_name, username, email, password, birthdate, gender, orientation, bio, country, state, city, zip, file_1, file_2, file_3, file_4, file_5, score, token, token_date, active, register, created_at, updated_at) VALUES ("344","Donnell","Ortiz","alynch","erwin17@hintz.biz","$2y$10$QJC.YUCkC/ZMhPwdiNWTWe8y4MxvvwJxnR7dOYpJRwhcScHajrTFu","1991-09-21 20:59:08","2","2","Quis animi et illum aut consequatur. Aliquid nisi libero nihil aliquam at. Soluta quia inventore deserunt. Non eligendi sed reprehenderit voluptatum dolorem rem possimus.","Cyprus","","North Kirstin","26082","../fixtures/female6.jpg","../fixtures/female1.jpg","","","","80","a7ed19303b4be758fc18034418a82391","2015-08-20 08:08:58","0","0","2009-02-27 06:43:02","2003-04-26 01:48:05");
INSERT INTO user_tag (user_id, tag_id) VALUES ("344","8");
INSERT INTO user_tag (user_id, tag_id) VALUES ("344","21");
INSERT INTO user_tag (user_id, tag_id) VALUES ("344","13");
INSERT INTO user_tag (user_id, tag_id) VALUES ("344","31");
INSERT INTO user_tag (user_id, tag_id) VALUES ("344","49");
INSERT INTO user_tag (user_id, tag_id) VALUES ("344","21");
INSERT INTO user_tag (user_id, tag_id) VALUES ("344","42");
INSERT INTO user_tag (user_id, tag_id) VALUES ("344","20");
INSERT INTO user_tag (user_id, tag_id) VALUES ("344","34");


INSERT INTO likes (like_id, liked_id, like_date) VALUES ("344","276","2017-08-23 17:32:54");
INSERT INTO likes (like_id, liked_id, like_date) VALUES ("344","479","2017-05-13 15:10:56");
INSERT INTO likes (like_id, liked_id, like_date) VALUES ("344","333","2017-08-10 05:59:25");
INSERT INTO likes (like_id, liked_id, like_date) VALUES ("344","204","2017-08-03 10:50:03");
INSERT INTO likes (like_id, liked_id, like_date) VALUES ("344","223","2017-03-03 12:26:16");
INSERT INTO likes (like_id, liked_id, like_date) VALUES ("344","93","2017-07-13 15:33:29");
INSERT INTO likes (like_id, liked_id, like_date) VALUES ("344","388","2017-04-26 15:32:34");
INSERT INTO likes (like_id, liked_id, like_date) VALUES ("344","474","2017-04-11 18:15:43");
INSERT INTO likes (like_id, liked_id, like_date) VALUES ("344","85","2017-11-19 06:11:44");
INSERT INTO likes (like_id, liked_id, like_date) VALUES ("344","166","2017-10-21 21:53:23");
INSERT INTO likes (like_id, liked_id, like_date) VALUES ("344","418","2017-03-18 14:02:25");
INSERT INTO likes (like_id, liked_id, like_date) VALUES ("344","260","2017-07-12 14:10:26");
INSERT INTO likes (like_id, liked_id, like_date) VALUES ("344","21","2017-06-23 07:24:06");
INSERT INTO likes (like_id, liked_id, like_date) VALUES ("344","31","2018-01-26 04:15:15");
INSERT INTO likes (like_id, liked_id, like_date) VALUES ("344","249","2017-05-10 23:02:16");
INSERT INTO likes (like_id, liked_id, like_date) VALUES ("344","339","2018-01-06 17:06:29");
INSERT INTO likes (like_id, liked_id, like_date) VALUES ("344","198","2018-01-07 12:26:55");
INSERT INTO likes (like_id, liked_id, like_date) VALUES ("344","96","2017-10-01 22:56:09");


INSERT INTO user (id, first_name, last_name, username, email, password, birthdate, gender, orientation, bio, country, state, city, zip, file_1, file_2, file_3, file_4, file_5, score, token, token_date, active, register, created_at, updated_at) VALUES ("345","Constance","White","baumbachbuford","huel.alec@hessel.com","$2y$10$CeLfuS2vxiTCmL7he.vL/OEwhzHR5kqO/VneXVQzR6FVvIu6ErhjK","1977-07-14 06:36:57","1","1","Laborum eaque in natus veniam eum aperiam. Cupiditate voluptas itaque et sint ea facilis harum. Et commodi voluptatem est ratione minima velit. Repudiandae voluptas voluptatem rem ex qui.","Grenada","","Brownside","36559-6661","../fixtures/male10.jpg","../fixtures/male10.jpg","../fixtures/male10.jpg","../fixtures/male7.jpg","../fixtures/male10.jpg","43","40311a9e9fbbf8f81e95d775e454c390","1980-06-28 03:27:57","1","0","2008-03-29 00:05:48","1987-05-19 02:36:25");
INSERT INTO user_tag (user_id, tag_id) VALUES ("345","39");


INSERT INTO likes (like_id, liked_id, like_date) VALUES ("345","462","2017-07-19 20:34:50");
INSERT INTO likes (like_id, liked_id, like_date) VALUES ("345","141","2018-01-26 19:40:37");
INSERT INTO likes (like_id, liked_id, like_date) VALUES ("345","158","2017-12-29 23:39:45");
INSERT INTO likes (like_id, liked_id, like_date) VALUES ("345","480","2017-08-04 05:55:39");
INSERT INTO likes (like_id, liked_id, like_date) VALUES ("345","346","2017-11-22 09:54:23");
INSERT INTO likes (like_id, liked_id, like_date) VALUES ("345","341","2017-08-09 15:26:58");
INSERT INTO likes (like_id, liked_id, like_date) VALUES ("345","149","2017-11-09 15:08:20");
INSERT INTO likes (like_id, liked_id, like_date) VALUES ("345","64","2017-03-31 07:33:27");
INSERT INTO likes (like_id, liked_id, like_date) VALUES ("345","423","2017-03-09 03:02:07");
INSERT INTO likes (like_id, liked_id, like_date) VALUES ("345","107","2017-03-27 04:41:48");
INSERT INTO likes (like_id, liked_id, like_date) VALUES ("345","35","2017-03-25 00:37:52");
INSERT INTO likes (like_id, liked_id, like_date) VALUES ("345","226","2017-02-18 01:49:42");
INSERT INTO likes (like_id, liked_id, like_date) VALUES ("345","275","2017-08-18 07:47:46");
INSERT INTO likes (like_id, liked_id, like_date) VALUES ("345","324","2017-10-28 20:28:11");
INSERT INTO likes (like_id, liked_id, like_date) VALUES ("345","325","2017-09-20 02:47:02");
INSERT INTO likes (like_id, liked_id, like_date) VALUES ("345","101","2017-07-16 16:14:56");
INSERT INTO likes (like_id, liked_id, like_date) VALUES ("345","339","2017-05-05 17:17:20");
INSERT INTO likes (like_id, liked_id, like_date) VALUES ("345","151","2017-12-07 05:10:48");
INSERT INTO likes (like_id, liked_id, like_date) VALUES ("345","392","2017-06-19 18:05:17");


INSERT INTO user (id, first_name, last_name, username, email, password, birthdate, gender, orientation, bio, country, state, city, zip, file_1, file_2, file_3, file_4, file_5, score, token, token_date, active, register, created_at, updated_at) VALUES ("346","Vaughn","Stanton","srunte","lonzo.zieme@yahoo.com","$2y$10$BEfiugX03A7ln7f7B0YOiOz8AOc2EqKaqQQbJPz2M6MiQOS.q2Mrq","1990-12-25 13:05:31","2","1","Odit est laudantium earum fugiat sed. Eum enim rerum et non ut. Sit dolor aperiam aliquid.","Serbia","","Mariannaburgh","58180","../fixtures/female10.jpg","../fixtures/female6.jpg","","","","24","b48802a0ddf53aaa30192980093e2c8e","1977-10-20 23:32:53","0","0","1973-09-19 19:01:55","1988-12-12 11:04:35");
INSERT INTO user_tag (user_id, tag_id) VALUES ("346","27");
INSERT INTO user_tag (user_id, tag_id) VALUES ("346","44");
INSERT INTO user_tag (user_id, tag_id) VALUES ("346","11");
INSERT INTO user_tag (user_id, tag_id) VALUES ("346","49");
INSERT INTO user_tag (user_id, tag_id) VALUES ("346","23");
INSERT INTO user_tag (user_id, tag_id) VALUES ("346","2");
INSERT INTO user_tag (user_id, tag_id) VALUES ("346","18");
INSERT INTO user_tag (user_id, tag_id) VALUES ("346","43");
INSERT INTO user_tag (user_id, tag_id) VALUES ("346","46");


INSERT INTO likes (like_id, liked_id, like_date) VALUES ("346","377","2017-10-28 22:20:57");
INSERT INTO likes (like_id, liked_id, like_date) VALUES ("346","106","2017-11-02 02:25:15");
INSERT INTO likes (like_id, liked_id, like_date) VALUES ("346","20","2017-02-17 12:15:03");
INSERT INTO likes (like_id, liked_id, like_date) VALUES ("346","427","2017-03-11 07:39:13");
INSERT INTO likes (like_id, liked_id, like_date) VALUES ("346","499","2017-05-16 16:07:02");
INSERT INTO likes (like_id, liked_id, like_date) VALUES ("346","317","2017-12-07 10:49:04");
INSERT INTO likes (like_id, liked_id, like_date) VALUES ("346","487","2017-03-23 20:35:02");
INSERT INTO likes (like_id, liked_id, like_date) VALUES ("346","5","2017-12-21 12:53:10");
INSERT INTO likes (like_id, liked_id, like_date) VALUES ("346","437","2017-04-09 13:57:39");


INSERT INTO user (id, first_name, last_name, username, email, password, birthdate, gender, orientation, bio, country, state, city, zip, file_1, file_2, file_3, file_4, file_5, score, token, token_date, active, register, created_at, updated_at) VALUES ("347","Sherwood","Turner","tkemmer","thoeger@fisher.com","$2y$10$IMy.BsXQ07.7myuThInNBuVDRdqOc.CbzKNkkN2B8gQDSJUN9lfha","1953-02-05 22:14:51","2","1","Eligendi labore quasi voluptate neque. Quis asperiores neque sint harum nobis quisquam. Voluptatem doloremque commodi reiciendis sed doloremque. Blanditiis id vel quis voluptatum quis id aliquid.","Sweden","","East Martyview","24109-5675","../fixtures/female3.jpg","../fixtures/female2.jpg","","","","24","f2460cbcf063c52fdd9bc3b028a8ffdc","2004-08-06 11:22:02","0","0","2010-03-06 04:46:30","1984-07-10 16:44:02");
INSERT INTO user_tag (user_id, tag_id) VALUES ("347","6");
INSERT INTO user_tag (user_id, tag_id) VALUES ("347","15");
INSERT INTO user_tag (user_id, tag_id) VALUES ("347","39");
INSERT INTO user_tag (user_id, tag_id) VALUES ("347","48");
INSERT INTO user_tag (user_id, tag_id) VALUES ("347","49");
INSERT INTO user_tag (user_id, tag_id) VALUES ("347","35");
INSERT INTO user_tag (user_id, tag_id) VALUES ("347","14");
INSERT INTO user_tag (user_id, tag_id) VALUES ("347","46");
INSERT INTO user_tag (user_id, tag_id) VALUES ("347","48");
INSERT INTO user_tag (user_id, tag_id) VALUES ("347","17");
INSERT INTO user_tag (user_id, tag_id) VALUES ("347","13");
INSERT INTO user_tag (user_id, tag_id) VALUES ("347","5");
INSERT INTO user_tag (user_id, tag_id) VALUES ("347","1");


INSERT INTO likes (like_id, liked_id, like_date) VALUES ("347","105","2017-12-20 00:58:43");
INSERT INTO likes (like_id, liked_id, like_date) VALUES ("347","275","2017-10-23 03:33:48");
INSERT INTO likes (like_id, liked_id, like_date) VALUES ("347","143","2017-09-30 15:02:30");
INSERT INTO likes (like_id, liked_id, like_date) VALUES ("347","335","2018-01-29 12:13:53");
INSERT INTO likes (like_id, liked_id, like_date) VALUES ("347","124","2017-05-30 01:39:17");
INSERT INTO likes (like_id, liked_id, like_date) VALUES ("347","76","2017-04-09 02:34:45");
INSERT INTO likes (like_id, liked_id, like_date) VALUES ("347","27","2017-03-31 11:20:43");
INSERT INTO likes (like_id, liked_id, like_date) VALUES ("347","341","2017-06-24 21:35:48");
INSERT INTO likes (like_id, liked_id, like_date) VALUES ("347","197","2017-10-22 02:04:08");
INSERT INTO likes (like_id, liked_id, like_date) VALUES ("347","422","2017-11-22 14:15:31");
INSERT INTO likes (like_id, liked_id, like_date) VALUES ("347","388","2018-01-05 04:03:01");
INSERT INTO likes (like_id, liked_id, like_date) VALUES ("347","67","2018-02-10 12:13:40");
INSERT INTO likes (like_id, liked_id, like_date) VALUES ("347","312","2017-04-02 22:41:30");
INSERT INTO likes (like_id, liked_id, like_date) VALUES ("347","95","2017-08-02 00:46:12");
INSERT INTO likes (like_id, liked_id, like_date) VALUES ("347","227","2017-03-13 13:01:38");


INSERT INTO user (id, first_name, last_name, username, email, password, birthdate, gender, orientation, bio, country, state, city, zip, file_1, file_2, file_3, file_4, file_5, score, token, token_date, active, register, created_at, updated_at) VALUES ("348","Dell","Huels","mike39","abshire.elisabeth@yahoo.com","$2y$10$73bJ7ckA4B2Sn/UdbqAZ4.zj1P4h7WHwPp2ubfhxrm6qQTvB/BwvO","1967-02-16 17:48:37","2","2","Qui ex exercitationem nesciunt dolor ut repellendus. Optio sit aliquid sed consectetur eaque. Exercitationem dolores aspernatur molestiae voluptatem omnis et nesciunt.","Malaysia","","South Idell","68438","../fixtures/female2.jpg","../fixtures/female3.jpg","../fixtures/female9.jpg","../fixtures/female7.jpg","","98","31fb42ec6127ab48880e314f6958e037","2003-12-16 11:02:12","0","0","1996-06-21 06:04:34","2006-03-11 05:31:21");
INSERT INTO user_tag (user_id, tag_id) VALUES ("348","46");
INSERT INTO user_tag (user_id, tag_id) VALUES ("348","26");
INSERT INTO user_tag (user_id, tag_id) VALUES ("348","19");
INSERT INTO user_tag (user_id, tag_id) VALUES ("348","16");
INSERT INTO user_tag (user_id, tag_id) VALUES ("348","39");
INSERT INTO user_tag (user_id, tag_id) VALUES ("348","42");
INSERT INTO user_tag (user_id, tag_id) VALUES ("348","5");


INSERT INTO likes (like_id, liked_id, like_date) VALUES ("348","415","2017-04-19 21:05:14");
INSERT INTO likes (like_id, liked_id, like_date) VALUES ("348","140","2017-04-25 22:02:19");
INSERT INTO likes (like_id, liked_id, like_date) VALUES ("348","418","2017-06-06 02:09:59");
INSERT INTO likes (like_id, liked_id, like_date) VALUES ("348","373","2017-03-12 16:46:28");
INSERT INTO likes (like_id, liked_id, like_date) VALUES ("348","286","2017-08-02 02:08:51");
INSERT INTO likes (like_id, liked_id, like_date) VALUES ("348","135","2017-08-05 20:47:54");
INSERT INTO likes (like_id, liked_id, like_date) VALUES ("348","156","2017-08-22 18:32:27");
INSERT INTO likes (like_id, liked_id, like_date) VALUES ("348","262","2017-08-20 01:11:51");
INSERT INTO likes (like_id, liked_id, like_date) VALUES ("348","294","2017-07-07 02:53:41");
INSERT INTO likes (like_id, liked_id, like_date) VALUES ("348","332","2017-12-27 00:39:29");
INSERT INTO likes (like_id, liked_id, like_date) VALUES ("348","291","2017-03-08 18:41:16");
INSERT INTO likes (like_id, liked_id, like_date) VALUES ("348","365","2017-04-23 00:50:12");
INSERT INTO likes (like_id, liked_id, like_date) VALUES ("348","296","2017-12-06 05:08:01");
INSERT INTO likes (like_id, liked_id, like_date) VALUES ("348","191","2018-02-08 09:13:13");
INSERT INTO likes (like_id, liked_id, like_date) VALUES ("348","51","2017-03-12 04:18:54");
INSERT INTO likes (like_id, liked_id, like_date) VALUES ("348","91","2017-06-10 03:37:24");
INSERT INTO likes (like_id, liked_id, like_date) VALUES ("348","39","2017-04-12 21:44:22");
INSERT INTO likes (like_id, liked_id, like_date) VALUES ("348","89","2017-12-25 02:32:19");


INSERT INTO user (id, first_name, last_name, username, email, password, birthdate, gender, orientation, bio, country, state, city, zip, file_1, file_2, file_3, file_4, file_5, score, token, token_date, active, register, created_at, updated_at) VALUES ("349","Cecilia","Stroman","kokuneva","lisette.hilll@gleichner.com","$2y$10$LGVzkSa6rpvsecQPR/Auf.zoeQEBKux1yrHCsH0IKh8MMy9mU7x0u","1988-05-28 15:18:45","1","1","Sapiente perspiciatis ratione est velit quod quia consequuntur. Et labore laudantium voluptas facilis quibusdam est. Aut enim dolorem qui ipsam tenetur non ea. Maiores voluptas at quisquam qui ratione iste.","Kazakhstan","","Lake Amiyaland","56535","../fixtures/male6.jpg","../fixtures/male3.jpg","../fixtures/male8.jpg","../fixtures/male5.jpg","","21","3af2c704633b2e5194deb4263a09040b","1977-01-25 20:11:01","0","0","1979-05-29 05:48:25","2004-06-08 02:40:13");
INSERT INTO user_tag (user_id, tag_id) VALUES ("349","1");


INSERT INTO likes (like_id, liked_id, like_date) VALUES ("349","95","2018-01-26 11:29:12");
INSERT INTO likes (like_id, liked_id, like_date) VALUES ("349","459","2017-11-08 20:32:15");
INSERT INTO likes (like_id, liked_id, like_date) VALUES ("349","44","2017-04-14 18:26:54");
INSERT INTO likes (like_id, liked_id, like_date) VALUES ("349","37","2018-01-15 17:57:52");
INSERT INTO likes (like_id, liked_id, like_date) VALUES ("349","313","2017-07-21 03:44:37");
INSERT INTO likes (like_id, liked_id, like_date) VALUES ("349","210","2017-09-05 09:37:19");
INSERT INTO likes (like_id, liked_id, like_date) VALUES ("349","29","2017-11-16 18:23:46");
INSERT INTO likes (like_id, liked_id, like_date) VALUES ("349","68","2017-07-24 06:22:22");
INSERT INTO likes (like_id, liked_id, like_date) VALUES ("349","328","2017-03-04 18:52:15");
INSERT INTO likes (like_id, liked_id, like_date) VALUES ("349","428","2017-04-21 01:11:43");
INSERT INTO likes (like_id, liked_id, like_date) VALUES ("349","272","2017-05-26 03:10:26");
INSERT INTO likes (like_id, liked_id, like_date) VALUES ("349","390","2017-12-17 21:00:00");
INSERT INTO likes (like_id, liked_id, like_date) VALUES ("349","25","2017-10-07 06:37:16");
INSERT INTO likes (like_id, liked_id, like_date) VALUES ("349","383","2017-07-21 15:38:53");
INSERT INTO likes (like_id, liked_id, like_date) VALUES ("349","372","2018-01-03 17:42:19");
INSERT INTO likes (like_id, liked_id, like_date) VALUES ("349","304","2017-11-10 09:30:09");
INSERT INTO likes (like_id, liked_id, like_date) VALUES ("349","387","2017-06-25 17:56:53");


INSERT INTO user (id, first_name, last_name, username, email, password, birthdate, gender, orientation, bio, country, state, city, zip, file_1, file_2, file_3, file_4, file_5, score, token, token_date, active, register, created_at, updated_at) VALUES ("350","Conner","Zulauf","gloveremie","russel.eusebio@hills.com","$2y$10$pny8ELAILuWxvV1AiBj.qub.pkhG1jsSbpF0xFbHDV7YkwY6isnZG","1974-08-19 04:09:30","2","3","Esse natus perferendis soluta neque. A consequatur incidunt repudiandae et architecto nihil facilis distinctio. Necessitatibus voluptatem illo sunt et ad nihil commodi. Doloremque sit consequatur neque est quia aliquam quas quisquam.","Reunion","","Hilpertland","67298","../fixtures/female7.jpg","../fixtures/female6.jpg","","","","73","8a424fa8ccafd9f5fc1930cc5f817f93","1995-10-30 17:51:26","1","0","1980-01-25 04:17:52","1989-12-24 14:57:53");
INSERT INTO user_tag (user_id, tag_id) VALUES ("350","44");
INSERT INTO user_tag (user_id, tag_id) VALUES ("350","41");
INSERT INTO user_tag (user_id, tag_id) VALUES ("350","11");
INSERT INTO user_tag (user_id, tag_id) VALUES ("350","1");
INSERT INTO user_tag (user_id, tag_id) VALUES ("350","26");
INSERT INTO user_tag (user_id, tag_id) VALUES ("350","6");
INSERT INTO user_tag (user_id, tag_id) VALUES ("350","40");
INSERT INTO user_tag (user_id, tag_id) VALUES ("350","37");
INSERT INTO user_tag (user_id, tag_id) VALUES ("350","34");
INSERT INTO user_tag (user_id, tag_id) VALUES ("350","41");
INSERT INTO user_tag (user_id, tag_id) VALUES ("350","36");
INSERT INTO user_tag (user_id, tag_id) VALUES ("350","44");
INSERT INTO user_tag (user_id, tag_id) VALUES ("350","47");


INSERT INTO likes (like_id, liked_id, like_date) VALUES ("350","317","2018-02-03 12:15:45");
INSERT INTO likes (like_id, liked_id, like_date) VALUES ("350","152","2017-02-19 17:24:57");
INSERT INTO likes (like_id, liked_id, like_date) VALUES ("350","158","2017-07-18 12:15:41");
INSERT INTO likes (like_id, liked_id, like_date) VALUES ("350","169","2017-08-19 14:47:33");
INSERT INTO likes (like_id, liked_id, like_date) VALUES ("350","411","2017-05-08 03:10:14");


INSERT INTO user (id, first_name, last_name, username, email, password, birthdate, gender, orientation, bio, country, state, city, zip, file_1, file_2, file_3, file_4, file_5, score, token, token_date, active, register, created_at, updated_at) VALUES ("351","Lawson","Sauer","vrenner","dcremin@hotmail.com","$2y$10$yBURo4OJM3Ur/9Uquv2gtOWljYYcT9To3DYtJ.BBC05zzm.Tmu.Fq","1971-12-07 09:18:14","2","2","Perferendis eum alias beatae pariatur dolor et a. Ea nam reiciendis eligendi similique incidunt dicta. Pariatur pariatur nemo cum ut est pariatur architecto. Maxime omnis voluptatem inventore ipsum autem.","Dominican Republic","","Grantfurt","96909","../fixtures/female5.jpg","../fixtures/female6.jpg","../fixtures/female5.jpg","../fixtures/female5.jpg","../fixtures/female10.jpg","44","d5b2d65e6a1d69993731ce8511c97dae","1991-11-11 18:13:47","0","0","1980-04-11 00:15:41","1991-07-15 03:33:17");
INSERT INTO user_tag (user_id, tag_id) VALUES ("351","24");
INSERT INTO user_tag (user_id, tag_id) VALUES ("351","35");
INSERT INTO user_tag (user_id, tag_id) VALUES ("351","19");
INSERT INTO user_tag (user_id, tag_id) VALUES ("351","1");
INSERT INTO user_tag (user_id, tag_id) VALUES ("351","39");
INSERT INTO user_tag (user_id, tag_id) VALUES ("351","7");
INSERT INTO user_tag (user_id, tag_id) VALUES ("351","25");
INSERT INTO user_tag (user_id, tag_id) VALUES ("351","38");
INSERT INTO user_tag (user_id, tag_id) VALUES ("351","45");
INSERT INTO user_tag (user_id, tag_id) VALUES ("351","46");
INSERT INTO user_tag (user_id, tag_id) VALUES ("351","16");


INSERT INTO likes (like_id, liked_id, like_date) VALUES ("351","341","2017-07-10 14:40:38");
INSERT INTO likes (like_id, liked_id, like_date) VALUES ("351","344","2017-03-01 16:45:43");
INSERT INTO likes (like_id, liked_id, like_date) VALUES ("351","160","2017-06-07 23:42:00");
INSERT INTO likes (like_id, liked_id, like_date) VALUES ("351","479","2018-02-04 21:09:29");
INSERT INTO likes (like_id, liked_id, like_date) VALUES ("351","438","2017-12-16 11:19:43");


INSERT INTO user (id, first_name, last_name, username, email, password, birthdate, gender, orientation, bio, country, state, city, zip, file_1, file_2, file_3, file_4, file_5, score, token, token_date, active, register, created_at, updated_at) VALUES ("352","Valentin","Ratke","rbotsford","vicenta.hoppe@hotmail.com","$2y$10$2JZ6l2itxYJPHkC8dDzz4OUindbPBWy0TqGgPDwPIUkweLPlbeySO","1978-01-18 18:53:42","2","1","Et vel aliquam dolorem culpa. Soluta consectetur necessitatibus non. Alias delectus inventore similique. Sit dolores numquam doloribus accusamus soluta explicabo est earum. Nulla voluptas itaque voluptatum qui consequuntur cum rerum.","Libyan Arab Jamahiriya","","Thompsonton","42380","../fixtures/female1.jpg","../fixtures/female3.jpg","","","","43","e686802ce6b21f401fbe298f53946629","1993-05-24 04:54:30","0","0","2008-03-21 03:09:12","1974-06-11 15:12:22");
INSERT INTO user_tag (user_id, tag_id) VALUES ("352","18");
INSERT INTO user_tag (user_id, tag_id) VALUES ("352","6");
INSERT INTO user_tag (user_id, tag_id) VALUES ("352","49");
INSERT INTO user_tag (user_id, tag_id) VALUES ("352","47");


INSERT INTO likes (like_id, liked_id, like_date) VALUES ("352","202","2017-04-02 05:16:00");
INSERT INTO likes (like_id, liked_id, like_date) VALUES ("352","292","2017-10-26 04:52:22");
INSERT INTO likes (like_id, liked_id, like_date) VALUES ("352","437","2017-09-22 06:46:20");


INSERT INTO user (id, first_name, last_name, username, email, password, birthdate, gender, orientation, bio, country, state, city, zip, file_1, file_2, file_3, file_4, file_5, score, token, token_date, active, register, created_at, updated_at) VALUES ("353","Ethyl","Kuphal","qsteuber","fsanford@yahoo.com","$2y$10$.TiiZX4NUUx7Jqa4BKXFy.AK5jJE1D1BNpfAkTLo9c66hKL7NtsTy","1970-12-08 05:31:31","1","1","Blanditiis nesciunt fugit deserunt officiis ullam fugit suscipit. Tempore dolore voluptates ad qui molestiae.","Hong Kong","","Cruickshankborough","17779-1773","../fixtures/male6.jpg","../fixtures/male3.jpg","","","","30","e5df9f21867aa8b9b4449f76d08e4be5","1974-02-26 11:45:25","0","0","1996-08-12 07:30:53","2001-04-22 16:25:40");
INSERT INTO user_tag (user_id, tag_id) VALUES ("353","43");
INSERT INTO user_tag (user_id, tag_id) VALUES ("353","21");
INSERT INTO user_tag (user_id, tag_id) VALUES ("353","12");
INSERT INTO user_tag (user_id, tag_id) VALUES ("353","37");
INSERT INTO user_tag (user_id, tag_id) VALUES ("353","41");
INSERT INTO user_tag (user_id, tag_id) VALUES ("353","38");
INSERT INTO user_tag (user_id, tag_id) VALUES ("353","23");
INSERT INTO user_tag (user_id, tag_id) VALUES ("353","44");
INSERT INTO user_tag (user_id, tag_id) VALUES ("353","1");
INSERT INTO user_tag (user_id, tag_id) VALUES ("353","5");
INSERT INTO user_tag (user_id, tag_id) VALUES ("353","48");
INSERT INTO user_tag (user_id, tag_id) VALUES ("353","50");


INSERT INTO likes (like_id, liked_id, like_date) VALUES ("353","75","2017-12-22 04:44:05");
INSERT INTO likes (like_id, liked_id, like_date) VALUES ("353","194","2017-12-15 17:54:44");
INSERT INTO likes (like_id, liked_id, like_date) VALUES ("353","402","2017-07-12 12:07:18");
INSERT INTO likes (like_id, liked_id, like_date) VALUES ("353","411","2017-02-19 02:08:11");
INSERT INTO likes (like_id, liked_id, like_date) VALUES ("353","410","2017-09-25 12:13:57");
INSERT INTO likes (like_id, liked_id, like_date) VALUES ("353","455","2017-09-10 10:12:34");


INSERT INTO user (id, first_name, last_name, username, email, password, birthdate, gender, orientation, bio, country, state, city, zip, file_1, file_2, file_3, file_4, file_5, score, token, token_date, active, register, created_at, updated_at) VALUES ("354","Madaline","Robel","gaetanothiel","mazie96@hotmail.com","$2y$10$MAwe5sfnGdKHDTg73rS3iO/IwK/AigMheY0hT1872k9GF3V1Deke2","1978-05-15 15:39:41","1","1","Minus quia sint ratione voluptatem et eos ut. Quas rerum ea et dolor provident voluptatem. Soluta voluptate nihil est delectus dolorem et. Sequi debitis dolore illo voluptas perferendis laboriosam aspernatur.","Liberia","","Austenberg","43960-6069","../fixtures/male5.jpg","../fixtures/male7.jpg","../fixtures/male4.jpg","../fixtures/male4.jpg","","88","f8f07f2768ea9e8ffd0cb8567b4c574f","1974-12-02 19:52:49","1","1","1989-02-24 06:57:57","2012-12-22 01:29:47");
INSERT INTO user_tag (user_id, tag_id) VALUES ("354","2");
INSERT INTO user_tag (user_id, tag_id) VALUES ("354","10");
INSERT INTO user_tag (user_id, tag_id) VALUES ("354","5");


INSERT INTO likes (like_id, liked_id, like_date) VALUES ("354","400","2017-06-03 12:40:19");
INSERT INTO likes (like_id, liked_id, like_date) VALUES ("354","93","2017-09-07 08:03:28");
INSERT INTO likes (like_id, liked_id, like_date) VALUES ("354","171","2017-05-06 00:53:25");
INSERT INTO likes (like_id, liked_id, like_date) VALUES ("354","17","2017-07-15 07:59:55");
INSERT INTO likes (like_id, liked_id, like_date) VALUES ("354","171","2017-04-14 04:44:26");
INSERT INTO likes (like_id, liked_id, like_date) VALUES ("354","382","2017-08-28 20:11:33");
INSERT INTO likes (like_id, liked_id, like_date) VALUES ("354","60","2017-08-25 03:12:20");
INSERT INTO likes (like_id, liked_id, like_date) VALUES ("354","142","2017-08-23 18:47:44");
INSERT INTO likes (like_id, liked_id, like_date) VALUES ("354","41","2017-07-21 19:08:27");
INSERT INTO likes (like_id, liked_id, like_date) VALUES ("354","284","2017-02-28 18:12:56");
INSERT INTO likes (like_id, liked_id, like_date) VALUES ("354","131","2017-06-29 18:22:33");
INSERT INTO likes (like_id, liked_id, like_date) VALUES ("354","357","2017-12-03 01:08:08");
INSERT INTO likes (like_id, liked_id, like_date) VALUES ("354","303","2018-01-26 12:35:39");
INSERT INTO likes (like_id, liked_id, like_date) VALUES ("354","119","2017-11-03 15:01:01");
INSERT INTO likes (like_id, liked_id, like_date) VALUES ("354","429","2017-06-28 11:00:23");
INSERT INTO likes (like_id, liked_id, like_date) VALUES ("354","436","2017-03-13 22:31:14");
INSERT INTO likes (like_id, liked_id, like_date) VALUES ("354","383","2017-03-20 10:14:29");
INSERT INTO likes (like_id, liked_id, like_date) VALUES ("354","393","2017-06-10 01:50:42");
INSERT INTO likes (like_id, liked_id, like_date) VALUES ("354","359","2017-05-05 19:19:57");


INSERT INTO user (id, first_name, last_name, username, email, password, birthdate, gender, orientation, bio, country, state, city, zip, file_1, file_2, file_3, file_4, file_5, score, token, token_date, active, register, created_at, updated_at) VALUES ("355","Eulah","Wehner","ibogan","thagenes@morissette.net","$2y$10$wLKTBahjnuJdxXXyV6mORuC9R9NnRTmVQ82yP2wT1Dsz7p9cHR.mu","1950-03-22 12:42:41","1","1","A commodi consequatur aut non sit sit officia aperiam. Nobis hic voluptas quod nulla sed. Soluta sapiente nostrum illo id sint officiis omnis. Asperiores sunt modi qui vel quo dolores. Veniam autem et quam voluptatem consequuntur magni.","Reunion","","Violetteborough","71117-0451","../fixtures/male8.jpg","../fixtures/male5.jpg","","","","46","62303aa5f67900d470d73acebe349795","1991-02-22 00:11:21","1","0","1983-06-12 22:46:56","1978-12-28 11:06:51");
INSERT INTO user_tag (user_id, tag_id) VALUES ("355","36");
INSERT INTO user_tag (user_id, tag_id) VALUES ("355","41");
INSERT INTO user_tag (user_id, tag_id) VALUES ("355","9");
INSERT INTO user_tag (user_id, tag_id) VALUES ("355","22");
INSERT INTO user_tag (user_id, tag_id) VALUES ("355","40");
INSERT INTO user_tag (user_id, tag_id) VALUES ("355","19");


INSERT INTO likes (like_id, liked_id, like_date) VALUES ("355","121","2017-08-12 12:15:14");


INSERT INTO user (id, first_name, last_name, username, email, password, birthdate, gender, orientation, bio, country, state, city, zip, file_1, file_2, file_3, file_4, file_5, score, token, token_date, active, register, created_at, updated_at) VALUES ("356","Vincent","Will","mcclureerika","zwuckert@gmail.com","$2y$10$ahpCEzZAKcDHBkXLx5e/..3bEIybDPyg6WiewTB//rRKhhC8uVctm","1991-12-14 06:29:20","2","1","Qui id nisi nesciunt vel fugit aliquam suscipit aperiam. Nihil possimus voluptate a magni. Odit animi est omnis. Illo sit quod et est nam eum.","Japan","","Chloeburgh","92151-4427","../fixtures/female10.jpg","../fixtures/female9.jpg","../fixtures/female7.jpg","../fixtures/female5.jpg","../fixtures/female8.jpg","76","7f11ea62d833d3994f3cc01b1b1e9d4c","1985-12-19 18:11:24","0","0","1978-12-06 01:20:19","1989-04-08 01:28:41");
INSERT INTO user_tag (user_id, tag_id) VALUES ("356","34");
INSERT INTO user_tag (user_id, tag_id) VALUES ("356","4");
INSERT INTO user_tag (user_id, tag_id) VALUES ("356","25");
INSERT INTO user_tag (user_id, tag_id) VALUES ("356","39");
INSERT INTO user_tag (user_id, tag_id) VALUES ("356","18");
INSERT INTO user_tag (user_id, tag_id) VALUES ("356","10");
INSERT INTO user_tag (user_id, tag_id) VALUES ("356","35");
INSERT INTO user_tag (user_id, tag_id) VALUES ("356","32");
INSERT INTO user_tag (user_id, tag_id) VALUES ("356","36");
INSERT INTO user_tag (user_id, tag_id) VALUES ("356","25");


INSERT INTO likes (like_id, liked_id, like_date) VALUES ("356","9","2017-08-20 20:27:03");


INSERT INTO user (id, first_name, last_name, username, email, password, birthdate, gender, orientation, bio, country, state, city, zip, file_1, file_2, file_3, file_4, file_5, score, token, token_date, active, register, created_at, updated_at) VALUES ("357","Kaden","McClure","robertasatterfield","kilback.ocie@pacocha.com","$2y$10$jYGKgwSMwCcgVNqRtxQY1ewp4sgpCICNrZEOK8C1ZuDNMzkAcTFES","1961-01-20 15:06:19","2","1","Quas temporibus repellendus et tenetur. Non dolorem impedit eligendi libero sapiente sequi earum. Quaerat cupiditate quae ut ut corrupti cumque qui.","Solomon Islands","","Maximilianshire","64782","../fixtures/female2.jpg","../fixtures/female7.jpg","","","","81","7971fc4285aa5115397ef30c633ff7ef","2015-04-30 00:38:34","0","0","1997-09-23 16:33:29","1998-07-25 10:07:56");
INSERT INTO user_tag (user_id, tag_id) VALUES ("357","33");
INSERT INTO user_tag (user_id, tag_id) VALUES ("357","47");


INSERT INTO likes (like_id, liked_id, like_date) VALUES ("357","481","2017-05-03 16:12:53");
INSERT INTO likes (like_id, liked_id, like_date) VALUES ("357","334","2017-09-01 21:55:27");
INSERT INTO likes (like_id, liked_id, like_date) VALUES ("357","99","2018-02-01 04:08:47");
INSERT INTO likes (like_id, liked_id, like_date) VALUES ("357","79","2018-01-07 09:03:53");
INSERT INTO likes (like_id, liked_id, like_date) VALUES ("357","236","2017-12-06 02:36:24");
INSERT INTO likes (like_id, liked_id, like_date) VALUES ("357","249","2017-07-15 04:25:01");
INSERT INTO likes (like_id, liked_id, like_date) VALUES ("357","289","2017-06-11 17:26:07");
INSERT INTO likes (like_id, liked_id, like_date) VALUES ("357","91","2017-03-16 19:15:24");
INSERT INTO likes (like_id, liked_id, like_date) VALUES ("357","449","2018-01-10 14:37:37");
INSERT INTO likes (like_id, liked_id, like_date) VALUES ("357","316","2017-05-10 12:45:04");


INSERT INTO user (id, first_name, last_name, username, email, password, birthdate, gender, orientation, bio, country, state, city, zip, file_1, file_2, file_3, file_4, file_5, score, token, token_date, active, register, created_at, updated_at) VALUES ("358","Eve","Hansen","promaguera","emely81@mcglynn.com","$2y$10$1JbbMYxrHDNHSIViNUHp.u3gB/8JHgCXe1JNDIzWmJ33SNY3bVUpK","1968-08-16 09:13:14","1","2","Commodi reprehenderit autem unde soluta alias. Et aut corporis alias amet rerum inventore.","Angola","","North Baron","54347-8434","../fixtures/male2.jpg","../fixtures/male10.jpg","../fixtures/male1.jpg","../fixtures/male6.jpg","","13","5a1ea542bba35ab294b3267474ba1d3d","2014-04-30 19:49:51","0","0","2004-11-21 18:45:05","1989-03-05 19:05:31");
INSERT INTO user_tag (user_id, tag_id) VALUES ("358","44");
INSERT INTO user_tag (user_id, tag_id) VALUES ("358","29");
INSERT INTO user_tag (user_id, tag_id) VALUES ("358","31");
INSERT INTO user_tag (user_id, tag_id) VALUES ("358","46");


INSERT INTO likes (like_id, liked_id, like_date) VALUES ("358","300","2017-04-18 23:15:30");
INSERT INTO likes (like_id, liked_id, like_date) VALUES ("358","203","2018-01-15 22:15:33");
INSERT INTO likes (like_id, liked_id, like_date) VALUES ("358","329","2017-09-25 10:18:05");
INSERT INTO likes (like_id, liked_id, like_date) VALUES ("358","158","2018-01-26 20:39:15");
INSERT INTO likes (like_id, liked_id, like_date) VALUES ("358","121","2017-08-08 23:08:02");
INSERT INTO likes (like_id, liked_id, like_date) VALUES ("358","27","2018-02-12 02:10:22");
INSERT INTO likes (like_id, liked_id, like_date) VALUES ("358","172","2017-06-14 10:17:33");
INSERT INTO likes (like_id, liked_id, like_date) VALUES ("358","374","2017-03-06 05:21:08");
INSERT INTO likes (like_id, liked_id, like_date) VALUES ("358","379","2017-07-26 01:36:59");
INSERT INTO likes (like_id, liked_id, like_date) VALUES ("358","114","2017-02-28 05:45:54");
INSERT INTO likes (like_id, liked_id, like_date) VALUES ("358","280","2017-06-24 19:15:08");
INSERT INTO likes (like_id, liked_id, like_date) VALUES ("358","88","2017-06-30 14:37:28");
INSERT INTO likes (like_id, liked_id, like_date) VALUES ("358","242","2017-09-08 18:07:39");
INSERT INTO likes (like_id, liked_id, like_date) VALUES ("358","44","2017-12-06 02:06:36");
INSERT INTO likes (like_id, liked_id, like_date) VALUES ("358","355","2017-11-25 03:10:33");
INSERT INTO likes (like_id, liked_id, like_date) VALUES ("358","425","2017-04-10 04:02:20");
INSERT INTO likes (like_id, liked_id, like_date) VALUES ("358","396","2017-04-16 22:40:40");


INSERT INTO user (id, first_name, last_name, username, email, password, birthdate, gender, orientation, bio, country, state, city, zip, file_1, file_2, file_3, file_4, file_5, score, token, token_date, active, register, created_at, updated_at) VALUES ("359","Abdiel","Treutel","adolf75","monahan.vladimir@gmail.com","$2y$10$ZpLGn6WdCR4UxkvZc1QFwOi.jZQX.DQTtL6469tfja0rxK0CtgTPu","1994-03-25 20:45:41","1","2","Beatae quam facilis ex pariatur. Magni atque commodi nisi qui qui molestias. Dolores sit sequi nulla impedit voluptatibus.","Solomon Islands","","Orinmouth","13855","../fixtures/male4.jpg","../fixtures/male9.jpg","../fixtures/male6.jpg","","","91","7abc62f3bd55bae20dc29f4fabf3fc38","2005-03-23 19:23:55","1","1","2010-02-03 07:22:12","2008-01-16 22:46:12");
INSERT INTO user_tag (user_id, tag_id) VALUES ("359","38");
INSERT INTO user_tag (user_id, tag_id) VALUES ("359","35");


INSERT INTO likes (like_id, liked_id, like_date) VALUES ("359","164","2017-04-28 18:06:51");
INSERT INTO likes (like_id, liked_id, like_date) VALUES ("359","238","2017-11-02 03:11:55");
INSERT INTO likes (like_id, liked_id, like_date) VALUES ("359","182","2017-12-16 21:04:40");
INSERT INTO likes (like_id, liked_id, like_date) VALUES ("359","358","2017-09-17 14:28:20");
INSERT INTO likes (like_id, liked_id, like_date) VALUES ("359","98","2017-11-12 01:50:32");
INSERT INTO likes (like_id, liked_id, like_date) VALUES ("359","452","2017-10-07 23:42:35");
INSERT INTO likes (like_id, liked_id, like_date) VALUES ("359","276","2017-06-11 23:46:56");
INSERT INTO likes (like_id, liked_id, like_date) VALUES ("359","163","2017-06-09 01:24:29");
INSERT INTO likes (like_id, liked_id, like_date) VALUES ("359","48","2017-02-19 03:42:46");
INSERT INTO likes (like_id, liked_id, like_date) VALUES ("359","368","2017-06-26 15:31:32");
INSERT INTO likes (like_id, liked_id, like_date) VALUES ("359","437","2017-05-29 18:18:02");
INSERT INTO likes (like_id, liked_id, like_date) VALUES ("359","387","2017-08-21 07:41:35");
INSERT INTO likes (like_id, liked_id, like_date) VALUES ("359","338","2017-06-28 05:02:17");
INSERT INTO likes (like_id, liked_id, like_date) VALUES ("359","1","2017-03-08 03:13:30");
INSERT INTO likes (like_id, liked_id, like_date) VALUES ("359","163","2018-01-16 09:17:07");
INSERT INTO likes (like_id, liked_id, like_date) VALUES ("359","188","2017-09-30 19:53:13");


INSERT INTO user (id, first_name, last_name, username, email, password, birthdate, gender, orientation, bio, country, state, city, zip, file_1, file_2, file_3, file_4, file_5, score, token, token_date, active, register, created_at, updated_at) VALUES ("360","Celestino","Homenick","hillary10","padberg.justice@ohara.com","$2y$10$7gXkIb9QFOTBfOnjWz5HKumsZ.5sQ6wJKWwmWFFg2qa717Wfmu1SS","1951-09-30 23:20:59","2","1","Omnis voluptatem debitis vitae eveniet perferendis ipsum dignissimos. Rerum et veritatis commodi iste qui illo inventore officiis. Consectetur rerum quia dolorem placeat ipsum quas dicta quasi.","Congo","","North Bernardview","55461-5258","../fixtures/female10.jpg","","","","","63","18b5c66c2643835f21cc23911b7b75ea","2007-04-21 01:59:15","1","1","2017-04-02 23:56:06","2016-02-02 18:22:47");
INSERT INTO user_tag (user_id, tag_id) VALUES ("360","33");
INSERT INTO user_tag (user_id, tag_id) VALUES ("360","4");
INSERT INTO user_tag (user_id, tag_id) VALUES ("360","11");
INSERT INTO user_tag (user_id, tag_id) VALUES ("360","7");
INSERT INTO user_tag (user_id, tag_id) VALUES ("360","2");
INSERT INTO user_tag (user_id, tag_id) VALUES ("360","1");


INSERT INTO likes (like_id, liked_id, like_date) VALUES ("360","151","2018-01-03 07:24:16");
INSERT INTO likes (like_id, liked_id, like_date) VALUES ("360","166","2017-04-18 01:13:41");
INSERT INTO likes (like_id, liked_id, like_date) VALUES ("360","396","2017-12-10 10:09:55");
INSERT INTO likes (like_id, liked_id, like_date) VALUES ("360","351","2018-01-04 14:47:31");
INSERT INTO likes (like_id, liked_id, like_date) VALUES ("360","379","2017-08-11 12:09:28");
INSERT INTO likes (like_id, liked_id, like_date) VALUES ("360","268","2017-02-17 02:01:19");
INSERT INTO likes (like_id, liked_id, like_date) VALUES ("360","316","2017-12-09 13:43:30");
INSERT INTO likes (like_id, liked_id, like_date) VALUES ("360","425","2017-05-28 18:44:46");
INSERT INTO likes (like_id, liked_id, like_date) VALUES ("360","467","2017-10-23 21:39:44");
INSERT INTO likes (like_id, liked_id, like_date) VALUES ("360","382","2017-09-23 03:01:48");
INSERT INTO likes (like_id, liked_id, like_date) VALUES ("360","463","2017-07-31 05:47:44");
INSERT INTO likes (like_id, liked_id, like_date) VALUES ("360","238","2017-06-29 20:41:04");


INSERT INTO user (id, first_name, last_name, username, email, password, birthdate, gender, orientation, bio, country, state, city, zip, file_1, file_2, file_3, file_4, file_5, score, token, token_date, active, register, created_at, updated_at) VALUES ("361","Stuart","Hoeger","yemmerich","selina.russel@hotmail.com","$2y$10$uoKYwA3p7jNe3VdKKN4d0edC4yZjnV2e9ZtbWYjUXCgWGZqu8DWry","1966-05-12 01:37:23","1","1","Debitis et est distinctio optio fugiat itaque consequatur maxime. Neque harum vel in et nemo.","United States Minor Outlying Islands","","Lake Jeffereyhaven","71690-9253","../fixtures/male3.jpg","../fixtures/male9.jpg","../fixtures/male2.jpg","","","64","e5fb347069905a78e81cf33d1103500e","1980-10-13 20:27:48","1","0","2009-01-01 04:54:52","1973-12-21 21:23:32");
INSERT INTO user_tag (user_id, tag_id) VALUES ("361","26");
INSERT INTO user_tag (user_id, tag_id) VALUES ("361","29");
INSERT INTO user_tag (user_id, tag_id) VALUES ("361","6");
INSERT INTO user_tag (user_id, tag_id) VALUES ("361","36");
INSERT INTO user_tag (user_id, tag_id) VALUES ("361","42");
INSERT INTO user_tag (user_id, tag_id) VALUES ("361","22");
INSERT INTO user_tag (user_id, tag_id) VALUES ("361","2");


INSERT INTO likes (like_id, liked_id, like_date) VALUES ("361","440","2017-04-14 17:50:39");
INSERT INTO likes (like_id, liked_id, like_date) VALUES ("361","432","2018-01-04 02:03:54");
INSERT INTO likes (like_id, liked_id, like_date) VALUES ("361","459","2017-10-16 04:03:57");
INSERT INTO likes (like_id, liked_id, like_date) VALUES ("361","313","2017-12-05 17:33:30");
INSERT INTO likes (like_id, liked_id, like_date) VALUES ("361","106","2017-11-04 03:14:42");
INSERT INTO likes (like_id, liked_id, like_date) VALUES ("361","145","2017-06-03 15:50:07");
INSERT INTO likes (like_id, liked_id, like_date) VALUES ("361","44","2017-10-18 21:05:41");
INSERT INTO likes (like_id, liked_id, like_date) VALUES ("361","101","2017-04-22 17:00:34");
INSERT INTO likes (like_id, liked_id, like_date) VALUES ("361","350","2017-07-14 10:55:48");


INSERT INTO user (id, first_name, last_name, username, email, password, birthdate, gender, orientation, bio, country, state, city, zip, file_1, file_2, file_3, file_4, file_5, score, token, token_date, active, register, created_at, updated_at) VALUES ("362","Gideon","Steuber","krystel40","ashlee.schiller@gorczany.com","$2y$10$XQ333lXvBfRTz3UOyTehEeVSEcBu7GybKbV/GCGAjQl4o6vvccSJS","1979-02-20 00:58:35","2","3","Est minima quis enim odit. Veritatis enim ut adipisci omnis placeat iste. Accusamus iste omnis sit minima molestiae quidem quo dolore. Architecto et odio fugiat voluptas odit nam perspiciatis provident.","India","","Joville","64110","../fixtures/female7.jpg","../fixtures/female7.jpg","../fixtures/female2.jpg","../fixtures/female9.jpg","../fixtures/female5.jpg","25","a956ff66ffb74ce6f83f98d876cff1f0","2002-04-28 04:18:21","0","0","1972-04-11 11:02:30","1989-03-02 02:14:36");
INSERT INTO user_tag (user_id, tag_id) VALUES ("362","50");


INSERT INTO likes (like_id, liked_id, like_date) VALUES ("362","249","2017-10-13 14:30:30");
INSERT INTO likes (like_id, liked_id, like_date) VALUES ("362","274","2017-09-19 04:30:23");
INSERT INTO likes (like_id, liked_id, like_date) VALUES ("362","267","2017-09-12 01:55:39");
INSERT INTO likes (like_id, liked_id, like_date) VALUES ("362","84","2018-01-12 02:57:16");
INSERT INTO likes (like_id, liked_id, like_date) VALUES ("362","470","2017-09-18 13:41:47");
INSERT INTO likes (like_id, liked_id, like_date) VALUES ("362","368","2017-12-20 03:48:40");
INSERT INTO likes (like_id, liked_id, like_date) VALUES ("362","452","2017-02-28 13:16:49");


INSERT INTO user (id, first_name, last_name, username, email, password, birthdate, gender, orientation, bio, country, state, city, zip, file_1, file_2, file_3, file_4, file_5, score, token, token_date, active, register, created_at, updated_at) VALUES ("363","Vicente","Hand","bayereula","audreanne06@hotmail.com","$2y$10$.4tLvPCxsRfxqaAqEJBYtuDXL//.YXGgpJc23jZG5b.a9OkL7HVZK","1965-06-30 14:37:32","2","1","Alias magnam voluptas nostrum qui sit ea. Velit ducimus asperiores optio molestiae nobis. Consequatur dolorum est sit aut.","Western Sahara","","Martyhaven","28586-6021","../fixtures/female4.jpg","../fixtures/female6.jpg","../fixtures/female1.jpg","","","81","dfc3d12097e6d8e1089bde2a298bd77e","2015-01-23 18:33:45","1","1","2015-04-12 22:00:49","1981-05-06 04:55:17");
INSERT INTO user_tag (user_id, tag_id) VALUES ("363","6");
INSERT INTO user_tag (user_id, tag_id) VALUES ("363","29");
INSERT INTO user_tag (user_id, tag_id) VALUES ("363","36");
INSERT INTO user_tag (user_id, tag_id) VALUES ("363","29");
INSERT INTO user_tag (user_id, tag_id) VALUES ("363","9");
INSERT INTO user_tag (user_id, tag_id) VALUES ("363","14");
INSERT INTO user_tag (user_id, tag_id) VALUES ("363","43");
INSERT INTO user_tag (user_id, tag_id) VALUES ("363","43");
INSERT INTO user_tag (user_id, tag_id) VALUES ("363","27");
INSERT INTO user_tag (user_id, tag_id) VALUES ("363","37");
INSERT INTO user_tag (user_id, tag_id) VALUES ("363","33");
INSERT INTO user_tag (user_id, tag_id) VALUES ("363","10");
INSERT INTO user_tag (user_id, tag_id) VALUES ("363","4");
INSERT INTO user_tag (user_id, tag_id) VALUES ("363","31");
INSERT INTO user_tag (user_id, tag_id) VALUES ("363","40");


INSERT INTO likes (like_id, liked_id, like_date) VALUES ("363","437","2017-12-27 12:07:20");
INSERT INTO likes (like_id, liked_id, like_date) VALUES ("363","73","2017-04-25 22:49:00");
INSERT INTO likes (like_id, liked_id, like_date) VALUES ("363","3","2017-06-08 06:52:12");
INSERT INTO likes (like_id, liked_id, like_date) VALUES ("363","371","2017-07-05 12:31:37");
INSERT INTO likes (like_id, liked_id, like_date) VALUES ("363","130","2017-02-27 18:28:35");
INSERT INTO likes (like_id, liked_id, like_date) VALUES ("363","166","2018-01-30 08:46:21");
INSERT INTO likes (like_id, liked_id, like_date) VALUES ("363","173","2017-06-30 21:27:44");
INSERT INTO likes (like_id, liked_id, like_date) VALUES ("363","379","2017-07-24 15:30:45");
INSERT INTO likes (like_id, liked_id, like_date) VALUES ("363","449","2017-10-04 23:33:03");
INSERT INTO likes (like_id, liked_id, like_date) VALUES ("363","431","2017-03-01 12:33:22");
INSERT INTO likes (like_id, liked_id, like_date) VALUES ("363","36","2018-01-02 05:02:12");
INSERT INTO likes (like_id, liked_id, like_date) VALUES ("363","109","2018-01-18 20:54:45");
INSERT INTO likes (like_id, liked_id, like_date) VALUES ("363","248","2017-05-13 10:14:38");
INSERT INTO likes (like_id, liked_id, like_date) VALUES ("363","280","2017-04-14 06:29:58");
INSERT INTO likes (like_id, liked_id, like_date) VALUES ("363","367","2017-04-15 23:44:40");
INSERT INTO likes (like_id, liked_id, like_date) VALUES ("363","50","2017-12-21 03:30:20");
INSERT INTO likes (like_id, liked_id, like_date) VALUES ("363","170","2018-02-05 21:03:51");
INSERT INTO likes (like_id, liked_id, like_date) VALUES ("363","202","2017-06-25 20:26:14");


INSERT INTO user (id, first_name, last_name, username, email, password, birthdate, gender, orientation, bio, country, state, city, zip, file_1, file_2, file_3, file_4, file_5, score, token, token_date, active, register, created_at, updated_at) VALUES ("364","Janelle","Flatley","raphaelleschroeder","kessler.elliott@gmail.com","$2y$10$m3mKuju/.CV6ydZRR9MnG.MzKsIcVniEayCyA7nELDenOBBkIl69i","1949-09-20 20:20:35","2","1","Natus non dolores rerum et accusamus dolore dicta. Dolorum eius id modi omnis.","Congo","","Corneliushaven","21308","../fixtures/female6.jpg","","","","","70","d9336700472257ab5c49cdd67e53c964","1971-03-17 11:20:06","1","0","2003-05-15 00:23:21","2018-01-07 17:21:47");
INSERT INTO user_tag (user_id, tag_id) VALUES ("364","35");
INSERT INTO user_tag (user_id, tag_id) VALUES ("364","32");
INSERT INTO user_tag (user_id, tag_id) VALUES ("364","5");
INSERT INTO user_tag (user_id, tag_id) VALUES ("364","49");
INSERT INTO user_tag (user_id, tag_id) VALUES ("364","21");
INSERT INTO user_tag (user_id, tag_id) VALUES ("364","39");
INSERT INTO user_tag (user_id, tag_id) VALUES ("364","14");
INSERT INTO user_tag (user_id, tag_id) VALUES ("364","39");
INSERT INTO user_tag (user_id, tag_id) VALUES ("364","38");
INSERT INTO user_tag (user_id, tag_id) VALUES ("364","28");
INSERT INTO user_tag (user_id, tag_id) VALUES ("364","30");
INSERT INTO user_tag (user_id, tag_id) VALUES ("364","46");


INSERT INTO likes (like_id, liked_id, like_date) VALUES ("364","425","2017-09-05 11:25:26");
INSERT INTO likes (like_id, liked_id, like_date) VALUES ("364","360","2017-10-06 20:34:42");
INSERT INTO likes (like_id, liked_id, like_date) VALUES ("364","49","2017-09-06 05:17:40");
INSERT INTO likes (like_id, liked_id, like_date) VALUES ("364","74","2017-11-29 10:00:57");
INSERT INTO likes (like_id, liked_id, like_date) VALUES ("364","489","2017-04-01 00:37:39");
INSERT INTO likes (like_id, liked_id, like_date) VALUES ("364","347","2017-02-17 20:53:51");
INSERT INTO likes (like_id, liked_id, like_date) VALUES ("364","191","2017-07-14 17:27:45");
INSERT INTO likes (like_id, liked_id, like_date) VALUES ("364","94","2017-03-31 13:42:08");
INSERT INTO likes (like_id, liked_id, like_date) VALUES ("364","438","2017-06-03 18:17:26");
INSERT INTO likes (like_id, liked_id, like_date) VALUES ("364","336","2017-12-18 19:46:42");
INSERT INTO likes (like_id, liked_id, like_date) VALUES ("364","467","2017-07-19 05:03:46");
INSERT INTO likes (like_id, liked_id, like_date) VALUES ("364","186","2017-12-17 11:05:16");
INSERT INTO likes (like_id, liked_id, like_date) VALUES ("364","44","2017-06-12 15:09:50");
INSERT INTO likes (like_id, liked_id, like_date) VALUES ("364","298","2017-09-16 22:36:51");


INSERT INTO user (id, first_name, last_name, username, email, password, birthdate, gender, orientation, bio, country, state, city, zip, file_1, file_2, file_3, file_4, file_5, score, token, token_date, active, register, created_at, updated_at) VALUES ("365","Werner","Streich","fmcglynn","koss.freddie@gmail.com","$2y$10$8SlF6t/RWaVz8td3lZN3vOjQCnyOzGUbuHunKMUUtlm8YTuh3lSOu","1972-08-20 00:42:34","1","1","Laboriosam molestiae nostrum facere laudantium quisquam molestias veniam. Ut ut tempora vel nobis officia quibusdam consequuntur aut. Aut atque tempore et dolor voluptas. Aperiam quasi aspernatur aperiam non atque veritatis.","Turkey","","Miatown","52870-1702","../fixtures/male10.jpg","","","","","14","ab5bd76c7d4328d3ca06eb8716d6e76c","1981-04-04 20:38:32","1","1","1971-02-28 19:22:19","2007-12-24 21:27:10");
INSERT INTO user_tag (user_id, tag_id) VALUES ("365","3");
INSERT INTO user_tag (user_id, tag_id) VALUES ("365","35");
INSERT INTO user_tag (user_id, tag_id) VALUES ("365","6");
INSERT INTO user_tag (user_id, tag_id) VALUES ("365","32");
INSERT INTO user_tag (user_id, tag_id) VALUES ("365","47");
INSERT INTO user_tag (user_id, tag_id) VALUES ("365","33");
INSERT INTO user_tag (user_id, tag_id) VALUES ("365","3");


INSERT INTO likes (like_id, liked_id, like_date) VALUES ("365","389","2017-05-01 15:16:15");
INSERT INTO likes (like_id, liked_id, like_date) VALUES ("365","140","2017-07-29 21:12:50");
INSERT INTO likes (like_id, liked_id, like_date) VALUES ("365","341","2017-06-19 20:47:15");
INSERT INTO likes (like_id, liked_id, like_date) VALUES ("365","88","2017-08-31 22:23:10");
INSERT INTO likes (like_id, liked_id, like_date) VALUES ("365","385","2017-04-06 07:49:40");
INSERT INTO likes (like_id, liked_id, like_date) VALUES ("365","141","2017-10-06 17:45:53");
INSERT INTO likes (like_id, liked_id, like_date) VALUES ("365","476","2017-08-30 20:31:48");
INSERT INTO likes (like_id, liked_id, like_date) VALUES ("365","92","2017-10-17 21:21:42");


INSERT INTO user (id, first_name, last_name, username, email, password, birthdate, gender, orientation, bio, country, state, city, zip, file_1, file_2, file_3, file_4, file_5, score, token, token_date, active, register, created_at, updated_at) VALUES ("366","Grady","Reichert","carolina96","andrew.stamm@vonrueden.net","$2y$10$hnUsOVe2QQmXOD9XBNJx6OG1Mgqo52yZ7oPveOP9MgGV/3t./z7Hu","1957-04-30 21:30:48","2","2","Alias ex quod praesentium. Eius enim odit in. Nemo voluptate aut ut molestiae consequuntur magni. Nulla ipsam esse nobis perferendis sunt nostrum. Quasi nostrum voluptate et laboriosam repudiandae ab.","Spain","","Port Pablo","66420-8484","../fixtures/female6.jpg","../fixtures/female8.jpg","../fixtures/female6.jpg","../fixtures/female2.jpg","../fixtures/female5.jpg","37","d6826de642537121456b4b9627e03fb6","1983-05-07 12:07:39","1","0","1971-02-19 14:27:53","2000-09-07 03:39:58");
INSERT INTO user_tag (user_id, tag_id) VALUES ("366","43");
INSERT INTO user_tag (user_id, tag_id) VALUES ("366","5");
INSERT INTO user_tag (user_id, tag_id) VALUES ("366","26");


INSERT INTO likes (like_id, liked_id, like_date) VALUES ("366","156","2017-03-13 06:21:08");
INSERT INTO likes (like_id, liked_id, like_date) VALUES ("366","304","2017-03-10 17:39:03");
INSERT INTO likes (like_id, liked_id, like_date) VALUES ("366","370","2017-03-05 17:16:58");
INSERT INTO likes (like_id, liked_id, like_date) VALUES ("366","477","2017-11-30 16:19:28");
INSERT INTO likes (like_id, liked_id, like_date) VALUES ("366","341","2017-02-20 12:27:49");
INSERT INTO likes (like_id, liked_id, like_date) VALUES ("366","370","2017-10-11 16:35:02");
INSERT INTO likes (like_id, liked_id, like_date) VALUES ("366","309","2017-11-23 21:24:52");
INSERT INTO likes (like_id, liked_id, like_date) VALUES ("366","264","2017-09-20 13:32:18");
INSERT INTO likes (like_id, liked_id, like_date) VALUES ("366","238","2017-07-26 06:48:30");
INSERT INTO likes (like_id, liked_id, like_date) VALUES ("366","282","2017-10-21 10:25:15");
INSERT INTO likes (like_id, liked_id, like_date) VALUES ("366","427","2017-03-13 05:48:17");
INSERT INTO likes (like_id, liked_id, like_date) VALUES ("366","255","2017-03-02 23:10:00");
INSERT INTO likes (like_id, liked_id, like_date) VALUES ("366","159","2017-06-21 18:13:29");
INSERT INTO likes (like_id, liked_id, like_date) VALUES ("366","233","2018-01-29 10:24:56");
INSERT INTO likes (like_id, liked_id, like_date) VALUES ("366","238","2017-12-02 12:39:42");
INSERT INTO likes (like_id, liked_id, like_date) VALUES ("366","151","2017-06-06 00:36:54");
INSERT INTO likes (like_id, liked_id, like_date) VALUES ("366","104","2017-09-30 06:33:22");


INSERT INTO user (id, first_name, last_name, username, email, password, birthdate, gender, orientation, bio, country, state, city, zip, file_1, file_2, file_3, file_4, file_5, score, token, token_date, active, register, created_at, updated_at) VALUES ("367","Alexandre","Littel","bernieyundt","emanuel.ratke@schaefer.com","$2y$10$tjraajDigWDlGM2JCwiYZ.EIyl9sRElCKaeseAbVXoSGg6yHJKiGS","1997-05-11 14:57:37","1","3","Asperiores explicabo soluta mollitia. Repellendus quisquam praesentium et et. Laborum est sed quia aut velit exercitationem.","Pitcairn Islands","","Corinefurt","95255","../fixtures/male6.jpg","../fixtures/male1.jpg","","","","94","6b154716b5f5677d72120d52baaee0a9","2003-10-05 21:16:11","0","0","2000-09-21 01:26:06","1998-06-01 15:22:40");
INSERT INTO user_tag (user_id, tag_id) VALUES ("367","15");
INSERT INTO user_tag (user_id, tag_id) VALUES ("367","3");
INSERT INTO user_tag (user_id, tag_id) VALUES ("367","41");
INSERT INTO user_tag (user_id, tag_id) VALUES ("367","43");
INSERT INTO user_tag (user_id, tag_id) VALUES ("367","49");
INSERT INTO user_tag (user_id, tag_id) VALUES ("367","35");
INSERT INTO user_tag (user_id, tag_id) VALUES ("367","47");


INSERT INTO likes (like_id, liked_id, like_date) VALUES ("367","188","2017-11-13 07:58:09");
INSERT INTO likes (like_id, liked_id, like_date) VALUES ("367","216","2017-04-22 10:47:29");
INSERT INTO likes (like_id, liked_id, like_date) VALUES ("367","169","2017-06-30 17:28:27");
INSERT INTO likes (like_id, liked_id, like_date) VALUES ("367","22","2018-01-24 18:19:15");
INSERT INTO likes (like_id, liked_id, like_date) VALUES ("367","262","2017-08-05 00:40:38");
INSERT INTO likes (like_id, liked_id, like_date) VALUES ("367","69","2017-06-10 22:53:47");
INSERT INTO likes (like_id, liked_id, like_date) VALUES ("367","339","2017-05-14 23:12:27");
INSERT INTO likes (like_id, liked_id, like_date) VALUES ("367","168","2017-12-03 14:10:42");
INSERT INTO likes (like_id, liked_id, like_date) VALUES ("367","276","2017-04-04 21:22:52");
INSERT INTO likes (like_id, liked_id, like_date) VALUES ("367","289","2017-07-25 03:16:05");
INSERT INTO likes (like_id, liked_id, like_date) VALUES ("367","361","2017-09-21 01:41:18");
INSERT INTO likes (like_id, liked_id, like_date) VALUES ("367","185","2017-06-21 14:51:50");


INSERT INTO user (id, first_name, last_name, username, email, password, birthdate, gender, orientation, bio, country, state, city, zip, file_1, file_2, file_3, file_4, file_5, score, token, token_date, active, register, created_at, updated_at) VALUES ("368","Rahul","Lakin","dhudson","jessica00@stracke.com","$2y$10$YJHv7zOirqm4coFdNWDvw.NK2r5MupgXii7I8a5V/id7PkNnQt.6W","1971-01-31 23:09:31","2","3","Quidem delectus ipsam sint unde possimus nihil accusamus. Voluptatem omnis et qui corrupti eos ut velit totam. Ut consequatur ut est consequatur adipisci.","Korea","","Port Jeanie","36182-3427","../fixtures/female7.jpg","../fixtures/female5.jpg","../fixtures/female3.jpg","../fixtures/female3.jpg","","100","689dadfc2e97fe38086309b5a0488069","1998-03-23 19:40:04","1","1","2001-04-04 13:47:19","1978-05-07 10:36:03");
INSERT INTO user_tag (user_id, tag_id) VALUES ("368","40");
INSERT INTO user_tag (user_id, tag_id) VALUES ("368","43");
INSERT INTO user_tag (user_id, tag_id) VALUES ("368","39");
INSERT INTO user_tag (user_id, tag_id) VALUES ("368","44");
INSERT INTO user_tag (user_id, tag_id) VALUES ("368","44");
INSERT INTO user_tag (user_id, tag_id) VALUES ("368","48");
INSERT INTO user_tag (user_id, tag_id) VALUES ("368","40");
INSERT INTO user_tag (user_id, tag_id) VALUES ("368","12");
INSERT INTO user_tag (user_id, tag_id) VALUES ("368","33");
INSERT INTO user_tag (user_id, tag_id) VALUES ("368","40");
INSERT INTO user_tag (user_id, tag_id) VALUES ("368","45");
INSERT INTO user_tag (user_id, tag_id) VALUES ("368","30");
INSERT INTO user_tag (user_id, tag_id) VALUES ("368","45");
INSERT INTO user_tag (user_id, tag_id) VALUES ("368","35");
INSERT INTO user_tag (user_id, tag_id) VALUES ("368","25");


INSERT INTO likes (like_id, liked_id, like_date) VALUES ("368","460","2017-09-01 15:04:25");
INSERT INTO likes (like_id, liked_id, like_date) VALUES ("368","332","2017-08-31 14:40:31");
INSERT INTO likes (like_id, liked_id, like_date) VALUES ("368","336","2017-08-21 04:54:27");
INSERT INTO likes (like_id, liked_id, like_date) VALUES ("368","499","2017-11-22 14:34:05");
INSERT INTO likes (like_id, liked_id, like_date) VALUES ("368","17","2018-01-09 22:52:51");
INSERT INTO likes (like_id, liked_id, like_date) VALUES ("368","42","2017-09-01 04:42:11");
INSERT INTO likes (like_id, liked_id, like_date) VALUES ("368","18","2017-12-01 03:27:27");
INSERT INTO likes (like_id, liked_id, like_date) VALUES ("368","197","2017-10-27 05:50:07");
INSERT INTO likes (like_id, liked_id, like_date) VALUES ("368","315","2017-11-02 22:12:24");
INSERT INTO likes (like_id, liked_id, like_date) VALUES ("368","16","2017-09-20 08:08:54");
INSERT INTO likes (like_id, liked_id, like_date) VALUES ("368","113","2017-10-15 12:33:31");
INSERT INTO likes (like_id, liked_id, like_date) VALUES ("368","135","2017-12-10 03:06:48");
INSERT INTO likes (like_id, liked_id, like_date) VALUES ("368","29","2017-05-17 11:24:50");
INSERT INTO likes (like_id, liked_id, like_date) VALUES ("368","164","2017-04-23 19:35:32");
INSERT INTO likes (like_id, liked_id, like_date) VALUES ("368","52","2018-01-04 15:34:34");
INSERT INTO likes (like_id, liked_id, like_date) VALUES ("368","336","2017-04-24 11:16:21");


INSERT INTO user (id, first_name, last_name, username, email, password, birthdate, gender, orientation, bio, country, state, city, zip, file_1, file_2, file_3, file_4, file_5, score, token, token_date, active, register, created_at, updated_at) VALUES ("369","Tianna","Hoeger","sconsidine","victoria.langosh@klocko.com","$2y$10$zFysX33Yyprz7t1vZrSdJO./xukrO251WQNg/RrFQfpOX0uCLP9ja","1961-02-14 04:33:10","2","2","Unde saepe quaerat est atque qui at nemo id. Quo saepe fuga laborum numquam. Tempora in sequi consectetur laudantium ullam expedita commodi.","Saint Martin","","West Danefurt","95718","../fixtures/female10.jpg","../fixtures/female8.jpg","../fixtures/female3.jpg","../fixtures/female7.jpg","../fixtures/female3.jpg","35","ecf5146cb87685d7f538666a890229ab","1974-12-01 02:44:31","1","1","1975-05-22 05:36:08","1978-12-02 13:39:29");
INSERT INTO user_tag (user_id, tag_id) VALUES ("369","39");
INSERT INTO user_tag (user_id, tag_id) VALUES ("369","22");
INSERT INTO user_tag (user_id, tag_id) VALUES ("369","13");
INSERT INTO user_tag (user_id, tag_id) VALUES ("369","33");
INSERT INTO user_tag (user_id, tag_id) VALUES ("369","4");
INSERT INTO user_tag (user_id, tag_id) VALUES ("369","40");
INSERT INTO user_tag (user_id, tag_id) VALUES ("369","11");
INSERT INTO user_tag (user_id, tag_id) VALUES ("369","26");
INSERT INTO user_tag (user_id, tag_id) VALUES ("369","12");
INSERT INTO user_tag (user_id, tag_id) VALUES ("369","22");
INSERT INTO user_tag (user_id, tag_id) VALUES ("369","17");
INSERT INTO user_tag (user_id, tag_id) VALUES ("369","1");
INSERT INTO user_tag (user_id, tag_id) VALUES ("369","17");
INSERT INTO user_tag (user_id, tag_id) VALUES ("369","48");


INSERT INTO likes (like_id, liked_id, like_date) VALUES ("369","276","2017-08-29 16:26:54");
INSERT INTO likes (like_id, liked_id, like_date) VALUES ("369","177","2017-03-24 16:05:56");
INSERT INTO likes (like_id, liked_id, like_date) VALUES ("369","281","2017-02-27 20:52:54");
INSERT INTO likes (like_id, liked_id, like_date) VALUES ("369","248","2017-07-01 17:21:33");
INSERT INTO likes (like_id, liked_id, like_date) VALUES ("369","47","2017-03-10 02:46:16");
INSERT INTO likes (like_id, liked_id, like_date) VALUES ("369","59","2017-08-10 14:43:47");
INSERT INTO likes (like_id, liked_id, like_date) VALUES ("369","22","2017-10-20 21:13:44");
INSERT INTO likes (like_id, liked_id, like_date) VALUES ("369","453","2017-11-12 11:30:45");
INSERT INTO likes (like_id, liked_id, like_date) VALUES ("369","226","2017-04-23 13:12:10");
INSERT INTO likes (like_id, liked_id, like_date) VALUES ("369","416","2017-07-27 00:34:10");
INSERT INTO likes (like_id, liked_id, like_date) VALUES ("369","404","2018-01-21 10:51:52");


INSERT INTO user (id, first_name, last_name, username, email, password, birthdate, gender, orientation, bio, country, state, city, zip, file_1, file_2, file_3, file_4, file_5, score, token, token_date, active, register, created_at, updated_at) VALUES ("370","Ladarius","Frami","joanie27","bobbie39@jaskolski.com","$2y$10$Ypmp1lf1uNA1ShpxgHIvxuwJzG9jFpMoswScMLZg9tRIrtE6Z3QNy","1971-09-22 05:17:02","1","1","Laudantium sed distinctio doloremque quam odit cumque. Veritatis earum nostrum qui dolorem. Sed earum dolor debitis voluptatibus dolorum temporibus.","Sudan","","Creolafort","66535-6588","../fixtures/male8.jpg","../fixtures/male3.jpg","../fixtures/male4.jpg","../fixtures/male4.jpg","../fixtures/male5.jpg","6","cab6a62ff9462e9b9d7c2c495e912f3c","2003-07-06 22:23:03","0","0","1998-01-02 14:35:37","1986-08-27 05:10:01");
INSERT INTO user_tag (user_id, tag_id) VALUES ("370","22");
INSERT INTO user_tag (user_id, tag_id) VALUES ("370","43");
INSERT INTO user_tag (user_id, tag_id) VALUES ("370","23");
INSERT INTO user_tag (user_id, tag_id) VALUES ("370","27");
INSERT INTO user_tag (user_id, tag_id) VALUES ("370","23");
INSERT INTO user_tag (user_id, tag_id) VALUES ("370","25");
INSERT INTO user_tag (user_id, tag_id) VALUES ("370","2");
INSERT INTO user_tag (user_id, tag_id) VALUES ("370","26");
INSERT INTO user_tag (user_id, tag_id) VALUES ("370","26");


INSERT INTO likes (like_id, liked_id, like_date) VALUES ("370","144","2018-02-04 17:47:39");
INSERT INTO likes (like_id, liked_id, like_date) VALUES ("370","182","2017-06-02 23:17:18");


INSERT INTO user (id, first_name, last_name, username, email, password, birthdate, gender, orientation, bio, country, state, city, zip, file_1, file_2, file_3, file_4, file_5, score, token, token_date, active, register, created_at, updated_at) VALUES ("371","Tyler","Towne","xdickens","ahmad00@yahoo.com","$2y$10$MHFhIZKiLpdou.dlvpMIDOJR4TWq2PBuzQ/DdHoryu8bpIKe7CiRi","1954-12-23 01:58:55","1","3","At sint quos ut consequatur nisi autem expedita. Amet possimus dolor laboriosam. Autem quibusdam repellat aut aliquam. Beatae aspernatur cum eaque totam veniam est hic.","Estonia","","Trentbury","84372-4193","../fixtures/male7.jpg","../fixtures/male8.jpg","../fixtures/male1.jpg","../fixtures/male2.jpg","","53","8fcc5a1625f6f8a585c745c8ffc8f637","1985-10-10 14:10:12","0","0","2002-02-02 23:05:14","2000-12-18 00:09:08");
INSERT INTO user_tag (user_id, tag_id) VALUES ("371","45");
INSERT INTO user_tag (user_id, tag_id) VALUES ("371","33");


INSERT INTO likes (like_id, liked_id, like_date) VALUES ("371","326","2017-07-19 01:31:58");
INSERT INTO likes (like_id, liked_id, like_date) VALUES ("371","122","2017-04-27 02:09:55");
INSERT INTO likes (like_id, liked_id, like_date) VALUES ("371","323","2017-06-24 22:47:56");
INSERT INTO likes (like_id, liked_id, like_date) VALUES ("371","491","2017-09-14 02:49:35");
INSERT INTO likes (like_id, liked_id, like_date) VALUES ("371","447","2017-09-11 14:46:55");
INSERT INTO likes (like_id, liked_id, like_date) VALUES ("371","230","2017-09-07 07:56:26");
INSERT INTO likes (like_id, liked_id, like_date) VALUES ("371","207","2017-11-18 23:40:07");
INSERT INTO likes (like_id, liked_id, like_date) VALUES ("371","190","2018-01-30 22:52:53");
INSERT INTO likes (like_id, liked_id, like_date) VALUES ("371","490","2017-09-08 23:49:38");


INSERT INTO user (id, first_name, last_name, username, email, password, birthdate, gender, orientation, bio, country, state, city, zip, file_1, file_2, file_3, file_4, file_5, score, token, token_date, active, register, created_at, updated_at) VALUES ("372","Tessie","Kshlerin","kody58","kurtis00@schiller.com","$2y$10$g9.BEJI80LgwiAuBjJh.PuCjgYXVN86pJCvSZCC/czqcUD36Fclqy","1984-05-31 07:19:26","2","1","Omnis ex vitae consequatur. Aliquam quae consequatur sed provident. Voluptas atque dolor est sapiente fugit. Et nam ducimus ducimus ea ut.","Dominica","","Jacobschester","22577","../fixtures/female8.jpg","","","","","98","1a4bc8f0d6c74215264f53d9a7192f84","1970-08-25 12:29:37","0","0","2012-09-22 15:02:15","1992-12-12 10:34:15");
INSERT INTO user_tag (user_id, tag_id) VALUES ("372","20");
INSERT INTO user_tag (user_id, tag_id) VALUES ("372","25");
INSERT INTO user_tag (user_id, tag_id) VALUES ("372","12");
INSERT INTO user_tag (user_id, tag_id) VALUES ("372","12");
INSERT INTO user_tag (user_id, tag_id) VALUES ("372","3");
INSERT INTO user_tag (user_id, tag_id) VALUES ("372","43");
INSERT INTO user_tag (user_id, tag_id) VALUES ("372","36");


INSERT INTO likes (like_id, liked_id, like_date) VALUES ("372","7","2017-09-21 19:41:15");
INSERT INTO likes (like_id, liked_id, like_date) VALUES ("372","472","2017-07-30 03:12:40");
INSERT INTO likes (like_id, liked_id, like_date) VALUES ("372","93","2017-07-08 15:20:29");
INSERT INTO likes (like_id, liked_id, like_date) VALUES ("372","357","2017-06-15 23:48:34");
INSERT INTO likes (like_id, liked_id, like_date) VALUES ("372","415","2017-05-21 16:40:36");


INSERT INTO user (id, first_name, last_name, username, email, password, birthdate, gender, orientation, bio, country, state, city, zip, file_1, file_2, file_3, file_4, file_5, score, token, token_date, active, register, created_at, updated_at) VALUES ("373","Lyda","DuBuque","jwindler","tritchie@reilly.biz","$2y$10$unRS5uRx97/rt4l75gp/J.4v4nV3KibZX3Li.XXpvcatLDuYFYpHm","1948-09-21 09:30:46","2","2","Quo aut hic est praesentium. Consequatur pariatur aut ipsa temporibus. Vero eveniet quam rem rem qui qui consequuntur.","Bermuda","","Hahntown","57093","../fixtures/female8.jpg","../fixtures/female1.jpg","../fixtures/female10.jpg","","","52","25cfedb8a960cc1e966783c2a1ea8a5b","2017-10-20 15:21:50","1","0","1984-12-28 18:08:43","2009-05-30 20:43:54");
INSERT INTO user_tag (user_id, tag_id) VALUES ("373","48");
INSERT INTO user_tag (user_id, tag_id) VALUES ("373","24");
INSERT INTO user_tag (user_id, tag_id) VALUES ("373","11");
INSERT INTO user_tag (user_id, tag_id) VALUES ("373","20");
INSERT INTO user_tag (user_id, tag_id) VALUES ("373","42");
INSERT INTO user_tag (user_id, tag_id) VALUES ("373","1");
INSERT INTO user_tag (user_id, tag_id) VALUES ("373","17");
INSERT INTO user_tag (user_id, tag_id) VALUES ("373","2");
INSERT INTO user_tag (user_id, tag_id) VALUES ("373","31");
INSERT INTO user_tag (user_id, tag_id) VALUES ("373","19");
INSERT INTO user_tag (user_id, tag_id) VALUES ("373","30");
INSERT INTO user_tag (user_id, tag_id) VALUES ("373","50");


INSERT INTO likes (like_id, liked_id, like_date) VALUES ("373","440","2017-09-07 00:04:14");
INSERT INTO likes (like_id, liked_id, like_date) VALUES ("373","341","2017-04-24 20:21:59");
INSERT INTO likes (like_id, liked_id, like_date) VALUES ("373","124","2017-09-23 23:53:35");
INSERT INTO likes (like_id, liked_id, like_date) VALUES ("373","351","2017-04-11 21:25:42");
INSERT INTO likes (like_id, liked_id, like_date) VALUES ("373","248","2017-08-04 09:37:24");
INSERT INTO likes (like_id, liked_id, like_date) VALUES ("373","417","2017-08-01 16:00:02");
INSERT INTO likes (like_id, liked_id, like_date) VALUES ("373","248","2017-12-22 18:11:26");
INSERT INTO likes (like_id, liked_id, like_date) VALUES ("373","171","2017-10-31 10:46:21");
INSERT INTO likes (like_id, liked_id, like_date) VALUES ("373","228","2017-07-09 12:55:42");


INSERT INTO user (id, first_name, last_name, username, email, password, birthdate, gender, orientation, bio, country, state, city, zip, file_1, file_2, file_3, file_4, file_5, score, token, token_date, active, register, created_at, updated_at) VALUES ("374","Makenna","Kreiger","srippin","mills.lenna@luettgen.info","$2y$10$M2H9hdQH28ip9mIqMArhD.63gflfoH1eA/9BamYiNTcHUFqShembK","1996-04-25 18:44:43","1","3","Rem veniam et cupiditate similique exercitationem. Libero quia quia sed sunt quis sit quod. Porro ratione rem est quibusdam. Aut explicabo suscipit tempora rem.","Bermuda","","Lake Marguerite","18065-2226","../fixtures/male3.jpg","../fixtures/male8.jpg","../fixtures/male9.jpg","","","64","db13f0c3c1dd57b31858f74d476c30e6","1977-09-08 08:55:26","1","1","1979-01-22 13:41:45","1998-04-24 17:55:02");
INSERT INTO user_tag (user_id, tag_id) VALUES ("374","25");
INSERT INTO user_tag (user_id, tag_id) VALUES ("374","22");
INSERT INTO user_tag (user_id, tag_id) VALUES ("374","3");
INSERT INTO user_tag (user_id, tag_id) VALUES ("374","47");
INSERT INTO user_tag (user_id, tag_id) VALUES ("374","46");
INSERT INTO user_tag (user_id, tag_id) VALUES ("374","36");
INSERT INTO user_tag (user_id, tag_id) VALUES ("374","43");
INSERT INTO user_tag (user_id, tag_id) VALUES ("374","42");
INSERT INTO user_tag (user_id, tag_id) VALUES ("374","50");
INSERT INTO user_tag (user_id, tag_id) VALUES ("374","16");
INSERT INTO user_tag (user_id, tag_id) VALUES ("374","48");


INSERT INTO likes (like_id, liked_id, like_date) VALUES ("374","471","2017-03-14 00:01:26");
INSERT INTO likes (like_id, liked_id, like_date) VALUES ("374","320","2017-05-27 08:27:00");
INSERT INTO likes (like_id, liked_id, like_date) VALUES ("374","414","2017-09-15 08:17:42");
INSERT INTO likes (like_id, liked_id, like_date) VALUES ("374","45","2017-05-23 18:04:10");
INSERT INTO likes (like_id, liked_id, like_date) VALUES ("374","87","2017-09-28 12:13:19");
INSERT INTO likes (like_id, liked_id, like_date) VALUES ("374","345","2017-03-05 17:54:19");
INSERT INTO likes (like_id, liked_id, like_date) VALUES ("374","303","2017-06-30 07:00:18");
INSERT INTO likes (like_id, liked_id, like_date) VALUES ("374","315","2017-08-24 06:00:01");
INSERT INTO likes (like_id, liked_id, like_date) VALUES ("374","236","2017-07-06 20:11:55");
INSERT INTO likes (like_id, liked_id, like_date) VALUES ("374","46","2017-09-13 10:01:11");
INSERT INTO likes (like_id, liked_id, like_date) VALUES ("374","306","2017-10-10 05:53:38");
INSERT INTO likes (like_id, liked_id, like_date) VALUES ("374","293","2017-06-05 19:30:14");
INSERT INTO likes (like_id, liked_id, like_date) VALUES ("374","376","2017-09-21 16:36:18");
INSERT INTO likes (like_id, liked_id, like_date) VALUES ("374","34","2017-03-06 13:21:43");
INSERT INTO likes (like_id, liked_id, like_date) VALUES ("374","446","2017-09-01 06:13:01");
INSERT INTO likes (like_id, liked_id, like_date) VALUES ("374","436","2017-04-12 05:58:51");
INSERT INTO likes (like_id, liked_id, like_date) VALUES ("374","322","2017-12-23 13:44:03");


INSERT INTO user (id, first_name, last_name, username, email, password, birthdate, gender, orientation, bio, country, state, city, zip, file_1, file_2, file_3, file_4, file_5, score, token, token_date, active, register, created_at, updated_at) VALUES ("375","Vena","Bins","estellconroy","mckenzie.millie@nicolas.com","$2y$10$Sd9WQMfoElWLFQp8pAWSB.mY4R4vMugM3HqkEUa33CoBcLgTlG2Cm","1966-11-29 02:39:43","2","2","Perspiciatis aut consequatur atque animi minima sequi. Vel velit reprehenderit qui non ut voluptatem ut. Deserunt itaque dolorem velit quod quas molestiae. Vel quia omnis quae aut quia doloremque nesciunt tenetur.","Vanuatu","","Aubreyfurt","15478-2732","../fixtures/female8.jpg","","","","","43","615b4932459e549dc174afc777046757","1997-11-05 13:22:28","1","0","1970-10-15 03:22:30","2015-04-22 02:26:34");
INSERT INTO user_tag (user_id, tag_id) VALUES ("375","40");
INSERT INTO user_tag (user_id, tag_id) VALUES ("375","47");
INSERT INTO user_tag (user_id, tag_id) VALUES ("375","6");
INSERT INTO user_tag (user_id, tag_id) VALUES ("375","17");
INSERT INTO user_tag (user_id, tag_id) VALUES ("375","29");
INSERT INTO user_tag (user_id, tag_id) VALUES ("375","35");
INSERT INTO user_tag (user_id, tag_id) VALUES ("375","19");
INSERT INTO user_tag (user_id, tag_id) VALUES ("375","44");
INSERT INTO user_tag (user_id, tag_id) VALUES ("375","25");


INSERT INTO likes (like_id, liked_id, like_date) VALUES ("375","418","2017-04-17 02:11:33");
INSERT INTO likes (like_id, liked_id, like_date) VALUES ("375","262","2017-05-31 18:02:41");
INSERT INTO likes (like_id, liked_id, like_date) VALUES ("375","376","2017-09-09 02:40:48");
INSERT INTO likes (like_id, liked_id, like_date) VALUES ("375","180","2017-07-10 02:04:18");
INSERT INTO likes (like_id, liked_id, like_date) VALUES ("375","298","2017-02-18 03:41:26");
INSERT INTO likes (like_id, liked_id, like_date) VALUES ("375","228","2017-07-11 18:05:08");
INSERT INTO likes (like_id, liked_id, like_date) VALUES ("375","145","2017-06-30 05:48:08");
INSERT INTO likes (like_id, liked_id, like_date) VALUES ("375","361","2017-10-19 04:02:53");
INSERT INTO likes (like_id, liked_id, like_date) VALUES ("375","304","2017-09-09 16:27:31");
INSERT INTO likes (like_id, liked_id, like_date) VALUES ("375","442","2017-10-14 07:46:48");
INSERT INTO likes (like_id, liked_id, like_date) VALUES ("375","366","2017-08-05 23:00:36");
INSERT INTO likes (like_id, liked_id, like_date) VALUES ("375","303","2017-05-28 10:02:18");
INSERT INTO likes (like_id, liked_id, like_date) VALUES ("375","61","2018-02-02 06:06:42");
INSERT INTO likes (like_id, liked_id, like_date) VALUES ("375","384","2017-03-27 10:01:24");
INSERT INTO likes (like_id, liked_id, like_date) VALUES ("375","3","2017-07-23 20:38:24");
INSERT INTO likes (like_id, liked_id, like_date) VALUES ("375","378","2017-08-22 00:56:27");
INSERT INTO likes (like_id, liked_id, like_date) VALUES ("375","49","2017-12-05 04:54:26");
INSERT INTO likes (like_id, liked_id, like_date) VALUES ("375","240","2017-03-10 06:10:50");
INSERT INTO likes (like_id, liked_id, like_date) VALUES ("375","190","2017-03-07 07:01:02");


INSERT INTO user (id, first_name, last_name, username, email, password, birthdate, gender, orientation, bio, country, state, city, zip, file_1, file_2, file_3, file_4, file_5, score, token, token_date, active, register, created_at, updated_at) VALUES ("376","Dennis","Johnson","bednarreese","aubrey.stamm@reinger.org","$2y$10$QDO8SzgbYBS993WKuHz2G.frDu7Y3w8SlzhdIDUAcIeFoxCGnb2ky","1992-06-15 07:12:48","1","3","Velit quia et dolorum aut. Non impedit voluptatibus accusamus quo. Itaque illo ea nobis amet provident. Veritatis earum rerum voluptatem ipsa natus sequi.","Samoa","","North Della","33437-4866","../fixtures/male2.jpg","../fixtures/male6.jpg","../fixtures/male9.jpg","../fixtures/male10.jpg","","58","9d7354f37a161d2896ac14ca3b95476f","1974-12-10 23:12:46","1","1","1981-07-12 08:46:25","1970-08-26 01:24:44");
INSERT INTO user_tag (user_id, tag_id) VALUES ("376","36");


INSERT INTO likes (like_id, liked_id, like_date) VALUES ("376","233","2017-03-19 15:50:15");
INSERT INTO likes (like_id, liked_id, like_date) VALUES ("376","156","2017-10-17 21:49:28");
INSERT INTO likes (like_id, liked_id, like_date) VALUES ("376","267","2017-12-08 01:26:26");
INSERT INTO likes (like_id, liked_id, like_date) VALUES ("376","149","2017-04-09 10:12:46");
INSERT INTO likes (like_id, liked_id, like_date) VALUES ("376","367","2017-12-16 01:01:30");
INSERT INTO likes (like_id, liked_id, like_date) VALUES ("376","266","2017-12-03 01:31:00");
INSERT INTO likes (like_id, liked_id, like_date) VALUES ("376","215","2017-08-29 21:51:36");


INSERT INTO user (id, first_name, last_name, username, email, password, birthdate, gender, orientation, bio, country, state, city, zip, file_1, file_2, file_3, file_4, file_5, score, token, token_date, active, register, created_at, updated_at) VALUES ("377","Enoch","Tremblay","dariana92","njerde@yahoo.com","$2y$10$SenAmOu66fBOH2uTAW1EOu5VqatRj0.kKc574mYkP/aK3wdIc9oIC","1950-10-25 01:05:28","1","3","Molestias dolor sunt voluptates. Eligendi provident reprehenderit fugiat rerum unde esse. Quasi voluptate id et dolores cum quae nam quia.","Libyan Arab Jamahiriya","","Ravenport","76468","../fixtures/male8.jpg","../fixtures/male5.jpg","../fixtures/male8.jpg","","","60","7c9258fd7ef74c31288c807439020c12","1976-01-08 08:24:05","1","0","1996-01-25 13:10:33","1987-11-09 23:46:52");
INSERT INTO user_tag (user_id, tag_id) VALUES ("377","37");
INSERT INTO user_tag (user_id, tag_id) VALUES ("377","34");
INSERT INTO user_tag (user_id, tag_id) VALUES ("377","29");
INSERT INTO user_tag (user_id, tag_id) VALUES ("377","19");
INSERT INTO user_tag (user_id, tag_id) VALUES ("377","6");
INSERT INTO user_tag (user_id, tag_id) VALUES ("377","2");
INSERT INTO user_tag (user_id, tag_id) VALUES ("377","7");
INSERT INTO user_tag (user_id, tag_id) VALUES ("377","45");
INSERT INTO user_tag (user_id, tag_id) VALUES ("377","5");
INSERT INTO user_tag (user_id, tag_id) VALUES ("377","49");
INSERT INTO user_tag (user_id, tag_id) VALUES ("377","44");
INSERT INTO user_tag (user_id, tag_id) VALUES ("377","32");
INSERT INTO user_tag (user_id, tag_id) VALUES ("377","34");


INSERT INTO likes (like_id, liked_id, like_date) VALUES ("377","397","2017-07-23 07:01:28");
INSERT INTO likes (like_id, liked_id, like_date) VALUES ("377","205","2018-01-02 04:51:52");


INSERT INTO user (id, first_name, last_name, username, email, password, birthdate, gender, orientation, bio, country, state, city, zip, file_1, file_2, file_3, file_4, file_5, score, token, token_date, active, register, created_at, updated_at) VALUES ("378","Jayde","Fay","grantbetsy","rubye14@flatley.com","$2y$10$iiusfu.BPwnFs5MyV48a3.eh7Q7OXRBtEqvJdMk6LU8wLWvW5MBdS","1980-02-17 02:54:20","1","3","Dolores in ducimus placeat. At cum et nesciunt ut rerum. Beatae rerum aliquid molestiae nam quidem ipsa. Saepe aut doloribus temporibus aut consequatur et nemo.","India","","Stromanmouth","68279","../fixtures/male8.jpg","../fixtures/male9.jpg","../fixtures/male4.jpg","../fixtures/male6.jpg","../fixtures/male6.jpg","73","cb8e38a183d44b159ce5539fdb9501fd","1986-05-25 07:55:31","1","0","1998-06-14 08:40:14","1983-01-10 00:51:50");
INSERT INTO user_tag (user_id, tag_id) VALUES ("378","26");
INSERT INTO user_tag (user_id, tag_id) VALUES ("378","15");
INSERT INTO user_tag (user_id, tag_id) VALUES ("378","38");
INSERT INTO user_tag (user_id, tag_id) VALUES ("378","27");
INSERT INTO user_tag (user_id, tag_id) VALUES ("378","25");
INSERT INTO user_tag (user_id, tag_id) VALUES ("378","20");


INSERT INTO likes (like_id, liked_id, like_date) VALUES ("378","353","2017-02-18 16:34:54");
INSERT INTO likes (like_id, liked_id, like_date) VALUES ("378","144","2017-08-24 22:45:23");
INSERT INTO likes (like_id, liked_id, like_date) VALUES ("378","220","2017-05-10 12:56:56");
INSERT INTO likes (like_id, liked_id, like_date) VALUES ("378","324","2017-11-04 13:37:40");
INSERT INTO likes (like_id, liked_id, like_date) VALUES ("378","173","2017-10-29 13:01:34");
INSERT INTO likes (like_id, liked_id, like_date) VALUES ("378","183","2017-06-01 04:14:10");
INSERT INTO likes (like_id, liked_id, like_date) VALUES ("378","28","2017-02-28 03:45:11");
INSERT INTO likes (like_id, liked_id, like_date) VALUES ("378","69","2017-05-27 22:32:13");
INSERT INTO likes (like_id, liked_id, like_date) VALUES ("378","277","2017-06-10 22:57:26");
INSERT INTO likes (like_id, liked_id, like_date) VALUES ("378","454","2017-10-06 14:34:36");
INSERT INTO likes (like_id, liked_id, like_date) VALUES ("378","436","2017-07-29 09:17:52");
INSERT INTO likes (like_id, liked_id, like_date) VALUES ("378","75","2017-06-06 19:20:13");
INSERT INTO likes (like_id, liked_id, like_date) VALUES ("378","355","2018-01-26 04:35:31");
INSERT INTO likes (like_id, liked_id, like_date) VALUES ("378","235","2017-09-07 21:40:25");
INSERT INTO likes (like_id, liked_id, like_date) VALUES ("378","98","2017-04-06 14:36:25");
INSERT INTO likes (like_id, liked_id, like_date) VALUES ("378","169","2017-06-04 09:09:55");
INSERT INTO likes (like_id, liked_id, like_date) VALUES ("378","173","2017-03-19 02:50:26");
INSERT INTO likes (like_id, liked_id, like_date) VALUES ("378","104","2017-12-19 04:38:55");
INSERT INTO likes (like_id, liked_id, like_date) VALUES ("378","44","2017-03-05 09:31:48");
INSERT INTO likes (like_id, liked_id, like_date) VALUES ("378","45","2017-12-22 14:49:29");


INSERT INTO user (id, first_name, last_name, username, email, password, birthdate, gender, orientation, bio, country, state, city, zip, file_1, file_2, file_3, file_4, file_5, score, token, token_date, active, register, created_at, updated_at) VALUES ("379","Freddie","Reinger","hintzmara","zella.howell@wolff.com","$2y$10$lnTd.4rjv.fGnY819O3kn.Z1kIlA6ZDyyFI72FsU7sYCi3pyCmJX6","1982-03-06 20:24:46","2","1","Sed at modi aspernatur sit esse laborum beatae. Non consequatur voluptas eos tempora. Ullam ut dolores iure deserunt atque maxime expedita. Fugit aut molestias incidunt.","Nepal","","Pasqualeberg","68228-0451","../fixtures/female6.jpg","../fixtures/female6.jpg","","","","53","c66edb4eaca4d3a7a93afa018bcec42c","1970-10-26 23:45:04","0","0","1994-03-25 12:01:07","2011-01-23 18:24:37");
INSERT INTO user_tag (user_id, tag_id) VALUES ("379","13");
INSERT INTO user_tag (user_id, tag_id) VALUES ("379","6");
INSERT INTO user_tag (user_id, tag_id) VALUES ("379","9");
INSERT INTO user_tag (user_id, tag_id) VALUES ("379","43");
INSERT INTO user_tag (user_id, tag_id) VALUES ("379","11");


INSERT INTO likes (like_id, liked_id, like_date) VALUES ("379","384","2017-07-03 19:53:16");
INSERT INTO likes (like_id, liked_id, like_date) VALUES ("379","377","2017-04-02 13:26:50");
INSERT INTO likes (like_id, liked_id, like_date) VALUES ("379","165","2017-12-31 02:09:06");
INSERT INTO likes (like_id, liked_id, like_date) VALUES ("379","341","2017-02-19 06:45:13");
INSERT INTO likes (like_id, liked_id, like_date) VALUES ("379","327","2017-06-22 06:18:25");
INSERT INTO likes (like_id, liked_id, like_date) VALUES ("379","217","2017-10-19 15:48:55");
INSERT INTO likes (like_id, liked_id, like_date) VALUES ("379","361","2017-07-31 03:11:03");
INSERT INTO likes (like_id, liked_id, like_date) VALUES ("379","428","2018-01-16 06:17:46");
INSERT INTO likes (like_id, liked_id, like_date) VALUES ("379","416","2017-05-02 20:59:28");
INSERT INTO likes (like_id, liked_id, like_date) VALUES ("379","155","2018-01-21 18:28:50");
INSERT INTO likes (like_id, liked_id, like_date) VALUES ("379","268","2018-01-12 07:59:44");
INSERT INTO likes (like_id, liked_id, like_date) VALUES ("379","154","2017-05-14 09:13:33");
INSERT INTO likes (like_id, liked_id, like_date) VALUES ("379","158","2017-04-01 10:51:16");
INSERT INTO likes (like_id, liked_id, like_date) VALUES ("379","305","2017-09-27 11:04:16");


INSERT INTO user (id, first_name, last_name, username, email, password, birthdate, gender, orientation, bio, country, state, city, zip, file_1, file_2, file_3, file_4, file_5, score, token, token_date, active, register, created_at, updated_at) VALUES ("380","Cleve","Stehr","mohamed61","glenna.wilderman@stamm.info","$2y$10$A6Mg.plFqvfKogQCr.VOqelpisHRPxXVyXqNghQQEz2QN/9oN06u6","1957-11-22 00:57:18","2","2","Dolorum sint et labore corrupti dolores corporis illo. Commodi facere inventore necessitatibus. Et consequatur officia aut aut ea tempore porro.","Hungary","","West Retta","84935-6533","../fixtures/female5.jpg","../fixtures/female7.jpg","","","","0","c0138f20791aeb5a0e9db123ebb2c43e","1984-04-03 14:06:36","1","0","1998-07-12 20:45:54","2014-11-12 00:29:45");
INSERT INTO user_tag (user_id, tag_id) VALUES ("380","46");
INSERT INTO user_tag (user_id, tag_id) VALUES ("380","39");
INSERT INTO user_tag (user_id, tag_id) VALUES ("380","47");
INSERT INTO user_tag (user_id, tag_id) VALUES ("380","22");
INSERT INTO user_tag (user_id, tag_id) VALUES ("380","23");
INSERT INTO user_tag (user_id, tag_id) VALUES ("380","6");
INSERT INTO user_tag (user_id, tag_id) VALUES ("380","22");


INSERT INTO likes (like_id, liked_id, like_date) VALUES ("380","7","2017-07-13 04:46:11");
INSERT INTO likes (like_id, liked_id, like_date) VALUES ("380","367","2017-05-16 23:33:36");
INSERT INTO likes (like_id, liked_id, like_date) VALUES ("380","457","2018-01-11 04:58:02");


INSERT INTO user (id, first_name, last_name, username, email, password, birthdate, gender, orientation, bio, country, state, city, zip, file_1, file_2, file_3, file_4, file_5, score, token, token_date, active, register, created_at, updated_at) VALUES ("381","Dominique","Grady","cayla50","weber.ricky@brakus.biz","$2y$10$n98/hkQaYDJ7M4aKZxcCZuahuyCFjmxjLOSIpv0XJNK79YLM5tzPC","1967-08-02 12:01:21","2","1","Sapiente culpa eum a velit ipsa. Ullam et est aperiam alias suscipit. Eligendi quis dolores officia sit ipsam. Ut rerum distinctio voluptatem sit sunt et.","Uganda","","Mrazberg","42722","../fixtures/female1.jpg","","","","","16","6b2c115694dcef4376ae30e8170e7e2f","1975-12-03 16:22:13","1","0","1994-10-11 14:12:11","2005-06-04 20:37:59");
INSERT INTO user_tag (user_id, tag_id) VALUES ("381","13");


INSERT INTO likes (like_id, liked_id, like_date) VALUES ("381","164","2017-04-26 17:21:14");
INSERT INTO likes (like_id, liked_id, like_date) VALUES ("381","292","2017-06-15 08:07:35");
INSERT INTO likes (like_id, liked_id, like_date) VALUES ("381","9","2017-06-24 15:12:54");
INSERT INTO likes (like_id, liked_id, like_date) VALUES ("381","136","2017-07-16 19:08:59");
INSERT INTO likes (like_id, liked_id, like_date) VALUES ("381","148","2017-11-20 17:38:12");
INSERT INTO likes (like_id, liked_id, like_date) VALUES ("381","229","2017-08-29 12:54:50");
INSERT INTO likes (like_id, liked_id, like_date) VALUES ("381","422","2017-10-25 06:47:57");
INSERT INTO likes (like_id, liked_id, like_date) VALUES ("381","265","2017-07-21 16:36:04");
INSERT INTO likes (like_id, liked_id, like_date) VALUES ("381","57","2017-11-16 16:46:50");


INSERT INTO user (id, first_name, last_name, username, email, password, birthdate, gender, orientation, bio, country, state, city, zip, file_1, file_2, file_3, file_4, file_5, score, token, token_date, active, register, created_at, updated_at) VALUES ("382","Weston","Medhurst","rohanjuana","kailee.walker@hotmail.com","$2y$10$jZhREVX4xK8BL6/ZnsFPH.eLZV/RmXmt6cqGuccQdawT/UJNDUH1u","1974-04-06 19:12:20","2","3","Hic sint ducimus voluptas beatae molestiae. Culpa est ipsum qui enim minus expedita. Quo vel et corrupti optio reiciendis.","Solomon Islands","","New Jolie","27501","../fixtures/female2.jpg","","","","","96","8b4e66ca17cc267c90ffdbb1027849fa","1985-04-16 23:58:19","0","0","2003-10-11 03:13:43","1985-08-22 15:07:32");
INSERT INTO user_tag (user_id, tag_id) VALUES ("382","22");
INSERT INTO user_tag (user_id, tag_id) VALUES ("382","39");
INSERT INTO user_tag (user_id, tag_id) VALUES ("382","46");
INSERT INTO user_tag (user_id, tag_id) VALUES ("382","13");
INSERT INTO user_tag (user_id, tag_id) VALUES ("382","9");
INSERT INTO user_tag (user_id, tag_id) VALUES ("382","44");
INSERT INTO user_tag (user_id, tag_id) VALUES ("382","3");
INSERT INTO user_tag (user_id, tag_id) VALUES ("382","2");
INSERT INTO user_tag (user_id, tag_id) VALUES ("382","20");
INSERT INTO user_tag (user_id, tag_id) VALUES ("382","7");
INSERT INTO user_tag (user_id, tag_id) VALUES ("382","22");
INSERT INTO user_tag (user_id, tag_id) VALUES ("382","37");
INSERT INTO user_tag (user_id, tag_id) VALUES ("382","47");


INSERT INTO likes (like_id, liked_id, like_date) VALUES ("382","362","2017-02-20 01:09:33");
INSERT INTO likes (like_id, liked_id, like_date) VALUES ("382","216","2017-09-04 15:49:22");
INSERT INTO likes (like_id, liked_id, like_date) VALUES ("382","293","2017-11-16 05:01:00");
INSERT INTO likes (like_id, liked_id, like_date) VALUES ("382","430","2018-01-24 17:29:33");
INSERT INTO likes (like_id, liked_id, like_date) VALUES ("382","204","2017-04-07 22:16:13");
INSERT INTO likes (like_id, liked_id, like_date) VALUES ("382","342","2017-03-23 04:48:29");
INSERT INTO likes (like_id, liked_id, like_date) VALUES ("382","212","2017-12-24 15:26:43");
INSERT INTO likes (like_id, liked_id, like_date) VALUES ("382","158","2017-03-20 06:36:38");
INSERT INTO likes (like_id, liked_id, like_date) VALUES ("382","475","2017-12-30 05:12:56");
INSERT INTO likes (like_id, liked_id, like_date) VALUES ("382","188","2017-04-23 18:34:57");
INSERT INTO likes (like_id, liked_id, like_date) VALUES ("382","94","2017-06-02 13:58:10");
INSERT INTO likes (like_id, liked_id, like_date) VALUES ("382","44","2017-06-19 23:34:35");
INSERT INTO likes (like_id, liked_id, like_date) VALUES ("382","281","2017-09-17 12:07:48");


INSERT INTO user (id, first_name, last_name, username, email, password, birthdate, gender, orientation, bio, country, state, city, zip, file_1, file_2, file_3, file_4, file_5, score, token, token_date, active, register, created_at, updated_at) VALUES ("383","Elmo","Christiansen","terryfleta","ycrona@turner.com","$2y$10$QXk2OmNbGsPrP8MjG5MMa.lJsRXxOBeox4DHf4Dnp089JEJ7bM9Ca","1997-08-01 08:42:21","1","2","Mollitia quisquam odit facere quia cupiditate est. Tempore itaque tempore explicabo qui eum voluptates. Est quae suscipit ut ducimus voluptatum ut architecto.","Ireland","","South Keenanside","09072","../fixtures/male4.jpg","../fixtures/male9.jpg","","","","90","79d3c39b88f005c722b46e32fc85d6e2","1991-03-18 00:00:29","0","0","1985-03-27 18:21:36","1970-12-23 02:23:05");
INSERT INTO user_tag (user_id, tag_id) VALUES ("383","12");
INSERT INTO user_tag (user_id, tag_id) VALUES ("383","32");
INSERT INTO user_tag (user_id, tag_id) VALUES ("383","36");
INSERT INTO user_tag (user_id, tag_id) VALUES ("383","5");
INSERT INTO user_tag (user_id, tag_id) VALUES ("383","17");


INSERT INTO likes (like_id, liked_id, like_date) VALUES ("383","2","2017-07-12 22:09:13");
INSERT INTO likes (like_id, liked_id, like_date) VALUES ("383","73","2017-09-20 03:58:59");
INSERT INTO likes (like_id, liked_id, like_date) VALUES ("383","148","2017-05-26 02:21:44");
INSERT INTO likes (like_id, liked_id, like_date) VALUES ("383","455","2018-01-29 09:55:37");
INSERT INTO likes (like_id, liked_id, like_date) VALUES ("383","318","2017-03-18 17:26:42");
INSERT INTO likes (like_id, liked_id, like_date) VALUES ("383","371","2017-04-24 02:32:57");
INSERT INTO likes (like_id, liked_id, like_date) VALUES ("383","234","2017-11-29 10:28:37");
INSERT INTO likes (like_id, liked_id, like_date) VALUES ("383","365","2018-01-31 15:27:22");
INSERT INTO likes (like_id, liked_id, like_date) VALUES ("383","437","2018-01-10 08:22:58");
INSERT INTO likes (like_id, liked_id, like_date) VALUES ("383","153","2017-08-18 10:16:51");
INSERT INTO likes (like_id, liked_id, like_date) VALUES ("383","269","2017-03-03 22:11:11");
INSERT INTO likes (like_id, liked_id, like_date) VALUES ("383","169","2017-06-27 04:08:34");
INSERT INTO likes (like_id, liked_id, like_date) VALUES ("383","182","2017-05-07 21:41:42");
INSERT INTO likes (like_id, liked_id, like_date) VALUES ("383","270","2017-11-24 13:12:05");


INSERT INTO user (id, first_name, last_name, username, email, password, birthdate, gender, orientation, bio, country, state, city, zip, file_1, file_2, file_3, file_4, file_5, score, token, token_date, active, register, created_at, updated_at) VALUES ("384","Jana","Dare","giles59","konopelski.florencio@gmail.com","$2y$10$5FsXK.kv1BhkWfjFIupuL.JQfToW4cSVY1uGEDsEDpQH.LNiT9v.S","1981-01-07 09:15:20","1","1","Doloremque quidem qui dolorem dolores. Ipsa assumenda nobis quia cumque provident quia reprehenderit. Ipsam earum natus neque amet sit. Error similique quaerat voluptas itaque pariatur est natus asperiores. Accusamus et eos et consequatur.","South Georgia and the South Sandwich Islands","","East Reilly","56444-1344","../fixtures/male7.jpg","../fixtures/male2.jpg","../fixtures/male5.jpg","../fixtures/male1.jpg","../fixtures/male2.jpg","23","04ce4f799874a322d784fac35f6dbbe2","2000-07-02 02:03:38","1","1","1971-07-04 08:25:27","2012-12-30 02:30:36");
INSERT INTO user_tag (user_id, tag_id) VALUES ("384","34");
INSERT INTO user_tag (user_id, tag_id) VALUES ("384","12");
INSERT INTO user_tag (user_id, tag_id) VALUES ("384","13");
INSERT INTO user_tag (user_id, tag_id) VALUES ("384","36");
INSERT INTO user_tag (user_id, tag_id) VALUES ("384","11");
INSERT INTO user_tag (user_id, tag_id) VALUES ("384","5");
INSERT INTO user_tag (user_id, tag_id) VALUES ("384","27");
INSERT INTO user_tag (user_id, tag_id) VALUES ("384","41");
INSERT INTO user_tag (user_id, tag_id) VALUES ("384","9");
INSERT INTO user_tag (user_id, tag_id) VALUES ("384","50");
INSERT INTO user_tag (user_id, tag_id) VALUES ("384","25");
INSERT INTO user_tag (user_id, tag_id) VALUES ("384","50");
INSERT INTO user_tag (user_id, tag_id) VALUES ("384","33");
INSERT INTO user_tag (user_id, tag_id) VALUES ("384","22");
INSERT INTO user_tag (user_id, tag_id) VALUES ("384","40");


INSERT INTO likes (like_id, liked_id, like_date) VALUES ("384","430","2017-10-14 10:49:31");
INSERT INTO likes (like_id, liked_id, like_date) VALUES ("384","120","2017-08-19 01:29:01");
INSERT INTO likes (like_id, liked_id, like_date) VALUES ("384","275","2017-08-02 08:57:17");
INSERT INTO likes (like_id, liked_id, like_date) VALUES ("384","393","2017-03-28 12:11:45");
INSERT INTO likes (like_id, liked_id, like_date) VALUES ("384","31","2017-10-29 01:39:16");
INSERT INTO likes (like_id, liked_id, like_date) VALUES ("384","325","2017-07-29 08:25:10");
INSERT INTO likes (like_id, liked_id, like_date) VALUES ("384","224","2017-10-24 11:14:11");
INSERT INTO likes (like_id, liked_id, like_date) VALUES ("384","97","2017-07-09 18:42:11");


INSERT INTO user (id, first_name, last_name, username, email, password, birthdate, gender, orientation, bio, country, state, city, zip, file_1, file_2, file_3, file_4, file_5, score, token, token_date, active, register, created_at, updated_at) VALUES ("385","Fernando","Huel","ztromp","jacobs.eden@trantow.info","$2y$10$veNwn039oUDHn8Bwqu2wtu4ptWj9BDopKUE.d8HfPXFxTvhQyqEXu","1956-06-10 12:45:21","2","3","Exercitationem velit et rerum et voluptas. Numquam veritatis occaecati tempore aut alias perferendis officiis. Et quas excepturi ipsum modi minus non facere.","Oman","","Aronmouth","50408","../fixtures/female5.jpg","","","","","53","52268896d8c8173181a5a6907c0d8439","2008-10-26 05:17:39","1","1","1979-05-27 01:02:35","2009-04-29 22:58:48");
INSERT INTO user_tag (user_id, tag_id) VALUES ("385","38");


INSERT INTO likes (like_id, liked_id, like_date) VALUES ("385","229","2017-11-11 20:15:27");
INSERT INTO likes (like_id, liked_id, like_date) VALUES ("385","351","2017-04-29 22:10:46");
INSERT INTO likes (like_id, liked_id, like_date) VALUES ("385","325","2017-09-22 09:28:42");
INSERT INTO likes (like_id, liked_id, like_date) VALUES ("385","46","2017-05-07 21:10:18");


INSERT INTO user (id, first_name, last_name, username, email, password, birthdate, gender, orientation, bio, country, state, city, zip, file_1, file_2, file_3, file_4, file_5, score, token, token_date, active, register, created_at, updated_at) VALUES ("386","Nannie","Connelly","cbernier","maida.orn@gmail.com","$2y$10$E7kMlmekUVodqnLap0TXG.beNg.tfc8vTJmDZUwXNEI6WeHeGRy4S","1996-02-03 02:31:42","1","2","Provident fuga sint quod illum enim qui itaque. Voluptatem corrupti accusantium neque aut voluptas eum. Enim omnis ut vel omnis dolorem. Sint ut facere sed.","Andorra","","Sengertown","78003-6300","../fixtures/male1.jpg","../fixtures/male4.jpg","../fixtures/male1.jpg","../fixtures/male4.jpg","../fixtures/male4.jpg","98","0dd4acef3f1de07ddf5165b292c3138a","1970-06-13 02:19:14","0","0","1975-12-11 10:00:31","2004-08-04 15:41:31");
INSERT INTO user_tag (user_id, tag_id) VALUES ("386","46");
INSERT INTO user_tag (user_id, tag_id) VALUES ("386","24");
INSERT INTO user_tag (user_id, tag_id) VALUES ("386","30");
INSERT INTO user_tag (user_id, tag_id) VALUES ("386","32");
INSERT INTO user_tag (user_id, tag_id) VALUES ("386","37");
INSERT INTO user_tag (user_id, tag_id) VALUES ("386","21");
INSERT INTO user_tag (user_id, tag_id) VALUES ("386","46");
INSERT INTO user_tag (user_id, tag_id) VALUES ("386","30");
INSERT INTO user_tag (user_id, tag_id) VALUES ("386","41");
INSERT INTO user_tag (user_id, tag_id) VALUES ("386","32");
INSERT INTO user_tag (user_id, tag_id) VALUES ("386","5");
INSERT INTO user_tag (user_id, tag_id) VALUES ("386","39");
INSERT INTO user_tag (user_id, tag_id) VALUES ("386","6");
INSERT INTO user_tag (user_id, tag_id) VALUES ("386","36");


INSERT INTO likes (like_id, liked_id, like_date) VALUES ("386","469","2017-07-07 04:48:23");
INSERT INTO likes (like_id, liked_id, like_date) VALUES ("386","265","2017-04-15 01:58:21");
INSERT INTO likes (like_id, liked_id, like_date) VALUES ("386","25","2017-04-02 22:10:02");
INSERT INTO likes (like_id, liked_id, like_date) VALUES ("386","36","2017-04-20 01:49:51");
INSERT INTO likes (like_id, liked_id, like_date) VALUES ("386","411","2017-10-22 07:20:25");


INSERT INTO user (id, first_name, last_name, username, email, password, birthdate, gender, orientation, bio, country, state, city, zip, file_1, file_2, file_3, file_4, file_5, score, token, token_date, active, register, created_at, updated_at) VALUES ("387","Lorna","Little","collierstone","keith72@waelchi.com","$2y$10$X1lQMPS5BpcBBcEKo.Udf.Q4BNMhWr8qWsFActAifGDlyZ8YM6fqG","1995-06-08 20:46:10","1","2","Ea itaque autem praesentium. Beatae itaque maxime atque laboriosam. Saepe voluptates laborum ratione laudantium. Iste exercitationem exercitationem officia deleniti voluptates.","Gibraltar","","South Marcofort","65263","../fixtures/male9.jpg","../fixtures/male10.jpg","","","","34","7204ece0a2169b90e807ce380e40dcc2","1978-04-28 16:19:10","1","0","2003-05-08 07:17:32","1984-07-30 02:41:43");
INSERT INTO user_tag (user_id, tag_id) VALUES ("387","37");
INSERT INTO user_tag (user_id, tag_id) VALUES ("387","15");
INSERT INTO user_tag (user_id, tag_id) VALUES ("387","1");
INSERT INTO user_tag (user_id, tag_id) VALUES ("387","26");
INSERT INTO user_tag (user_id, tag_id) VALUES ("387","38");
INSERT INTO user_tag (user_id, tag_id) VALUES ("387","27");
INSERT INTO user_tag (user_id, tag_id) VALUES ("387","16");
INSERT INTO user_tag (user_id, tag_id) VALUES ("387","13");
INSERT INTO user_tag (user_id, tag_id) VALUES ("387","38");
INSERT INTO user_tag (user_id, tag_id) VALUES ("387","2");
INSERT INTO user_tag (user_id, tag_id) VALUES ("387","38");
INSERT INTO user_tag (user_id, tag_id) VALUES ("387","23");
INSERT INTO user_tag (user_id, tag_id) VALUES ("387","39");
INSERT INTO user_tag (user_id, tag_id) VALUES ("387","27");


INSERT INTO likes (like_id, liked_id, like_date) VALUES ("387","206","2017-10-21 13:06:33");
INSERT INTO likes (like_id, liked_id, like_date) VALUES ("387","297","2017-11-29 22:39:40");
INSERT INTO likes (like_id, liked_id, like_date) VALUES ("387","321","2017-08-02 03:22:24");


INSERT INTO user (id, first_name, last_name, username, email, password, birthdate, gender, orientation, bio, country, state, city, zip, file_1, file_2, file_3, file_4, file_5, score, token, token_date, active, register, created_at, updated_at) VALUES ("388","Brooklyn","Harber","troymetz","watsica.miracle@weissnat.com","$2y$10$wQL5lzT.Cwoyi/9S7hJfWOAEPyKWuXH24V/IuolIT4QbISPJMZN/2","1952-10-09 08:38:54","2","1","Similique itaque praesentium animi provident illo et architecto. Dolorem et dignissimos qui ab ut voluptatem sit asperiores. Autem autem ipsam vitae facilis nulla voluptates. Minus veniam repellat delectus.","Nepal","","Morarville","85283","../fixtures/female3.jpg","","","","","42","b5f164fd73fef91da2c6c9d8ecf2fb16","2005-05-20 14:28:02","0","0","1994-07-27 14:21:45","2010-01-26 08:58:35");
INSERT INTO user_tag (user_id, tag_id) VALUES ("388","48");
INSERT INTO user_tag (user_id, tag_id) VALUES ("388","24");
INSERT INTO user_tag (user_id, tag_id) VALUES ("388","50");
INSERT INTO user_tag (user_id, tag_id) VALUES ("388","19");
INSERT INTO user_tag (user_id, tag_id) VALUES ("388","26");
INSERT INTO user_tag (user_id, tag_id) VALUES ("388","23");
INSERT INTO user_tag (user_id, tag_id) VALUES ("388","3");
INSERT INTO user_tag (user_id, tag_id) VALUES ("388","33");
INSERT INTO user_tag (user_id, tag_id) VALUES ("388","38");
INSERT INTO user_tag (user_id, tag_id) VALUES ("388","12");


INSERT INTO likes (like_id, liked_id, like_date) VALUES ("388","437","2017-11-03 18:36:18");
INSERT INTO likes (like_id, liked_id, like_date) VALUES ("388","255","2017-05-27 21:19:31");
INSERT INTO likes (like_id, liked_id, like_date) VALUES ("388","81","2017-07-16 05:06:55");
INSERT INTO likes (like_id, liked_id, like_date) VALUES ("388","81","2017-05-08 13:55:45");
INSERT INTO likes (like_id, liked_id, like_date) VALUES ("388","289","2017-03-11 14:59:14");
INSERT INTO likes (like_id, liked_id, like_date) VALUES ("388","51","2017-06-26 15:24:28");
INSERT INTO likes (like_id, liked_id, like_date) VALUES ("388","239","2017-03-18 16:38:09");
INSERT INTO likes (like_id, liked_id, like_date) VALUES ("388","7","2017-08-05 06:28:43");


INSERT INTO user (id, first_name, last_name, username, email, password, birthdate, gender, orientation, bio, country, state, city, zip, file_1, file_2, file_3, file_4, file_5, score, token, token_date, active, register, created_at, updated_at) VALUES ("389","Lisa","Krajcik","cronajerald","nelson81@ruecker.com","$2y$10$ieZopEynwvIz5v9NohH8y.ABL/HpBAp7V0izKPjC34Ks8yKAKvjoC","1974-03-06 09:00:08","1","1","Quod quidem et odio. Vitae nesciunt consequatur voluptatem incidunt. Odio libero est ducimus perferendis at labore facere.","Senegal","","Ravenside","18329-3820","../fixtures/male6.jpg","../fixtures/male6.jpg","../fixtures/male4.jpg","../fixtures/male1.jpg","","18","f5c869675e0eb31d86a980300afcbc59","1991-07-01 05:37:23","0","0","1982-08-18 09:04:11","2010-09-23 18:09:43");
INSERT INTO user_tag (user_id, tag_id) VALUES ("389","40");
INSERT INTO user_tag (user_id, tag_id) VALUES ("389","16");
INSERT INTO user_tag (user_id, tag_id) VALUES ("389","50");
INSERT INTO user_tag (user_id, tag_id) VALUES ("389","36");
INSERT INTO user_tag (user_id, tag_id) VALUES ("389","2");
INSERT INTO user_tag (user_id, tag_id) VALUES ("389","35");
INSERT INTO user_tag (user_id, tag_id) VALUES ("389","45");


INSERT INTO likes (like_id, liked_id, like_date) VALUES ("389","148","2017-04-24 17:11:11");
INSERT INTO likes (like_id, liked_id, like_date) VALUES ("389","27","2017-03-22 16:18:29");
INSERT INTO likes (like_id, liked_id, like_date) VALUES ("389","31","2017-03-29 00:46:26");
INSERT INTO likes (like_id, liked_id, like_date) VALUES ("389","137","2017-09-30 07:39:12");
INSERT INTO likes (like_id, liked_id, like_date) VALUES ("389","28","2018-01-22 00:31:29");
INSERT INTO likes (like_id, liked_id, like_date) VALUES ("389","481","2018-02-13 04:20:22");
INSERT INTO likes (like_id, liked_id, like_date) VALUES ("389","367","2017-07-04 16:47:09");
INSERT INTO likes (like_id, liked_id, like_date) VALUES ("389","478","2017-04-11 03:00:18");
INSERT INTO likes (like_id, liked_id, like_date) VALUES ("389","1","2017-03-28 14:07:50");
INSERT INTO likes (like_id, liked_id, like_date) VALUES ("389","207","2017-12-28 15:10:27");
INSERT INTO likes (like_id, liked_id, like_date) VALUES ("389","346","2017-11-10 07:36:09");
INSERT INTO likes (like_id, liked_id, like_date) VALUES ("389","405","2017-05-06 17:08:13");
INSERT INTO likes (like_id, liked_id, like_date) VALUES ("389","134","2017-09-11 07:12:43");
INSERT INTO likes (like_id, liked_id, like_date) VALUES ("389","269","2017-07-07 23:40:49");
INSERT INTO likes (like_id, liked_id, like_date) VALUES ("389","220","2017-05-28 14:36:04");
INSERT INTO likes (like_id, liked_id, like_date) VALUES ("389","238","2017-04-18 17:52:52");
INSERT INTO likes (like_id, liked_id, like_date) VALUES ("389","104","2018-02-13 06:22:18");
INSERT INTO likes (like_id, liked_id, like_date) VALUES ("389","296","2018-01-14 11:10:11");


INSERT INTO user (id, first_name, last_name, username, email, password, birthdate, gender, orientation, bio, country, state, city, zip, file_1, file_2, file_3, file_4, file_5, score, token, token_date, active, register, created_at, updated_at) VALUES ("390","Marty","Swaniawski","lilliana24","pmante@gmail.com","$2y$10$MLbdJWLwZtXOTbQFV436d.vvqlXMCHWrDFQ.zK1KmaLC1Mljbpl0W","1999-10-19 20:00:51","2","1","Nihil maiores commodi quae accusantium earum magni tempora ut. Dignissimos odio sint facilis nostrum. Est saepe qui maiores non et. Corrupti ut esse sit a dolorem id et ullam.","Morocco","","Kovacekbury","21639-8958","../fixtures/female1.jpg","../fixtures/female6.jpg","../fixtures/female4.jpg","../fixtures/female3.jpg","","7","e665a2a60c2697aafd3676fe49dcd37c","1991-06-07 05:32:21","1","0","1976-03-10 07:26:34","2011-06-23 13:58:19");
INSERT INTO user_tag (user_id, tag_id) VALUES ("390","42");
INSERT INTO user_tag (user_id, tag_id) VALUES ("390","36");
INSERT INTO user_tag (user_id, tag_id) VALUES ("390","24");
INSERT INTO user_tag (user_id, tag_id) VALUES ("390","29");
INSERT INTO user_tag (user_id, tag_id) VALUES ("390","33");
INSERT INTO user_tag (user_id, tag_id) VALUES ("390","12");
INSERT INTO user_tag (user_id, tag_id) VALUES ("390","42");
INSERT INTO user_tag (user_id, tag_id) VALUES ("390","5");
INSERT INTO user_tag (user_id, tag_id) VALUES ("390","31");
INSERT INTO user_tag (user_id, tag_id) VALUES ("390","2");
INSERT INTO user_tag (user_id, tag_id) VALUES ("390","15");
INSERT INTO user_tag (user_id, tag_id) VALUES ("390","39");
INSERT INTO user_tag (user_id, tag_id) VALUES ("390","37");
INSERT INTO user_tag (user_id, tag_id) VALUES ("390","5");
INSERT INTO user_tag (user_id, tag_id) VALUES ("390","23");


INSERT INTO likes (like_id, liked_id, like_date) VALUES ("390","480","2017-07-11 07:11:37");
INSERT INTO likes (like_id, liked_id, like_date) VALUES ("390","406","2017-07-04 16:05:12");
INSERT INTO likes (like_id, liked_id, like_date) VALUES ("390","371","2017-05-20 22:01:29");
INSERT INTO likes (like_id, liked_id, like_date) VALUES ("390","339","2017-10-08 15:45:43");
INSERT INTO likes (like_id, liked_id, like_date) VALUES ("390","317","2017-10-09 18:38:38");
INSERT INTO likes (like_id, liked_id, like_date) VALUES ("390","47","2017-06-01 21:55:39");


INSERT INTO user (id, first_name, last_name, username, email, password, birthdate, gender, orientation, bio, country, state, city, zip, file_1, file_2, file_3, file_4, file_5, score, token, token_date, active, register, created_at, updated_at) VALUES ("391","Cara","Block","kschroeder","fhudson@gmail.com","$2y$10$Ttrdw/bXvX.aIvZOz/ByyO62k4ALSIg9xiKs7CtwpRfan/9ASAHju","1963-07-20 04:07:33","1","2","Omnis aperiam quia ipsum eum nam cumque dolores. Occaecati magni alias hic blanditiis distinctio quidem. Earum eveniet qui ullam quia aut. Soluta sit voluptas autem exercitationem corrupti.","Ethiopia","","New Chasitymouth","38209-6730","../fixtures/male2.jpg","../fixtures/male7.jpg","../fixtures/male6.jpg","","","68","b728fc504608b2baa1c1d60f2f3deb30","2017-12-30 16:01:49","0","0","2017-01-14 21:53:04","1986-07-20 13:37:39");
INSERT INTO user_tag (user_id, tag_id) VALUES ("391","41");
INSERT INTO user_tag (user_id, tag_id) VALUES ("391","9");


INSERT INTO likes (like_id, liked_id, like_date) VALUES ("391","359","2017-12-26 21:25:09");


INSERT INTO user (id, first_name, last_name, username, email, password, birthdate, gender, orientation, bio, country, state, city, zip, file_1, file_2, file_3, file_4, file_5, score, token, token_date, active, register, created_at, updated_at) VALUES ("392","Mckayla","Pfannerstill","ikeeling","ebert.archibald@yahoo.com","$2y$10$02wHzqCNPrPiNKJOMqGute0gmTWOUMnIT7KzRkGcZNIyqDdzraTHu","1950-09-08 20:59:13","2","2","Et accusantium eos quia dolorum. Quos ut tenetur sint vero rem est. Hic modi consectetur nesciunt officiis nihil.","Reunion","","South Gertrude","82265","../fixtures/female1.jpg","../fixtures/female8.jpg","../fixtures/female4.jpg","../fixtures/female8.jpg","","78","abd720e72f3f861430b00df0f94cbe3a","2007-06-18 04:14:00","0","0","2007-11-03 21:41:08","1984-06-12 20:57:50");
INSERT INTO user_tag (user_id, tag_id) VALUES ("392","46");
INSERT INTO user_tag (user_id, tag_id) VALUES ("392","34");
INSERT INTO user_tag (user_id, tag_id) VALUES ("392","44");
INSERT INTO user_tag (user_id, tag_id) VALUES ("392","35");
INSERT INTO user_tag (user_id, tag_id) VALUES ("392","29");
INSERT INTO user_tag (user_id, tag_id) VALUES ("392","34");
INSERT INTO user_tag (user_id, tag_id) VALUES ("392","9");
INSERT INTO user_tag (user_id, tag_id) VALUES ("392","19");
INSERT INTO user_tag (user_id, tag_id) VALUES ("392","29");
INSERT INTO user_tag (user_id, tag_id) VALUES ("392","10");
INSERT INTO user_tag (user_id, tag_id) VALUES ("392","16");
INSERT INTO user_tag (user_id, tag_id) VALUES ("392","33");


INSERT INTO likes (like_id, liked_id, like_date) VALUES ("392","394","2018-02-02 05:56:47");
INSERT INTO likes (like_id, liked_id, like_date) VALUES ("392","354","2017-05-25 06:48:47");
INSERT INTO likes (like_id, liked_id, like_date) VALUES ("392","162","2017-05-19 19:11:17");
INSERT INTO likes (like_id, liked_id, like_date) VALUES ("392","466","2017-07-21 08:42:59");
INSERT INTO likes (like_id, liked_id, like_date) VALUES ("392","295","2017-10-06 06:00:05");
INSERT INTO likes (like_id, liked_id, like_date) VALUES ("392","71","2017-11-27 11:57:40");
INSERT INTO likes (like_id, liked_id, like_date) VALUES ("392","345","2017-03-25 04:31:57");
INSERT INTO likes (like_id, liked_id, like_date) VALUES ("392","338","2017-09-06 14:17:38");
INSERT INTO likes (like_id, liked_id, like_date) VALUES ("392","238","2017-08-02 19:43:52");
INSERT INTO likes (like_id, liked_id, like_date) VALUES ("392","388","2017-10-19 13:37:43");
INSERT INTO likes (like_id, liked_id, like_date) VALUES ("392","251","2017-07-22 15:45:37");
INSERT INTO likes (like_id, liked_id, like_date) VALUES ("392","472","2018-01-22 15:59:48");
INSERT INTO likes (like_id, liked_id, like_date) VALUES ("392","456","2017-06-15 14:13:33");


INSERT INTO user (id, first_name, last_name, username, email, password, birthdate, gender, orientation, bio, country, state, city, zip, file_1, file_2, file_3, file_4, file_5, score, token, token_date, active, register, created_at, updated_at) VALUES ("393","Jaron","Vandervort","schuppedennis","leopold11@hotmail.com","$2y$10$kE/CeCEWMJKnp4YprEkuMeCEjjGuQcTCelh6UVa6oFp2BXxhptnwK","1963-04-10 09:55:54","1","2","Provident magnam natus earum amet dolores autem dolorum. Corporis amet voluptatibus sapiente animi. Omnis est repellat vel explicabo.","Niue","","Port Cydneyland","98957","../fixtures/male1.jpg","../fixtures/male10.jpg","","","","63","54b3c9fcf8c9ce6245bb6e382ad0d212","2005-09-02 12:12:30","1","0","1989-12-11 21:43:29","1980-06-06 14:53:30");
INSERT INTO user_tag (user_id, tag_id) VALUES ("393","23");
INSERT INTO user_tag (user_id, tag_id) VALUES ("393","41");
INSERT INTO user_tag (user_id, tag_id) VALUES ("393","49");


INSERT INTO likes (like_id, liked_id, like_date) VALUES ("393","131","2017-12-14 01:42:54");
INSERT INTO likes (like_id, liked_id, like_date) VALUES ("393","345","2017-10-23 21:05:24");
INSERT INTO likes (like_id, liked_id, like_date) VALUES ("393","375","2017-04-14 07:08:44");
INSERT INTO likes (like_id, liked_id, like_date) VALUES ("393","91","2017-06-03 10:06:25");
INSERT INTO likes (like_id, liked_id, like_date) VALUES ("393","392","2017-12-01 21:21:39");
INSERT INTO likes (like_id, liked_id, like_date) VALUES ("393","72","2017-04-11 12:24:14");
INSERT INTO likes (like_id, liked_id, like_date) VALUES ("393","356","2017-03-01 05:11:04");
INSERT INTO likes (like_id, liked_id, like_date) VALUES ("393","179","2017-06-03 08:57:57");
INSERT INTO likes (like_id, liked_id, like_date) VALUES ("393","143","2017-12-09 19:11:39");
INSERT INTO likes (like_id, liked_id, like_date) VALUES ("393","188","2017-09-02 02:03:02");
INSERT INTO likes (like_id, liked_id, like_date) VALUES ("393","36","2017-10-08 21:46:14");
INSERT INTO likes (like_id, liked_id, like_date) VALUES ("393","164","2017-04-02 09:21:42");


INSERT INTO user (id, first_name, last_name, username, email, password, birthdate, gender, orientation, bio, country, state, city, zip, file_1, file_2, file_3, file_4, file_5, score, token, token_date, active, register, created_at, updated_at) VALUES ("394","Nickolas","Blanda","agustin87","skassulke@hotmail.com","$2y$10$1nf5ir9fIYfsZc90/a0ahegCyML8rNIFHa82lRQ0d5jYSR0K6Ovgi","1958-09-24 18:31:42","1","1","Temporibus et natus impedit id est quam. Reiciendis fuga quo necessitatibus doloribus et mollitia nulla.","Marshall Islands","","Alysonborough","69450-9439","../fixtures/male9.jpg","../fixtures/male1.jpg","../fixtures/male4.jpg","../fixtures/male9.jpg","../fixtures/male7.jpg","3","b732c261d0e74c1fb77136c4b12a785a","2011-03-15 07:39:58","0","0","1978-11-22 06:02:01","1971-11-10 06:54:51");
INSERT INTO user_tag (user_id, tag_id) VALUES ("394","9");
INSERT INTO user_tag (user_id, tag_id) VALUES ("394","13");
INSERT INTO user_tag (user_id, tag_id) VALUES ("394","25");
INSERT INTO user_tag (user_id, tag_id) VALUES ("394","10");
INSERT INTO user_tag (user_id, tag_id) VALUES ("394","17");
INSERT INTO user_tag (user_id, tag_id) VALUES ("394","23");
INSERT INTO user_tag (user_id, tag_id) VALUES ("394","41");
INSERT INTO user_tag (user_id, tag_id) VALUES ("394","48");
INSERT INTO user_tag (user_id, tag_id) VALUES ("394","34");
INSERT INTO user_tag (user_id, tag_id) VALUES ("394","48");
INSERT INTO user_tag (user_id, tag_id) VALUES ("394","15");
INSERT INTO user_tag (user_id, tag_id) VALUES ("394","20");


INSERT INTO likes (like_id, liked_id, like_date) VALUES ("394","285","2017-08-25 21:33:05");
INSERT INTO likes (like_id, liked_id, like_date) VALUES ("394","74","2017-06-26 22:09:10");
INSERT INTO likes (like_id, liked_id, like_date) VALUES ("394","317","2017-03-06 03:19:11");
INSERT INTO likes (like_id, liked_id, like_date) VALUES ("394","492","2017-02-16 19:27:28");
INSERT INTO likes (like_id, liked_id, like_date) VALUES ("394","94","2017-11-13 04:42:46");
INSERT INTO likes (like_id, liked_id, like_date) VALUES ("394","380","2017-11-07 08:24:07");
INSERT INTO likes (like_id, liked_id, like_date) VALUES ("394","105","2017-03-22 09:35:36");
INSERT INTO likes (like_id, liked_id, like_date) VALUES ("394","437","2017-06-24 22:16:35");
INSERT INTO likes (like_id, liked_id, like_date) VALUES ("394","167","2018-01-01 12:06:10");
INSERT INTO likes (like_id, liked_id, like_date) VALUES ("394","119","2017-02-25 14:38:38");
INSERT INTO likes (like_id, liked_id, like_date) VALUES ("394","200","2017-02-22 20:15:33");
INSERT INTO likes (like_id, liked_id, like_date) VALUES ("394","200","2017-12-02 02:38:23");
INSERT INTO likes (like_id, liked_id, like_date) VALUES ("394","231","2017-04-18 09:01:35");
INSERT INTO likes (like_id, liked_id, like_date) VALUES ("394","232","2017-08-11 07:32:05");


INSERT INTO user (id, first_name, last_name, username, email, password, birthdate, gender, orientation, bio, country, state, city, zip, file_1, file_2, file_3, file_4, file_5, score, token, token_date, active, register, created_at, updated_at) VALUES ("395","Pink","Thompson","ron66","vkris@braun.com","$2y$10$y02WvwMTD0L/tS1TKYdL1eOTwweff/sgVj3LVoY.M7FTJ.dE.ffKK","1964-02-17 14:02:47","2","3","Sint officiis et aut rem et modi. Suscipit libero unde delectus excepturi. Quo aut harum et pariatur cumque animi.","Mongolia","","North Hesterview","52080","../fixtures/female1.jpg","../fixtures/female7.jpg","","","","96","0eaa2060ff7833ee08edba2253249e41","2009-08-12 20:02:28","1","0","1995-05-30 14:38:57","2000-05-31 06:38:48");
INSERT INTO user_tag (user_id, tag_id) VALUES ("395","47");
INSERT INTO user_tag (user_id, tag_id) VALUES ("395","31");
INSERT INTO user_tag (user_id, tag_id) VALUES ("395","41");
INSERT INTO user_tag (user_id, tag_id) VALUES ("395","49");
INSERT INTO user_tag (user_id, tag_id) VALUES ("395","41");
INSERT INTO user_tag (user_id, tag_id) VALUES ("395","35");
INSERT INTO user_tag (user_id, tag_id) VALUES ("395","13");
INSERT INTO user_tag (user_id, tag_id) VALUES ("395","26");


INSERT INTO likes (like_id, liked_id, like_date) VALUES ("395","372","2017-06-03 07:11:09");
INSERT INTO likes (like_id, liked_id, like_date) VALUES ("395","498","2017-03-22 10:48:48");
INSERT INTO likes (like_id, liked_id, like_date) VALUES ("395","424","2017-10-14 23:46:12");
INSERT INTO likes (like_id, liked_id, like_date) VALUES ("395","487","2018-01-31 01:09:35");
INSERT INTO likes (like_id, liked_id, like_date) VALUES ("395","350","2017-11-17 08:53:42");
INSERT INTO likes (like_id, liked_id, like_date) VALUES ("395","491","2018-02-10 16:13:27");
INSERT INTO likes (like_id, liked_id, like_date) VALUES ("395","15","2017-09-13 13:19:43");
INSERT INTO likes (like_id, liked_id, like_date) VALUES ("395","233","2017-05-12 21:10:14");
INSERT INTO likes (like_id, liked_id, like_date) VALUES ("395","173","2017-04-17 15:03:57");
INSERT INTO likes (like_id, liked_id, like_date) VALUES ("395","110","2017-04-02 00:17:00");


INSERT INTO user (id, first_name, last_name, username, email, password, birthdate, gender, orientation, bio, country, state, city, zip, file_1, file_2, file_3, file_4, file_5, score, token, token_date, active, register, created_at, updated_at) VALUES ("396","Silas","Runolfsson","loycemraz","vnicolas@hotmail.com","$2y$10$3PMottHK3xrAUcTJYlRRh.r5UBh94UfA/xSez4KAGu5xG2OQ5fH96","1952-06-03 06:51:04","1","2","In aut quis consequatur ab rem ut enim quidem. Ut consequatur omnis quia nam itaque debitis. Provident exercitationem ab consequatur architecto iste vel maiores.","Oman","","New Dellbury","49218-6829","../fixtures/male10.jpg","../fixtures/male10.jpg","../fixtures/male10.jpg","","","77","af9050f31681ed3be95fb46c4627d625","1985-10-20 10:41:08","1","1","2006-04-18 01:26:37","1976-06-15 04:03:28");
INSERT INTO user_tag (user_id, tag_id) VALUES ("396","19");
INSERT INTO user_tag (user_id, tag_id) VALUES ("396","27");


INSERT INTO likes (like_id, liked_id, like_date) VALUES ("396","274","2017-07-06 14:43:04");
INSERT INTO likes (like_id, liked_id, like_date) VALUES ("396","64","2017-07-15 23:06:36");
INSERT INTO likes (like_id, liked_id, like_date) VALUES ("396","481","2017-07-24 07:52:57");
INSERT INTO likes (like_id, liked_id, like_date) VALUES ("396","91","2017-10-23 23:41:18");
INSERT INTO likes (like_id, liked_id, like_date) VALUES ("396","127","2017-12-26 04:48:48");
INSERT INTO likes (like_id, liked_id, like_date) VALUES ("396","23","2017-11-26 09:15:29");
INSERT INTO likes (like_id, liked_id, like_date) VALUES ("396","200","2017-11-26 13:38:36");
INSERT INTO likes (like_id, liked_id, like_date) VALUES ("396","242","2017-05-07 21:39:05");
INSERT INTO likes (like_id, liked_id, like_date) VALUES ("396","333","2017-12-17 07:19:55");
INSERT INTO likes (like_id, liked_id, like_date) VALUES ("396","336","2017-04-09 03:23:28");
INSERT INTO likes (like_id, liked_id, like_date) VALUES ("396","426","2017-10-15 01:27:44");
INSERT INTO likes (like_id, liked_id, like_date) VALUES ("396","123","2017-08-23 12:34:32");
INSERT INTO likes (like_id, liked_id, like_date) VALUES ("396","161","2017-11-21 14:22:50");
INSERT INTO likes (like_id, liked_id, like_date) VALUES ("396","385","2017-05-29 20:59:27");
INSERT INTO likes (like_id, liked_id, like_date) VALUES ("396","238","2017-03-30 15:14:58");
INSERT INTO likes (like_id, liked_id, like_date) VALUES ("396","275","2018-01-23 04:38:53");


INSERT INTO user (id, first_name, last_name, username, email, password, birthdate, gender, orientation, bio, country, state, city, zip, file_1, file_2, file_3, file_4, file_5, score, token, token_date, active, register, created_at, updated_at) VALUES ("397","Camilla","Pagac","kariconnelly","schaden.oswaldo@leuschke.com","$2y$10$bkNIDjeuqNA9Gji1snMuX.4b0H4yYm.qLv6bdRUvgcU6ecAWduHnG","1948-08-24 13:44:38","1","3","Nulla odit excepturi doloremque sequi consectetur et debitis. Corrupti nihil neque alias. Consequuntur fugiat minus consequatur officia totam vero. Id sed et ab. Beatae aut nihil voluptas consequatur.","Aruba","","North Richmond","15056","../fixtures/male4.jpg","","","","","24","4c020fef348f4a7774282cd0a2e11bcf","2009-08-09 11:11:51","1","1","1986-10-24 18:53:33","1979-09-15 03:33:17");
INSERT INTO user_tag (user_id, tag_id) VALUES ("397","42");
INSERT INTO user_tag (user_id, tag_id) VALUES ("397","11");
INSERT INTO user_tag (user_id, tag_id) VALUES ("397","7");
INSERT INTO user_tag (user_id, tag_id) VALUES ("397","42");
INSERT INTO user_tag (user_id, tag_id) VALUES ("397","20");
INSERT INTO user_tag (user_id, tag_id) VALUES ("397","12");
INSERT INTO user_tag (user_id, tag_id) VALUES ("397","40");


INSERT INTO likes (like_id, liked_id, like_date) VALUES ("397","399","2017-09-16 13:40:17");
INSERT INTO likes (like_id, liked_id, like_date) VALUES ("397","112","2017-03-06 09:46:32");
INSERT INTO likes (like_id, liked_id, like_date) VALUES ("397","246","2017-06-27 09:58:05");
INSERT INTO likes (like_id, liked_id, like_date) VALUES ("397","445","2017-06-27 14:52:01");
INSERT INTO likes (like_id, liked_id, like_date) VALUES ("397","223","2017-11-24 11:30:46");
INSERT INTO likes (like_id, liked_id, like_date) VALUES ("397","500","2017-04-30 03:12:24");
INSERT INTO likes (like_id, liked_id, like_date) VALUES ("397","13","2017-03-02 16:38:09");
INSERT INTO likes (like_id, liked_id, like_date) VALUES ("397","268","2017-10-04 06:22:24");
INSERT INTO likes (like_id, liked_id, like_date) VALUES ("397","188","2018-01-30 11:36:40");
INSERT INTO likes (like_id, liked_id, like_date) VALUES ("397","219","2017-10-07 07:36:50");
INSERT INTO likes (like_id, liked_id, like_date) VALUES ("397","190","2017-11-11 09:04:57");
INSERT INTO likes (like_id, liked_id, like_date) VALUES ("397","396","2017-11-25 18:05:39");
INSERT INTO likes (like_id, liked_id, like_date) VALUES ("397","199","2017-03-11 13:46:48");
INSERT INTO likes (like_id, liked_id, like_date) VALUES ("397","269","2017-09-18 20:14:20");
INSERT INTO likes (like_id, liked_id, like_date) VALUES ("397","437","2017-02-18 19:18:13");
INSERT INTO likes (like_id, liked_id, like_date) VALUES ("397","266","2017-11-19 11:49:23");
INSERT INTO likes (like_id, liked_id, like_date) VALUES ("397","309","2017-04-30 01:54:14");
INSERT INTO likes (like_id, liked_id, like_date) VALUES ("397","277","2018-01-19 00:06:44");


INSERT INTO user (id, first_name, last_name, username, email, password, birthdate, gender, orientation, bio, country, state, city, zip, file_1, file_2, file_3, file_4, file_5, score, token, token_date, active, register, created_at, updated_at) VALUES ("398","Kian","McDermott","henrybrakus","clement58@gmail.com","$2y$10$ljYAjHOlh4RE0DZL8D3/Ru6HOPk1X172hKYUvQHWh9RAzy9mq1YL2","1992-04-14 04:18:06","2","3","Officia expedita nobis rerum explicabo rerum. Quam vero est aut aperiam. Deserunt adipisci excepturi iste animi quia necessitatibus molestiae.","Heard Island and McDonald Islands","","Feliciamouth","39619-7597","../fixtures/female2.jpg","../fixtures/female9.jpg","../fixtures/female10.jpg","../fixtures/female3.jpg","../fixtures/female8.jpg","13","dd15ae7c7a97508cb92cae13e6b84b31","2018-01-07 23:21:25","1","1","2008-06-17 16:14:17","1974-03-24 04:45:37");
INSERT INTO user_tag (user_id, tag_id) VALUES ("398","36");
INSERT INTO user_tag (user_id, tag_id) VALUES ("398","21");
INSERT INTO user_tag (user_id, tag_id) VALUES ("398","7");
INSERT INTO user_tag (user_id, tag_id) VALUES ("398","29");
INSERT INTO user_tag (user_id, tag_id) VALUES ("398","38");
INSERT INTO user_tag (user_id, tag_id) VALUES ("398","13");
INSERT INTO user_tag (user_id, tag_id) VALUES ("398","29");
INSERT INTO user_tag (user_id, tag_id) VALUES ("398","15");


INSERT INTO likes (like_id, liked_id, like_date) VALUES ("398","311","2017-10-15 18:45:18");
INSERT INTO likes (like_id, liked_id, like_date) VALUES ("398","27","2017-12-17 03:27:45");
INSERT INTO likes (like_id, liked_id, like_date) VALUES ("398","478","2018-01-12 19:26:59");
INSERT INTO likes (like_id, liked_id, like_date) VALUES ("398","126","2017-07-26 15:46:20");
INSERT INTO likes (like_id, liked_id, like_date) VALUES ("398","369","2017-07-31 06:29:51");
INSERT INTO likes (like_id, liked_id, like_date) VALUES ("398","307","2017-10-30 13:28:30");
INSERT INTO likes (like_id, liked_id, like_date) VALUES ("398","237","2018-02-01 07:12:30");


INSERT INTO user (id, first_name, last_name, username, email, password, birthdate, gender, orientation, bio, country, state, city, zip, file_1, file_2, file_3, file_4, file_5, score, token, token_date, active, register, created_at, updated_at) VALUES ("399","Alyce","Lakin","spagac","leo40@torp.org","$2y$10$ZHENuP0WXn.Pq5dQX9WYW.tjmQd5meJB4YgqixB8rSw0gvAEuRaZO","1962-09-13 17:24:54","1","2","Aperiam voluptas labore enim consectetur et autem optio. Dolorem totam est beatae non.","Kenya","","Onaport","86238-7560","../fixtures/male2.jpg","","","","","3","75a3ee7eb47051ed69f8708e60c6792d","1980-09-29 18:33:01","0","0","1993-02-24 21:53:02","1972-10-30 10:02:50");
INSERT INTO user_tag (user_id, tag_id) VALUES ("399","27");
INSERT INTO user_tag (user_id, tag_id) VALUES ("399","24");
INSERT INTO user_tag (user_id, tag_id) VALUES ("399","10");
INSERT INTO user_tag (user_id, tag_id) VALUES ("399","31");
INSERT INTO user_tag (user_id, tag_id) VALUES ("399","17");
INSERT INTO user_tag (user_id, tag_id) VALUES ("399","45");
INSERT INTO user_tag (user_id, tag_id) VALUES ("399","2");
INSERT INTO user_tag (user_id, tag_id) VALUES ("399","23");
INSERT INTO user_tag (user_id, tag_id) VALUES ("399","35");
INSERT INTO user_tag (user_id, tag_id) VALUES ("399","33");
INSERT INTO user_tag (user_id, tag_id) VALUES ("399","15");
INSERT INTO user_tag (user_id, tag_id) VALUES ("399","9");
INSERT INTO user_tag (user_id, tag_id) VALUES ("399","34");
INSERT INTO user_tag (user_id, tag_id) VALUES ("399","3");
INSERT INTO user_tag (user_id, tag_id) VALUES ("399","46");


INSERT INTO likes (like_id, liked_id, like_date) VALUES ("399","359","2017-03-19 11:29:12");
INSERT INTO likes (like_id, liked_id, like_date) VALUES ("399","440","2018-01-17 11:24:44");
INSERT INTO likes (like_id, liked_id, like_date) VALUES ("399","311","2017-07-11 18:02:14");
INSERT INTO likes (like_id, liked_id, like_date) VALUES ("399","269","2017-04-15 17:15:59");
INSERT INTO likes (like_id, liked_id, like_date) VALUES ("399","188","2017-08-11 18:11:55");
INSERT INTO likes (like_id, liked_id, like_date) VALUES ("399","28","2017-07-28 22:04:42");
INSERT INTO likes (like_id, liked_id, like_date) VALUES ("399","440","2017-02-24 06:55:09");
INSERT INTO likes (like_id, liked_id, like_date) VALUES ("399","465","2017-11-09 23:10:36");
INSERT INTO likes (like_id, liked_id, like_date) VALUES ("399","285","2017-07-15 00:20:40");
INSERT INTO likes (like_id, liked_id, like_date) VALUES ("399","412","2017-05-02 14:27:12");
INSERT INTO likes (like_id, liked_id, like_date) VALUES ("399","96","2018-01-20 18:08:42");
INSERT INTO likes (like_id, liked_id, like_date) VALUES ("399","347","2017-07-29 07:30:19");


INSERT INTO user (id, first_name, last_name, username, email, password, birthdate, gender, orientation, bio, country, state, city, zip, file_1, file_2, file_3, file_4, file_5, score, token, token_date, active, register, created_at, updated_at) VALUES ("400","Lelia","Padberg","sporermarlene","bauch.stephania@hotmail.com","$2y$10$X1eifJNm.guMWJmPKWBPMO.vL2ECKFsnsOqGeafdm5U5vxFORJD/y","1977-10-23 23:16:22","2","3","Ea quo et libero. Non illum optio et error aut. Explicabo alias in quasi voluptatum deleniti. Laboriosam consequatur aut quod. Error aut explicabo iure dolores.","Iran","","Reichertville","05327-0262","../fixtures/female5.jpg","../fixtures/female10.jpg","","","","98","d71f7adcf2efff6e4d69bd460a59b5f5","1979-01-05 16:35:56","1","1","1979-02-27 17:15:38","2000-02-11 20:51:05");
INSERT INTO user_tag (user_id, tag_id) VALUES ("400","34");
INSERT INTO user_tag (user_id, tag_id) VALUES ("400","33");
INSERT INTO user_tag (user_id, tag_id) VALUES ("400","41");
INSERT INTO user_tag (user_id, tag_id) VALUES ("400","6");
INSERT INTO user_tag (user_id, tag_id) VALUES ("400","36");
INSERT INTO user_tag (user_id, tag_id) VALUES ("400","50");
INSERT INTO user_tag (user_id, tag_id) VALUES ("400","23");
INSERT INTO user_tag (user_id, tag_id) VALUES ("400","30");
INSERT INTO user_tag (user_id, tag_id) VALUES ("400","49");


INSERT INTO likes (like_id, liked_id, like_date) VALUES ("400","465","2017-11-07 00:24:24");
INSERT INTO likes (like_id, liked_id, like_date) VALUES ("400","17","2017-09-11 03:14:02");
INSERT INTO likes (like_id, liked_id, like_date) VALUES ("400","486","2017-08-29 02:22:57");
INSERT INTO likes (like_id, liked_id, like_date) VALUES ("400","267","2017-10-14 13:52:23");
INSERT INTO likes (like_id, liked_id, like_date) VALUES ("400","324","2017-10-10 19:46:05");
INSERT INTO likes (like_id, liked_id, like_date) VALUES ("400","282","2017-06-14 10:42:55");
INSERT INTO likes (like_id, liked_id, like_date) VALUES ("400","302","2017-03-31 23:44:09");
INSERT INTO likes (like_id, liked_id, like_date) VALUES ("400","379","2017-06-01 09:13:02");
INSERT INTO likes (like_id, liked_id, like_date) VALUES ("400","150","2017-05-28 16:20:23");
INSERT INTO likes (like_id, liked_id, like_date) VALUES ("400","63","2017-05-15 14:54:59");
INSERT INTO likes (like_id, liked_id, like_date) VALUES ("400","311","2018-01-04 00:44:57");
INSERT INTO likes (like_id, liked_id, like_date) VALUES ("400","471","2017-09-29 09:45:39");
INSERT INTO likes (like_id, liked_id, like_date) VALUES ("400","61","2018-01-06 01:56:14");


INSERT INTO user (id, first_name, last_name, username, email, password, birthdate, gender, orientation, bio, country, state, city, zip, file_1, file_2, file_3, file_4, file_5, score, token, token_date, active, register, created_at, updated_at) VALUES ("401","Darrion","Block","dedrickparisian","agutkowski@marks.com","$2y$10$a9axJzhWwJZckbawS5QWku6U0DMjPEj17IAmvG3/chgXS.Vp/vSzW","1973-01-29 22:34:54","1","2","Natus illum velit repudiandae sed cum. A nam et accusantium quia non eum. Molestiae omnis sint nam voluptate incidunt autem.","Norway","","North Jolieport","41533-7500","../fixtures/male10.jpg","../fixtures/male6.jpg","../fixtures/male4.jpg","../fixtures/male3.jpg","../fixtures/male9.jpg","95","34c4a3b7f27c2ee9aadc7cfc3890458f","2000-01-08 01:41:13","0","0","2008-09-10 15:23:08","1992-08-16 03:16:26");
INSERT INTO user_tag (user_id, tag_id) VALUES ("401","6");
INSERT INTO user_tag (user_id, tag_id) VALUES ("401","48");


INSERT INTO likes (like_id, liked_id, like_date) VALUES ("401","433","2017-04-18 00:22:58");
INSERT INTO likes (like_id, liked_id, like_date) VALUES ("401","485","2017-05-25 08:08:43");
INSERT INTO likes (like_id, liked_id, like_date) VALUES ("401","115","2018-01-07 09:13:22");
INSERT INTO likes (like_id, liked_id, like_date) VALUES ("401","5","2017-03-09 03:13:29");
INSERT INTO likes (like_id, liked_id, like_date) VALUES ("401","296","2017-06-05 09:16:02");
INSERT INTO likes (like_id, liked_id, like_date) VALUES ("401","321","2017-10-20 13:05:04");
INSERT INTO likes (like_id, liked_id, like_date) VALUES ("401","228","2017-12-01 23:53:36");


INSERT INTO user (id, first_name, last_name, username, email, password, birthdate, gender, orientation, bio, country, state, city, zip, file_1, file_2, file_3, file_4, file_5, score, token, token_date, active, register, created_at, updated_at) VALUES ("402","Tad","Gorczany","chegmann","francesco99@schinner.com","$2y$10$57p5GuYtsjR5cZMgK1y97evM1lwwt5X5Irj8D8tgbw0W5sVNZgPya","1960-04-28 12:16:23","1","2","Impedit at repellat alias qui id expedita. Ut recusandae explicabo voluptates autem. Expedita quam voluptas magni illum perferendis velit. Quia beatae ab molestias quis.","Falkland Islands (Malvinas)","","Goyetteton","85740-3657","../fixtures/male1.jpg","","","","","56","1a57098d6f2c164712bfbfacf56da5d5","2007-09-14 14:22:30","1","1","1999-06-11 01:15:22","1991-07-29 02:50:49");
INSERT INTO user_tag (user_id, tag_id) VALUES ("402","48");
INSERT INTO user_tag (user_id, tag_id) VALUES ("402","47");
INSERT INTO user_tag (user_id, tag_id) VALUES ("402","17");
INSERT INTO user_tag (user_id, tag_id) VALUES ("402","19");


INSERT INTO likes (like_id, liked_id, like_date) VALUES ("402","286","2017-09-09 04:13:34");
INSERT INTO likes (like_id, liked_id, like_date) VALUES ("402","64","2017-02-26 20:26:28");
INSERT INTO likes (like_id, liked_id, like_date) VALUES ("402","435","2017-07-01 01:48:04");
INSERT INTO likes (like_id, liked_id, like_date) VALUES ("402","421","2017-04-28 23:30:05");


INSERT INTO user (id, first_name, last_name, username, email, password, birthdate, gender, orientation, bio, country, state, city, zip, file_1, file_2, file_3, file_4, file_5, score, token, token_date, active, register, created_at, updated_at) VALUES ("403","Rupert","Shanahan","okuvalis","matilde.hand@gmail.com","$2y$10$H2wOkTrDSFeTdk9FnuaF8erTkaUg/kCiNQDEbNfupshg124sAmeXe","1965-01-28 10:38:49","2","2","Fugiat quas commodi nihil fugiat velit exercitationem quisquam. Laudantium perspiciatis illo veniam sed et. Accusamus aperiam quis optio repudiandae ab.","Tunisia","","Violashire","71398-7372","../fixtures/female7.jpg","../fixtures/female6.jpg","../fixtures/female5.jpg","../fixtures/female1.jpg","../fixtures/female1.jpg","76","108fe36f5353e0796da374bb15fcfa0e","2006-09-14 20:58:07","1","0","1995-06-03 00:17:43","1971-10-28 14:10:45");
INSERT INTO user_tag (user_id, tag_id) VALUES ("403","32");
INSERT INTO user_tag (user_id, tag_id) VALUES ("403","18");
INSERT INTO user_tag (user_id, tag_id) VALUES ("403","36");
INSERT INTO user_tag (user_id, tag_id) VALUES ("403","8");
INSERT INTO user_tag (user_id, tag_id) VALUES ("403","45");
INSERT INTO user_tag (user_id, tag_id) VALUES ("403","41");
INSERT INTO user_tag (user_id, tag_id) VALUES ("403","40");
INSERT INTO user_tag (user_id, tag_id) VALUES ("403","27");
INSERT INTO user_tag (user_id, tag_id) VALUES ("403","6");
INSERT INTO user_tag (user_id, tag_id) VALUES ("403","43");
INSERT INTO user_tag (user_id, tag_id) VALUES ("403","39");
INSERT INTO user_tag (user_id, tag_id) VALUES ("403","34");
INSERT INTO user_tag (user_id, tag_id) VALUES ("403","31");
INSERT INTO user_tag (user_id, tag_id) VALUES ("403","25");


INSERT INTO likes (like_id, liked_id, like_date) VALUES ("403","408","2017-05-09 05:27:58");


INSERT INTO user (id, first_name, last_name, username, email, password, birthdate, gender, orientation, bio, country, state, city, zip, file_1, file_2, file_3, file_4, file_5, score, token, token_date, active, register, created_at, updated_at) VALUES ("404","Leilani","Thiel","ethan03","garrick.green@hotmail.com","$2y$10$lfCZ6c4Bd7eQW9DZ/pZW4e.nfkw7R53sEkQ2iplGdBW2cmxAg2YuO","1962-08-09 11:50:02","1","3","Quia nisi quasi eos est distinctio omnis corporis quaerat. Sit modi saepe et nam velit ullam. Iste ex at mollitia deleniti quia rem dolorem. Dolor voluptatem illum sed soluta fuga. Molestiae unde placeat itaque recusandae sunt.","Togo","","Akeembury","10283-6750","../fixtures/male4.jpg","","","","","39","70d89d64b53191ebd80a5356153e44b4","1993-10-10 05:06:44","1","1","2017-11-13 07:20:05","1994-12-15 20:46:39");
INSERT INTO user_tag (user_id, tag_id) VALUES ("404","15");
INSERT INTO user_tag (user_id, tag_id) VALUES ("404","22");
INSERT INTO user_tag (user_id, tag_id) VALUES ("404","18");
INSERT INTO user_tag (user_id, tag_id) VALUES ("404","34");
INSERT INTO user_tag (user_id, tag_id) VALUES ("404","1");
INSERT INTO user_tag (user_id, tag_id) VALUES ("404","43");
INSERT INTO user_tag (user_id, tag_id) VALUES ("404","2");
INSERT INTO user_tag (user_id, tag_id) VALUES ("404","45");
INSERT INTO user_tag (user_id, tag_id) VALUES ("404","25");
INSERT INTO user_tag (user_id, tag_id) VALUES ("404","8");
INSERT INTO user_tag (user_id, tag_id) VALUES ("404","35");
INSERT INTO user_tag (user_id, tag_id) VALUES ("404","48");
INSERT INTO user_tag (user_id, tag_id) VALUES ("404","37");
INSERT INTO user_tag (user_id, tag_id) VALUES ("404","12");


INSERT INTO likes (like_id, liked_id, like_date) VALUES ("404","51","2017-06-26 04:32:52");
INSERT INTO likes (like_id, liked_id, like_date) VALUES ("404","105","2018-01-19 02:39:31");
INSERT INTO likes (like_id, liked_id, like_date) VALUES ("404","49","2017-12-31 20:22:44");
INSERT INTO likes (like_id, liked_id, like_date) VALUES ("404","349","2017-12-15 18:41:51");
INSERT INTO likes (like_id, liked_id, like_date) VALUES ("404","429","2017-02-22 18:32:09");
INSERT INTO likes (like_id, liked_id, like_date) VALUES ("404","309","2017-08-26 21:46:51");
INSERT INTO likes (like_id, liked_id, like_date) VALUES ("404","45","2017-04-17 19:19:31");
INSERT INTO likes (like_id, liked_id, like_date) VALUES ("404","482","2017-05-31 22:56:52");
INSERT INTO likes (like_id, liked_id, like_date) VALUES ("404","499","2017-12-10 05:31:58");
INSERT INTO likes (like_id, liked_id, like_date) VALUES ("404","153","2018-02-02 02:39:59");
INSERT INTO likes (like_id, liked_id, like_date) VALUES ("404","394","2018-01-20 23:25:48");


INSERT INTO user (id, first_name, last_name, username, email, password, birthdate, gender, orientation, bio, country, state, city, zip, file_1, file_2, file_3, file_4, file_5, score, token, token_date, active, register, created_at, updated_at) VALUES ("405","Daron","Wilkinson","douglashermiston","janice.dare@reichert.com","$2y$10$8C81yeU59qe0/TvqdXmmgOAyduJkX0C2AUvt.2dcCTxkserRFAuFu","1974-08-13 08:56:13","2","2","Eveniet id illum repellat similique adipisci. Et facilis ut ut libero cum soluta. Omnis neque neque consequatur quia eaque quia deserunt. Eum qui dicta rerum quia.","Cuba","","Twilafort","72741-6103","../fixtures/female8.jpg","../fixtures/female6.jpg","../fixtures/female9.jpg","../fixtures/female3.jpg","","9","d1a30534ca2717c6bef85525a382ae12","2015-02-27 16:35:05","0","0","1993-04-20 16:00:23","1986-03-03 17:12:18");
INSERT INTO user_tag (user_id, tag_id) VALUES ("405","37");
INSERT INTO user_tag (user_id, tag_id) VALUES ("405","22");
INSERT INTO user_tag (user_id, tag_id) VALUES ("405","43");
INSERT INTO user_tag (user_id, tag_id) VALUES ("405","13");
INSERT INTO user_tag (user_id, tag_id) VALUES ("405","3");
INSERT INTO user_tag (user_id, tag_id) VALUES ("405","24");
INSERT INTO user_tag (user_id, tag_id) VALUES ("405","6");


INSERT INTO likes (like_id, liked_id, like_date) VALUES ("405","416","2018-01-22 04:25:14");
INSERT INTO likes (like_id, liked_id, like_date) VALUES ("405","197","2017-12-18 15:48:25");
INSERT INTO likes (like_id, liked_id, like_date) VALUES ("405","338","2017-12-17 04:21:16");
INSERT INTO likes (like_id, liked_id, like_date) VALUES ("405","287","2017-07-25 12:46:47");
INSERT INTO likes (like_id, liked_id, like_date) VALUES ("405","458","2017-05-22 10:05:42");
INSERT INTO likes (like_id, liked_id, like_date) VALUES ("405","417","2017-06-29 23:15:49");
INSERT INTO likes (like_id, liked_id, like_date) VALUES ("405","419","2017-10-07 11:12:43");


INSERT INTO user (id, first_name, last_name, username, email, password, birthdate, gender, orientation, bio, country, state, city, zip, file_1, file_2, file_3, file_4, file_5, score, token, token_date, active, register, created_at, updated_at) VALUES ("406","Makenna","Borer","jastjillian","wokon@yahoo.com","$2y$10$mk5jbvCKi8HbhyV7mqYS7e91aVKGTO3vQNe6d2sitJmgxxr2wKYGG","1953-09-21 08:50:35","2","2","Officiis at sint et nam quis. Molestias enim nam quaerat doloremque officia. Voluptate fugiat eius eius fugit accusantium hic voluptas numquam. Suscipit neque debitis voluptate laudantium illo necessitatibus officia. Ullam est dolores alias rerum.","Anguilla","","Zulaufville","23650","../fixtures/female5.jpg","../fixtures/female2.jpg","../fixtures/female7.jpg","../fixtures/female8.jpg","../fixtures/female3.jpg","14","7ea9a6be79cbdc002239c32cde553ced","1996-07-20 15:20:46","1","1","1973-12-20 16:50:11","1999-02-03 11:59:15");
INSERT INTO user_tag (user_id, tag_id) VALUES ("406","37");
INSERT INTO user_tag (user_id, tag_id) VALUES ("406","16");
INSERT INTO user_tag (user_id, tag_id) VALUES ("406","2");
INSERT INTO user_tag (user_id, tag_id) VALUES ("406","49");
INSERT INTO user_tag (user_id, tag_id) VALUES ("406","22");
INSERT INTO user_tag (user_id, tag_id) VALUES ("406","1");
INSERT INTO user_tag (user_id, tag_id) VALUES ("406","21");
INSERT INTO user_tag (user_id, tag_id) VALUES ("406","24");
INSERT INTO user_tag (user_id, tag_id) VALUES ("406","44");
INSERT INTO user_tag (user_id, tag_id) VALUES ("406","28");
INSERT INTO user_tag (user_id, tag_id) VALUES ("406","38");
INSERT INTO user_tag (user_id, tag_id) VALUES ("406","26");


INSERT INTO likes (like_id, liked_id, like_date) VALUES ("406","399","2018-01-06 14:52:58");
INSERT INTO likes (like_id, liked_id, like_date) VALUES ("406","139","2017-03-08 07:04:22");
INSERT INTO likes (like_id, liked_id, like_date) VALUES ("406","25","2017-11-16 13:40:05");
INSERT INTO likes (like_id, liked_id, like_date) VALUES ("406","495","2017-03-11 11:57:52");
INSERT INTO likes (like_id, liked_id, like_date) VALUES ("406","490","2017-03-17 21:22:13");
INSERT INTO likes (like_id, liked_id, like_date) VALUES ("406","159","2017-05-17 15:03:49");
INSERT INTO likes (like_id, liked_id, like_date) VALUES ("406","314","2017-03-10 18:32:10");
INSERT INTO likes (like_id, liked_id, like_date) VALUES ("406","433","2017-10-21 13:24:57");
INSERT INTO likes (like_id, liked_id, like_date) VALUES ("406","415","2017-09-29 23:47:14");
INSERT INTO likes (like_id, liked_id, like_date) VALUES ("406","315","2017-05-17 07:55:11");
INSERT INTO likes (like_id, liked_id, like_date) VALUES ("406","202","2017-11-23 04:19:02");
INSERT INTO likes (like_id, liked_id, like_date) VALUES ("406","189","2017-04-13 06:31:58");
INSERT INTO likes (like_id, liked_id, like_date) VALUES ("406","262","2017-03-12 14:21:35");
INSERT INTO likes (like_id, liked_id, like_date) VALUES ("406","177","2017-11-22 07:51:14");
INSERT INTO likes (like_id, liked_id, like_date) VALUES ("406","437","2017-09-04 16:44:45");
INSERT INTO likes (like_id, liked_id, like_date) VALUES ("406","137","2017-05-26 06:10:20");


INSERT INTO user (id, first_name, last_name, username, email, password, birthdate, gender, orientation, bio, country, state, city, zip, file_1, file_2, file_3, file_4, file_5, score, token, token_date, active, register, created_at, updated_at) VALUES ("407","Kayden","Gottlieb","panderson","udamore@powlowski.com","$2y$10$9M153ynWpdCacQbixSIQKugveWm/a2VqE6WJqcCEz0/ZeAW8BzbMm","1953-07-05 12:20:56","1","3","Sit nihil iusto placeat sit voluptatibus quod voluptatem modi. Odit natus veritatis non nisi. Veniam recusandae molestiae tempore qui id. Quos aliquam officiis esse ad rerum consequatur laudantium.","Niue","","South Terrystad","16561-1144","../fixtures/male8.jpg","../fixtures/male8.jpg","../fixtures/male5.jpg","../fixtures/male6.jpg","","17","27c6c8f7848cb524b41babcbc4200703","1992-05-18 05:08:09","1","1","2015-01-03 05:35:00","1996-11-17 17:57:34");
INSERT INTO user_tag (user_id, tag_id) VALUES ("407","23");
INSERT INTO user_tag (user_id, tag_id) VALUES ("407","48");
INSERT INTO user_tag (user_id, tag_id) VALUES ("407","2");
INSERT INTO user_tag (user_id, tag_id) VALUES ("407","40");


INSERT INTO likes (like_id, liked_id, like_date) VALUES ("407","56","2017-11-10 03:55:05");
INSERT INTO likes (like_id, liked_id, like_date) VALUES ("407","426","2017-06-05 03:11:01");
INSERT INTO likes (like_id, liked_id, like_date) VALUES ("407","424","2017-03-11 08:03:36");
INSERT INTO likes (like_id, liked_id, like_date) VALUES ("407","267","2017-07-24 21:47:47");
INSERT INTO likes (like_id, liked_id, like_date) VALUES ("407","492","2018-01-27 16:08:41");
INSERT INTO likes (like_id, liked_id, like_date) VALUES ("407","245","2017-10-12 13:41:45");
INSERT INTO likes (like_id, liked_id, like_date) VALUES ("407","494","2017-03-22 20:43:05");
INSERT INTO likes (like_id, liked_id, like_date) VALUES ("407","348","2017-11-30 15:09:19");


INSERT INTO user (id, first_name, last_name, username, email, password, birthdate, gender, orientation, bio, country, state, city, zip, file_1, file_2, file_3, file_4, file_5, score, token, token_date, active, register, created_at, updated_at) VALUES ("408","Destiny","Hand","major36","kiana.kshlerin@carter.com","$2y$10$1kHVH2LeDs.IhTLbhsNW6OQD9f4r9EMffL7KG/wDeA8ojOhoDfcN2","1963-06-27 23:38:07","1","1","Dolores voluptatum non quis. In quia harum dolores omnis. Quis beatae et molestiae tenetur doloribus consequuntur ullam.","Barbados","","North Nikolas","20328-3550","../fixtures/male8.jpg","../fixtures/male10.jpg","../fixtures/male10.jpg","../fixtures/male8.jpg","../fixtures/male10.jpg","100","686bf95e78d455408752e22dc3bc54d9","2004-12-11 09:53:23","0","0","1979-10-13 20:12:44","1973-08-02 22:18:03");
INSERT INTO user_tag (user_id, tag_id) VALUES ("408","36");
INSERT INTO user_tag (user_id, tag_id) VALUES ("408","6");
INSERT INTO user_tag (user_id, tag_id) VALUES ("408","7");
INSERT INTO user_tag (user_id, tag_id) VALUES ("408","28");
INSERT INTO user_tag (user_id, tag_id) VALUES ("408","20");
INSERT INTO user_tag (user_id, tag_id) VALUES ("408","28");
INSERT INTO user_tag (user_id, tag_id) VALUES ("408","35");
INSERT INTO user_tag (user_id, tag_id) VALUES ("408","36");
INSERT INTO user_tag (user_id, tag_id) VALUES ("408","16");
INSERT INTO user_tag (user_id, tag_id) VALUES ("408","44");


INSERT INTO likes (like_id, liked_id, like_date) VALUES ("408","12","2017-11-16 23:28:41");
INSERT INTO likes (like_id, liked_id, like_date) VALUES ("408","170","2017-04-03 10:47:39");
INSERT INTO likes (like_id, liked_id, like_date) VALUES ("408","308","2017-11-19 11:36:23");
INSERT INTO likes (like_id, liked_id, like_date) VALUES ("408","369","2018-01-22 16:26:22");
INSERT INTO likes (like_id, liked_id, like_date) VALUES ("408","467","2017-05-12 05:48:11");
INSERT INTO likes (like_id, liked_id, like_date) VALUES ("408","142","2017-12-12 00:37:14");


INSERT INTO user (id, first_name, last_name, username, email, password, birthdate, gender, orientation, bio, country, state, city, zip, file_1, file_2, file_3, file_4, file_5, score, token, token_date, active, register, created_at, updated_at) VALUES ("409","Jackie","Hauck","brandihomenick","eichmann.erich@gmail.com","$2y$10$bBOqFdPx3m.zUAjtf.AjFeI5PSNgZuKMKbHSovm559Yj0lytYdsdS","1985-11-30 08:03:12","2","2","Labore cum et voluptatem ut. Et nemo sapiente laudantium. Sapiente saepe quam et quis perspiciatis amet. Rerum sit qui officia. Et temporibus non eum ducimus qui accusamus vel expedita.","Guadeloupe","","Schulisttown","77147","../fixtures/female2.jpg","../fixtures/female3.jpg","../fixtures/female9.jpg","../fixtures/female2.jpg","","65","a870ff31ff414720941c00b7f7cc8b52","1978-04-30 08:08:45","1","0","1993-09-22 01:57:42","2003-08-26 08:38:52");
INSERT INTO user_tag (user_id, tag_id) VALUES ("409","29");
INSERT INTO user_tag (user_id, tag_id) VALUES ("409","1");
INSERT INTO user_tag (user_id, tag_id) VALUES ("409","37");
INSERT INTO user_tag (user_id, tag_id) VALUES ("409","42");


INSERT INTO likes (like_id, liked_id, like_date) VALUES ("409","356","2017-02-19 02:11:47");
INSERT INTO likes (like_id, liked_id, like_date) VALUES ("409","429","2017-11-12 08:07:10");
INSERT INTO likes (like_id, liked_id, like_date) VALUES ("409","159","2018-01-22 06:44:29");
INSERT INTO likes (like_id, liked_id, like_date) VALUES ("409","174","2017-05-13 01:41:15");
INSERT INTO likes (like_id, liked_id, like_date) VALUES ("409","370","2017-04-28 02:02:49");
INSERT INTO likes (like_id, liked_id, like_date) VALUES ("409","494","2018-02-03 19:25:38");
INSERT INTO likes (like_id, liked_id, like_date) VALUES ("409","55","2017-03-03 21:36:57");
INSERT INTO likes (like_id, liked_id, like_date) VALUES ("409","218","2017-04-28 14:39:27");
INSERT INTO likes (like_id, liked_id, like_date) VALUES ("409","400","2017-05-20 02:27:22");
INSERT INTO likes (like_id, liked_id, like_date) VALUES ("409","434","2018-02-11 20:35:33");
INSERT INTO likes (like_id, liked_id, like_date) VALUES ("409","77","2018-01-04 20:26:16");
INSERT INTO likes (like_id, liked_id, like_date) VALUES ("409","218","2017-12-14 08:33:54");
INSERT INTO likes (like_id, liked_id, like_date) VALUES ("409","5","2017-11-14 02:09:06");


INSERT INTO user (id, first_name, last_name, username, email, password, birthdate, gender, orientation, bio, country, state, city, zip, file_1, file_2, file_3, file_4, file_5, score, token, token_date, active, register, created_at, updated_at) VALUES ("410","Nichole","Green","rhodaemard","noberbrunner@hotmail.com","$2y$10$i4YJWsDoRjW/P5epf/8bVejivi.g/OjSQJwx6JV0XJxIekh4S3cHC","1982-06-24 10:20:51","1","3","Odit non nihil similique consequatur voluptates cupiditate repudiandae. Dolores asperiores id ab porro repudiandae et asperiores. Ex porro illum quos necessitatibus qui quia iure sed.","Liberia","","New Mackenzie","49775","../fixtures/male8.jpg","../fixtures/male4.jpg","../fixtures/male8.jpg","","","68","b19399ac7d2d49ebda57378432f877d9","2011-11-29 04:00:24","1","0","1984-09-30 09:30:24","2003-05-31 04:02:46");
INSERT INTO user_tag (user_id, tag_id) VALUES ("410","5");
INSERT INTO user_tag (user_id, tag_id) VALUES ("410","27");
INSERT INTO user_tag (user_id, tag_id) VALUES ("410","36");
INSERT INTO user_tag (user_id, tag_id) VALUES ("410","16");
INSERT INTO user_tag (user_id, tag_id) VALUES ("410","10");
INSERT INTO user_tag (user_id, tag_id) VALUES ("410","23");
INSERT INTO user_tag (user_id, tag_id) VALUES ("410","25");
INSERT INTO user_tag (user_id, tag_id) VALUES ("410","26");
INSERT INTO user_tag (user_id, tag_id) VALUES ("410","38");
INSERT INTO user_tag (user_id, tag_id) VALUES ("410","4");


INSERT INTO likes (like_id, liked_id, like_date) VALUES ("410","26","2017-07-13 09:51:02");
INSERT INTO likes (like_id, liked_id, like_date) VALUES ("410","490","2017-08-30 22:59:52");
INSERT INTO likes (like_id, liked_id, like_date) VALUES ("410","342","2017-05-27 13:54:57");
INSERT INTO likes (like_id, liked_id, like_date) VALUES ("410","87","2017-09-21 01:35:51");
INSERT INTO likes (like_id, liked_id, like_date) VALUES ("410","108","2017-07-02 15:44:28");
INSERT INTO likes (like_id, liked_id, like_date) VALUES ("410","235","2017-06-28 17:53:42");
INSERT INTO likes (like_id, liked_id, like_date) VALUES ("410","355","2017-12-13 01:08:00");


INSERT INTO user (id, first_name, last_name, username, email, password, birthdate, gender, orientation, bio, country, state, city, zip, file_1, file_2, file_3, file_4, file_5, score, token, token_date, active, register, created_at, updated_at) VALUES ("411","Berry","Bogan","cadencassin","von.rosemary@rowe.com","$2y$10$.0IvWEm.ukfREvEuDSYd5elaOw5pHcF6QT070QQrGpC76BQWzBz/C","1971-04-25 15:56:12","2","2","Suscipit ut temporibus aspernatur. Debitis repellat dolorem enim omnis quasi asperiores quidem.","Denmark","","Myrtleton","94269","../fixtures/female5.jpg","","","","","82","5fba496b96c453209be0bef9e8e93512","1970-07-21 20:31:56","1","1","2016-10-18 09:05:39","1987-07-27 16:14:16");
INSERT INTO user_tag (user_id, tag_id) VALUES ("411","17");
INSERT INTO user_tag (user_id, tag_id) VALUES ("411","31");
INSERT INTO user_tag (user_id, tag_id) VALUES ("411","28");
INSERT INTO user_tag (user_id, tag_id) VALUES ("411","38");
INSERT INTO user_tag (user_id, tag_id) VALUES ("411","48");
INSERT INTO user_tag (user_id, tag_id) VALUES ("411","39");
INSERT INTO user_tag (user_id, tag_id) VALUES ("411","28");
INSERT INTO user_tag (user_id, tag_id) VALUES ("411","15");
INSERT INTO user_tag (user_id, tag_id) VALUES ("411","1");


INSERT INTO likes (like_id, liked_id, like_date) VALUES ("411","390","2017-06-18 07:05:04");
INSERT INTO likes (like_id, liked_id, like_date) VALUES ("411","412","2018-01-25 17:07:49");
INSERT INTO likes (like_id, liked_id, like_date) VALUES ("411","1","2017-03-29 15:56:27");
INSERT INTO likes (like_id, liked_id, like_date) VALUES ("411","311","2017-11-08 08:10:06");
INSERT INTO likes (like_id, liked_id, like_date) VALUES ("411","121","2017-08-15 08:44:03");
INSERT INTO likes (like_id, liked_id, like_date) VALUES ("411","438","2017-04-12 06:19:12");
INSERT INTO likes (like_id, liked_id, like_date) VALUES ("411","453","2017-08-09 20:38:44");
INSERT INTO likes (like_id, liked_id, like_date) VALUES ("411","49","2017-11-12 15:35:51");
INSERT INTO likes (like_id, liked_id, like_date) VALUES ("411","239","2017-10-18 01:05:55");
INSERT INTO likes (like_id, liked_id, like_date) VALUES ("411","454","2017-11-09 22:05:17");
INSERT INTO likes (like_id, liked_id, like_date) VALUES ("411","90","2017-06-25 21:49:30");


INSERT INTO user (id, first_name, last_name, username, email, password, birthdate, gender, orientation, bio, country, state, city, zip, file_1, file_2, file_3, file_4, file_5, score, token, token_date, active, register, created_at, updated_at) VALUES ("412","Willy","Kihn","federicohaley","dmorissette@yahoo.com","$2y$10$1SUmSjkWfZ3lhjymJEZFg.seD/Qk.wnJhDrhAsEMjO.UTi3dfavpe","1974-07-04 02:55:10","2","2","Labore quisquam officia consequatur enim amet magnam maiores. Neque autem esse aliquam occaecati dolor dignissimos. Voluptates ducimus impedit explicabo laboriosam consequatur. Est expedita enim repudiandae et eos perferendis vel ipsam.","Portugal","","North Murielstad","10769-6378","../fixtures/female8.jpg","../fixtures/female2.jpg","","","","95","3ba5501a7ad5aa683875dc52c6ecd3a6","1982-05-03 07:11:44","0","0","1983-08-21 13:14:10","2001-10-26 10:06:47");
INSERT INTO user_tag (user_id, tag_id) VALUES ("412","9");
INSERT INTO user_tag (user_id, tag_id) VALUES ("412","17");
INSERT INTO user_tag (user_id, tag_id) VALUES ("412","10");
INSERT INTO user_tag (user_id, tag_id) VALUES ("412","42");
INSERT INTO user_tag (user_id, tag_id) VALUES ("412","46");
INSERT INTO user_tag (user_id, tag_id) VALUES ("412","32");
INSERT INTO user_tag (user_id, tag_id) VALUES ("412","45");
INSERT INTO user_tag (user_id, tag_id) VALUES ("412","30");


INSERT INTO likes (like_id, liked_id, like_date) VALUES ("412","270","2017-12-25 10:02:07");
INSERT INTO likes (like_id, liked_id, like_date) VALUES ("412","289","2017-03-26 09:02:29");
INSERT INTO likes (like_id, liked_id, like_date) VALUES ("412","131","2017-08-02 14:19:29");
INSERT INTO likes (like_id, liked_id, like_date) VALUES ("412","154","2017-09-19 18:15:32");
INSERT INTO likes (like_id, liked_id, like_date) VALUES ("412","246","2017-09-25 05:59:58");
INSERT INTO likes (like_id, liked_id, like_date) VALUES ("412","233","2017-03-24 10:59:41");
INSERT INTO likes (like_id, liked_id, like_date) VALUES ("412","261","2017-08-18 09:45:07");


INSERT INTO user (id, first_name, last_name, username, email, password, birthdate, gender, orientation, bio, country, state, city, zip, file_1, file_2, file_3, file_4, file_5, score, token, token_date, active, register, created_at, updated_at) VALUES ("413","Harley","Wyman","monaweber","mstokes@bayer.biz","$2y$10$aMyuIFsTDa5OLwRUv4r4yOlx1k.stKccQ6rd5qXiJxF26fUGBPWym","1979-11-12 00:49:03","1","3","Pariatur eius ullam quo illum non mollitia voluptates. Voluptas placeat eos fugiat accusantium dolor. Eum nihil repudiandae quasi ut.","Palau","","New Bernhard","18677-5227","../fixtures/male8.jpg","../fixtures/male7.jpg","../fixtures/male8.jpg","../fixtures/male3.jpg","../fixtures/male8.jpg","39","27846e81cff03244845c1465f077020d","1977-04-04 21:29:42","0","0","1992-10-24 23:56:10","1987-01-10 09:26:49");
INSERT INTO user_tag (user_id, tag_id) VALUES ("413","1");
INSERT INTO user_tag (user_id, tag_id) VALUES ("413","14");
INSERT INTO user_tag (user_id, tag_id) VALUES ("413","14");
INSERT INTO user_tag (user_id, tag_id) VALUES ("413","30");
INSERT INTO user_tag (user_id, tag_id) VALUES ("413","19");
INSERT INTO user_tag (user_id, tag_id) VALUES ("413","35");
INSERT INTO user_tag (user_id, tag_id) VALUES ("413","50");
INSERT INTO user_tag (user_id, tag_id) VALUES ("413","47");


INSERT INTO likes (like_id, liked_id, like_date) VALUES ("413","172","2017-04-29 07:23:05");
INSERT INTO likes (like_id, liked_id, like_date) VALUES ("413","80","2017-07-11 03:14:47");
INSERT INTO likes (like_id, liked_id, like_date) VALUES ("413","181","2017-07-21 22:48:35");
INSERT INTO likes (like_id, liked_id, like_date) VALUES ("413","166","2017-10-17 12:49:33");
INSERT INTO likes (like_id, liked_id, like_date) VALUES ("413","269","2017-03-07 09:24:10");
INSERT INTO likes (like_id, liked_id, like_date) VALUES ("413","453","2017-10-08 15:09:59");
INSERT INTO likes (like_id, liked_id, like_date) VALUES ("413","188","2017-10-21 02:44:41");


INSERT INTO user (id, first_name, last_name, username, email, password, birthdate, gender, orientation, bio, country, state, city, zip, file_1, file_2, file_3, file_4, file_5, score, token, token_date, active, register, created_at, updated_at) VALUES ("414","Ressie","Blick","nakiabogan","nwindler@hahn.com","$2y$10$4hMs07Ywd7.9SFbMcCr.o.wPjiGJw89r6twOq44qe6xk.iATH6fJC","1974-09-11 06:40:32","2","1","Dolores et aut est tempora eum. At ducimus aperiam laudantium facere odit quidem mollitia. Debitis culpa vel veritatis rerum.","Afghanistan","","Lake Bud","27947-6977","../fixtures/female6.jpg","../fixtures/female5.jpg","../fixtures/female2.jpg","../fixtures/female9.jpg","","36","918c3ae27a3c57915b872d671b469770","1985-11-17 16:25:01","0","0","1984-12-09 08:24:03","1976-06-06 10:31:08");
INSERT INTO user_tag (user_id, tag_id) VALUES ("414","39");
INSERT INTO user_tag (user_id, tag_id) VALUES ("414","7");
INSERT INTO user_tag (user_id, tag_id) VALUES ("414","18");
INSERT INTO user_tag (user_id, tag_id) VALUES ("414","20");
INSERT INTO user_tag (user_id, tag_id) VALUES ("414","44");
INSERT INTO user_tag (user_id, tag_id) VALUES ("414","37");
INSERT INTO user_tag (user_id, tag_id) VALUES ("414","34");
INSERT INTO user_tag (user_id, tag_id) VALUES ("414","46");
INSERT INTO user_tag (user_id, tag_id) VALUES ("414","39");
INSERT INTO user_tag (user_id, tag_id) VALUES ("414","16");


INSERT INTO likes (like_id, liked_id, like_date) VALUES ("414","96","2017-09-14 18:21:40");
INSERT INTO likes (like_id, liked_id, like_date) VALUES ("414","408","2017-05-23 10:30:45");
INSERT INTO likes (like_id, liked_id, like_date) VALUES ("414","453","2017-06-23 17:52:12");
INSERT INTO likes (like_id, liked_id, like_date) VALUES ("414","48","2017-10-19 21:25:27");
INSERT INTO likes (like_id, liked_id, like_date) VALUES ("414","441","2018-01-20 20:51:11");
INSERT INTO likes (like_id, liked_id, like_date) VALUES ("414","277","2017-05-21 19:51:41");
INSERT INTO likes (like_id, liked_id, like_date) VALUES ("414","217","2017-03-10 04:45:49");
INSERT INTO likes (like_id, liked_id, like_date) VALUES ("414","337","2018-02-01 16:28:59");
INSERT INTO likes (like_id, liked_id, like_date) VALUES ("414","141","2017-12-11 01:22:45");
INSERT INTO likes (like_id, liked_id, like_date) VALUES ("414","413","2017-05-19 14:31:53");
INSERT INTO likes (like_id, liked_id, like_date) VALUES ("414","8","2017-12-20 19:10:53");
INSERT INTO likes (like_id, liked_id, like_date) VALUES ("414","124","2018-02-12 17:58:53");
INSERT INTO likes (like_id, liked_id, like_date) VALUES ("414","31","2017-06-27 17:35:25");
INSERT INTO likes (like_id, liked_id, like_date) VALUES ("414","377","2017-07-09 08:13:33");
INSERT INTO likes (like_id, liked_id, like_date) VALUES ("414","171","2017-10-27 20:35:55");


INSERT INTO user (id, first_name, last_name, username, email, password, birthdate, gender, orientation, bio, country, state, city, zip, file_1, file_2, file_3, file_4, file_5, score, token, token_date, active, register, created_at, updated_at) VALUES ("415","Filomena","Satterfield","boscogisselle","jace.von@yahoo.com","$2y$10$1b78mifVDCKIHzIWkOhhquf7twxGT1u/Q0yzra/uyrkPYbOrwE68e","1951-12-15 09:59:42","1","3","Eum quia ut deleniti. Eos saepe eaque maxime dolorem libero quis quis. Dolore vero repellat maxime inventore. Nulla distinctio saepe ipsum facilis excepturi dolores laudantium qui.","French Polynesia","","Corwinmouth","05267-4755","../fixtures/male1.jpg","../fixtures/male9.jpg","../fixtures/male2.jpg","","","84","daa063221eb8a5e97ab7baae8e920241","2010-08-18 20:58:16","0","0","1992-07-23 10:57:40","2014-01-30 18:05:13");
INSERT INTO user_tag (user_id, tag_id) VALUES ("415","16");
INSERT INTO user_tag (user_id, tag_id) VALUES ("415","41");


INSERT INTO likes (like_id, liked_id, like_date) VALUES ("415","373","2017-11-23 19:51:31");
INSERT INTO likes (like_id, liked_id, like_date) VALUES ("415","315","2018-01-19 16:50:27");
INSERT INTO likes (like_id, liked_id, like_date) VALUES ("415","304","2017-04-02 10:51:47");
INSERT INTO likes (like_id, liked_id, like_date) VALUES ("415","439","2017-07-08 21:04:12");
INSERT INTO likes (like_id, liked_id, like_date) VALUES ("415","346","2017-11-16 00:54:41");
INSERT INTO likes (like_id, liked_id, like_date) VALUES ("415","438","2017-10-17 12:53:52");
INSERT INTO likes (like_id, liked_id, like_date) VALUES ("415","211","2017-05-25 18:01:52");
INSERT INTO likes (like_id, liked_id, like_date) VALUES ("415","112","2018-02-02 14:21:38");
INSERT INTO likes (like_id, liked_id, like_date) VALUES ("415","460","2017-06-05 14:51:48");
INSERT INTO likes (like_id, liked_id, like_date) VALUES ("415","45","2017-12-22 19:16:29");
INSERT INTO likes (like_id, liked_id, like_date) VALUES ("415","201","2017-08-29 10:57:01");
INSERT INTO likes (like_id, liked_id, like_date) VALUES ("415","411","2017-08-08 08:38:04");
INSERT INTO likes (like_id, liked_id, like_date) VALUES ("415","55","2017-09-27 02:51:14");
INSERT INTO likes (like_id, liked_id, like_date) VALUES ("415","284","2017-06-08 03:03:49");
INSERT INTO likes (like_id, liked_id, like_date) VALUES ("415","334","2017-03-24 16:03:42");
INSERT INTO likes (like_id, liked_id, like_date) VALUES ("415","350","2017-11-01 04:21:35");
INSERT INTO likes (like_id, liked_id, like_date) VALUES ("415","330","2017-08-09 22:13:26");
INSERT INTO likes (like_id, liked_id, like_date) VALUES ("415","426","2018-02-01 15:49:40");
INSERT INTO likes (like_id, liked_id, like_date) VALUES ("415","127","2018-01-17 22:06:44");
INSERT INTO likes (like_id, liked_id, like_date) VALUES ("415","2","2017-04-12 05:59:35");


INSERT INTO user (id, first_name, last_name, username, email, password, birthdate, gender, orientation, bio, country, state, city, zip, file_1, file_2, file_3, file_4, file_5, score, token, token_date, active, register, created_at, updated_at) VALUES ("416","Lora","Ledner","pollichreagan","mitchell09@yahoo.com","$2y$10$aZzsLkBVsLcw.iUcR/Bp7.MllHZv6GowhHqYdY45/j3xr4zCoG5vi","1974-01-27 06:06:00","2","3","Quam cum ut ullam ad. Aliquid et rerum molestiae sint.","Liberia","","South Sammy","96801-5034","../fixtures/female8.jpg","../fixtures/female10.jpg","../fixtures/female6.jpg","","","72","a13a3bc82d2b9e0f67526fd90c5ab4fa","1993-07-09 13:43:53","1","0","1978-08-25 03:26:52","1979-08-25 10:02:24");
INSERT INTO user_tag (user_id, tag_id) VALUES ("416","16");
INSERT INTO user_tag (user_id, tag_id) VALUES ("416","5");
INSERT INTO user_tag (user_id, tag_id) VALUES ("416","41");
INSERT INTO user_tag (user_id, tag_id) VALUES ("416","30");
INSERT INTO user_tag (user_id, tag_id) VALUES ("416","13");
INSERT INTO user_tag (user_id, tag_id) VALUES ("416","6");


INSERT INTO likes (like_id, liked_id, like_date) VALUES ("416","350","2017-11-14 03:01:56");
INSERT INTO likes (like_id, liked_id, like_date) VALUES ("416","135","2017-06-07 16:12:54");
INSERT INTO likes (like_id, liked_id, like_date) VALUES ("416","353","2017-03-28 03:30:46");
INSERT INTO likes (like_id, liked_id, like_date) VALUES ("416","232","2017-06-04 05:34:15");
INSERT INTO likes (like_id, liked_id, like_date) VALUES ("416","240","2017-07-29 23:12:31");
INSERT INTO likes (like_id, liked_id, like_date) VALUES ("416","275","2017-08-28 23:30:58");
INSERT INTO likes (like_id, liked_id, like_date) VALUES ("416","482","2017-02-16 21:49:46");
INSERT INTO likes (like_id, liked_id, like_date) VALUES ("416","121","2017-04-28 16:02:31");
INSERT INTO likes (like_id, liked_id, like_date) VALUES ("416","460","2017-04-09 04:14:09");
INSERT INTO likes (like_id, liked_id, like_date) VALUES ("416","211","2017-12-22 04:26:10");
INSERT INTO likes (like_id, liked_id, like_date) VALUES ("416","484","2017-10-20 01:05:28");
INSERT INTO likes (like_id, liked_id, like_date) VALUES ("416","357","2017-07-15 20:25:59");
INSERT INTO likes (like_id, liked_id, like_date) VALUES ("416","266","2017-11-28 17:58:55");
INSERT INTO likes (like_id, liked_id, like_date) VALUES ("416","300","2017-05-15 13:05:07");
INSERT INTO likes (like_id, liked_id, like_date) VALUES ("416","496","2017-12-06 01:39:10");
INSERT INTO likes (like_id, liked_id, like_date) VALUES ("416","458","2017-04-03 16:12:53");
INSERT INTO likes (like_id, liked_id, like_date) VALUES ("416","81","2017-10-13 11:33:55");
INSERT INTO likes (like_id, liked_id, like_date) VALUES ("416","144","2017-05-16 19:04:58");
INSERT INTO likes (like_id, liked_id, like_date) VALUES ("416","89","2017-07-09 21:14:42");
INSERT INTO likes (like_id, liked_id, like_date) VALUES ("416","456","2017-11-30 04:05:56");


INSERT INTO user (id, first_name, last_name, username, email, password, birthdate, gender, orientation, bio, country, state, city, zip, file_1, file_2, file_3, file_4, file_5, score, token, token_date, active, register, created_at, updated_at) VALUES ("417","Darrion","Hagenes","sallie42","alverta61@gmail.com","$2y$10$esl/uLEBBX8oXGtW4OeesulYf3yOVcSUkQnJJmrFoN5lZjyGty3f6","1955-02-27 01:40:09","1","2","Non iste ea harum. Non sed officia culpa ipsa reprehenderit natus. Possimus sit esse fuga eum et aut exercitationem.","Samoa","","West Henry","36215","../fixtures/male3.jpg","../fixtures/male7.jpg","../fixtures/male10.jpg","../fixtures/male7.jpg","","91","04087b1055b4c29b740fe78f9cc64d4e","2008-12-02 21:13:21","0","0","1984-06-28 05:24:52","2013-06-14 13:36:04");
INSERT INTO user_tag (user_id, tag_id) VALUES ("417","43");
INSERT INTO user_tag (user_id, tag_id) VALUES ("417","42");
INSERT INTO user_tag (user_id, tag_id) VALUES ("417","33");
INSERT INTO user_tag (user_id, tag_id) VALUES ("417","29");
INSERT INTO user_tag (user_id, tag_id) VALUES ("417","25");
INSERT INTO user_tag (user_id, tag_id) VALUES ("417","5");
INSERT INTO user_tag (user_id, tag_id) VALUES ("417","8");
INSERT INTO user_tag (user_id, tag_id) VALUES ("417","10");
INSERT INTO user_tag (user_id, tag_id) VALUES ("417","48");


INSERT INTO likes (like_id, liked_id, like_date) VALUES ("417","189","2017-03-22 11:08:00");
INSERT INTO likes (like_id, liked_id, like_date) VALUES ("417","473","2017-02-19 20:16:48");
INSERT INTO likes (like_id, liked_id, like_date) VALUES ("417","179","2017-05-02 21:24:27");
INSERT INTO likes (like_id, liked_id, like_date) VALUES ("417","99","2017-07-11 08:55:20");
INSERT INTO likes (like_id, liked_id, like_date) VALUES ("417","48","2017-02-21 14:04:38");
INSERT INTO likes (like_id, liked_id, like_date) VALUES ("417","499","2017-08-08 15:59:47");


INSERT INTO user (id, first_name, last_name, username, email, password, birthdate, gender, orientation, bio, country, state, city, zip, file_1, file_2, file_3, file_4, file_5, score, token, token_date, active, register, created_at, updated_at) VALUES ("418","Eloise","D'Amore","amelymcclure","gsimonis@veum.com","$2y$10$DJPG8CScyi2ihLw.ERjN6uTWl6iArTI8ynXnk2Vos6OaQL0cjJZ.y","1996-10-19 17:40:59","2","2","Odio aut voluptatibus consequatur quasi. Nobis quia provident ad enim. Sint ut dolores ex atque quia laudantium.","Andorra","","Corwinton","28683","../fixtures/female1.jpg","../fixtures/female9.jpg","","","","90","5889351045239ff164c9e3d41bb1137e","1979-12-27 18:16:22","0","0","2012-09-21 08:34:09","1988-07-28 06:21:27");
INSERT INTO user_tag (user_id, tag_id) VALUES ("418","8");
INSERT INTO user_tag (user_id, tag_id) VALUES ("418","9");
INSERT INTO user_tag (user_id, tag_id) VALUES ("418","10");
INSERT INTO user_tag (user_id, tag_id) VALUES ("418","12");
INSERT INTO user_tag (user_id, tag_id) VALUES ("418","40");
INSERT INTO user_tag (user_id, tag_id) VALUES ("418","10");
INSERT INTO user_tag (user_id, tag_id) VALUES ("418","44");
INSERT INTO user_tag (user_id, tag_id) VALUES ("418","30");
INSERT INTO user_tag (user_id, tag_id) VALUES ("418","2");
INSERT INTO user_tag (user_id, tag_id) VALUES ("418","20");
INSERT INTO user_tag (user_id, tag_id) VALUES ("418","11");
INSERT INTO user_tag (user_id, tag_id) VALUES ("418","34");
INSERT INTO user_tag (user_id, tag_id) VALUES ("418","14");
INSERT INTO user_tag (user_id, tag_id) VALUES ("418","35");
INSERT INTO user_tag (user_id, tag_id) VALUES ("418","38");


INSERT INTO likes (like_id, liked_id, like_date) VALUES ("418","153","2017-11-09 09:29:43");
INSERT INTO likes (like_id, liked_id, like_date) VALUES ("418","150","2017-11-24 21:02:40");
INSERT INTO likes (like_id, liked_id, like_date) VALUES ("418","206","2017-08-24 09:29:09");
INSERT INTO likes (like_id, liked_id, like_date) VALUES ("418","88","2018-01-12 21:24:57");
INSERT INTO likes (like_id, liked_id, like_date) VALUES ("418","195","2017-02-15 03:05:02");
INSERT INTO likes (like_id, liked_id, like_date) VALUES ("418","477","2017-02-20 09:26:36");
INSERT INTO likes (like_id, liked_id, like_date) VALUES ("418","253","2017-03-09 07:09:34");
INSERT INTO likes (like_id, liked_id, like_date) VALUES ("418","154","2017-04-04 13:46:34");
INSERT INTO likes (like_id, liked_id, like_date) VALUES ("418","83","2017-03-20 21:41:55");


INSERT INTO user (id, first_name, last_name, username, email, password, birthdate, gender, orientation, bio, country, state, city, zip, file_1, file_2, file_3, file_4, file_5, score, token, token_date, active, register, created_at, updated_at) VALUES ("419","Cooper","Aufderhar","stephanyzemlak","dameon38@konopelski.com","$2y$10$jIPb50aXs6pAQb1T2/PyBO9JluM5VngLk9EBPF2s46TwVBkUxeiAq","1973-02-18 18:17:49","1","3","Rerum quos odio similique voluptatem molestiae. Tempore dolor ea esse architecto dolorum alias est. Quidem quae mollitia accusamus ab et quae deserunt maxime. Qui iure excepturi necessitatibus.","Benin","","Gloverville","36588","../fixtures/male4.jpg","../fixtures/male5.jpg","../fixtures/male9.jpg","../fixtures/male3.jpg","../fixtures/male10.jpg","67","070661098c67df37f3fc2f4b723cade5","2006-09-04 05:41:26","0","0","2006-04-22 06:53:26","2005-10-28 17:19:04");
INSERT INTO user_tag (user_id, tag_id) VALUES ("419","41");
INSERT INTO user_tag (user_id, tag_id) VALUES ("419","9");
INSERT INTO user_tag (user_id, tag_id) VALUES ("419","49");
INSERT INTO user_tag (user_id, tag_id) VALUES ("419","20");


INSERT INTO likes (like_id, liked_id, like_date) VALUES ("419","304","2017-05-09 06:17:14");
INSERT INTO likes (like_id, liked_id, like_date) VALUES ("419","266","2017-09-25 22:36:41");
INSERT INTO likes (like_id, liked_id, like_date) VALUES ("419","217","2017-05-08 14:33:30");
INSERT INTO likes (like_id, liked_id, like_date) VALUES ("419","442","2017-06-01 04:03:17");
INSERT INTO likes (like_id, liked_id, like_date) VALUES ("419","285","2017-05-03 04:01:04");
INSERT INTO likes (like_id, liked_id, like_date) VALUES ("419","185","2017-04-26 17:27:01");
INSERT INTO likes (like_id, liked_id, like_date) VALUES ("419","226","2017-03-09 20:36:59");


INSERT INTO user (id, first_name, last_name, username, email, password, birthdate, gender, orientation, bio, country, state, city, zip, file_1, file_2, file_3, file_4, file_5, score, token, token_date, active, register, created_at, updated_at) VALUES ("420","Claudine","Hilpert","arch68","loyce31@hotmail.com","$2y$10$IuUQ25B4/0dLDDgw32r90OT3h56j/aToO9rsod.BR9M4UUuAclwAS","1968-01-30 21:54:24","1","1","Voluptatem ut aut veritatis impedit voluptatum. Qui at id consequatur. Officia nam aperiam culpa beatae quo fuga assumenda doloribus. Qui odio ut dolorum voluptatem accusamus minus.","Samoa","","Fritschview","28519","../fixtures/male6.jpg","../fixtures/male10.jpg","../fixtures/male2.jpg","../fixtures/male6.jpg","../fixtures/male6.jpg","0","f5036471b21740fffb34082ad20298e8","1970-06-06 16:55:51","0","0","1970-08-24 21:04:31","1994-12-01 04:27:17");
INSERT INTO user_tag (user_id, tag_id) VALUES ("420","11");
INSERT INTO user_tag (user_id, tag_id) VALUES ("420","17");
INSERT INTO user_tag (user_id, tag_id) VALUES ("420","44");
INSERT INTO user_tag (user_id, tag_id) VALUES ("420","50");
INSERT INTO user_tag (user_id, tag_id) VALUES ("420","29");
INSERT INTO user_tag (user_id, tag_id) VALUES ("420","31");
INSERT INTO user_tag (user_id, tag_id) VALUES ("420","37");
INSERT INTO user_tag (user_id, tag_id) VALUES ("420","29");
INSERT INTO user_tag (user_id, tag_id) VALUES ("420","47");
INSERT INTO user_tag (user_id, tag_id) VALUES ("420","45");
INSERT INTO user_tag (user_id, tag_id) VALUES ("420","49");
INSERT INTO user_tag (user_id, tag_id) VALUES ("420","6");
INSERT INTO user_tag (user_id, tag_id) VALUES ("420","14");
INSERT INTO user_tag (user_id, tag_id) VALUES ("420","22");


INSERT INTO likes (like_id, liked_id, like_date) VALUES ("420","258","2017-09-05 15:35:07");
INSERT INTO likes (like_id, liked_id, like_date) VALUES ("420","122","2017-12-20 23:02:50");


INSERT INTO user (id, first_name, last_name, username, email, password, birthdate, gender, orientation, bio, country, state, city, zip, file_1, file_2, file_3, file_4, file_5, score, token, token_date, active, register, created_at, updated_at) VALUES ("421","Presley","Moore","walton20","langworth.bernadette@blick.info","$2y$10$bQljgUIdPrwOpNTpfNfncOJ2sA74euUua6qXxiaRMfYrgodDl2OUC","1949-03-01 06:02:22","2","3","Voluptatem occaecati consectetur consequatur molestiae voluptas voluptas. A laboriosam eos sed accusamus. Fuga eum qui facilis rerum amet aut. Sint et aspernatur quo corporis omnis et maxime.","Syrian Arab Republic","","Mustafaton","82900","../fixtures/female1.jpg","","","","","55","c98afe4ef7064727d60daeebb3d9d353","1995-08-26 05:41:46","1","0","1980-06-13 18:13:25","1972-05-29 18:45:33");
INSERT INTO user_tag (user_id, tag_id) VALUES ("421","17");
INSERT INTO user_tag (user_id, tag_id) VALUES ("421","3");
INSERT INTO user_tag (user_id, tag_id) VALUES ("421","4");
INSERT INTO user_tag (user_id, tag_id) VALUES ("421","49");
INSERT INTO user_tag (user_id, tag_id) VALUES ("421","22");
INSERT INTO user_tag (user_id, tag_id) VALUES ("421","11");
INSERT INTO user_tag (user_id, tag_id) VALUES ("421","45");
INSERT INTO user_tag (user_id, tag_id) VALUES ("421","26");
INSERT INTO user_tag (user_id, tag_id) VALUES ("421","8");
INSERT INTO user_tag (user_id, tag_id) VALUES ("421","11");
INSERT INTO user_tag (user_id, tag_id) VALUES ("421","34");
INSERT INTO user_tag (user_id, tag_id) VALUES ("421","33");
INSERT INTO user_tag (user_id, tag_id) VALUES ("421","27");
INSERT INTO user_tag (user_id, tag_id) VALUES ("421","11");
INSERT INTO user_tag (user_id, tag_id) VALUES ("421","38");


INSERT INTO likes (like_id, liked_id, like_date) VALUES ("421","96","2017-09-11 16:50:22");
INSERT INTO likes (like_id, liked_id, like_date) VALUES ("421","68","2017-12-10 14:41:15");
INSERT INTO likes (like_id, liked_id, like_date) VALUES ("421","120","2017-10-04 01:08:14");
INSERT INTO likes (like_id, liked_id, like_date) VALUES ("421","93","2017-10-12 03:56:20");
INSERT INTO likes (like_id, liked_id, like_date) VALUES ("421","86","2017-08-12 04:54:41");
INSERT INTO likes (like_id, liked_id, like_date) VALUES ("421","496","2017-05-09 01:52:49");
INSERT INTO likes (like_id, liked_id, like_date) VALUES ("421","221","2018-01-16 14:59:53");
INSERT INTO likes (like_id, liked_id, like_date) VALUES ("421","5","2017-04-04 18:25:55");


INSERT INTO user (id, first_name, last_name, username, email, password, birthdate, gender, orientation, bio, country, state, city, zip, file_1, file_2, file_3, file_4, file_5, score, token, token_date, active, register, created_at, updated_at) VALUES ("422","Giovani","Anderson","leonel13","bins.sigurd@lemke.com","$2y$10$eyVhWSDn1C0hVLdsUmweduxfwKdwLzDOV5EYyhW92b0R41TgRzrF2","1980-01-07 04:30:54","1","2","Vitae corrupti eum incidunt enim libero commodi error. Sint aliquam earum eum quam ea. Facilis ullam nulla natus molestiae ea dignissimos necessitatibus. Distinctio eum alias inventore esse impedit tempora.","Sao Tome and Principe","","Port Tyler","74259-8301","../fixtures/male3.jpg","../fixtures/male3.jpg","../fixtures/male6.jpg","../fixtures/male6.jpg","../fixtures/male9.jpg","79","3cbd9c4e3c062bc32272226b931ff4c3","2001-07-23 23:49:47","0","0","1979-12-28 12:25:32","1995-02-19 09:18:34");
INSERT INTO user_tag (user_id, tag_id) VALUES ("422","14");
INSERT INTO user_tag (user_id, tag_id) VALUES ("422","10");
INSERT INTO user_tag (user_id, tag_id) VALUES ("422","49");
INSERT INTO user_tag (user_id, tag_id) VALUES ("422","22");
INSERT INTO user_tag (user_id, tag_id) VALUES ("422","24");
INSERT INTO user_tag (user_id, tag_id) VALUES ("422","13");
INSERT INTO user_tag (user_id, tag_id) VALUES ("422","3");


INSERT INTO likes (like_id, liked_id, like_date) VALUES ("422","365","2017-11-25 13:03:35");
INSERT INTO likes (like_id, liked_id, like_date) VALUES ("422","284","2017-09-16 08:45:25");
INSERT INTO likes (like_id, liked_id, like_date) VALUES ("422","194","2017-05-28 18:43:43");
INSERT INTO likes (like_id, liked_id, like_date) VALUES ("422","378","2017-07-19 09:14:28");
INSERT INTO likes (like_id, liked_id, like_date) VALUES ("422","438","2018-01-16 10:37:11");
INSERT INTO likes (like_id, liked_id, like_date) VALUES ("422","301","2017-08-19 18:28:49");
INSERT INTO likes (like_id, liked_id, like_date) VALUES ("422","483","2017-02-26 07:40:00");
INSERT INTO likes (like_id, liked_id, like_date) VALUES ("422","121","2017-04-08 16:28:14");
INSERT INTO likes (like_id, liked_id, like_date) VALUES ("422","451","2017-11-27 19:18:54");
INSERT INTO likes (like_id, liked_id, like_date) VALUES ("422","405","2017-04-23 17:25:31");
INSERT INTO likes (like_id, liked_id, like_date) VALUES ("422","438","2018-02-01 19:52:04");
INSERT INTO likes (like_id, liked_id, like_date) VALUES ("422","395","2017-10-23 22:03:51");
INSERT INTO likes (like_id, liked_id, like_date) VALUES ("422","346","2017-04-19 17:17:49");
INSERT INTO likes (like_id, liked_id, like_date) VALUES ("422","300","2018-01-27 19:54:32");
INSERT INTO likes (like_id, liked_id, like_date) VALUES ("422","116","2017-02-26 08:08:43");


INSERT INTO user (id, first_name, last_name, username, email, password, birthdate, gender, orientation, bio, country, state, city, zip, file_1, file_2, file_3, file_4, file_5, score, token, token_date, active, register, created_at, updated_at) VALUES ("423","Casimir","Moore","demarcus93","abernathy.ruth@kshlerin.info","$2y$10$Q7txX.H3KgNGvr7mnUmekeS/Ai.XZKWS/PxrM8GjC1.CVu.RRIrPq","1978-10-14 03:55:09","1","2","Consequuntur dolorem officia id voluptatem eaque amet qui. Sint est quis natus vitae cumque occaecati. Et occaecati labore nihil natus quidem. Neque tempora voluptatem maxime quo qui quia sed.","Belgium","","Kuphalstad","80142","../fixtures/male6.jpg","../fixtures/male4.jpg","","","","18","f4a7f039214d465e2070a491275ec867","1988-10-09 00:07:33","1","0","1990-09-28 08:16:53","1973-12-12 08:10:17");
INSERT INTO user_tag (user_id, tag_id) VALUES ("423","16");
INSERT INTO user_tag (user_id, tag_id) VALUES ("423","48");
INSERT INTO user_tag (user_id, tag_id) VALUES ("423","13");
INSERT INTO user_tag (user_id, tag_id) VALUES ("423","39");
INSERT INTO user_tag (user_id, tag_id) VALUES ("423","26");
INSERT INTO user_tag (user_id, tag_id) VALUES ("423","49");
INSERT INTO user_tag (user_id, tag_id) VALUES ("423","49");
INSERT INTO user_tag (user_id, tag_id) VALUES ("423","45");
INSERT INTO user_tag (user_id, tag_id) VALUES ("423","14");
INSERT INTO user_tag (user_id, tag_id) VALUES ("423","36");


INSERT INTO likes (like_id, liked_id, like_date) VALUES ("423","55","2017-10-08 14:11:25");
INSERT INTO likes (like_id, liked_id, like_date) VALUES ("423","431","2017-11-05 04:59:19");
INSERT INTO likes (like_id, liked_id, like_date) VALUES ("423","14","2017-05-25 18:58:45");


INSERT INTO user (id, first_name, last_name, username, email, password, birthdate, gender, orientation, bio, country, state, city, zip, file_1, file_2, file_3, file_4, file_5, score, token, token_date, active, register, created_at, updated_at) VALUES ("424","Belle","Turner","bgreen","felicia.considine@hotmail.com","$2y$10$9VwD0toPf6n47ttFFcS6Yul7ujUsR3kHlyvN.w0TXw39/3kudmGm2","1952-01-08 14:32:11","2","1","Molestiae odio et tenetur necessitatibus nostrum tenetur reiciendis rerum. Eius eligendi veniam illum et ipsum provident rerum.","Niger","","Grimesburgh","93382-4977","../fixtures/female4.jpg","../fixtures/female8.jpg","../fixtures/female1.jpg","../fixtures/female2.jpg","../fixtures/female9.jpg","62","31e680ead6b95d4529f112f885922857","2005-12-06 02:49:27","1","1","1987-07-23 00:23:00","1991-11-22 17:26:20");
INSERT INTO user_tag (user_id, tag_id) VALUES ("424","46");
INSERT INTO user_tag (user_id, tag_id) VALUES ("424","22");
INSERT INTO user_tag (user_id, tag_id) VALUES ("424","12");
INSERT INTO user_tag (user_id, tag_id) VALUES ("424","33");
INSERT INTO user_tag (user_id, tag_id) VALUES ("424","14");
INSERT INTO user_tag (user_id, tag_id) VALUES ("424","19");
INSERT INTO user_tag (user_id, tag_id) VALUES ("424","42");
INSERT INTO user_tag (user_id, tag_id) VALUES ("424","15");
INSERT INTO user_tag (user_id, tag_id) VALUES ("424","19");
INSERT INTO user_tag (user_id, tag_id) VALUES ("424","2");
INSERT INTO user_tag (user_id, tag_id) VALUES ("424","13");
INSERT INTO user_tag (user_id, tag_id) VALUES ("424","50");


INSERT INTO likes (like_id, liked_id, like_date) VALUES ("424","256","2017-07-25 06:54:22");
INSERT INTO likes (like_id, liked_id, like_date) VALUES ("424","302","2017-04-21 00:14:02");
INSERT INTO likes (like_id, liked_id, like_date) VALUES ("424","327","2017-04-11 08:35:53");
INSERT INTO likes (like_id, liked_id, like_date) VALUES ("424","399","2017-05-21 18:25:42");


INSERT INTO user (id, first_name, last_name, username, email, password, birthdate, gender, orientation, bio, country, state, city, zip, file_1, file_2, file_3, file_4, file_5, score, token, token_date, active, register, created_at, updated_at) VALUES ("425","Forest","Stroman","reinhold60","andreane.bruen@treutel.com","$2y$10$a3FmmIRbE5agZwGgvDFlZe3/wWahj7Hk3DZWDOU97lmwAVnpNzT1.","1964-03-09 09:40:23","2","3","Dolorem itaque dignissimos qui aut. Sit nesciunt occaecati dignissimos non repellat non reiciendis delectus. Vero quae officia voluptas ut et. Aut et numquam rerum officia doloremque ad. Dolore in velit est eum sed.","Turks and Caicos Islands","","Cullenmouth","50540-3325","../fixtures/female7.jpg","../fixtures/female6.jpg","../fixtures/female2.jpg","../fixtures/female10.jpg","../fixtures/female3.jpg","34","a199985e64dc3f38a8b2c46c7ac7c33a","2014-06-06 06:55:35","1","1","1989-12-16 04:30:39","2015-02-25 18:38:34");
INSERT INTO user_tag (user_id, tag_id) VALUES ("425","26");
INSERT INTO user_tag (user_id, tag_id) VALUES ("425","13");
INSERT INTO user_tag (user_id, tag_id) VALUES ("425","44");
INSERT INTO user_tag (user_id, tag_id) VALUES ("425","19");
INSERT INTO user_tag (user_id, tag_id) VALUES ("425","12");
INSERT INTO user_tag (user_id, tag_id) VALUES ("425","13");
INSERT INTO user_tag (user_id, tag_id) VALUES ("425","14");
INSERT INTO user_tag (user_id, tag_id) VALUES ("425","21");


INSERT INTO likes (like_id, liked_id, like_date) VALUES ("425","355","2017-05-05 10:08:02");
INSERT INTO likes (like_id, liked_id, like_date) VALUES ("425","283","2017-12-29 01:46:01");
INSERT INTO likes (like_id, liked_id, like_date) VALUES ("425","51","2017-05-29 19:37:21");
INSERT INTO likes (like_id, liked_id, like_date) VALUES ("425","364","2017-03-23 18:17:40");


INSERT INTO user (id, first_name, last_name, username, email, password, birthdate, gender, orientation, bio, country, state, city, zip, file_1, file_2, file_3, file_4, file_5, score, token, token_date, active, register, created_at, updated_at) VALUES ("426","Gavin","Orn","mcculloughmodesto","ykeebler@mosciski.com","$2y$10$/eS3cGctWCfhYE8eASl3megwv90LaWVp6yqE.T9TX8XPfjjiiJXRi","1961-12-24 10:45:35","2","1","Veniam cumque non possimus sit quos molestias. Ut laudantium aut est velit nihil qui. Ipsa qui et quasi consequatur eum placeat.","Uzbekistan","","Ottostad","43812","../fixtures/female8.jpg","../fixtures/female8.jpg","","","","62","8989f89d97aa76a27473a298beef8472","2009-04-18 20:32:34","0","0","1981-07-25 06:34:52","1982-07-31 20:27:05");
INSERT INTO user_tag (user_id, tag_id) VALUES ("426","3");
INSERT INTO user_tag (user_id, tag_id) VALUES ("426","18");
INSERT INTO user_tag (user_id, tag_id) VALUES ("426","42");
INSERT INTO user_tag (user_id, tag_id) VALUES ("426","33");
INSERT INTO user_tag (user_id, tag_id) VALUES ("426","44");
INSERT INTO user_tag (user_id, tag_id) VALUES ("426","21");
INSERT INTO user_tag (user_id, tag_id) VALUES ("426","46");
INSERT INTO user_tag (user_id, tag_id) VALUES ("426","45");
INSERT INTO user_tag (user_id, tag_id) VALUES ("426","40");
INSERT INTO user_tag (user_id, tag_id) VALUES ("426","6");
INSERT INTO user_tag (user_id, tag_id) VALUES ("426","46");
INSERT INTO user_tag (user_id, tag_id) VALUES ("426","8");
INSERT INTO user_tag (user_id, tag_id) VALUES ("426","45");


INSERT INTO likes (like_id, liked_id, like_date) VALUES ("426","58","2017-05-08 20:50:23");
INSERT INTO likes (like_id, liked_id, like_date) VALUES ("426","213","2017-03-25 10:36:23");
INSERT INTO likes (like_id, liked_id, like_date) VALUES ("426","281","2018-01-16 23:31:26");


INSERT INTO user (id, first_name, last_name, username, email, password, birthdate, gender, orientation, bio, country, state, city, zip, file_1, file_2, file_3, file_4, file_5, score, token, token_date, active, register, created_at, updated_at) VALUES ("427","Tyra","Cole","bianka35","bkeebler@koelpin.com","$2y$10$s5Wj6PNOPfVefuc0Mn4zw.D.wYd.BwEyOj7CK2dN0nuj7aE/i06ai","1952-09-07 00:10:34","2","3","Sunt minima nostrum velit. Rerum molestiae consequatur quis nihil molestiae labore. Et facilis iste eaque et pariatur. Dolorem sapiente voluptas hic in a delectus error.","Guinea-Bissau","","Bridgettehaven","71705","../fixtures/female9.jpg","../fixtures/female3.jpg","../fixtures/female3.jpg","../fixtures/female10.jpg","../fixtures/female4.jpg","4","e987bf5dcee592e1795e7dc49d9b7127","1972-03-16 05:47:58","0","0","2008-07-13 14:11:04","2006-04-22 20:08:52");
INSERT INTO user_tag (user_id, tag_id) VALUES ("427","17");
INSERT INTO user_tag (user_id, tag_id) VALUES ("427","42");
INSERT INTO user_tag (user_id, tag_id) VALUES ("427","33");
INSERT INTO user_tag (user_id, tag_id) VALUES ("427","47");
INSERT INTO user_tag (user_id, tag_id) VALUES ("427","12");
INSERT INTO user_tag (user_id, tag_id) VALUES ("427","47");
INSERT INTO user_tag (user_id, tag_id) VALUES ("427","34");
INSERT INTO user_tag (user_id, tag_id) VALUES ("427","47");
INSERT INTO user_tag (user_id, tag_id) VALUES ("427","20");
INSERT INTO user_tag (user_id, tag_id) VALUES ("427","11");
INSERT INTO user_tag (user_id, tag_id) VALUES ("427","6");
INSERT INTO user_tag (user_id, tag_id) VALUES ("427","40");
INSERT INTO user_tag (user_id, tag_id) VALUES ("427","48");


INSERT INTO likes (like_id, liked_id, like_date) VALUES ("427","247","2017-11-01 07:16:40");
INSERT INTO likes (like_id, liked_id, like_date) VALUES ("427","359","2017-02-25 21:39:43");
INSERT INTO likes (like_id, liked_id, like_date) VALUES ("427","279","2018-01-07 07:33:28");
INSERT INTO likes (like_id, liked_id, like_date) VALUES ("427","246","2017-12-31 21:12:35");


INSERT INTO user (id, first_name, last_name, username, email, password, birthdate, gender, orientation, bio, country, state, city, zip, file_1, file_2, file_3, file_4, file_5, score, token, token_date, active, register, created_at, updated_at) VALUES ("428","Ford","Mueller","thielmalika","elijah.hagenes@bartoletti.com","$2y$10$7jf/5hkZ91lPBLv09qTVGe.ZeXXBv4HWV013zQbT6runwRaG1y.v6","1955-07-31 23:57:36","2","2","Fuga iste omnis quis non. Possimus in id rerum fuga aperiam. Exercitationem sed non ex nihil aliquid. Et repellendus et non iste.","Afghanistan","","Kassulkebury","48177","../fixtures/female2.jpg","../fixtures/female8.jpg","../fixtures/female7.jpg","","","62","ea2c68f7e3593afbc246b93a01a703c5","2016-02-13 01:08:03","1","0","1985-01-24 02:51:37","1978-07-09 17:06:53");
INSERT INTO user_tag (user_id, tag_id) VALUES ("428","21");
INSERT INTO user_tag (user_id, tag_id) VALUES ("428","41");
INSERT INTO user_tag (user_id, tag_id) VALUES ("428","47");
INSERT INTO user_tag (user_id, tag_id) VALUES ("428","44");
INSERT INTO user_tag (user_id, tag_id) VALUES ("428","35");
INSERT INTO user_tag (user_id, tag_id) VALUES ("428","43");
INSERT INTO user_tag (user_id, tag_id) VALUES ("428","23");
INSERT INTO user_tag (user_id, tag_id) VALUES ("428","16");
INSERT INTO user_tag (user_id, tag_id) VALUES ("428","21");
INSERT INTO user_tag (user_id, tag_id) VALUES ("428","13");
INSERT INTO user_tag (user_id, tag_id) VALUES ("428","3");
INSERT INTO user_tag (user_id, tag_id) VALUES ("428","16");
INSERT INTO user_tag (user_id, tag_id) VALUES ("428","43");
INSERT INTO user_tag (user_id, tag_id) VALUES ("428","6");
INSERT INTO user_tag (user_id, tag_id) VALUES ("428","21");


INSERT INTO likes (like_id, liked_id, like_date) VALUES ("428","292","2017-05-24 02:47:05");
INSERT INTO likes (like_id, liked_id, like_date) VALUES ("428","179","2017-04-22 01:48:43");
INSERT INTO likes (like_id, liked_id, like_date) VALUES ("428","430","2017-02-19 13:08:23");
INSERT INTO likes (like_id, liked_id, like_date) VALUES ("428","365","2017-05-03 00:45:37");
INSERT INTO likes (like_id, liked_id, like_date) VALUES ("428","418","2017-04-22 23:07:51");
INSERT INTO likes (like_id, liked_id, like_date) VALUES ("428","498","2017-09-03 12:31:35");
INSERT INTO likes (like_id, liked_id, like_date) VALUES ("428","363","2017-11-28 08:44:34");
INSERT INTO likes (like_id, liked_id, like_date) VALUES ("428","72","2017-06-07 00:50:59");
INSERT INTO likes (like_id, liked_id, like_date) VALUES ("428","154","2017-09-08 22:15:08");
INSERT INTO likes (like_id, liked_id, like_date) VALUES ("428","249","2017-11-09 14:43:57");
INSERT INTO likes (like_id, liked_id, like_date) VALUES ("428","338","2017-12-28 00:56:43");
INSERT INTO likes (like_id, liked_id, like_date) VALUES ("428","420","2017-09-04 23:03:55");
INSERT INTO likes (like_id, liked_id, like_date) VALUES ("428","365","2017-03-05 13:58:20");
INSERT INTO likes (like_id, liked_id, like_date) VALUES ("428","150","2017-02-14 17:26:57");
INSERT INTO likes (like_id, liked_id, like_date) VALUES ("428","255","2017-02-24 10:01:33");
INSERT INTO likes (like_id, liked_id, like_date) VALUES ("428","345","2017-09-11 15:46:13");
INSERT INTO likes (like_id, liked_id, like_date) VALUES ("428","237","2017-11-29 16:19:09");


INSERT INTO user (id, first_name, last_name, username, email, password, birthdate, gender, orientation, bio, country, state, city, zip, file_1, file_2, file_3, file_4, file_5, score, token, token_date, active, register, created_at, updated_at) VALUES ("429","Novella","Nikolaus","keely28","kris.mekhi@yahoo.com","$2y$10$sIPGwtp9BSaRwD6xNDTFROLDepta4weByD8ao8REXOdOJ/2FzKZZ.","1990-06-11 16:18:41","1","3","Sit nostrum exercitationem adipisci autem deserunt dolor. Qui non enim ut placeat reiciendis qui. Incidunt at voluptatem sed expedita asperiores accusantium tempore voluptates. Distinctio et sed necessitatibus.","Singapore","","Lexusport","02086-4647","../fixtures/male6.jpg","../fixtures/male10.jpg","../fixtures/male2.jpg","../fixtures/male1.jpg","","86","f780283a3208b2c9ad9449db591e3baa","1974-08-11 13:54:46","0","0","1976-10-13 21:57:54","1974-01-19 21:23:05");
INSERT INTO user_tag (user_id, tag_id) VALUES ("429","4");
INSERT INTO user_tag (user_id, tag_id) VALUES ("429","18");
INSERT INTO user_tag (user_id, tag_id) VALUES ("429","18");
INSERT INTO user_tag (user_id, tag_id) VALUES ("429","42");


INSERT INTO likes (like_id, liked_id, like_date) VALUES ("429","84","2017-06-04 14:17:54");
INSERT INTO likes (like_id, liked_id, like_date) VALUES ("429","152","2018-01-29 07:26:27");
INSERT INTO likes (like_id, liked_id, like_date) VALUES ("429","84","2017-02-24 11:43:46");
INSERT INTO likes (like_id, liked_id, like_date) VALUES ("429","437","2018-01-22 14:10:25");
INSERT INTO likes (like_id, liked_id, like_date) VALUES ("429","314","2017-03-18 00:39:25");
INSERT INTO likes (like_id, liked_id, like_date) VALUES ("429","451","2017-12-13 22:05:19");
INSERT INTO likes (like_id, liked_id, like_date) VALUES ("429","159","2017-03-13 23:46:00");
INSERT INTO likes (like_id, liked_id, like_date) VALUES ("429","358","2017-08-10 16:37:34");
INSERT INTO likes (like_id, liked_id, like_date) VALUES ("429","403","2017-03-17 07:32:04");
INSERT INTO likes (like_id, liked_id, like_date) VALUES ("429","63","2017-10-29 13:27:19");
INSERT INTO likes (like_id, liked_id, like_date) VALUES ("429","207","2017-02-23 17:14:21");
INSERT INTO likes (like_id, liked_id, like_date) VALUES ("429","272","2017-12-11 20:23:57");
INSERT INTO likes (like_id, liked_id, like_date) VALUES ("429","203","2017-12-19 21:34:19");
INSERT INTO likes (like_id, liked_id, like_date) VALUES ("429","357","2017-04-03 06:00:24");


INSERT INTO user (id, first_name, last_name, username, email, password, birthdate, gender, orientation, bio, country, state, city, zip, file_1, file_2, file_3, file_4, file_5, score, token, token_date, active, register, created_at, updated_at) VALUES ("430","Nettie","Russel","sokeefe","bo.mayer@hotmail.com","$2y$10$aOvidIqwmxuzxtUSATSh7OSEW1knRX.PbdFWuwIF4inrqQYYWd7JC","1965-12-16 04:43:32","1","1","Et id nisi iusto et impedit ipsa suscipit. Ut maiores perferendis non impedit. Ut exercitationem quia porro fugiat illum rem ex. Ratione quas error ut veniam tempore dignissimos.","Northern Mariana Islands","","Odellton","02935","../fixtures/male2.jpg","../fixtures/male4.jpg","../fixtures/male6.jpg","../fixtures/male6.jpg","../fixtures/male2.jpg","61","4aa2168338f822dcad95e63ea7d354a8","1973-02-22 19:29:44","0","0","1973-05-14 18:32:56","1987-10-26 16:47:04");
INSERT INTO user_tag (user_id, tag_id) VALUES ("430","10");
INSERT INTO user_tag (user_id, tag_id) VALUES ("430","6");
INSERT INTO user_tag (user_id, tag_id) VALUES ("430","46");
INSERT INTO user_tag (user_id, tag_id) VALUES ("430","4");
INSERT INTO user_tag (user_id, tag_id) VALUES ("430","44");
INSERT INTO user_tag (user_id, tag_id) VALUES ("430","14");
INSERT INTO user_tag (user_id, tag_id) VALUES ("430","47");
INSERT INTO user_tag (user_id, tag_id) VALUES ("430","48");
INSERT INTO user_tag (user_id, tag_id) VALUES ("430","25");
INSERT INTO user_tag (user_id, tag_id) VALUES ("430","41");


INSERT INTO likes (like_id, liked_id, like_date) VALUES ("430","432","2017-05-02 07:40:24");
INSERT INTO likes (like_id, liked_id, like_date) VALUES ("430","430","2018-02-13 00:19:25");
INSERT INTO likes (like_id, liked_id, like_date) VALUES ("430","476","2017-11-19 16:47:41");
INSERT INTO likes (like_id, liked_id, like_date) VALUES ("430","278","2018-01-14 22:27:32");
INSERT INTO likes (like_id, liked_id, like_date) VALUES ("430","467","2017-11-06 13:08:04");
INSERT INTO likes (like_id, liked_id, like_date) VALUES ("430","283","2017-07-24 07:35:47");
INSERT INTO likes (like_id, liked_id, like_date) VALUES ("430","307","2018-01-13 05:54:03");
INSERT INTO likes (like_id, liked_id, like_date) VALUES ("430","230","2017-08-02 18:28:14");
INSERT INTO likes (like_id, liked_id, like_date) VALUES ("430","417","2017-09-23 09:09:04");
INSERT INTO likes (like_id, liked_id, like_date) VALUES ("430","147","2017-10-07 03:17:21");
INSERT INTO likes (like_id, liked_id, like_date) VALUES ("430","371","2017-05-27 14:09:25");
INSERT INTO likes (like_id, liked_id, like_date) VALUES ("430","86","2018-01-30 23:17:54");
INSERT INTO likes (like_id, liked_id, like_date) VALUES ("430","300","2017-09-17 19:29:54");
INSERT INTO likes (like_id, liked_id, like_date) VALUES ("430","480","2017-03-29 01:12:57");
INSERT INTO likes (like_id, liked_id, like_date) VALUES ("430","261","2018-01-09 00:08:19");
INSERT INTO likes (like_id, liked_id, like_date) VALUES ("430","297","2017-09-08 08:59:17");
INSERT INTO likes (like_id, liked_id, like_date) VALUES ("430","200","2017-08-24 04:53:40");


INSERT INTO user (id, first_name, last_name, username, email, password, birthdate, gender, orientation, bio, country, state, city, zip, file_1, file_2, file_3, file_4, file_5, score, token, token_date, active, register, created_at, updated_at) VALUES ("431","Eldred","Haley","ibrahim78","hilda.weissnat@runte.com","$2y$10$0jhgzP8AKQrnnBcDLaSexePY.lXbtJDT7VJI2yAOq2BxNO3cJXnc2","1967-12-30 17:58:58","1","3","Impedit voluptatum et in omnis. Nulla quis rerum numquam nesciunt et quas. Reiciendis ab sed vel consectetur a.","Monaco","","Kovacekfort","47634-3425","../fixtures/male4.jpg","../fixtures/male9.jpg","","","","54","cb8a59e748293ee66a22106ca9017966","1974-10-23 01:41:55","1","1","1985-08-11 08:13:46","1982-10-18 13:43:25");
INSERT INTO user_tag (user_id, tag_id) VALUES ("431","15");
INSERT INTO user_tag (user_id, tag_id) VALUES ("431","3");
INSERT INTO user_tag (user_id, tag_id) VALUES ("431","50");
INSERT INTO user_tag (user_id, tag_id) VALUES ("431","29");
INSERT INTO user_tag (user_id, tag_id) VALUES ("431","20");
INSERT INTO user_tag (user_id, tag_id) VALUES ("431","44");
INSERT INTO user_tag (user_id, tag_id) VALUES ("431","36");
INSERT INTO user_tag (user_id, tag_id) VALUES ("431","5");
INSERT INTO user_tag (user_id, tag_id) VALUES ("431","20");
INSERT INTO user_tag (user_id, tag_id) VALUES ("431","33");
INSERT INTO user_tag (user_id, tag_id) VALUES ("431","34");
INSERT INTO user_tag (user_id, tag_id) VALUES ("431","35");
INSERT INTO user_tag (user_id, tag_id) VALUES ("431","37");
INSERT INTO user_tag (user_id, tag_id) VALUES ("431","25");
INSERT INTO user_tag (user_id, tag_id) VALUES ("431","34");


INSERT INTO likes (like_id, liked_id, like_date) VALUES ("431","483","2017-12-28 18:34:49");
INSERT INTO likes (like_id, liked_id, like_date) VALUES ("431","243","2018-01-15 21:08:48");
INSERT INTO likes (like_id, liked_id, like_date) VALUES ("431","210","2017-10-05 17:09:23");
INSERT INTO likes (like_id, liked_id, like_date) VALUES ("431","278","2017-03-23 04:24:47");
INSERT INTO likes (like_id, liked_id, like_date) VALUES ("431","472","2017-06-08 22:50:19");
INSERT INTO likes (like_id, liked_id, like_date) VALUES ("431","432","2018-01-08 10:48:17");
INSERT INTO likes (like_id, liked_id, like_date) VALUES ("431","324","2017-12-14 22:25:22");
INSERT INTO likes (like_id, liked_id, like_date) VALUES ("431","83","2018-01-18 19:47:51");
INSERT INTO likes (like_id, liked_id, like_date) VALUES ("431","497","2017-07-08 06:57:21");
INSERT INTO likes (like_id, liked_id, like_date) VALUES ("431","480","2017-05-20 11:12:58");
INSERT INTO likes (like_id, liked_id, like_date) VALUES ("431","187","2017-05-06 04:51:47");
INSERT INTO likes (like_id, liked_id, like_date) VALUES ("431","240","2017-06-07 11:35:00");
INSERT INTO likes (like_id, liked_id, like_date) VALUES ("431","495","2017-12-13 17:13:09");
INSERT INTO likes (like_id, liked_id, like_date) VALUES ("431","185","2017-04-18 17:16:36");
INSERT INTO likes (like_id, liked_id, like_date) VALUES ("431","42","2017-04-11 08:53:57");


INSERT INTO user (id, first_name, last_name, username, email, password, birthdate, gender, orientation, bio, country, state, city, zip, file_1, file_2, file_3, file_4, file_5, score, token, token_date, active, register, created_at, updated_at) VALUES ("432","Lucious","Nolan","makenna40","larson.collin@cruickshank.com","$2y$10$sZw48mPodRuzESeR6ubSuewHi7dLxgAJcfMbreoL97TBe5.L6mMv.","1993-06-26 01:52:41","2","3","Eligendi velit sequi odio aut quod. Totam vitae impedit et ut expedita exercitationem autem. Enim ipsum quasi suscipit aperiam vitae. Ut ut eos aut autem et et.","Norfolk Island","","Vernerburgh","21124","../fixtures/female3.jpg","../fixtures/female1.jpg","../fixtures/female10.jpg","","","92","50cb20913e5edeca0a175992068134d2","1982-12-18 18:17:22","1","1","2003-08-02 15:53:59","1989-11-29 19:01:52");
INSERT INTO user_tag (user_id, tag_id) VALUES ("432","32");
INSERT INTO user_tag (user_id, tag_id) VALUES ("432","41");
INSERT INTO user_tag (user_id, tag_id) VALUES ("432","7");
INSERT INTO user_tag (user_id, tag_id) VALUES ("432","7");
INSERT INTO user_tag (user_id, tag_id) VALUES ("432","18");
INSERT INTO user_tag (user_id, tag_id) VALUES ("432","18");
INSERT INTO user_tag (user_id, tag_id) VALUES ("432","13");
INSERT INTO user_tag (user_id, tag_id) VALUES ("432","48");
INSERT INTO user_tag (user_id, tag_id) VALUES ("432","47");
INSERT INTO user_tag (user_id, tag_id) VALUES ("432","39");
INSERT INTO user_tag (user_id, tag_id) VALUES ("432","42");


INSERT INTO likes (like_id, liked_id, like_date) VALUES ("432","301","2017-11-01 15:14:15");
INSERT INTO likes (like_id, liked_id, like_date) VALUES ("432","278","2017-04-02 08:16:55");
INSERT INTO likes (like_id, liked_id, like_date) VALUES ("432","455","2017-10-02 09:18:36");
INSERT INTO likes (like_id, liked_id, like_date) VALUES ("432","78","2017-10-27 00:22:41");
INSERT INTO likes (like_id, liked_id, like_date) VALUES ("432","417","2017-05-30 13:12:15");
INSERT INTO likes (like_id, liked_id, like_date) VALUES ("432","167","2018-02-08 18:22:00");
INSERT INTO likes (like_id, liked_id, like_date) VALUES ("432","319","2017-11-29 12:59:47");
INSERT INTO likes (like_id, liked_id, like_date) VALUES ("432","258","2017-11-28 07:21:17");
INSERT INTO likes (like_id, liked_id, like_date) VALUES ("432","490","2017-12-15 20:44:32");
INSERT INTO likes (like_id, liked_id, like_date) VALUES ("432","409","2018-01-31 09:35:02");
INSERT INTO likes (like_id, liked_id, like_date) VALUES ("432","114","2017-04-29 04:10:53");
INSERT INTO likes (like_id, liked_id, like_date) VALUES ("432","399","2018-01-16 22:21:31");
INSERT INTO likes (like_id, liked_id, like_date) VALUES ("432","398","2017-05-15 11:34:36");
INSERT INTO likes (like_id, liked_id, like_date) VALUES ("432","155","2017-09-14 18:07:43");
INSERT INTO likes (like_id, liked_id, like_date) VALUES ("432","315","2017-02-22 12:40:38");
INSERT INTO likes (like_id, liked_id, like_date) VALUES ("432","72","2017-11-29 21:23:01");
INSERT INTO likes (like_id, liked_id, like_date) VALUES ("432","216","2017-07-08 11:04:25");
INSERT INTO likes (like_id, liked_id, like_date) VALUES ("432","291","2017-03-29 17:53:01");


INSERT INTO user (id, first_name, last_name, username, email, password, birthdate, gender, orientation, bio, country, state, city, zip, file_1, file_2, file_3, file_4, file_5, score, token, token_date, active, register, created_at, updated_at) VALUES ("433","Jerrold","Armstrong","shaina00","romaine03@hotmail.com","$2y$10$TqraMisp9Jh3Cn3udXkTtOntxYeR/A6LjyTT3HKi6trBH2WzR3gSG","1989-01-21 02:01:13","2","3","Consequuntur voluptatibus aut debitis ut mollitia aut voluptas. Inventore omnis ratione dolor unde eum fuga quasi. Molestias voluptatem ut accusantium eligendi dolorem.","Saint Pierre and Miquelon","","Mooreview","35771","../fixtures/female5.jpg","../fixtures/female10.jpg","../fixtures/female5.jpg","../fixtures/female6.jpg","","53","f2418fb6fbe416b0b81904d394a4c4b1","1979-08-20 15:18:11","1","1","2006-05-26 13:00:04","2007-07-13 13:41:52");
INSERT INTO user_tag (user_id, tag_id) VALUES ("433","5");
INSERT INTO user_tag (user_id, tag_id) VALUES ("433","3");
INSERT INTO user_tag (user_id, tag_id) VALUES ("433","9");
INSERT INTO user_tag (user_id, tag_id) VALUES ("433","36");
INSERT INTO user_tag (user_id, tag_id) VALUES ("433","49");
INSERT INTO user_tag (user_id, tag_id) VALUES ("433","32");
INSERT INTO user_tag (user_id, tag_id) VALUES ("433","11");


INSERT INTO likes (like_id, liked_id, like_date) VALUES ("433","5","2017-08-06 11:55:44");
INSERT INTO likes (like_id, liked_id, like_date) VALUES ("433","66","2017-11-28 05:47:03");


INSERT INTO user (id, first_name, last_name, username, email, password, birthdate, gender, orientation, bio, country, state, city, zip, file_1, file_2, file_3, file_4, file_5, score, token, token_date, active, register, created_at, updated_at) VALUES ("434","Kassandra","Cruickshank","sheilagraham","ortiz.henriette@gmail.com","$2y$10$/AVSveZxXQkoSgU5QglJVuHCP4X5dIcJiEJ2hX4Ni6bPzDfbNqYCm","1966-06-25 07:50:53","1","3","Quibusdam minima ipsa voluptatem at saepe qui. Laudantium debitis aliquam omnis accusamus optio ut.","Angola","","Lake Halie","51380-3488","../fixtures/male5.jpg","../fixtures/male7.jpg","../fixtures/male4.jpg","","","33","dba0086e6919031fbd8df6e14310d1bf","2008-10-22 20:36:43","0","0","2006-06-24 17:47:06","1989-08-13 15:12:21");
INSERT INTO user_tag (user_id, tag_id) VALUES ("434","16");


INSERT INTO likes (like_id, liked_id, like_date) VALUES ("434","428","2017-11-11 22:25:50");
INSERT INTO likes (like_id, liked_id, like_date) VALUES ("434","42","2018-02-05 17:42:05");
INSERT INTO likes (like_id, liked_id, like_date) VALUES ("434","484","2017-04-02 21:29:20");
INSERT INTO likes (like_id, liked_id, like_date) VALUES ("434","362","2017-07-15 12:50:37");
INSERT INTO likes (like_id, liked_id, like_date) VALUES ("434","375","2017-04-16 21:34:44");
INSERT INTO likes (like_id, liked_id, like_date) VALUES ("434","294","2017-06-17 15:50:54");
INSERT INTO likes (like_id, liked_id, like_date) VALUES ("434","71","2017-07-12 11:09:55");


INSERT INTO user (id, first_name, last_name, username, email, password, birthdate, gender, orientation, bio, country, state, city, zip, file_1, file_2, file_3, file_4, file_5, score, token, token_date, active, register, created_at, updated_at) VALUES ("435","Rosie","Smith","chance95","moore.lowell@armstrong.com","$2y$10$NYWG.xqdWeyj2D4L6ERwz.pYBC3RCYwEDDq2mvP6x76YUfr4mQcDm","1951-02-20 18:18:59","2","2","Aspernatur omnis eius dolorem fugit mollitia. Est consectetur reiciendis voluptatem sunt quia impedit. Et quis magni possimus vel voluptatem. Autem et molestiae consequatur. Ut sunt dolores itaque asperiores tempora.","Nauru","","Fritschport","39964","../fixtures/female2.jpg","../fixtures/female2.jpg","","","","63","086c668d8b89c5d23dea504cd6938dca","2011-07-03 15:14:54","0","0","1988-06-23 03:41:00","1978-09-17 12:26:33");
INSERT INTO user_tag (user_id, tag_id) VALUES ("435","41");
INSERT INTO user_tag (user_id, tag_id) VALUES ("435","37");
INSERT INTO user_tag (user_id, tag_id) VALUES ("435","7");
INSERT INTO user_tag (user_id, tag_id) VALUES ("435","28");
INSERT INTO user_tag (user_id, tag_id) VALUES ("435","21");


INSERT INTO likes (like_id, liked_id, like_date) VALUES ("435","440","2017-07-04 04:53:58");
INSERT INTO likes (like_id, liked_id, like_date) VALUES ("435","57","2017-10-18 11:22:07");
INSERT INTO likes (like_id, liked_id, like_date) VALUES ("435","167","2018-01-14 14:58:07");
INSERT INTO likes (like_id, liked_id, like_date) VALUES ("435","145","2017-03-22 14:06:58");


INSERT INTO user (id, first_name, last_name, username, email, password, birthdate, gender, orientation, bio, country, state, city, zip, file_1, file_2, file_3, file_4, file_5, score, token, token_date, active, register, created_at, updated_at) VALUES ("436","Bonita","Turner","mcglynntrycia","gregorio71@hotmail.com","$2y$10$dzLxwWx1yv220gDYZXnpg.8xDgUMKu/SKgfUkVa7eYJH9y8O.irr2","1994-12-28 02:49:47","2","3","Esse dolores doloremque sed aut dolore harum. Voluptatibus facere ex tenetur a id pariatur voluptas quibusdam. Facere ipsa dolor praesentium libero numquam natus. Repudiandae ut enim occaecati officiis.","Egypt","","West Sonnyhaven","56449-6954","../fixtures/female5.jpg","../fixtures/female8.jpg","../fixtures/female10.jpg","../fixtures/female1.jpg","../fixtures/female3.jpg","2","d59b8ed3a94b435dc2f8f0511ed2bb94","2004-09-25 15:33:51","0","0","1982-06-05 15:01:44","1997-01-13 02:59:36");
INSERT INTO user_tag (user_id, tag_id) VALUES ("436","32");
INSERT INTO user_tag (user_id, tag_id) VALUES ("436","3");
INSERT INTO user_tag (user_id, tag_id) VALUES ("436","31");
INSERT INTO user_tag (user_id, tag_id) VALUES ("436","1");
INSERT INTO user_tag (user_id, tag_id) VALUES ("436","43");
INSERT INTO user_tag (user_id, tag_id) VALUES ("436","49");
INSERT INTO user_tag (user_id, tag_id) VALUES ("436","43");
INSERT INTO user_tag (user_id, tag_id) VALUES ("436","38");
INSERT INTO user_tag (user_id, tag_id) VALUES ("436","7");
INSERT INTO user_tag (user_id, tag_id) VALUES ("436","29");
INSERT INTO user_tag (user_id, tag_id) VALUES ("436","18");
INSERT INTO user_tag (user_id, tag_id) VALUES ("436","32");
INSERT INTO user_tag (user_id, tag_id) VALUES ("436","42");
INSERT INTO user_tag (user_id, tag_id) VALUES ("436","41");
INSERT INTO user_tag (user_id, tag_id) VALUES ("436","48");


INSERT INTO likes (like_id, liked_id, like_date) VALUES ("436","114","2017-07-09 11:28:22");
INSERT INTO likes (like_id, liked_id, like_date) VALUES ("436","162","2018-01-29 21:12:02");
INSERT INTO likes (like_id, liked_id, like_date) VALUES ("436","217","2017-12-26 07:52:28");
INSERT INTO likes (like_id, liked_id, like_date) VALUES ("436","298","2017-10-13 19:03:44");
INSERT INTO likes (like_id, liked_id, like_date) VALUES ("436","116","2017-05-10 22:56:27");
INSERT INTO likes (like_id, liked_id, like_date) VALUES ("436","467","2017-04-19 17:18:36");
INSERT INTO likes (like_id, liked_id, like_date) VALUES ("436","259","2017-07-29 07:07:32");
INSERT INTO likes (like_id, liked_id, like_date) VALUES ("436","412","2017-09-24 05:48:58");
INSERT INTO likes (like_id, liked_id, like_date) VALUES ("436","118","2017-12-16 02:05:32");
INSERT INTO likes (like_id, liked_id, like_date) VALUES ("436","310","2017-11-16 21:43:45");
INSERT INTO likes (like_id, liked_id, like_date) VALUES ("436","274","2017-06-23 12:52:01");


INSERT INTO user (id, first_name, last_name, username, email, password, birthdate, gender, orientation, bio, country, state, city, zip, file_1, file_2, file_3, file_4, file_5, score, token, token_date, active, register, created_at, updated_at) VALUES ("437","Arlie","Klein","ztorphy","alexys54@gerhold.com","$2y$10$pRVwAImjPThIBRPS0rJStO.NQNeddo3pSw7dQ2OE1EukdYxzsDg2u","1971-01-01 07:50:20","2","3","Iure ut quo aut delectus sed reiciendis voluptates. Et vero sint recusandae fuga mollitia. Quaerat a enim perferendis iure sed ut.","Reunion","","Kerlukeport","93005-0248","../fixtures/female9.jpg","../fixtures/female7.jpg","","","","63","080d127a12bcd57c7e868744814f9365","2007-09-14 16:18:21","1","1","1998-01-03 17:10:23","1993-10-08 10:12:34");
INSERT INTO user_tag (user_id, tag_id) VALUES ("437","5");
INSERT INTO user_tag (user_id, tag_id) VALUES ("437","47");
INSERT INTO user_tag (user_id, tag_id) VALUES ("437","10");
INSERT INTO user_tag (user_id, tag_id) VALUES ("437","38");
INSERT INTO user_tag (user_id, tag_id) VALUES ("437","39");
INSERT INTO user_tag (user_id, tag_id) VALUES ("437","11");
INSERT INTO user_tag (user_id, tag_id) VALUES ("437","39");
INSERT INTO user_tag (user_id, tag_id) VALUES ("437","8");
INSERT INTO user_tag (user_id, tag_id) VALUES ("437","27");
INSERT INTO user_tag (user_id, tag_id) VALUES ("437","18");


INSERT INTO likes (like_id, liked_id, like_date) VALUES ("437","55","2017-09-16 07:18:05");
INSERT INTO likes (like_id, liked_id, like_date) VALUES ("437","322","2017-05-14 05:55:39");
INSERT INTO likes (like_id, liked_id, like_date) VALUES ("437","247","2017-03-07 23:39:49");
INSERT INTO likes (like_id, liked_id, like_date) VALUES ("437","147","2017-09-20 02:35:22");
INSERT INTO likes (like_id, liked_id, like_date) VALUES ("437","233","2018-01-18 23:27:39");
INSERT INTO likes (like_id, liked_id, like_date) VALUES ("437","221","2017-11-13 12:55:10");
INSERT INTO likes (like_id, liked_id, like_date) VALUES ("437","222","2017-06-11 10:58:42");
INSERT INTO likes (like_id, liked_id, like_date) VALUES ("437","132","2017-04-19 09:34:26");
INSERT INTO likes (like_id, liked_id, like_date) VALUES ("437","27","2017-03-21 14:02:19");


INSERT INTO user (id, first_name, last_name, username, email, password, birthdate, gender, orientation, bio, country, state, city, zip, file_1, file_2, file_3, file_4, file_5, score, token, token_date, active, register, created_at, updated_at) VALUES ("438","River","Mohr","jerdeleann","paucek.coty@hotmail.com","$2y$10$3Gtv1iwIEqVnJbzAMEMWrePjfMSobBGHECMQFIgPwKekuq9W/JRZi","1979-09-09 05:53:44","2","2","Quis quam voluptate dicta facilis voluptas. Aut blanditiis molestiae mollitia id animi sunt distinctio praesentium. Saepe veniam rerum sit quas sapiente voluptatum. Aut dolores rem accusamus rerum. Ut necessitatibus eos reprehenderit magnam dolorum.","Somalia","","Port Victoriaton","46103","../fixtures/female6.jpg","../fixtures/female8.jpg","../fixtures/female6.jpg","","","72","b609941ca0b50b2a1ca112b954aff74c","1982-07-07 19:11:22","0","0","1988-01-05 22:28:36","2012-08-17 12:41:41");
INSERT INTO user_tag (user_id, tag_id) VALUES ("438","14");
INSERT INTO user_tag (user_id, tag_id) VALUES ("438","49");
INSERT INTO user_tag (user_id, tag_id) VALUES ("438","30");
INSERT INTO user_tag (user_id, tag_id) VALUES ("438","15");
INSERT INTO user_tag (user_id, tag_id) VALUES ("438","43");
INSERT INTO user_tag (user_id, tag_id) VALUES ("438","41");
INSERT INTO user_tag (user_id, tag_id) VALUES ("438","5");
INSERT INTO user_tag (user_id, tag_id) VALUES ("438","32");


INSERT INTO likes (like_id, liked_id, like_date) VALUES ("438","357","2017-09-28 15:43:22");


INSERT INTO user (id, first_name, last_name, username, email, password, birthdate, gender, orientation, bio, country, state, city, zip, file_1, file_2, file_3, file_4, file_5, score, token, token_date, active, register, created_at, updated_at) VALUES ("439","Retha","Quigley","neffertz","carroll.jackie@herzog.biz","$2y$10$kZcfIvkjZ4BHf/OyZ0zWTuxMCSeMvS2rWiOcEpPqhcOuhiQ3KQciu","1962-12-09 23:15:23","1","1","Quas ea consequatur mollitia quibusdam non. Quo eos id sapiente est. Ea magnam a magni nihil. Suscipit quaerat molestiae totam officia aliquid quia et.","Saint Vincent and the Grenadines","","Cathrineside","87189-9757","../fixtures/male3.jpg","../fixtures/male1.jpg","../fixtures/male7.jpg","../fixtures/male2.jpg","../fixtures/male6.jpg","72","2c23a0214eaa488b7bde463c3bd59b38","1985-01-24 18:21:27","0","0","1978-12-31 08:55:32","1982-05-11 22:40:47");
INSERT INTO user_tag (user_id, tag_id) VALUES ("439","22");
INSERT INTO user_tag (user_id, tag_id) VALUES ("439","10");
INSERT INTO user_tag (user_id, tag_id) VALUES ("439","18");
INSERT INTO user_tag (user_id, tag_id) VALUES ("439","27");
INSERT INTO user_tag (user_id, tag_id) VALUES ("439","36");
INSERT INTO user_tag (user_id, tag_id) VALUES ("439","8");
INSERT INTO user_tag (user_id, tag_id) VALUES ("439","35");
INSERT INTO user_tag (user_id, tag_id) VALUES ("439","35");


INSERT INTO likes (like_id, liked_id, like_date) VALUES ("439","499","2017-05-18 17:17:25");
INSERT INTO likes (like_id, liked_id, like_date) VALUES ("439","178","2018-01-05 05:07:53");


INSERT INTO user (id, first_name, last_name, username, email, password, birthdate, gender, orientation, bio, country, state, city, zip, file_1, file_2, file_3, file_4, file_5, score, token, token_date, active, register, created_at, updated_at) VALUES ("440","Antonina","Ratke","brendanleffler","myrl34@hotmail.com","$2y$10$xfy6fUTQpCj1G92Mu9fKlu/OU4xpH.n21WldXCBeN3eBHFdvyy1km","1997-03-03 00:50:12","1","3","Illum consequatur sint aliquam sit eius ad. Aspernatur incidunt molestiae magni corrupti eum tempore consequatur sed. Molestiae dolore est magnam libero tenetur. Enim laboriosam blanditiis aut aut est dolores dolores fugiat.","Cyprus","","New Owenstad","85241-8726","../fixtures/male9.jpg","","","","","94","2bb0a0211c779a0ae16db4233d4914fb","1972-08-17 10:25:36","1","1","1997-10-23 13:42:09","1971-11-06 13:17:18");
INSERT INTO user_tag (user_id, tag_id) VALUES ("440","20");
INSERT INTO user_tag (user_id, tag_id) VALUES ("440","28");
INSERT INTO user_tag (user_id, tag_id) VALUES ("440","24");
INSERT INTO user_tag (user_id, tag_id) VALUES ("440","39");
INSERT INTO user_tag (user_id, tag_id) VALUES ("440","39");
INSERT INTO user_tag (user_id, tag_id) VALUES ("440","3");
INSERT INTO user_tag (user_id, tag_id) VALUES ("440","40");


INSERT INTO likes (like_id, liked_id, like_date) VALUES ("440","358","2018-01-23 07:45:32");
INSERT INTO likes (like_id, liked_id, like_date) VALUES ("440","184","2018-02-02 19:11:32");
INSERT INTO likes (like_id, liked_id, like_date) VALUES ("440","410","2018-02-04 21:45:12");
INSERT INTO likes (like_id, liked_id, like_date) VALUES ("440","206","2017-03-31 20:19:26");
INSERT INTO likes (like_id, liked_id, like_date) VALUES ("440","190","2017-02-14 00:58:54");


INSERT INTO user (id, first_name, last_name, username, email, password, birthdate, gender, orientation, bio, country, state, city, zip, file_1, file_2, file_3, file_4, file_5, score, token, token_date, active, register, created_at, updated_at) VALUES ("441","Luz","Oberbrunner","kelsieschamberger","hirthe.isabel@yahoo.com","$2y$10$wf4qJJTZtgliGiB0FssXTubuUCdtltYUihf6BIPa6USIU4CEpsLDG","1954-07-16 22:06:54","2","1","Sint optio eaque enim odio architecto qui dolorum. Harum culpa perferendis quia distinctio. Aut explicabo dolorem magnam quia ullam necessitatibus. Unde aut suscipit quibusdam sint aperiam et. Consequatur aut eum quia pariatur quis.","Eritrea","","Lake Jeromybury","22182-2231","../fixtures/female9.jpg","../fixtures/female2.jpg","../fixtures/female1.jpg","","","98","c3cddee1dc55dce5520409fcbe62b3e1","1997-02-19 14:51:30","1","1","2007-05-08 17:54:04","2009-06-26 13:57:38");
INSERT INTO user_tag (user_id, tag_id) VALUES ("441","49");
INSERT INTO user_tag (user_id, tag_id) VALUES ("441","47");
INSERT INTO user_tag (user_id, tag_id) VALUES ("441","44");
INSERT INTO user_tag (user_id, tag_id) VALUES ("441","10");
INSERT INTO user_tag (user_id, tag_id) VALUES ("441","20");
INSERT INTO user_tag (user_id, tag_id) VALUES ("441","5");
INSERT INTO user_tag (user_id, tag_id) VALUES ("441","10");
INSERT INTO user_tag (user_id, tag_id) VALUES ("441","45");
INSERT INTO user_tag (user_id, tag_id) VALUES ("441","20");
INSERT INTO user_tag (user_id, tag_id) VALUES ("441","40");
INSERT INTO user_tag (user_id, tag_id) VALUES ("441","2");
INSERT INTO user_tag (user_id, tag_id) VALUES ("441","16");
INSERT INTO user_tag (user_id, tag_id) VALUES ("441","42");
INSERT INTO user_tag (user_id, tag_id) VALUES ("441","12");
INSERT INTO user_tag (user_id, tag_id) VALUES ("441","38");


INSERT INTO likes (like_id, liked_id, like_date) VALUES ("441","262","2017-06-24 05:14:05");
INSERT INTO likes (like_id, liked_id, like_date) VALUES ("441","484","2017-03-22 19:03:43");
INSERT INTO likes (like_id, liked_id, like_date) VALUES ("441","196","2017-03-27 18:02:48");


INSERT INTO user (id, first_name, last_name, username, email, password, birthdate, gender, orientation, bio, country, state, city, zip, file_1, file_2, file_3, file_4, file_5, score, token, token_date, active, register, created_at, updated_at) VALUES ("442","Jorge","Raynor","daishasawayn","melyna32@jacobson.com","$2y$10$T.xeAJCpQDvoz.jjc2vcYePNslsdoshSdZ0Yg1Yz4eMn.rd/Q5bza","1949-10-09 22:00:36","1","2","Pariatur quis praesentium iure velit non reiciendis et. Quod nihil est dolor dicta odio quisquam. Facere id totam eos recusandae exercitationem.","United States Virgin Islands","","Andreannemouth","38484","../fixtures/male3.jpg","","","","","96","acaa223b57fb04f7a6fd4254db43476e","1975-10-29 11:02:00","1","1","1971-06-15 15:07:21","1998-05-23 06:43:03");
INSERT INTO user_tag (user_id, tag_id) VALUES ("442","30");
INSERT INTO user_tag (user_id, tag_id) VALUES ("442","44");
INSERT INTO user_tag (user_id, tag_id) VALUES ("442","15");
INSERT INTO user_tag (user_id, tag_id) VALUES ("442","42");
INSERT INTO user_tag (user_id, tag_id) VALUES ("442","40");
INSERT INTO user_tag (user_id, tag_id) VALUES ("442","31");
INSERT INTO user_tag (user_id, tag_id) VALUES ("442","21");
INSERT INTO user_tag (user_id, tag_id) VALUES ("442","26");
INSERT INTO user_tag (user_id, tag_id) VALUES ("442","17");
INSERT INTO user_tag (user_id, tag_id) VALUES ("442","17");
INSERT INTO user_tag (user_id, tag_id) VALUES ("442","39");
INSERT INTO user_tag (user_id, tag_id) VALUES ("442","50");


INSERT INTO likes (like_id, liked_id, like_date) VALUES ("442","241","2017-12-06 09:09:02");
INSERT INTO likes (like_id, liked_id, like_date) VALUES ("442","239","2017-11-23 04:45:13");
INSERT INTO likes (like_id, liked_id, like_date) VALUES ("442","133","2017-10-07 02:48:58");
INSERT INTO likes (like_id, liked_id, like_date) VALUES ("442","288","2017-12-23 13:58:33");
INSERT INTO likes (like_id, liked_id, like_date) VALUES ("442","463","2017-05-04 12:09:00");
INSERT INTO likes (like_id, liked_id, like_date) VALUES ("442","141","2017-09-16 14:15:07");
INSERT INTO likes (like_id, liked_id, like_date) VALUES ("442","19","2017-06-13 00:26:14");
INSERT INTO likes (like_id, liked_id, like_date) VALUES ("442","308","2017-05-17 22:00:21");
INSERT INTO likes (like_id, liked_id, like_date) VALUES ("442","67","2017-10-04 09:33:06");
INSERT INTO likes (like_id, liked_id, like_date) VALUES ("442","152","2017-05-31 09:51:59");
INSERT INTO likes (like_id, liked_id, like_date) VALUES ("442","16","2017-03-18 02:25:02");
INSERT INTO likes (like_id, liked_id, like_date) VALUES ("442","314","2017-07-06 14:02:46");
INSERT INTO likes (like_id, liked_id, like_date) VALUES ("442","456","2017-07-13 17:08:15");
INSERT INTO likes (like_id, liked_id, like_date) VALUES ("442","399","2017-11-07 09:27:34");
INSERT INTO likes (like_id, liked_id, like_date) VALUES ("442","188","2017-04-09 00:42:23");
INSERT INTO likes (like_id, liked_id, like_date) VALUES ("442","199","2017-08-11 00:14:09");


INSERT INTO user (id, first_name, last_name, username, email, password, birthdate, gender, orientation, bio, country, state, city, zip, file_1, file_2, file_3, file_4, file_5, score, token, token_date, active, register, created_at, updated_at) VALUES ("443","Kaitlin","Jenkins","wyatt54","maxine72@marks.com","$2y$10$bU.pvbDm1rnhhS7de/NYK.UXn3QPru6CE.VE0ejCwCrXUQZ1h5b12","1959-08-26 17:54:11","1","1","Fugit quo sit tempora numquam. Aut odit quidem eos vel. Doloremque et earum deleniti tenetur nihil totam nulla. Amet dolorem et et non.","Benin","","Mackview","60878-7572","../fixtures/male2.jpg","../fixtures/male7.jpg","../fixtures/male5.jpg","","","4","abd15e295bac40931fc96cccb65e7802","1982-01-03 17:05:13","0","0","2006-10-11 14:29:20","1995-09-17 07:19:28");
INSERT INTO user_tag (user_id, tag_id) VALUES ("443","31");
INSERT INTO user_tag (user_id, tag_id) VALUES ("443","18");
INSERT INTO user_tag (user_id, tag_id) VALUES ("443","7");


INSERT INTO likes (like_id, liked_id, like_date) VALUES ("443","311","2017-09-23 10:34:27");
INSERT INTO likes (like_id, liked_id, like_date) VALUES ("443","292","2017-10-02 09:50:16");
INSERT INTO likes (like_id, liked_id, like_date) VALUES ("443","492","2018-01-27 09:36:26");
INSERT INTO likes (like_id, liked_id, like_date) VALUES ("443","191","2017-03-09 19:33:03");
INSERT INTO likes (like_id, liked_id, like_date) VALUES ("443","340","2018-02-09 11:33:08");
INSERT INTO likes (like_id, liked_id, like_date) VALUES ("443","70","2017-03-21 00:30:59");
INSERT INTO likes (like_id, liked_id, like_date) VALUES ("443","49","2017-03-22 14:17:23");
INSERT INTO likes (like_id, liked_id, like_date) VALUES ("443","258","2017-04-03 19:02:35");
INSERT INTO likes (like_id, liked_id, like_date) VALUES ("443","291","2017-05-16 17:02:00");
INSERT INTO likes (like_id, liked_id, like_date) VALUES ("443","301","2017-05-27 17:46:34");


INSERT INTO user (id, first_name, last_name, username, email, password, birthdate, gender, orientation, bio, country, state, city, zip, file_1, file_2, file_3, file_4, file_5, score, token, token_date, active, register, created_at, updated_at) VALUES ("444","Athena","Kertzmann","xraynor","nellie63@hotmail.com","$2y$10$Cg1sZjZU0L0p5wJoOD3lduFC6IRt4n/N92fzEtLrjXELp2CwmFjmO","1972-11-11 22:14:40","2","3","Asperiores culpa numquam et eaque voluptatem consequatur. Assumenda repellat quae ea a nobis. Ut vitae sed consectetur non. Assumenda voluptas sapiente provident rem quam non.","Bouvet Island (Bouvetoya)","","East Elsehaven","43561","../fixtures/female10.jpg","../fixtures/female7.jpg","../fixtures/female4.jpg","../fixtures/female9.jpg","","9","c8ee60dfd48def995e7d9a941439e0ff","1994-02-05 19:52:21","1","1","1998-04-12 17:04:14","1988-07-09 23:17:36");
INSERT INTO user_tag (user_id, tag_id) VALUES ("444","41");
INSERT INTO user_tag (user_id, tag_id) VALUES ("444","28");
INSERT INTO user_tag (user_id, tag_id) VALUES ("444","33");
INSERT INTO user_tag (user_id, tag_id) VALUES ("444","2");
INSERT INTO user_tag (user_id, tag_id) VALUES ("444","32");
INSERT INTO user_tag (user_id, tag_id) VALUES ("444","30");
INSERT INTO user_tag (user_id, tag_id) VALUES ("444","31");
INSERT INTO user_tag (user_id, tag_id) VALUES ("444","40");


INSERT INTO likes (like_id, liked_id, like_date) VALUES ("444","8","2017-09-25 02:40:01");
INSERT INTO likes (like_id, liked_id, like_date) VALUES ("444","421","2018-01-23 06:54:19");
INSERT INTO likes (like_id, liked_id, like_date) VALUES ("444","342","2017-09-20 20:45:42");
INSERT INTO likes (like_id, liked_id, like_date) VALUES ("444","164","2017-11-08 06:38:13");
INSERT INTO likes (like_id, liked_id, like_date) VALUES ("444","174","2017-02-24 03:19:01");
INSERT INTO likes (like_id, liked_id, like_date) VALUES ("444","286","2017-05-04 16:22:05");
INSERT INTO likes (like_id, liked_id, like_date) VALUES ("444","137","2017-07-06 09:29:30");
INSERT INTO likes (like_id, liked_id, like_date) VALUES ("444","352","2017-03-01 18:15:07");
INSERT INTO likes (like_id, liked_id, like_date) VALUES ("444","255","2017-12-12 09:44:06");
INSERT INTO likes (like_id, liked_id, like_date) VALUES ("444","239","2017-03-24 09:22:39");
INSERT INTO likes (like_id, liked_id, like_date) VALUES ("444","184","2017-04-11 15:27:58");
INSERT INTO likes (like_id, liked_id, like_date) VALUES ("444","236","2017-02-26 03:04:20");
INSERT INTO likes (like_id, liked_id, like_date) VALUES ("444","479","2017-02-19 12:45:51");
INSERT INTO likes (like_id, liked_id, like_date) VALUES ("444","405","2017-03-25 20:02:36");
INSERT INTO likes (like_id, liked_id, like_date) VALUES ("444","457","2018-01-12 12:14:29");
INSERT INTO likes (like_id, liked_id, like_date) VALUES ("444","62","2017-07-17 15:41:12");
INSERT INTO likes (like_id, liked_id, like_date) VALUES ("444","277","2017-11-16 08:54:15");
INSERT INTO likes (like_id, liked_id, like_date) VALUES ("444","80","2017-09-08 03:52:55");


INSERT INTO user (id, first_name, last_name, username, email, password, birthdate, gender, orientation, bio, country, state, city, zip, file_1, file_2, file_3, file_4, file_5, score, token, token_date, active, register, created_at, updated_at) VALUES ("445","Carson","Haley","kocharielle","orlando.franecki@hotmail.com","$2y$10$1BMGNDACjiEzQUNGguNnA.RL8wNm7DkhTEjWveaz9/OaLXT25/qae","1960-03-04 04:23:47","2","3","A quo quibusdam officia itaque. Animi quo sint repudiandae labore. Iusto reiciendis qui asperiores sunt. Distinctio praesentium molestias perferendis esse neque nihil dolorum animi.","Guyana","","South Ariside","04643-6605","../fixtures/female9.jpg","../fixtures/female7.jpg","../fixtures/female6.jpg","../fixtures/female10.jpg","","76","f7cf1168b0ce6b06e56d8fc4357e40a1","1977-03-30 21:30:13","1","1","2005-09-26 20:46:17","1981-04-02 19:11:50");
INSERT INTO user_tag (user_id, tag_id) VALUES ("445","47");
INSERT INTO user_tag (user_id, tag_id) VALUES ("445","8");
INSERT INTO user_tag (user_id, tag_id) VALUES ("445","31");
INSERT INTO user_tag (user_id, tag_id) VALUES ("445","35");
INSERT INTO user_tag (user_id, tag_id) VALUES ("445","28");
INSERT INTO user_tag (user_id, tag_id) VALUES ("445","16");
INSERT INTO user_tag (user_id, tag_id) VALUES ("445","17");
INSERT INTO user_tag (user_id, tag_id) VALUES ("445","38");
INSERT INTO user_tag (user_id, tag_id) VALUES ("445","5");
INSERT INTO user_tag (user_id, tag_id) VALUES ("445","7");
INSERT INTO user_tag (user_id, tag_id) VALUES ("445","38");
INSERT INTO user_tag (user_id, tag_id) VALUES ("445","30");
INSERT INTO user_tag (user_id, tag_id) VALUES ("445","15");
INSERT INTO user_tag (user_id, tag_id) VALUES ("445","14");


INSERT INTO likes (like_id, liked_id, like_date) VALUES ("445","275","2017-10-05 19:26:18");
INSERT INTO likes (like_id, liked_id, like_date) VALUES ("445","153","2017-05-07 07:36:34");
INSERT INTO likes (like_id, liked_id, like_date) VALUES ("445","230","2017-07-11 02:08:21");
INSERT INTO likes (like_id, liked_id, like_date) VALUES ("445","14","2017-09-13 03:56:36");
INSERT INTO likes (like_id, liked_id, like_date) VALUES ("445","277","2017-04-04 16:10:51");


INSERT INTO user (id, first_name, last_name, username, email, password, birthdate, gender, orientation, bio, country, state, city, zip, file_1, file_2, file_3, file_4, file_5, score, token, token_date, active, register, created_at, updated_at) VALUES ("446","Amelie","Pacocha","jward","chelsey92@hotmail.com","$2y$10$Jo.agQf8mpcjxVeDWjMOr.VuTk8f5feZ4i64XQImtIy6PI2TejNWG","1955-02-24 10:10:25","2","3","Quod quibusdam vero tempore. Officia eos consequatur nostrum sunt soluta et. Dolorem ea maiores est et eos fugiat non. Delectus repellendus necessitatibus temporibus tenetur.","Tunisia","","Starkville","13328-8397","../fixtures/female9.jpg","../fixtures/female9.jpg","../fixtures/female7.jpg","../fixtures/female1.jpg","","31","9540e15941d18897ea471bf548986673","1989-05-21 22:36:39","0","0","1987-10-18 00:25:12","1988-08-21 05:27:19");
INSERT INTO user_tag (user_id, tag_id) VALUES ("446","29");
INSERT INTO user_tag (user_id, tag_id) VALUES ("446","36");
INSERT INTO user_tag (user_id, tag_id) VALUES ("446","30");
INSERT INTO user_tag (user_id, tag_id) VALUES ("446","49");
INSERT INTO user_tag (user_id, tag_id) VALUES ("446","49");
INSERT INTO user_tag (user_id, tag_id) VALUES ("446","8");
INSERT INTO user_tag (user_id, tag_id) VALUES ("446","31");
INSERT INTO user_tag (user_id, tag_id) VALUES ("446","3");
INSERT INTO user_tag (user_id, tag_id) VALUES ("446","32");
INSERT INTO user_tag (user_id, tag_id) VALUES ("446","16");
INSERT INTO user_tag (user_id, tag_id) VALUES ("446","19");


INSERT INTO likes (like_id, liked_id, like_date) VALUES ("446","142","2017-02-25 21:45:32");
INSERT INTO likes (like_id, liked_id, like_date) VALUES ("446","334","2017-11-04 17:27:55");
INSERT INTO likes (like_id, liked_id, like_date) VALUES ("446","499","2017-10-21 16:35:39");
INSERT INTO likes (like_id, liked_id, like_date) VALUES ("446","320","2017-02-21 09:04:59");
INSERT INTO likes (like_id, liked_id, like_date) VALUES ("446","312","2017-09-28 07:28:01");
INSERT INTO likes (like_id, liked_id, like_date) VALUES ("446","128","2017-05-19 04:21:30");
INSERT INTO likes (like_id, liked_id, like_date) VALUES ("446","435","2017-05-15 16:13:48");
INSERT INTO likes (like_id, liked_id, like_date) VALUES ("446","447","2017-08-12 16:10:39");
INSERT INTO likes (like_id, liked_id, like_date) VALUES ("446","141","2017-06-30 04:56:54");
INSERT INTO likes (like_id, liked_id, like_date) VALUES ("446","273","2017-07-14 19:24:35");
INSERT INTO likes (like_id, liked_id, like_date) VALUES ("446","30","2017-07-31 00:52:12");
INSERT INTO likes (like_id, liked_id, like_date) VALUES ("446","96","2017-08-04 21:38:37");
INSERT INTO likes (like_id, liked_id, like_date) VALUES ("446","298","2018-01-13 05:31:25");
INSERT INTO likes (like_id, liked_id, like_date) VALUES ("446","248","2017-08-22 19:30:27");
INSERT INTO likes (like_id, liked_id, like_date) VALUES ("446","358","2017-04-10 21:10:54");
INSERT INTO likes (like_id, liked_id, like_date) VALUES ("446","224","2017-06-29 00:06:12");
INSERT INTO likes (like_id, liked_id, like_date) VALUES ("446","231","2017-08-02 09:33:10");
INSERT INTO likes (like_id, liked_id, like_date) VALUES ("446","268","2017-10-04 09:57:46");
INSERT INTO likes (like_id, liked_id, like_date) VALUES ("446","238","2017-05-07 04:47:37");


INSERT INTO user (id, first_name, last_name, username, email, password, birthdate, gender, orientation, bio, country, state, city, zip, file_1, file_2, file_3, file_4, file_5, score, token, token_date, active, register, created_at, updated_at) VALUES ("447","Cecelia","Armstrong","douglaskellie","kameron05@mante.com","$2y$10$oNQSa1BY66ZgQ0J5xrhz7uCgN1/4E7GeXAQKXsKa8PHBM7Sx8nkB6","1962-12-16 22:02:36","1","1","Distinctio dolores est aut qui voluptatem culpa nemo. Dolorem voluptas impedit repudiandae non optio. Esse optio dolorem optio non id totam quasi.","Antigua and Barbuda","","East Adrianna","23840","../fixtures/male5.jpg","../fixtures/male1.jpg","","","","61","ca79aaf3d6a32f2b3c4ced656d26050d","1987-11-01 17:23:59","0","0","1975-03-30 15:11:15","1993-02-04 05:21:30");
INSERT INTO user_tag (user_id, tag_id) VALUES ("447","22");


INSERT INTO likes (like_id, liked_id, like_date) VALUES ("447","313","2017-03-07 04:38:09");
INSERT INTO likes (like_id, liked_id, like_date) VALUES ("447","356","2017-08-29 22:53:48");
INSERT INTO likes (like_id, liked_id, like_date) VALUES ("447","115","2017-11-22 12:35:10");
INSERT INTO likes (like_id, liked_id, like_date) VALUES ("447","274","2018-02-10 14:39:45");
INSERT INTO likes (like_id, liked_id, like_date) VALUES ("447","7","2017-05-18 14:29:06");
INSERT INTO likes (like_id, liked_id, like_date) VALUES ("447","476","2017-11-23 13:53:56");
INSERT INTO likes (like_id, liked_id, like_date) VALUES ("447","469","2017-10-26 05:27:14");
INSERT INTO likes (like_id, liked_id, like_date) VALUES ("447","492","2017-03-12 16:02:16");
INSERT INTO likes (like_id, liked_id, like_date) VALUES ("447","406","2017-06-29 15:41:28");


INSERT INTO user (id, first_name, last_name, username, email, password, birthdate, gender, orientation, bio, country, state, city, zip, file_1, file_2, file_3, file_4, file_5, score, token, token_date, active, register, created_at, updated_at) VALUES ("448","Rosendo","Trantow","avery19","theron.schmeler@kuvalis.com","$2y$10$B3QCLDDN4kGvw781z2hwRe60pPAZTCgcRieXP54VMpNIl0bWrEFKC","1949-11-20 08:44:05","1","1","Amet dolor eos quo sunt sunt laboriosam. Illum laudantium laboriosam vero porro totam. Iusto dignissimos ipsa quia sed aliquid sit aliquid nesciunt. Necessitatibus sequi ab vitae eius omnis. Qui quis et nihil et incidunt dolor sed.","Aruba","","Lake Louland","61780","../fixtures/male10.jpg","../fixtures/male8.jpg","../fixtures/male6.jpg","","","90","923265a5e96f1069d0e1a0031e615765","1978-02-15 21:23:11","1","0","2003-08-03 07:10:55","2014-06-20 05:55:41");
INSERT INTO user_tag (user_id, tag_id) VALUES ("448","41");
INSERT INTO user_tag (user_id, tag_id) VALUES ("448","5");
INSERT INTO user_tag (user_id, tag_id) VALUES ("448","34");
INSERT INTO user_tag (user_id, tag_id) VALUES ("448","44");
INSERT INTO user_tag (user_id, tag_id) VALUES ("448","22");


INSERT INTO likes (like_id, liked_id, like_date) VALUES ("448","270","2017-09-22 02:40:31");
INSERT INTO likes (like_id, liked_id, like_date) VALUES ("448","492","2017-03-15 15:58:51");
INSERT INTO likes (like_id, liked_id, like_date) VALUES ("448","480","2017-05-18 13:25:55");
INSERT INTO likes (like_id, liked_id, like_date) VALUES ("448","185","2017-07-07 02:58:35");
INSERT INTO likes (like_id, liked_id, like_date) VALUES ("448","368","2017-04-02 17:49:55");


INSERT INTO user (id, first_name, last_name, username, email, password, birthdate, gender, orientation, bio, country, state, city, zip, file_1, file_2, file_3, file_4, file_5, score, token, token_date, active, register, created_at, updated_at) VALUES ("449","Ena","Waters","nicolasaddison","kklein@heidenreich.com","$2y$10$E3sS4/pGQigiaLe1J4mi9.ATrOUfKjUreEbdXGABRJLqAH2yqm98y","1962-03-13 17:59:49","2","1","Molestiae culpa voluptas laudantium ipsa aliquid quidem. Ratione quibusdam eum eligendi exercitationem ut ut est. Quia corrupti in recusandae.","Sao Tome and Principe","","Bruenberg","26937-0756","../fixtures/female1.jpg","../fixtures/female9.jpg","../fixtures/female2.jpg","../fixtures/female10.jpg","","53","5f1447b856c1b5dca87201502119ace3","1980-11-25 23:59:56","1","0","1981-10-20 23:06:11","1986-10-04 23:54:53");
INSERT INTO user_tag (user_id, tag_id) VALUES ("449","34");
INSERT INTO user_tag (user_id, tag_id) VALUES ("449","8");
INSERT INTO user_tag (user_id, tag_id) VALUES ("449","22");
INSERT INTO user_tag (user_id, tag_id) VALUES ("449","24");
INSERT INTO user_tag (user_id, tag_id) VALUES ("449","13");
INSERT INTO user_tag (user_id, tag_id) VALUES ("449","43");
INSERT INTO user_tag (user_id, tag_id) VALUES ("449","12");
INSERT INTO user_tag (user_id, tag_id) VALUES ("449","7");
INSERT INTO user_tag (user_id, tag_id) VALUES ("449","15");
INSERT INTO user_tag (user_id, tag_id) VALUES ("449","15");
INSERT INTO user_tag (user_id, tag_id) VALUES ("449","50");
INSERT INTO user_tag (user_id, tag_id) VALUES ("449","14");
INSERT INTO user_tag (user_id, tag_id) VALUES ("449","36");
INSERT INTO user_tag (user_id, tag_id) VALUES ("449","39");
INSERT INTO user_tag (user_id, tag_id) VALUES ("449","43");


INSERT INTO likes (like_id, liked_id, like_date) VALUES ("449","126","2017-08-27 01:12:09");
INSERT INTO likes (like_id, liked_id, like_date) VALUES ("449","238","2017-11-21 04:07:09");
INSERT INTO likes (like_id, liked_id, like_date) VALUES ("449","309","2017-05-22 12:15:45");
INSERT INTO likes (like_id, liked_id, like_date) VALUES ("449","143","2017-11-28 17:51:04");
INSERT INTO likes (like_id, liked_id, like_date) VALUES ("449","99","2017-12-21 03:36:41");
INSERT INTO likes (like_id, liked_id, like_date) VALUES ("449","500","2017-12-31 09:16:52");
INSERT INTO likes (like_id, liked_id, like_date) VALUES ("449","24","2017-09-30 16:53:46");
INSERT INTO likes (like_id, liked_id, like_date) VALUES ("449","152","2017-02-23 20:12:50");
INSERT INTO likes (like_id, liked_id, like_date) VALUES ("449","229","2017-11-16 04:08:01");
INSERT INTO likes (like_id, liked_id, like_date) VALUES ("449","203","2017-10-24 08:25:15");
INSERT INTO likes (like_id, liked_id, like_date) VALUES ("449","201","2017-05-29 11:03:33");
INSERT INTO likes (like_id, liked_id, like_date) VALUES ("449","206","2017-04-01 19:52:31");
INSERT INTO likes (like_id, liked_id, like_date) VALUES ("449","252","2017-10-01 10:17:00");
INSERT INTO likes (like_id, liked_id, like_date) VALUES ("449","45","2017-03-04 09:16:31");


INSERT INTO user (id, first_name, last_name, username, email, password, birthdate, gender, orientation, bio, country, state, city, zip, file_1, file_2, file_3, file_4, file_5, score, token, token_date, active, register, created_at, updated_at) VALUES ("450","Franco","Hermiston","kschmidt","alvina14@bins.org","$2y$10$CuFRo.f5JLtP1AGbY60Ns.7Jp5KER.0dEdpI2TR3NEkcTRTUpoUIm","1995-12-03 12:34:50","1","3","Voluptatem animi labore amet velit. Possimus alias fugiat similique ex debitis. Alias rem quo sunt numquam.","Guam","","East Olinburgh","62562","../fixtures/male5.jpg","../fixtures/male3.jpg","","","","60","67204b877be3e17829ba3214754d97c8","1988-01-15 12:05:15","1","1","1982-04-19 23:17:04","1988-05-24 14:52:31");
INSERT INTO user_tag (user_id, tag_id) VALUES ("450","21");
INSERT INTO user_tag (user_id, tag_id) VALUES ("450","28");
INSERT INTO user_tag (user_id, tag_id) VALUES ("450","16");
INSERT INTO user_tag (user_id, tag_id) VALUES ("450","48");


INSERT INTO likes (like_id, liked_id, like_date) VALUES ("450","466","2017-09-09 19:27:53");
INSERT INTO likes (like_id, liked_id, like_date) VALUES ("450","188","2018-01-07 16:08:34");
INSERT INTO likes (like_id, liked_id, like_date) VALUES ("450","354","2017-03-08 20:54:32");
INSERT INTO likes (like_id, liked_id, like_date) VALUES ("450","172","2017-10-14 12:42:55");
INSERT INTO likes (like_id, liked_id, like_date) VALUES ("450","240","2018-01-25 15:50:14");
INSERT INTO likes (like_id, liked_id, like_date) VALUES ("450","12","2017-04-18 12:48:02");
INSERT INTO likes (like_id, liked_id, like_date) VALUES ("450","429","2018-02-08 17:35:52");


INSERT INTO user (id, first_name, last_name, username, email, password, birthdate, gender, orientation, bio, country, state, city, zip, file_1, file_2, file_3, file_4, file_5, score, token, token_date, active, register, created_at, updated_at) VALUES ("451","Colt","Cassin","whitekade","carson81@gulgowski.com","$2y$10$1ujA3ZRzb6C72amx6qM3ueGcNtLhXePznV8h0ET5nTL/9jiiqHHtq","1961-10-23 02:02:46","2","2","Quasi necessitatibus non quia hic. Omnis assumenda aspernatur eveniet rerum magni. Velit officiis ad porro. Labore dolorem non quibusdam nihil quisquam quidem consequatur.","Reunion","","North Wilmershire","66807-8705","../fixtures/female8.jpg","../fixtures/female8.jpg","../fixtures/female2.jpg","../fixtures/female3.jpg","","79","008c97bbda05c407af370224ff9234a1","2013-07-20 16:16:11","1","0","2012-05-29 23:09:32","1981-03-13 16:24:23");
INSERT INTO user_tag (user_id, tag_id) VALUES ("451","6");
INSERT INTO user_tag (user_id, tag_id) VALUES ("451","49");
INSERT INTO user_tag (user_id, tag_id) VALUES ("451","45");
INSERT INTO user_tag (user_id, tag_id) VALUES ("451","31");
INSERT INTO user_tag (user_id, tag_id) VALUES ("451","35");
INSERT INTO user_tag (user_id, tag_id) VALUES ("451","49");


INSERT INTO likes (like_id, liked_id, like_date) VALUES ("451","211","2018-01-25 19:47:45");
INSERT INTO likes (like_id, liked_id, like_date) VALUES ("451","63","2017-08-20 03:27:15");


INSERT INTO user (id, first_name, last_name, username, email, password, birthdate, gender, orientation, bio, country, state, city, zip, file_1, file_2, file_3, file_4, file_5, score, token, token_date, active, register, created_at, updated_at) VALUES ("452","Elijah","Maggio","lconroy","myah.donnelly@hotmail.com","$2y$10$vqZPwSMC7BSfvn0RwLmjDeuRNHLYJddNyvoerhdeqns//IjM0xIFG","1966-03-01 08:55:10","1","2","Dolores maiores rerum libero vel sed similique. Nam cupiditate inventore consectetur ipsam eos. Sit cum eligendi in. Velit vel id et adipisci qui vel ratione. Culpa corporis laudantium aliquid atque.","Croatia","","Hartmanntown","46131","../fixtures/male1.jpg","../fixtures/male6.jpg","","","","62","fe5ac61a45f3e2832aefb8cf94bc81f9","1996-06-29 09:10:43","0","0","2009-07-03 14:48:15","1998-08-28 22:30:08");
INSERT INTO user_tag (user_id, tag_id) VALUES ("452","45");


INSERT INTO likes (like_id, liked_id, like_date) VALUES ("452","457","2017-12-11 07:25:44");
INSERT INTO likes (like_id, liked_id, like_date) VALUES ("452","201","2017-12-24 12:58:45");
INSERT INTO likes (like_id, liked_id, like_date) VALUES ("452","381","2018-02-06 01:07:28");
INSERT INTO likes (like_id, liked_id, like_date) VALUES ("452","266","2017-12-13 16:45:08");
INSERT INTO likes (like_id, liked_id, like_date) VALUES ("452","201","2017-05-04 08:47:04");
INSERT INTO likes (like_id, liked_id, like_date) VALUES ("452","133","2017-05-11 03:27:39");
INSERT INTO likes (like_id, liked_id, like_date) VALUES ("452","343","2018-02-07 08:51:41");
INSERT INTO likes (like_id, liked_id, like_date) VALUES ("452","383","2017-06-12 00:04:17");
INSERT INTO likes (like_id, liked_id, like_date) VALUES ("452","129","2017-05-16 23:13:13");
INSERT INTO likes (like_id, liked_id, like_date) VALUES ("452","26","2017-03-09 14:54:22");
INSERT INTO likes (like_id, liked_id, like_date) VALUES ("452","151","2017-05-25 23:18:16");
INSERT INTO likes (like_id, liked_id, like_date) VALUES ("452","304","2017-04-23 14:41:36");
INSERT INTO likes (like_id, liked_id, like_date) VALUES ("452","322","2017-05-29 06:14:02");
INSERT INTO likes (like_id, liked_id, like_date) VALUES ("452","104","2017-10-09 03:31:31");
INSERT INTO likes (like_id, liked_id, like_date) VALUES ("452","43","2017-02-16 13:51:56");
INSERT INTO likes (like_id, liked_id, like_date) VALUES ("452","334","2017-10-21 16:44:26");


INSERT INTO user (id, first_name, last_name, username, email, password, birthdate, gender, orientation, bio, country, state, city, zip, file_1, file_2, file_3, file_4, file_5, score, token, token_date, active, register, created_at, updated_at) VALUES ("453","Reymundo","Fadel","trevoreffertz","van61@stehr.com","$2y$10$SNn2pxvDVdNiNeYzMq/S8OK5zC7BgYQHj17T22pS3Wmg4iN79s6IO","1952-06-29 11:21:26","1","2","Incidunt sint enim aut placeat sapiente. Eius cum molestias quia et odit. Rerum nihil corrupti accusamus vitae. Recusandae temporibus et facilis. Voluptatibus quia quidem atque et sapiente voluptatem ut.","Ghana","","Port Ahmedstad","91862-2290","../fixtures/male8.jpg","../fixtures/male7.jpg","../fixtures/male9.jpg","","","0","4f71720445f6c9ab03a08163181b9822","1992-08-13 15:36:55","0","0","1995-05-21 03:37:56","2017-08-17 22:49:48");
INSERT INTO user_tag (user_id, tag_id) VALUES ("453","11");
INSERT INTO user_tag (user_id, tag_id) VALUES ("453","44");
INSERT INTO user_tag (user_id, tag_id) VALUES ("453","1");
INSERT INTO user_tag (user_id, tag_id) VALUES ("453","25");


INSERT INTO likes (like_id, liked_id, like_date) VALUES ("453","245","2017-08-09 16:47:10");
INSERT INTO likes (like_id, liked_id, like_date) VALUES ("453","307","2017-09-15 03:13:05");


INSERT INTO user (id, first_name, last_name, username, email, password, birthdate, gender, orientation, bio, country, state, city, zip, file_1, file_2, file_3, file_4, file_5, score, token, token_date, active, register, created_at, updated_at) VALUES ("454","Dax","Harris","milliepowlowski","ramona.brown@hotmail.com","$2y$10$BNIavgJ1W6UHvmkbR/Mk1uospRF5K7ZHo/RkpcKWePggKIN.lrWCa","1997-03-12 00:47:28","2","3","Maiores fugit maxime similique inventore architecto. Sed et ea et architecto. Occaecati sunt suscipit corrupti eveniet.","Tonga","","Herzogview","28559-9385","../fixtures/female10.jpg","../fixtures/female1.jpg","../fixtures/female9.jpg","../fixtures/female6.jpg","","98","90f22a60c70748500fcc7be3745d13ba","2001-06-15 16:50:12","0","0","1998-02-13 04:17:52","1970-04-03 20:35:31");
INSERT INTO user_tag (user_id, tag_id) VALUES ("454","45");
INSERT INTO user_tag (user_id, tag_id) VALUES ("454","47");
INSERT INTO user_tag (user_id, tag_id) VALUES ("454","12");
INSERT INTO user_tag (user_id, tag_id) VALUES ("454","38");


INSERT INTO likes (like_id, liked_id, like_date) VALUES ("454","236","2017-08-13 16:15:36");
INSERT INTO likes (like_id, liked_id, like_date) VALUES ("454","372","2017-09-22 10:13:44");
INSERT INTO likes (like_id, liked_id, like_date) VALUES ("454","366","2017-12-14 01:37:01");
INSERT INTO likes (like_id, liked_id, like_date) VALUES ("454","485","2017-06-25 12:36:48");
INSERT INTO likes (like_id, liked_id, like_date) VALUES ("454","7","2017-10-03 05:13:24");
INSERT INTO likes (like_id, liked_id, like_date) VALUES ("454","4","2017-11-09 05:17:56");
INSERT INTO likes (like_id, liked_id, like_date) VALUES ("454","12","2017-04-15 12:17:04");
INSERT INTO likes (like_id, liked_id, like_date) VALUES ("454","130","2017-02-25 17:32:45");


INSERT INTO user (id, first_name, last_name, username, email, password, birthdate, gender, orientation, bio, country, state, city, zip, file_1, file_2, file_3, file_4, file_5, score, token, token_date, active, register, created_at, updated_at) VALUES ("455","Max","Fadel","raymondrempel","geraldine.nikolaus@hayes.org","$2y$10$A./o7kB7K9p2otoyhn5UfutP33hOgm/39cXmaiCTiaotujuSOWILm","1959-02-12 03:26:00","1","3","Et ut earum quisquam et aut nihil quae. Quia amet quia aut. Natus perspiciatis error et dolorum voluptatibus.","United Arab Emirates","","East Nathaniel","41768-6230","../fixtures/male3.jpg","../fixtures/male1.jpg","../fixtures/male8.jpg","","","69","f703b727e107e0d0cfb8799396db3cf5","1992-09-05 19:03:54","1","1","1973-10-24 23:32:34","1991-05-29 03:20:46");
INSERT INTO user_tag (user_id, tag_id) VALUES ("455","32");
INSERT INTO user_tag (user_id, tag_id) VALUES ("455","33");
INSERT INTO user_tag (user_id, tag_id) VALUES ("455","7");


INSERT INTO likes (like_id, liked_id, like_date) VALUES ("455","319","2017-07-25 22:51:03");
INSERT INTO likes (like_id, liked_id, like_date) VALUES ("455","172","2017-07-09 10:34:49");
INSERT INTO likes (like_id, liked_id, like_date) VALUES ("455","263","2017-10-05 05:28:29");
INSERT INTO likes (like_id, liked_id, like_date) VALUES ("455","165","2017-11-22 06:08:53");
INSERT INTO likes (like_id, liked_id, like_date) VALUES ("455","345","2017-09-22 15:02:46");
INSERT INTO likes (like_id, liked_id, like_date) VALUES ("455","390","2017-05-15 21:33:14");
INSERT INTO likes (like_id, liked_id, like_date) VALUES ("455","111","2017-05-17 02:39:10");
INSERT INTO likes (like_id, liked_id, like_date) VALUES ("455","223","2017-11-05 00:29:41");
INSERT INTO likes (like_id, liked_id, like_date) VALUES ("455","98","2017-05-01 13:19:37");
INSERT INTO likes (like_id, liked_id, like_date) VALUES ("455","482","2017-09-02 12:26:22");


INSERT INTO user (id, first_name, last_name, username, email, password, birthdate, gender, orientation, bio, country, state, city, zip, file_1, file_2, file_3, file_4, file_5, score, token, token_date, active, register, created_at, updated_at) VALUES ("456","Don","Connelly","phyllismurray","april53@gmail.com","$2y$10$8iPAlBXAwZXZyEljhIYe/ef2fkIuWF/Wm4dL5L93ElysF0MXqMVNq","1964-08-07 19:08:03","2","1","Voluptate id in perferendis non assumenda soluta commodi. Accusantium est libero vel saepe laborum. Quis dolor et eum qui maxime quasi impedit. Et neque voluptates totam dolorem qui cumque.","Sri Lanka","","Cristobaltown","46125-1144","../fixtures/female5.jpg","../fixtures/female10.jpg","../fixtures/female10.jpg","../fixtures/female2.jpg","../fixtures/female8.jpg","58","d3ad7de6ddbdaa4e42e78bd442614400","2009-07-01 12:43:17","1","1","2002-08-13 23:13:28","1977-05-11 19:56:52");
INSERT INTO user_tag (user_id, tag_id) VALUES ("456","44");
INSERT INTO user_tag (user_id, tag_id) VALUES ("456","41");
INSERT INTO user_tag (user_id, tag_id) VALUES ("456","6");
INSERT INTO user_tag (user_id, tag_id) VALUES ("456","47");
INSERT INTO user_tag (user_id, tag_id) VALUES ("456","21");
INSERT INTO user_tag (user_id, tag_id) VALUES ("456","17");
INSERT INTO user_tag (user_id, tag_id) VALUES ("456","13");
INSERT INTO user_tag (user_id, tag_id) VALUES ("456","47");
INSERT INTO user_tag (user_id, tag_id) VALUES ("456","32");
INSERT INTO user_tag (user_id, tag_id) VALUES ("456","21");


INSERT INTO likes (like_id, liked_id, like_date) VALUES ("456","306","2017-11-01 06:26:10");
INSERT INTO likes (like_id, liked_id, like_date) VALUES ("456","338","2017-06-20 10:05:19");
INSERT INTO likes (like_id, liked_id, like_date) VALUES ("456","382","2017-10-27 03:21:01");
INSERT INTO likes (like_id, liked_id, like_date) VALUES ("456","5","2017-07-07 06:12:32");
INSERT INTO likes (like_id, liked_id, like_date) VALUES ("456","158","2018-01-01 03:45:17");


INSERT INTO user (id, first_name, last_name, username, email, password, birthdate, gender, orientation, bio, country, state, city, zip, file_1, file_2, file_3, file_4, file_5, score, token, token_date, active, register, created_at, updated_at) VALUES ("457","Breanne","Ritchie","alphonsowolff","thompson.major@ondricka.net","$2y$10$auIuQeDvbKSaNi/LUHumeuGnZo5nxo4O9Eq9SsbyPRgi8crqzitYa","1982-09-20 07:10:08","1","1","Fugiat est et cupiditate voluptas. Facere qui et numquam laboriosam et quisquam quaerat. Quis aliquam rerum in tenetur neque officiis et. Omnis temporibus quam consectetur.","Trinidad and Tobago","","New Finnland","64915","../fixtures/male10.jpg","../fixtures/male9.jpg","../fixtures/male8.jpg","","","61","4cc669e74492fec9be073862d8bec56f","2016-12-01 16:36:17","0","0","1997-11-02 15:25:31","1988-09-07 07:40:56");
INSERT INTO user_tag (user_id, tag_id) VALUES ("457","29");
INSERT INTO user_tag (user_id, tag_id) VALUES ("457","17");
INSERT INTO user_tag (user_id, tag_id) VALUES ("457","10");
INSERT INTO user_tag (user_id, tag_id) VALUES ("457","40");
INSERT INTO user_tag (user_id, tag_id) VALUES ("457","43");
INSERT INTO user_tag (user_id, tag_id) VALUES ("457","18");
INSERT INTO user_tag (user_id, tag_id) VALUES ("457","31");
INSERT INTO user_tag (user_id, tag_id) VALUES ("457","8");
INSERT INTO user_tag (user_id, tag_id) VALUES ("457","45");
INSERT INTO user_tag (user_id, tag_id) VALUES ("457","34");
INSERT INTO user_tag (user_id, tag_id) VALUES ("457","5");


INSERT INTO likes (like_id, liked_id, like_date) VALUES ("457","382","2017-08-05 03:57:19");
INSERT INTO likes (like_id, liked_id, like_date) VALUES ("457","111","2017-02-24 10:30:45");


INSERT INTO user (id, first_name, last_name, username, email, password, birthdate, gender, orientation, bio, country, state, city, zip, file_1, file_2, file_3, file_4, file_5, score, token, token_date, active, register, created_at, updated_at) VALUES ("458","Cody","Harvey","roselynhessel","adaline.kiehn@hotmail.com","$2y$10$xpzJQEBDGaea0z8WvHAYGevwdKvN8WsXzYRurH7fxUB2zhAJpK7fC","1977-03-12 23:54:04","1","3","In in modi dolor eos aliquid. Quasi quia qui commodi qui. Nihil sunt nam occaecati molestiae eum eum quasi.","Bolivia","","East Lincoln","20670","../fixtures/male6.jpg","../fixtures/male8.jpg","","","","96","a61d30030ef015c18215544effeb77cd","1986-05-06 01:34:57","0","0","2014-09-07 09:13:40","1999-07-06 18:22:33");
INSERT INTO user_tag (user_id, tag_id) VALUES ("458","15");


INSERT INTO likes (like_id, liked_id, like_date) VALUES ("458","64","2017-12-11 14:43:09");
INSERT INTO likes (like_id, liked_id, like_date) VALUES ("458","476","2017-04-23 11:47:18");
INSERT INTO likes (like_id, liked_id, like_date) VALUES ("458","67","2017-04-26 00:31:32");
INSERT INTO likes (like_id, liked_id, like_date) VALUES ("458","402","2018-01-07 05:37:50");
INSERT INTO likes (like_id, liked_id, like_date) VALUES ("458","108","2017-11-24 21:51:46");
INSERT INTO likes (like_id, liked_id, like_date) VALUES ("458","90","2017-12-12 06:43:50");
INSERT INTO likes (like_id, liked_id, like_date) VALUES ("458","351","2017-07-25 14:20:50");
INSERT INTO likes (like_id, liked_id, like_date) VALUES ("458","362","2017-10-03 06:17:47");
INSERT INTO likes (like_id, liked_id, like_date) VALUES ("458","204","2017-11-09 01:13:19");
INSERT INTO likes (like_id, liked_id, like_date) VALUES ("458","13","2017-07-17 12:34:17");
INSERT INTO likes (like_id, liked_id, like_date) VALUES ("458","233","2017-12-31 04:12:22");


INSERT INTO user (id, first_name, last_name, username, email, password, birthdate, gender, orientation, bio, country, state, city, zip, file_1, file_2, file_3, file_4, file_5, score, token, token_date, active, register, created_at, updated_at) VALUES ("459","Madelyn","Ankunding","jarrettking","pagac.carmela@skiles.com","$2y$10$3058rUs5fSQ7uJ7T9VoxzOT1AjbUP47GdTcifKbT8izSnGtzwMeOm","1998-05-27 03:06:03","1","2","Quisquam accusamus alias quia ipsam aut. Optio mollitia rem quas. Voluptate quia maxime eos quaerat maiores. Qui quisquam quaerat excepturi quas eum dolores excepturi.","Korea","","Mullerhaven","87960-5996","../fixtures/male1.jpg","","","","","98","33ae1b65ab382146b293279998fc964d","2002-10-20 22:52:06","1","0","1995-01-03 12:48:27","2005-07-08 05:09:09");
INSERT INTO user_tag (user_id, tag_id) VALUES ("459","22");
INSERT INTO user_tag (user_id, tag_id) VALUES ("459","31");
INSERT INTO user_tag (user_id, tag_id) VALUES ("459","17");
INSERT INTO user_tag (user_id, tag_id) VALUES ("459","43");
INSERT INTO user_tag (user_id, tag_id) VALUES ("459","16");
INSERT INTO user_tag (user_id, tag_id) VALUES ("459","27");
INSERT INTO user_tag (user_id, tag_id) VALUES ("459","15");
INSERT INTO user_tag (user_id, tag_id) VALUES ("459","31");
INSERT INTO user_tag (user_id, tag_id) VALUES ("459","40");
INSERT INTO user_tag (user_id, tag_id) VALUES ("459","38");


INSERT INTO likes (like_id, liked_id, like_date) VALUES ("459","182","2017-05-25 17:28:22");
INSERT INTO likes (like_id, liked_id, like_date) VALUES ("459","134","2017-07-25 21:32:38");
INSERT INTO likes (like_id, liked_id, like_date) VALUES ("459","301","2017-07-04 19:32:33");
INSERT INTO likes (like_id, liked_id, like_date) VALUES ("459","33","2017-10-20 17:46:49");
INSERT INTO likes (like_id, liked_id, like_date) VALUES ("459","188","2017-03-10 16:03:45");
INSERT INTO likes (like_id, liked_id, like_date) VALUES ("459","214","2017-04-06 06:05:22");
INSERT INTO likes (like_id, liked_id, like_date) VALUES ("459","95","2017-05-11 15:35:26");
INSERT INTO likes (like_id, liked_id, like_date) VALUES ("459","349","2017-02-25 10:41:36");
INSERT INTO likes (like_id, liked_id, like_date) VALUES ("459","266","2017-10-05 08:38:42");
INSERT INTO likes (like_id, liked_id, like_date) VALUES ("459","78","2017-07-11 22:30:00");
INSERT INTO likes (like_id, liked_id, like_date) VALUES ("459","220","2018-01-08 11:27:42");
INSERT INTO likes (like_id, liked_id, like_date) VALUES ("459","263","2017-09-27 06:02:42");
INSERT INTO likes (like_id, liked_id, like_date) VALUES ("459","406","2017-08-17 10:13:35");
INSERT INTO likes (like_id, liked_id, like_date) VALUES ("459","408","2017-10-21 08:06:16");


INSERT INTO user (id, first_name, last_name, username, email, password, birthdate, gender, orientation, bio, country, state, city, zip, file_1, file_2, file_3, file_4, file_5, score, token, token_date, active, register, created_at, updated_at) VALUES ("460","Lilyan","Renner","szulauf","mack.brekke@yahoo.com","$2y$10$1NYo40VoQZlc2nINjXUm2udf7zPLj9gy4AFSEQP3mTxdF/GqN/ZD2","1971-02-01 16:06:04","1","1","Beatae voluptatum qui eum voluptatem ab neque. Exercitationem porro nesciunt autem maiores modi dolores minus. Nihil exercitationem aspernatur sit dolorum. Et consequatur inventore sed dolorem debitis et illum.","Brazil","","Port Sammyside","74453-2922","../fixtures/male1.jpg","../fixtures/male10.jpg","../fixtures/male7.jpg","../fixtures/male7.jpg","../fixtures/male9.jpg","52","1f82d3e0b376555680483224a37c0f05","2009-01-19 07:41:42","0","0","2002-05-10 07:28:08","2001-05-31 01:47:57");
INSERT INTO user_tag (user_id, tag_id) VALUES ("460","49");
INSERT INTO user_tag (user_id, tag_id) VALUES ("460","15");
INSERT INTO user_tag (user_id, tag_id) VALUES ("460","38");
INSERT INTO user_tag (user_id, tag_id) VALUES ("460","21");
INSERT INTO user_tag (user_id, tag_id) VALUES ("460","46");
INSERT INTO user_tag (user_id, tag_id) VALUES ("460","31");
INSERT INTO user_tag (user_id, tag_id) VALUES ("460","5");
INSERT INTO user_tag (user_id, tag_id) VALUES ("460","20");
INSERT INTO user_tag (user_id, tag_id) VALUES ("460","1");
INSERT INTO user_tag (user_id, tag_id) VALUES ("460","47");
INSERT INTO user_tag (user_id, tag_id) VALUES ("460","35");


INSERT INTO likes (like_id, liked_id, like_date) VALUES ("460","474","2017-10-22 02:45:04");
INSERT INTO likes (like_id, liked_id, like_date) VALUES ("460","89","2017-10-04 21:03:41");
INSERT INTO likes (like_id, liked_id, like_date) VALUES ("460","309","2017-03-23 05:19:26");
INSERT INTO likes (like_id, liked_id, like_date) VALUES ("460","445","2017-10-30 04:52:53");
INSERT INTO likes (like_id, liked_id, like_date) VALUES ("460","346","2017-11-27 12:08:20");
INSERT INTO likes (like_id, liked_id, like_date) VALUES ("460","438","2017-11-04 00:23:51");
INSERT INTO likes (like_id, liked_id, like_date) VALUES ("460","255","2017-08-03 06:04:39");
INSERT INTO likes (like_id, liked_id, like_date) VALUES ("460","217","2017-06-26 05:00:06");
INSERT INTO likes (like_id, liked_id, like_date) VALUES ("460","422","2017-07-23 09:52:22");
INSERT INTO likes (like_id, liked_id, like_date) VALUES ("460","5","2017-05-13 12:02:19");


INSERT INTO user (id, first_name, last_name, username, email, password, birthdate, gender, orientation, bio, country, state, city, zip, file_1, file_2, file_3, file_4, file_5, score, token, token_date, active, register, created_at, updated_at) VALUES ("461","Bernadette","O'Hara","derrick27","sstark@hotmail.com","$2y$10$PYJfl/Zilb2WVY7AjdOGauruJ3J2H3JuPPwfLv1up8FjGrb0kzU9i","1974-11-28 21:04:00","1","3","Minima quis enim ex sint nihil quis quisquam. Sed cum qui cumque qui aut. Fugit eos dolorem sed sed ut saepe dolorum. Qui quia cupiditate qui inventore eius nemo sed.","United States of America","","Port Gage","66477","../fixtures/male3.jpg","../fixtures/male5.jpg","../fixtures/male4.jpg","","","76","42517d73813e6b2e41b8e74eece7b01a","1981-08-03 12:47:18","1","0","1983-07-25 21:35:34","1998-01-12 16:58:45");
INSERT INTO user_tag (user_id, tag_id) VALUES ("461","12");


INSERT INTO likes (like_id, liked_id, like_date) VALUES ("461","237","2017-10-29 12:44:43");
INSERT INTO likes (like_id, liked_id, like_date) VALUES ("461","8","2017-09-09 10:38:01");
INSERT INTO likes (like_id, liked_id, like_date) VALUES ("461","89","2017-02-28 02:46:15");
INSERT INTO likes (like_id, liked_id, like_date) VALUES ("461","190","2017-04-07 05:31:53");
INSERT INTO likes (like_id, liked_id, like_date) VALUES ("461","205","2017-05-25 03:41:05");
INSERT INTO likes (like_id, liked_id, like_date) VALUES ("461","266","2017-11-21 11:01:12");
INSERT INTO likes (like_id, liked_id, like_date) VALUES ("461","200","2017-07-06 17:21:33");
INSERT INTO likes (like_id, liked_id, like_date) VALUES ("461","381","2017-08-08 15:11:43");
INSERT INTO likes (like_id, liked_id, like_date) VALUES ("461","132","2017-09-17 10:55:05");
INSERT INTO likes (like_id, liked_id, like_date) VALUES ("461","473","2017-08-04 14:02:58");
INSERT INTO likes (like_id, liked_id, like_date) VALUES ("461","31","2017-06-16 19:09:16");
INSERT INTO likes (like_id, liked_id, like_date) VALUES ("461","6","2017-04-29 17:41:57");
INSERT INTO likes (like_id, liked_id, like_date) VALUES ("461","63","2017-09-27 10:49:37");
INSERT INTO likes (like_id, liked_id, like_date) VALUES ("461","2","2017-12-26 11:31:55");
INSERT INTO likes (like_id, liked_id, like_date) VALUES ("461","335","2017-08-05 21:57:06");
INSERT INTO likes (like_id, liked_id, like_date) VALUES ("461","33","2017-11-11 21:42:00");
INSERT INTO likes (like_id, liked_id, like_date) VALUES ("461","240","2017-12-17 19:00:51");
INSERT INTO likes (like_id, liked_id, like_date) VALUES ("461","411","2017-08-21 11:16:44");
INSERT INTO likes (like_id, liked_id, like_date) VALUES ("461","60","2017-08-01 23:07:54");
INSERT INTO likes (like_id, liked_id, like_date) VALUES ("461","48","2017-07-21 13:44:50");


INSERT INTO user (id, first_name, last_name, username, email, password, birthdate, gender, orientation, bio, country, state, city, zip, file_1, file_2, file_3, file_4, file_5, score, token, token_date, active, register, created_at, updated_at) VALUES ("462","Enos","Dach","ethelyn17","antonette.kulas@reinger.org","$2y$10$8790gn.w2ZuiIw8TLNqEe.VrECUjQLk/TuvU/P.gVx3lBFYhUkMEC","1970-12-21 11:51:29","2","2","Quo quo vel dolorem quo. Beatae dolores voluptatem ea reprehenderit doloremque nostrum architecto praesentium. Voluptatem consectetur ex dicta ut voluptas porro. Ea commodi perspiciatis est omnis ut autem reprehenderit sint.","French Polynesia","","Ornborough","78821","../fixtures/female9.jpg","","","","","72","eca805fe8f5ecaa77ff07e9825668984","1991-05-25 10:24:52","1","0","2007-08-02 08:29:34","2000-05-26 23:07:45");
INSERT INTO user_tag (user_id, tag_id) VALUES ("462","43");


INSERT INTO likes (like_id, liked_id, like_date) VALUES ("462","320","2017-09-05 00:47:04");
INSERT INTO likes (like_id, liked_id, like_date) VALUES ("462","239","2017-06-13 06:37:06");
INSERT INTO likes (like_id, liked_id, like_date) VALUES ("462","96","2017-04-30 23:41:39");
INSERT INTO likes (like_id, liked_id, like_date) VALUES ("462","212","2017-06-23 21:21:49");


INSERT INTO user (id, first_name, last_name, username, email, password, birthdate, gender, orientation, bio, country, state, city, zip, file_1, file_2, file_3, file_4, file_5, score, token, token_date, active, register, created_at, updated_at) VALUES ("463","Lula","Kunde","aidalehner","little.lucious@yahoo.com","$2y$10$GIptke9/NEXWn0zgkIGc/e8EK1gyjTIQP87wuA4uFJuzqKaB2o516","1978-06-19 08:48:00","2","1","Facilis quas ut rem ducimus. Illo libero sed expedita vitae. Iusto veritatis similique eum occaecati expedita. Quia cum rerum sequi aut sit.","Swaziland","","East Chaz","00720","../fixtures/female6.jpg","","","","","90","2de67b8ba4eec2e4b39e323d2b8d20bb","1980-01-11 12:57:51","1","1","1994-08-29 13:23:38","1976-01-18 14:46:09");
INSERT INTO user_tag (user_id, tag_id) VALUES ("463","8");


INSERT INTO likes (like_id, liked_id, like_date) VALUES ("463","183","2017-03-06 11:08:39");
INSERT INTO likes (like_id, liked_id, like_date) VALUES ("463","155","2018-01-01 11:06:31");
INSERT INTO likes (like_id, liked_id, like_date) VALUES ("463","39","2017-07-17 23:50:47");
INSERT INTO likes (like_id, liked_id, like_date) VALUES ("463","384","2017-05-09 03:46:21");
INSERT INTO likes (like_id, liked_id, like_date) VALUES ("463","307","2017-12-25 22:55:51");
INSERT INTO likes (like_id, liked_id, like_date) VALUES ("463","439","2017-05-25 16:29:34");
INSERT INTO likes (like_id, liked_id, like_date) VALUES ("463","459","2017-04-15 23:56:13");
INSERT INTO likes (like_id, liked_id, like_date) VALUES ("463","89","2018-01-07 13:41:10");
INSERT INTO likes (like_id, liked_id, like_date) VALUES ("463","118","2017-04-04 17:08:20");


INSERT INTO user (id, first_name, last_name, username, email, password, birthdate, gender, orientation, bio, country, state, city, zip, file_1, file_2, file_3, file_4, file_5, score, token, token_date, active, register, created_at, updated_at) VALUES ("464","Bessie","Feeney","stacy05","wiza.johnpaul@yahoo.com","$2y$10$utJaITe2eneks4.5rokeNet1reAHs6SbUA8Bfp9nrctcKpG7A79TW","1978-06-09 08:12:29","1","2","Quo sint aut molestias aut. Autem sed doloremque molestiae pariatur. Commodi minus voluptate nisi voluptates natus vero.","Kyrgyz Republic","","VonRuedenview","18523","../fixtures/male5.jpg","../fixtures/male1.jpg","../fixtures/male7.jpg","","","95","7a310d469329004afbae6254eca615bf","2000-05-18 09:39:28","1","1","2004-05-31 04:22:41","1983-02-16 19:53:48");
INSERT INTO user_tag (user_id, tag_id) VALUES ("464","9");
INSERT INTO user_tag (user_id, tag_id) VALUES ("464","11");


INSERT INTO likes (like_id, liked_id, like_date) VALUES ("464","493","2018-01-30 09:37:30");
INSERT INTO likes (like_id, liked_id, like_date) VALUES ("464","19","2017-06-10 03:16:49");
INSERT INTO likes (like_id, liked_id, like_date) VALUES ("464","263","2017-03-01 20:17:33");
INSERT INTO likes (like_id, liked_id, like_date) VALUES ("464","252","2017-07-31 00:41:39");
INSERT INTO likes (like_id, liked_id, like_date) VALUES ("464","341","2017-06-24 14:59:50");
INSERT INTO likes (like_id, liked_id, like_date) VALUES ("464","85","2017-07-30 16:03:01");
INSERT INTO likes (like_id, liked_id, like_date) VALUES ("464","262","2017-07-31 01:30:52");
INSERT INTO likes (like_id, liked_id, like_date) VALUES ("464","432","2017-06-05 09:16:32");
INSERT INTO likes (like_id, liked_id, like_date) VALUES ("464","164","2017-05-29 09:29:49");
INSERT INTO likes (like_id, liked_id, like_date) VALUES ("464","116","2017-04-12 23:06:44");
INSERT INTO likes (like_id, liked_id, like_date) VALUES ("464","470","2017-12-30 14:21:52");


INSERT INTO user (id, first_name, last_name, username, email, password, birthdate, gender, orientation, bio, country, state, city, zip, file_1, file_2, file_3, file_4, file_5, score, token, token_date, active, register, created_at, updated_at) VALUES ("465","Guiseppe","Zemlak","pearlswift","kassulke.bonnie@mccullough.com","$2y$10$C0TY2jwSTpSQWHcoBeEEr.SpVUcGsdm0ar9tpymkVeBhK9ypafeg.","1966-02-05 05:17:57","1","1","Vero doloribus cum qui quia a voluptas eligendi deserunt. Quos eos laudantium voluptas ut. Mollitia sit consequuntur commodi qui accusamus nihil.","French Guiana","","West Hildashire","01773-5620","../fixtures/male7.jpg","../fixtures/male5.jpg","","","","40","bd99a72d440105c65e9f7921b7876b68","1976-12-17 09:31:04","0","0","1974-08-09 05:15:39","2003-02-23 07:42:17");
INSERT INTO user_tag (user_id, tag_id) VALUES ("465","11");
INSERT INTO user_tag (user_id, tag_id) VALUES ("465","31");
INSERT INTO user_tag (user_id, tag_id) VALUES ("465","44");


INSERT INTO likes (like_id, liked_id, like_date) VALUES ("465","387","2017-06-09 05:08:06");
INSERT INTO likes (like_id, liked_id, like_date) VALUES ("465","258","2018-02-05 16:18:13");
INSERT INTO likes (like_id, liked_id, like_date) VALUES ("465","367","2017-11-20 01:13:48");
INSERT INTO likes (like_id, liked_id, like_date) VALUES ("465","31","2017-09-14 09:18:08");
INSERT INTO likes (like_id, liked_id, like_date) VALUES ("465","56","2017-09-28 03:34:47");
INSERT INTO likes (like_id, liked_id, like_date) VALUES ("465","83","2017-05-12 08:31:59");
INSERT INTO likes (like_id, liked_id, like_date) VALUES ("465","385","2017-10-23 15:02:05");


INSERT INTO user (id, first_name, last_name, username, email, password, birthdate, gender, orientation, bio, country, state, city, zip, file_1, file_2, file_3, file_4, file_5, score, token, token_date, active, register, created_at, updated_at) VALUES ("466","Naomi","Ritchie","brainhowell","blick.adell@wisozk.com","$2y$10$AmgINnMM7CWDwYifNTqTauvQe4pUtx.HrPIHV7nxh6RKY3ZplqoWe","1953-10-30 22:05:33","1","3","Quo est non sint accusamus nam. Quo illum debitis eos perferendis odio ut. Et qui ut cupiditate non enim adipisci aperiam.","Slovenia","","Juliachester","42830-4399","../fixtures/male5.jpg","../fixtures/male4.jpg","../fixtures/male9.jpg","../fixtures/male5.jpg","../fixtures/male2.jpg","97","3de181090416e39ac267f897163f4cfb","2010-03-02 19:40:17","0","0","1995-02-10 18:19:13","1975-02-04 14:56:07");
INSERT INTO user_tag (user_id, tag_id) VALUES ("466","36");


INSERT INTO likes (like_id, liked_id, like_date) VALUES ("466","12","2017-03-25 03:00:38");
INSERT INTO likes (like_id, liked_id, like_date) VALUES ("466","272","2018-01-16 09:07:41");
INSERT INTO likes (like_id, liked_id, like_date) VALUES ("466","461","2017-06-06 22:46:47");
INSERT INTO likes (like_id, liked_id, like_date) VALUES ("466","102","2017-04-13 13:40:04");
INSERT INTO likes (like_id, liked_id, like_date) VALUES ("466","23","2017-06-24 08:11:06");
INSERT INTO likes (like_id, liked_id, like_date) VALUES ("466","417","2017-07-24 08:40:14");


INSERT INTO user (id, first_name, last_name, username, email, password, birthdate, gender, orientation, bio, country, state, city, zip, file_1, file_2, file_3, file_4, file_5, score, token, token_date, active, register, created_at, updated_at) VALUES ("467","Cade","Fritsch","larue58","xwindler@gmail.com","$2y$10$7y4rGUMnrBukxiHfFmeAW.kXWvVwy.9d.O3wCDswKdspXCT7MWygC","1967-09-02 14:33:11","2","3","Laudantium eos sint exercitationem est error alias dolorum. Animi eius suscipit dolorem in atque ea architecto. Qui doloribus porro delectus id enim aut aut.","Pakistan","","Hansenhaven","90634","../fixtures/female2.jpg","","","","","32","0aa77a4b5b8baa83aca977aae7ea0ee3","1983-08-04 12:22:28","0","0","2000-08-17 07:30:43","1970-06-11 03:43:32");
INSERT INTO user_tag (user_id, tag_id) VALUES ("467","9");
INSERT INTO user_tag (user_id, tag_id) VALUES ("467","36");
INSERT INTO user_tag (user_id, tag_id) VALUES ("467","19");
INSERT INTO user_tag (user_id, tag_id) VALUES ("467","14");
INSERT INTO user_tag (user_id, tag_id) VALUES ("467","9");
INSERT INTO user_tag (user_id, tag_id) VALUES ("467","50");
INSERT INTO user_tag (user_id, tag_id) VALUES ("467","1");
INSERT INTO user_tag (user_id, tag_id) VALUES ("467","16");
INSERT INTO user_tag (user_id, tag_id) VALUES ("467","11");


INSERT INTO likes (like_id, liked_id, like_date) VALUES ("467","411","2017-06-03 00:10:40");
INSERT INTO likes (like_id, liked_id, like_date) VALUES ("467","325","2017-12-23 03:06:36");
INSERT INTO likes (like_id, liked_id, like_date) VALUES ("467","170","2017-02-18 12:30:37");
INSERT INTO likes (like_id, liked_id, like_date) VALUES ("467","411","2017-11-27 15:50:40");
INSERT INTO likes (like_id, liked_id, like_date) VALUES ("467","82","2017-10-01 17:42:20");
INSERT INTO likes (like_id, liked_id, like_date) VALUES ("467","343","2017-03-21 14:51:21");
INSERT INTO likes (like_id, liked_id, like_date) VALUES ("467","90","2018-02-11 02:28:13");


INSERT INTO user (id, first_name, last_name, username, email, password, birthdate, gender, orientation, bio, country, state, city, zip, file_1, file_2, file_3, file_4, file_5, score, token, token_date, active, register, created_at, updated_at) VALUES ("468","Shyann","Bergnaum","bodewillie","purdy.daija@adams.com","$2y$10$dlgpLH2VvhQP9jSfK8mlSOlQVCcwj19gltFHwHacl0JUCcCbiWqDC","1978-08-24 18:49:31","2","2","Incidunt animi consequuntur atque laudantium. Incidunt ad aut autem maxime.","Peru","","East Dejafort","11097-9698","../fixtures/female5.jpg","../fixtures/female4.jpg","","","","84","9ea9828674ad50386a23fbaf63db4a0f","1970-07-08 00:06:31","1","1","2003-02-26 15:17:47","1988-03-24 17:19:51");
INSERT INTO user_tag (user_id, tag_id) VALUES ("468","17");
INSERT INTO user_tag (user_id, tag_id) VALUES ("468","25");
INSERT INTO user_tag (user_id, tag_id) VALUES ("468","11");
INSERT INTO user_tag (user_id, tag_id) VALUES ("468","1");
INSERT INTO user_tag (user_id, tag_id) VALUES ("468","15");
INSERT INTO user_tag (user_id, tag_id) VALUES ("468","46");
INSERT INTO user_tag (user_id, tag_id) VALUES ("468","19");
INSERT INTO user_tag (user_id, tag_id) VALUES ("468","32");
INSERT INTO user_tag (user_id, tag_id) VALUES ("468","44");
INSERT INTO user_tag (user_id, tag_id) VALUES ("468","23");
INSERT INTO user_tag (user_id, tag_id) VALUES ("468","22");
INSERT INTO user_tag (user_id, tag_id) VALUES ("468","40");
INSERT INTO user_tag (user_id, tag_id) VALUES ("468","19");


INSERT INTO likes (like_id, liked_id, like_date) VALUES ("468","352","2017-08-22 20:16:51");
INSERT INTO likes (like_id, liked_id, like_date) VALUES ("468","363","2017-05-29 07:32:05");
INSERT INTO likes (like_id, liked_id, like_date) VALUES ("468","98","2017-11-10 22:25:39");
INSERT INTO likes (like_id, liked_id, like_date) VALUES ("468","355","2017-07-17 23:43:18");
INSERT INTO likes (like_id, liked_id, like_date) VALUES ("468","397","2017-03-19 05:04:24");
INSERT INTO likes (like_id, liked_id, like_date) VALUES ("468","416","2018-01-27 23:16:33");
INSERT INTO likes (like_id, liked_id, like_date) VALUES ("468","30","2017-08-11 20:43:40");
INSERT INTO likes (like_id, liked_id, like_date) VALUES ("468","17","2017-09-04 22:00:00");
INSERT INTO likes (like_id, liked_id, like_date) VALUES ("468","100","2018-01-11 06:14:40");
INSERT INTO likes (like_id, liked_id, like_date) VALUES ("468","321","2017-05-13 18:54:15");


INSERT INTO user (id, first_name, last_name, username, email, password, birthdate, gender, orientation, bio, country, state, city, zip, file_1, file_2, file_3, file_4, file_5, score, token, token_date, active, register, created_at, updated_at) VALUES ("469","Myron","Parisian","erichgleichner","npadberg@gmail.com","$2y$10$wrqHpFDoi1ncwIBFMq2PrOIbW5wgkxyuUmBxPWgD8lJcEYjtSm7Zu","1980-02-22 06:30:44","2","1","Rerum molestiae porro deleniti eum excepturi blanditiis assumenda. Delectus quisquam consequatur deleniti doloremque dignissimos omnis fugit soluta. Distinctio maxime modi et nemo voluptatem magnam.","Iraq","","Lake Stanton","92943","../fixtures/female9.jpg","../fixtures/female5.jpg","","","","28","125b6e1aa69893088146529775c27317","1977-08-16 11:10:30","1","0","1997-12-16 15:50:00","1978-05-07 07:53:12");
INSERT INTO user_tag (user_id, tag_id) VALUES ("469","2");
INSERT INTO user_tag (user_id, tag_id) VALUES ("469","43");
INSERT INTO user_tag (user_id, tag_id) VALUES ("469","43");
INSERT INTO user_tag (user_id, tag_id) VALUES ("469","23");
INSERT INTO user_tag (user_id, tag_id) VALUES ("469","48");
INSERT INTO user_tag (user_id, tag_id) VALUES ("469","42");
INSERT INTO user_tag (user_id, tag_id) VALUES ("469","35");
INSERT INTO user_tag (user_id, tag_id) VALUES ("469","21");


INSERT INTO likes (like_id, liked_id, like_date) VALUES ("469","195","2018-02-03 17:12:14");
INSERT INTO likes (like_id, liked_id, like_date) VALUES ("469","65","2017-12-25 07:16:40");
INSERT INTO likes (like_id, liked_id, like_date) VALUES ("469","183","2018-01-20 23:49:56");
INSERT INTO likes (like_id, liked_id, like_date) VALUES ("469","69","2017-07-08 12:55:55");


INSERT INTO user (id, first_name, last_name, username, email, password, birthdate, gender, orientation, bio, country, state, city, zip, file_1, file_2, file_3, file_4, file_5, score, token, token_date, active, register, created_at, updated_at) VALUES ("470","Alverta","Rempel","ryannoemi","ulockman@yahoo.com","$2y$10$BS570t3zHTzkfTMg/yem5uMWhPfbBdv6XBgcj7.hqdTHV9cjfXpyK","1964-01-25 01:53:07","2","2","Nihil ipsum vel alias explicabo. Harum ducimus autem ad quod eius eaque. Voluptatem eum ab rerum itaque sint beatae recusandae. Consequatur voluptatem quos quaerat dolorum.","Martinique","","South Duncan","90786","../fixtures/female5.jpg","","","","","0","395550857ed3d322c94c43acadb00b3b","2001-08-16 23:46:26","1","0","1980-04-02 12:52:09","1992-09-08 04:11:39");
INSERT INTO user_tag (user_id, tag_id) VALUES ("470","24");
INSERT INTO user_tag (user_id, tag_id) VALUES ("470","47");
INSERT INTO user_tag (user_id, tag_id) VALUES ("470","30");
INSERT INTO user_tag (user_id, tag_id) VALUES ("470","3");


INSERT INTO likes (like_id, liked_id, like_date) VALUES ("470","406","2017-11-10 04:46:49");
INSERT INTO likes (like_id, liked_id, like_date) VALUES ("470","162","2017-10-11 00:29:46");
INSERT INTO likes (like_id, liked_id, like_date) VALUES ("470","164","2018-02-10 18:19:12");
INSERT INTO likes (like_id, liked_id, like_date) VALUES ("470","495","2018-01-06 18:59:42");
INSERT INTO likes (like_id, liked_id, like_date) VALUES ("470","270","2017-03-19 00:09:15");
INSERT INTO likes (like_id, liked_id, like_date) VALUES ("470","258","2018-02-11 14:39:43");


INSERT INTO user (id, first_name, last_name, username, email, password, birthdate, gender, orientation, bio, country, state, city, zip, file_1, file_2, file_3, file_4, file_5, score, token, token_date, active, register, created_at, updated_at) VALUES ("471","Thalia","Green","bailee95","lheidenreich@gmail.com","$2y$10$y/zZyiU3O.mXJE0qDLSxsuHq4ka1M8uiveq5pwfmTVA4yxxSp9tM6","1967-04-15 18:57:50","2","3","Et et ducimus tempore consectetur molestias asperiores libero. Eaque aut tempore iure labore. Pariatur minima deserunt assumenda et impedit placeat.","Sweden","","South Myriamfort","66552-7924","../fixtures/female4.jpg","","","","","37","eb12316797c4d664c8738be3eb8e5e8a","2013-08-26 13:48:13","1","1","2003-03-27 14:37:30","2002-03-25 03:43:22");
INSERT INTO user_tag (user_id, tag_id) VALUES ("471","36");
INSERT INTO user_tag (user_id, tag_id) VALUES ("471","37");
INSERT INTO user_tag (user_id, tag_id) VALUES ("471","13");
INSERT INTO user_tag (user_id, tag_id) VALUES ("471","43");


INSERT INTO likes (like_id, liked_id, like_date) VALUES ("471","36","2017-10-14 20:25:41");
INSERT INTO likes (like_id, liked_id, like_date) VALUES ("471","87","2018-02-02 07:32:24");
INSERT INTO likes (like_id, liked_id, like_date) VALUES ("471","34","2017-02-28 00:42:29");
INSERT INTO likes (like_id, liked_id, like_date) VALUES ("471","362","2017-05-24 04:48:19");
INSERT INTO likes (like_id, liked_id, like_date) VALUES ("471","473","2018-01-18 17:54:59");
INSERT INTO likes (like_id, liked_id, like_date) VALUES ("471","375","2017-05-15 13:24:17");
INSERT INTO likes (like_id, liked_id, like_date) VALUES ("471","485","2017-10-09 03:39:58");
INSERT INTO likes (like_id, liked_id, like_date) VALUES ("471","310","2017-06-29 01:23:53");
INSERT INTO likes (like_id, liked_id, like_date) VALUES ("471","494","2017-10-17 22:56:44");
INSERT INTO likes (like_id, liked_id, like_date) VALUES ("471","333","2017-06-16 21:11:23");
INSERT INTO likes (like_id, liked_id, like_date) VALUES ("471","159","2017-06-23 23:57:08");
INSERT INTO likes (like_id, liked_id, like_date) VALUES ("471","360","2017-10-04 06:49:00");
INSERT INTO likes (like_id, liked_id, like_date) VALUES ("471","296","2017-03-26 01:17:16");
INSERT INTO likes (like_id, liked_id, like_date) VALUES ("471","78","2017-09-07 20:04:39");
INSERT INTO likes (like_id, liked_id, like_date) VALUES ("471","318","2017-09-25 06:22:50");
INSERT INTO likes (like_id, liked_id, like_date) VALUES ("471","431","2017-08-29 12:14:01");
INSERT INTO likes (like_id, liked_id, like_date) VALUES ("471","322","2017-06-24 00:33:23");
INSERT INTO likes (like_id, liked_id, like_date) VALUES ("471","183","2017-04-19 03:20:19");


INSERT INTO user (id, first_name, last_name, username, email, password, birthdate, gender, orientation, bio, country, state, city, zip, file_1, file_2, file_3, file_4, file_5, score, token, token_date, active, register, created_at, updated_at) VALUES ("472","Delphia","O'Connell","shegmann","abraham10@yahoo.com","$2y$10$EV64soOf9A95mah6yHU6zuYFCEFU5n/eFAVrHU1vYKs5JefQO8Xg6","1956-01-25 03:23:17","2","2","Fugiat vitae error iusto doloribus ipsa porro iste nemo. Ullam aut autem praesentium soluta quia quae. Unde at non sed mollitia amet voluptates.","Kuwait","","West Einarberg","02262","../fixtures/female5.jpg","../fixtures/female5.jpg","","","","56","853c9767f367e8b7a6ae9d9afede8f5e","1975-08-03 07:57:02","0","0","1996-07-12 03:13:00","1972-02-20 01:58:09");
INSERT INTO user_tag (user_id, tag_id) VALUES ("472","32");


INSERT INTO likes (like_id, liked_id, like_date) VALUES ("472","7","2018-01-03 22:22:03");
INSERT INTO likes (like_id, liked_id, like_date) VALUES ("472","268","2018-01-22 16:25:57");
INSERT INTO likes (like_id, liked_id, like_date) VALUES ("472","440","2018-01-16 09:13:15");
INSERT INTO likes (like_id, liked_id, like_date) VALUES ("472","310","2017-09-03 02:40:25");
INSERT INTO likes (like_id, liked_id, like_date) VALUES ("472","119","2017-08-25 22:48:20");
INSERT INTO likes (like_id, liked_id, like_date) VALUES ("472","326","2017-05-20 14:33:39");
INSERT INTO likes (like_id, liked_id, like_date) VALUES ("472","450","2018-01-15 12:22:03");
INSERT INTO likes (like_id, liked_id, like_date) VALUES ("472","417","2017-02-15 10:15:16");
INSERT INTO likes (like_id, liked_id, like_date) VALUES ("472","237","2017-02-14 06:59:52");
INSERT INTO likes (like_id, liked_id, like_date) VALUES ("472","352","2017-05-06 03:10:39");


INSERT INTO user (id, first_name, last_name, username, email, password, birthdate, gender, orientation, bio, country, state, city, zip, file_1, file_2, file_3, file_4, file_5, score, token, token_date, active, register, created_at, updated_at) VALUES ("473","Jeanette","Dare","kautzerhallie","wintheiser.jonas@homenick.info","$2y$10$kLa/kjZwEqsIxdqtWfvaTukDOrPCe3ZfY80Gybixsypj32oBisMu6","1991-04-15 01:46:08","2","1","Aut molestiae et accusantium suscipit quas illum atque est. Ad occaecati sint rerum quisquam. Vero molestias et enim mollitia alias.","Guatemala","","Jettieshire","57928-8757","../fixtures/female8.jpg","../fixtures/female6.jpg","../fixtures/female7.jpg","../fixtures/female1.jpg","../fixtures/female1.jpg","19","4e5d1c3aaff045e41a4e772fc80d0c13","2003-09-10 00:09:16","1","0","1992-01-26 17:57:29","1994-08-30 06:00:58");
INSERT INTO user_tag (user_id, tag_id) VALUES ("473","48");
INSERT INTO user_tag (user_id, tag_id) VALUES ("473","29");


INSERT INTO likes (like_id, liked_id, like_date) VALUES ("473","303","2017-05-06 16:09:02");
INSERT INTO likes (like_id, liked_id, like_date) VALUES ("473","243","2017-11-19 13:08:40");
INSERT INTO likes (like_id, liked_id, like_date) VALUES ("473","171","2017-06-02 06:59:02");
INSERT INTO likes (like_id, liked_id, like_date) VALUES ("473","452","2017-11-25 22:29:47");
INSERT INTO likes (like_id, liked_id, like_date) VALUES ("473","36","2017-03-18 03:27:17");
INSERT INTO likes (like_id, liked_id, like_date) VALUES ("473","411","2017-11-28 02:31:26");
INSERT INTO likes (like_id, liked_id, like_date) VALUES ("473","201","2017-06-10 08:17:09");
INSERT INTO likes (like_id, liked_id, like_date) VALUES ("473","66","2017-07-06 08:16:26");


INSERT INTO user (id, first_name, last_name, username, email, password, birthdate, gender, orientation, bio, country, state, city, zip, file_1, file_2, file_3, file_4, file_5, score, token, token_date, active, register, created_at, updated_at) VALUES ("474","Lauren","Hettinger","awalker","iparker@gmail.com","$2y$10$xMEiqMHvc6dqSkPPf5iNjeL42SqVF3OLsT1kEjrmF0gcE0uCIE3LC","1998-09-12 15:20:41","2","1","Aut doloribus ea voluptas quaerat totam iste. Et ea mollitia ipsa nostrum alias est. Itaque voluptatem libero exercitationem aut est dolore aut. Et sunt ut et consequuntur occaecati quis voluptas.","Armenia","","Albertstad","66258-0972","../fixtures/female4.jpg","../fixtures/female6.jpg","../fixtures/female7.jpg","../fixtures/female2.jpg","../fixtures/female8.jpg","95","74c8141179f20a46bcdeb261b92fc2e2","2003-06-26 08:49:44","1","1","1974-02-22 22:18:58","1983-12-16 02:09:59");
INSERT INTO user_tag (user_id, tag_id) VALUES ("474","18");
INSERT INTO user_tag (user_id, tag_id) VALUES ("474","16");
INSERT INTO user_tag (user_id, tag_id) VALUES ("474","39");
INSERT INTO user_tag (user_id, tag_id) VALUES ("474","33");
INSERT INTO user_tag (user_id, tag_id) VALUES ("474","41");
INSERT INTO user_tag (user_id, tag_id) VALUES ("474","35");
INSERT INTO user_tag (user_id, tag_id) VALUES ("474","33");
INSERT INTO user_tag (user_id, tag_id) VALUES ("474","41");
INSERT INTO user_tag (user_id, tag_id) VALUES ("474","29");
INSERT INTO user_tag (user_id, tag_id) VALUES ("474","41");
INSERT INTO user_tag (user_id, tag_id) VALUES ("474","8");
INSERT INTO user_tag (user_id, tag_id) VALUES ("474","10");
INSERT INTO user_tag (user_id, tag_id) VALUES ("474","4");
INSERT INTO user_tag (user_id, tag_id) VALUES ("474","24");


INSERT INTO likes (like_id, liked_id, like_date) VALUES ("474","283","2017-12-06 14:51:58");
INSERT INTO likes (like_id, liked_id, like_date) VALUES ("474","208","2017-08-28 11:21:15");
INSERT INTO likes (like_id, liked_id, like_date) VALUES ("474","449","2017-10-19 08:08:00");
INSERT INTO likes (like_id, liked_id, like_date) VALUES ("474","479","2017-08-19 01:24:10");
INSERT INTO likes (like_id, liked_id, like_date) VALUES ("474","215","2018-01-08 21:15:50");
INSERT INTO likes (like_id, liked_id, like_date) VALUES ("474","161","2017-09-09 04:42:47");
INSERT INTO likes (like_id, liked_id, like_date) VALUES ("474","130","2017-10-21 09:39:30");
INSERT INTO likes (like_id, liked_id, like_date) VALUES ("474","98","2018-02-05 00:22:45");
INSERT INTO likes (like_id, liked_id, like_date) VALUES ("474","230","2017-12-05 12:53:49");
INSERT INTO likes (like_id, liked_id, like_date) VALUES ("474","96","2017-07-31 07:41:44");
INSERT INTO likes (like_id, liked_id, like_date) VALUES ("474","31","2017-03-20 13:25:58");
INSERT INTO likes (like_id, liked_id, like_date) VALUES ("474","56","2017-07-08 14:28:36");


INSERT INTO user (id, first_name, last_name, username, email, password, birthdate, gender, orientation, bio, country, state, city, zip, file_1, file_2, file_3, file_4, file_5, score, token, token_date, active, register, created_at, updated_at) VALUES ("475","Carroll","Grant","fritschuriel","hane.nestor@gmail.com","$2y$10$yId9tvV1lCEdbAH31mVs7.I.CF7ZzsZs3izdV2DcZOaCNuj4dvZBu","1959-03-21 15:38:12","2","2","Animi facilis quos odit officia. Laudantium aut quis qui aut illum aperiam sed. Ea fuga perferendis harum ea similique tempore ut aut. Rem rerum voluptates nihil.","Lao People's Democratic Republic","","East Luigistad","71881","../fixtures/female9.jpg","../fixtures/female6.jpg","../fixtures/female4.jpg","../fixtures/female4.jpg","../fixtures/female6.jpg","78","025f85103879932d2a0d6c48c826b2ec","1980-02-16 01:58:16","1","0","1984-10-26 08:52:38","2017-08-26 06:14:08");
INSERT INTO user_tag (user_id, tag_id) VALUES ("475","49");
INSERT INTO user_tag (user_id, tag_id) VALUES ("475","39");
INSERT INTO user_tag (user_id, tag_id) VALUES ("475","17");
INSERT INTO user_tag (user_id, tag_id) VALUES ("475","47");
INSERT INTO user_tag (user_id, tag_id) VALUES ("475","11");
INSERT INTO user_tag (user_id, tag_id) VALUES ("475","1");
INSERT INTO user_tag (user_id, tag_id) VALUES ("475","11");
INSERT INTO user_tag (user_id, tag_id) VALUES ("475","8");
INSERT INTO user_tag (user_id, tag_id) VALUES ("475","7");
INSERT INTO user_tag (user_id, tag_id) VALUES ("475","19");
INSERT INTO user_tag (user_id, tag_id) VALUES ("475","22");
INSERT INTO user_tag (user_id, tag_id) VALUES ("475","28");
INSERT INTO user_tag (user_id, tag_id) VALUES ("475","3");
INSERT INTO user_tag (user_id, tag_id) VALUES ("475","24");


INSERT INTO likes (like_id, liked_id, like_date) VALUES ("475","382","2017-09-29 09:07:53");
INSERT INTO likes (like_id, liked_id, like_date) VALUES ("475","343","2017-05-19 10:34:16");
INSERT INTO likes (like_id, liked_id, like_date) VALUES ("475","455","2017-10-10 21:35:31");
INSERT INTO likes (like_id, liked_id, like_date) VALUES ("475","104","2017-07-22 06:15:40");
INSERT INTO likes (like_id, liked_id, like_date) VALUES ("475","73","2017-02-17 00:37:12");
INSERT INTO likes (like_id, liked_id, like_date) VALUES ("475","433","2017-10-13 02:37:51");
INSERT INTO likes (like_id, liked_id, like_date) VALUES ("475","86","2017-03-14 09:51:17");
INSERT INTO likes (like_id, liked_id, like_date) VALUES ("475","151","2018-01-27 17:23:46");
INSERT INTO likes (like_id, liked_id, like_date) VALUES ("475","379","2017-10-28 05:35:26");
INSERT INTO likes (like_id, liked_id, like_date) VALUES ("475","2","2017-07-02 06:43:36");


INSERT INTO user (id, first_name, last_name, username, email, password, birthdate, gender, orientation, bio, country, state, city, zip, file_1, file_2, file_3, file_4, file_5, score, token, token_date, active, register, created_at, updated_at) VALUES ("476","Deshaun","Macejkovic","dubuquekari","cassandra98@gmail.com","$2y$10$obtFZIkln/gRhHeWnvQBvOJnVgORcIamhonkq9fUSpmlIpCTZwgp.","1977-12-13 06:56:06","1","2","Quaerat voluptatibus sequi dolorem similique quisquam magni saepe. Velit ea id aspernatur eligendi ut dolores. Quia accusantium ut eos accusamus et deserunt odio itaque. Officia qui numquam perspiciatis ullam in cumque saepe.","United Kingdom","","Port Onie","67987-7918","../fixtures/male3.jpg","../fixtures/male7.jpg","","","","99","b65af80561abd50e6a27643cfcbc6fd2","1971-05-23 01:56:57","1","0","2014-06-24 22:56:41","1989-12-29 11:09:34");
INSERT INTO user_tag (user_id, tag_id) VALUES ("476","34");
INSERT INTO user_tag (user_id, tag_id) VALUES ("476","14");
INSERT INTO user_tag (user_id, tag_id) VALUES ("476","32");
INSERT INTO user_tag (user_id, tag_id) VALUES ("476","39");
INSERT INTO user_tag (user_id, tag_id) VALUES ("476","32");
INSERT INTO user_tag (user_id, tag_id) VALUES ("476","41");
INSERT INTO user_tag (user_id, tag_id) VALUES ("476","42");
INSERT INTO user_tag (user_id, tag_id) VALUES ("476","37");
INSERT INTO user_tag (user_id, tag_id) VALUES ("476","40");
INSERT INTO user_tag (user_id, tag_id) VALUES ("476","42");
INSERT INTO user_tag (user_id, tag_id) VALUES ("476","50");
INSERT INTO user_tag (user_id, tag_id) VALUES ("476","32");
INSERT INTO user_tag (user_id, tag_id) VALUES ("476","20");
INSERT INTO user_tag (user_id, tag_id) VALUES ("476","16");
INSERT INTO user_tag (user_id, tag_id) VALUES ("476","2");


INSERT INTO likes (like_id, liked_id, like_date) VALUES ("476","146","2018-01-31 10:17:48");
INSERT INTO likes (like_id, liked_id, like_date) VALUES ("476","251","2018-01-10 02:30:28");
INSERT INTO likes (like_id, liked_id, like_date) VALUES ("476","214","2017-11-20 03:55:06");
INSERT INTO likes (like_id, liked_id, like_date) VALUES ("476","463","2017-06-02 19:19:52");
INSERT INTO likes (like_id, liked_id, like_date) VALUES ("476","216","2017-09-08 10:51:16");
INSERT INTO likes (like_id, liked_id, like_date) VALUES ("476","428","2017-06-17 13:38:54");
INSERT INTO likes (like_id, liked_id, like_date) VALUES ("476","86","2018-01-30 13:54:34");
INSERT INTO likes (like_id, liked_id, like_date) VALUES ("476","401","2017-02-18 14:04:37");
INSERT INTO likes (like_id, liked_id, like_date) VALUES ("476","284","2017-06-18 11:35:15");


INSERT INTO user (id, first_name, last_name, username, email, password, birthdate, gender, orientation, bio, country, state, city, zip, file_1, file_2, file_3, file_4, file_5, score, token, token_date, active, register, created_at, updated_at) VALUES ("477","Karianne","Schimmel","bdooley","dane.lowe@yahoo.com","$2y$10$8VTzDvgB6hSt5KbWuQ0XDeUfgv.OjzKSABoi6BZd7/KCQyPNiDAB6","1964-03-18 11:44:26","2","2","Omnis sint molestias expedita perspiciatis quibusdam saepe. Asperiores illum voluptatibus illo beatae. Et voluptas enim consectetur delectus fugiat at.","San Marino","","Nienowfurt","45599","../fixtures/female7.jpg","../fixtures/female10.jpg","../fixtures/female9.jpg","","","81","0465ed6ebd085fce5ddd3626e78946c4","2001-06-26 02:51:00","1","1","2004-12-21 00:15:19","1987-04-25 10:40:29");
INSERT INTO user_tag (user_id, tag_id) VALUES ("477","12");
INSERT INTO user_tag (user_id, tag_id) VALUES ("477","48");
INSERT INTO user_tag (user_id, tag_id) VALUES ("477","11");
INSERT INTO user_tag (user_id, tag_id) VALUES ("477","8");
INSERT INTO user_tag (user_id, tag_id) VALUES ("477","47");
INSERT INTO user_tag (user_id, tag_id) VALUES ("477","30");
INSERT INTO user_tag (user_id, tag_id) VALUES ("477","7");
INSERT INTO user_tag (user_id, tag_id) VALUES ("477","5");
INSERT INTO user_tag (user_id, tag_id) VALUES ("477","38");
INSERT INTO user_tag (user_id, tag_id) VALUES ("477","50");
INSERT INTO user_tag (user_id, tag_id) VALUES ("477","34");


INSERT INTO likes (like_id, liked_id, like_date) VALUES ("477","416","2017-09-26 21:39:21");
INSERT INTO likes (like_id, liked_id, like_date) VALUES ("477","94","2017-02-15 20:49:13");
INSERT INTO likes (like_id, liked_id, like_date) VALUES ("477","199","2017-02-22 13:25:37");
INSERT INTO likes (like_id, liked_id, like_date) VALUES ("477","394","2018-01-10 17:54:57");
INSERT INTO likes (like_id, liked_id, like_date) VALUES ("477","361","2017-07-29 16:58:50");
INSERT INTO likes (like_id, liked_id, like_date) VALUES ("477","313","2017-02-20 16:35:22");
INSERT INTO likes (like_id, liked_id, like_date) VALUES ("477","193","2017-08-17 06:15:35");
INSERT INTO likes (like_id, liked_id, like_date) VALUES ("477","311","2017-07-03 15:51:55");
INSERT INTO likes (like_id, liked_id, like_date) VALUES ("477","485","2017-04-07 14:12:03");
INSERT INTO likes (like_id, liked_id, like_date) VALUES ("477","498","2017-04-17 13:57:18");
INSERT INTO likes (like_id, liked_id, like_date) VALUES ("477","303","2017-11-25 22:00:25");
INSERT INTO likes (like_id, liked_id, like_date) VALUES ("477","310","2017-03-17 12:12:49");
INSERT INTO likes (like_id, liked_id, like_date) VALUES ("477","225","2017-07-10 09:09:04");
INSERT INTO likes (like_id, liked_id, like_date) VALUES ("477","50","2017-12-26 07:36:43");
INSERT INTO likes (like_id, liked_id, like_date) VALUES ("477","385","2017-09-02 09:10:13");


INSERT INTO user (id, first_name, last_name, username, email, password, birthdate, gender, orientation, bio, country, state, city, zip, file_1, file_2, file_3, file_4, file_5, score, token, token_date, active, register, created_at, updated_at) VALUES ("478","Brenden","Larkin","candace60","jerad.schulist@schumm.com","$2y$10$xGaUtB5YTUNuk3.HJOrJzepZyL9ISM1sXJwdMEU8SMqMP85GPCVP2","1978-08-16 01:39:40","2","3","Reprehenderit necessitatibus aut sunt culpa exercitationem. Perferendis sit dolor dicta quo.","Pakistan","","McClurehaven","20817-3450","../fixtures/female1.jpg","../fixtures/female3.jpg","../fixtures/female8.jpg","../fixtures/female1.jpg","../fixtures/female1.jpg","41","40cb60b9534e7c612f7d8607205ae0f3","1986-10-15 07:26:21","0","0","1972-03-20 16:13:24","1980-04-09 13:05:38");
INSERT INTO user_tag (user_id, tag_id) VALUES ("478","1");
INSERT INTO user_tag (user_id, tag_id) VALUES ("478","37");
INSERT INTO user_tag (user_id, tag_id) VALUES ("478","14");
INSERT INTO user_tag (user_id, tag_id) VALUES ("478","27");
INSERT INTO user_tag (user_id, tag_id) VALUES ("478","3");
INSERT INTO user_tag (user_id, tag_id) VALUES ("478","10");
INSERT INTO user_tag (user_id, tag_id) VALUES ("478","25");
INSERT INTO user_tag (user_id, tag_id) VALUES ("478","13");
INSERT INTO user_tag (user_id, tag_id) VALUES ("478","31");
INSERT INTO user_tag (user_id, tag_id) VALUES ("478","33");
INSERT INTO user_tag (user_id, tag_id) VALUES ("478","15");
INSERT INTO user_tag (user_id, tag_id) VALUES ("478","23");
INSERT INTO user_tag (user_id, tag_id) VALUES ("478","27");


INSERT INTO likes (like_id, liked_id, like_date) VALUES ("478","382","2018-01-14 19:11:34");
INSERT INTO likes (like_id, liked_id, like_date) VALUES ("478","407","2017-10-30 19:37:42");
INSERT INTO likes (like_id, liked_id, like_date) VALUES ("478","157","2017-07-09 22:33:44");
INSERT INTO likes (like_id, liked_id, like_date) VALUES ("478","232","2017-12-26 04:31:41");
INSERT INTO likes (like_id, liked_id, like_date) VALUES ("478","76","2018-01-24 15:46:11");
INSERT INTO likes (like_id, liked_id, like_date) VALUES ("478","241","2018-01-06 07:09:22");


INSERT INTO user (id, first_name, last_name, username, email, password, birthdate, gender, orientation, bio, country, state, city, zip, file_1, file_2, file_3, file_4, file_5, score, token, token_date, active, register, created_at, updated_at) VALUES ("479","Kelvin","Upton","steuberken","aliya47@wehner.com","$2y$10$6WccFOoVX8VPl6hGYnwiWOK4Doy0I0Fz5yu9N4/Mt7n7/NFBij6Su","1969-03-14 09:07:06","1","3","Laboriosam id aut voluptatem porro vel nobis nesciunt. Qui architecto voluptatem voluptas necessitatibus et porro. Quo voluptatem quasi et dolorem asperiores deserunt.","Saint Helena","","Borermouth","08300-3576","../fixtures/male8.jpg","../fixtures/male5.jpg","../fixtures/male9.jpg","../fixtures/male3.jpg","","81","fe780a63fbcb3a8a1c264d26373bac8f","1982-02-08 07:25:17","1","0","2012-03-23 08:53:43","1981-11-30 01:22:51");
INSERT INTO user_tag (user_id, tag_id) VALUES ("479","41");
INSERT INTO user_tag (user_id, tag_id) VALUES ("479","5");
INSERT INTO user_tag (user_id, tag_id) VALUES ("479","7");


INSERT INTO likes (like_id, liked_id, like_date) VALUES ("479","60","2017-05-01 21:24:42");
INSERT INTO likes (like_id, liked_id, like_date) VALUES ("479","5","2018-02-05 19:00:56");
INSERT INTO likes (like_id, liked_id, like_date) VALUES ("479","129","2017-10-07 08:43:15");
INSERT INTO likes (like_id, liked_id, like_date) VALUES ("479","273","2017-02-15 05:07:09");
INSERT INTO likes (like_id, liked_id, like_date) VALUES ("479","418","2017-04-30 05:36:08");
INSERT INTO likes (like_id, liked_id, like_date) VALUES ("479","500","2017-10-04 04:36:37");
INSERT INTO likes (like_id, liked_id, like_date) VALUES ("479","178","2017-10-23 00:58:55");
INSERT INTO likes (like_id, liked_id, like_date) VALUES ("479","402","2017-02-19 17:06:57");
INSERT INTO likes (like_id, liked_id, like_date) VALUES ("479","39","2017-07-09 04:38:37");
INSERT INTO likes (like_id, liked_id, like_date) VALUES ("479","202","2018-01-04 15:34:58");


INSERT INTO user (id, first_name, last_name, username, email, password, birthdate, gender, orientation, bio, country, state, city, zip, file_1, file_2, file_3, file_4, file_5, score, token, token_date, active, register, created_at, updated_at) VALUES ("480","Noelia","Huels","klockojairo","vicente39@king.com","$2y$10$J4Sa2ac4P0Lkaqd5rr1HRefgzKnu8G.qqGU6MxmUtt4LTpFgYwmOi","1989-05-28 02:34:40","2","2","Consequatur neque nemo voluptatum ad aut. Similique suscipit est mollitia quaerat. Excepturi quod repudiandae officiis dolorem. Eaque est rerum voluptatem impedit omnis.","Haiti","","Estelleview","16671","../fixtures/female2.jpg","../fixtures/female5.jpg","../fixtures/female1.jpg","../fixtures/female10.jpg","","73","a83bf8341ed4ad7a92c4de115089464c","1998-04-29 12:49:32","1","1","1985-11-24 01:03:13","1973-08-08 11:55:32");
INSERT INTO user_tag (user_id, tag_id) VALUES ("480","40");
INSERT INTO user_tag (user_id, tag_id) VALUES ("480","3");
INSERT INTO user_tag (user_id, tag_id) VALUES ("480","40");
INSERT INTO user_tag (user_id, tag_id) VALUES ("480","27");
INSERT INTO user_tag (user_id, tag_id) VALUES ("480","3");
INSERT INTO user_tag (user_id, tag_id) VALUES ("480","15");
INSERT INTO user_tag (user_id, tag_id) VALUES ("480","9");
INSERT INTO user_tag (user_id, tag_id) VALUES ("480","11");
INSERT INTO user_tag (user_id, tag_id) VALUES ("480","12");
INSERT INTO user_tag (user_id, tag_id) VALUES ("480","10");
INSERT INTO user_tag (user_id, tag_id) VALUES ("480","33");


INSERT INTO likes (like_id, liked_id, like_date) VALUES ("480","443","2017-06-26 15:07:10");
INSERT INTO likes (like_id, liked_id, like_date) VALUES ("480","296","2017-09-26 16:05:10");
INSERT INTO likes (like_id, liked_id, like_date) VALUES ("480","335","2017-06-23 04:21:23");
INSERT INTO likes (like_id, liked_id, like_date) VALUES ("480","136","2017-06-10 21:39:39");
INSERT INTO likes (like_id, liked_id, like_date) VALUES ("480","13","2017-06-04 03:40:12");
INSERT INTO likes (like_id, liked_id, like_date) VALUES ("480","216","2017-02-16 09:59:21");
INSERT INTO likes (like_id, liked_id, like_date) VALUES ("480","421","2017-07-21 09:38:51");
INSERT INTO likes (like_id, liked_id, like_date) VALUES ("480","302","2017-09-23 05:50:45");
INSERT INTO likes (like_id, liked_id, like_date) VALUES ("480","374","2017-07-18 14:30:13");
INSERT INTO likes (like_id, liked_id, like_date) VALUES ("480","148","2017-12-05 06:54:54");
INSERT INTO likes (like_id, liked_id, like_date) VALUES ("480","329","2017-02-18 19:37:28");
INSERT INTO likes (like_id, liked_id, like_date) VALUES ("480","494","2017-03-14 17:49:10");
INSERT INTO likes (like_id, liked_id, like_date) VALUES ("480","46","2017-06-16 22:53:30");
INSERT INTO likes (like_id, liked_id, like_date) VALUES ("480","371","2017-06-14 17:39:25");
INSERT INTO likes (like_id, liked_id, like_date) VALUES ("480","294","2017-02-28 20:06:29");
INSERT INTO likes (like_id, liked_id, like_date) VALUES ("480","262","2017-02-15 01:41:52");
INSERT INTO likes (like_id, liked_id, like_date) VALUES ("480","195","2017-11-09 07:39:40");
INSERT INTO likes (like_id, liked_id, like_date) VALUES ("480","58","2017-03-09 10:45:32");
INSERT INTO likes (like_id, liked_id, like_date) VALUES ("480","310","2017-05-18 16:59:09");


INSERT INTO user (id, first_name, last_name, username, email, password, birthdate, gender, orientation, bio, country, state, city, zip, file_1, file_2, file_3, file_4, file_5, score, token, token_date, active, register, created_at, updated_at) VALUES ("481","Richmond","White","bstroman","purdy.sean@rice.com","$2y$10$42Ve7l.pwjhZSfJSBALeu.fgou7fA/a.3hKkOlkMhqgVSee1N3RZC","1984-05-14 01:11:14","2","1","Ad sed voluptas nihil sint. Iusto quaerat consequatur qui placeat. Nisi temporibus ratione fugit voluptatem enim dolorem quis cum.","Peru","","Franeckiborough","17934-8238","../fixtures/female6.jpg","../fixtures/female8.jpg","","","","7","d13acfa24ff7ff52bc16506eca5b9eac","1992-02-13 17:25:12","0","0","2000-05-01 03:09:48","2017-04-30 05:39:51");
INSERT INTO user_tag (user_id, tag_id) VALUES ("481","44");
INSERT INTO user_tag (user_id, tag_id) VALUES ("481","35");
INSERT INTO user_tag (user_id, tag_id) VALUES ("481","46");
INSERT INTO user_tag (user_id, tag_id) VALUES ("481","34");
INSERT INTO user_tag (user_id, tag_id) VALUES ("481","44");
INSERT INTO user_tag (user_id, tag_id) VALUES ("481","37");
INSERT INTO user_tag (user_id, tag_id) VALUES ("481","2");
INSERT INTO user_tag (user_id, tag_id) VALUES ("481","13");
INSERT INTO user_tag (user_id, tag_id) VALUES ("481","40");


INSERT INTO likes (like_id, liked_id, like_date) VALUES ("481","178","2018-01-13 08:00:58");
INSERT INTO likes (like_id, liked_id, like_date) VALUES ("481","257","2018-01-13 11:35:30");
INSERT INTO likes (like_id, liked_id, like_date) VALUES ("481","276","2017-12-13 19:04:29");
INSERT INTO likes (like_id, liked_id, like_date) VALUES ("481","402","2017-06-01 17:50:25");
INSERT INTO likes (like_id, liked_id, like_date) VALUES ("481","9","2018-02-02 23:57:39");
INSERT INTO likes (like_id, liked_id, like_date) VALUES ("481","119","2017-03-21 07:07:51");
INSERT INTO likes (like_id, liked_id, like_date) VALUES ("481","97","2017-08-29 18:00:05");
INSERT INTO likes (like_id, liked_id, like_date) VALUES ("481","392","2017-06-27 19:02:38");
INSERT INTO likes (like_id, liked_id, like_date) VALUES ("481","21","2017-08-16 04:14:28");
INSERT INTO likes (like_id, liked_id, like_date) VALUES ("481","417","2017-11-07 14:45:02");
INSERT INTO likes (like_id, liked_id, like_date) VALUES ("481","88","2017-07-11 22:24:40");


INSERT INTO user (id, first_name, last_name, username, email, password, birthdate, gender, orientation, bio, country, state, city, zip, file_1, file_2, file_3, file_4, file_5, score, token, token_date, active, register, created_at, updated_at) VALUES ("482","Morris","Harris","otha06","manuela14@veum.biz","$2y$10$7DmGq5C9KGhBhVJsTuO8lefAK8oJ795RCuPiS1960Hu2EygkqbGfO","1959-02-18 05:48:13","2","1","Explicabo nesciunt animi vel omnis possimus qui reiciendis numquam. Cumque sint aut voluptatem. Cumque sequi aspernatur eos maiores. Neque est vel nihil iste sit.","United States of America","","South Lamont","37150-7989","../fixtures/female1.jpg","../fixtures/female9.jpg","../fixtures/female5.jpg","../fixtures/female10.jpg","","67","699109e0cd06df3f51652d3241a2792f","2017-11-01 06:39:57","1","1","1991-11-30 23:00:00","1994-02-23 23:09:53");
INSERT INTO user_tag (user_id, tag_id) VALUES ("482","39");
INSERT INTO user_tag (user_id, tag_id) VALUES ("482","19");
INSERT INTO user_tag (user_id, tag_id) VALUES ("482","44");
INSERT INTO user_tag (user_id, tag_id) VALUES ("482","24");
INSERT INTO user_tag (user_id, tag_id) VALUES ("482","44");
INSERT INTO user_tag (user_id, tag_id) VALUES ("482","11");
INSERT INTO user_tag (user_id, tag_id) VALUES ("482","23");
INSERT INTO user_tag (user_id, tag_id) VALUES ("482","37");
INSERT INTO user_tag (user_id, tag_id) VALUES ("482","27");
INSERT INTO user_tag (user_id, tag_id) VALUES ("482","17");
INSERT INTO user_tag (user_id, tag_id) VALUES ("482","49");
INSERT INTO user_tag (user_id, tag_id) VALUES ("482","8");
INSERT INTO user_tag (user_id, tag_id) VALUES ("482","16");
INSERT INTO user_tag (user_id, tag_id) VALUES ("482","43");
INSERT INTO user_tag (user_id, tag_id) VALUES ("482","38");


INSERT INTO likes (like_id, liked_id, like_date) VALUES ("482","113","2017-06-07 02:01:44");
INSERT INTO likes (like_id, liked_id, like_date) VALUES ("482","342","2017-09-09 06:29:50");
INSERT INTO likes (like_id, liked_id, like_date) VALUES ("482","56","2017-05-04 17:45:50");


INSERT INTO user (id, first_name, last_name, username, email, password, birthdate, gender, orientation, bio, country, state, city, zip, file_1, file_2, file_3, file_4, file_5, score, token, token_date, active, register, created_at, updated_at) VALUES ("483","Lilyan","Walsh","monica70","gstanton@gmail.com","$2y$10$QD6Buwl7mvveTJrWtitiweM2544/dvfdvJa6kArkNiOPzFb4vlOii","1954-07-06 23:06:20","2","1","Possimus in omnis laborum saepe voluptatum quos quam. Sit ut libero earum atque incidunt. Nisi aut est non totam accusantium ducimus aperiam.","Sweden","","New Maxime","45715-0301","../fixtures/female7.jpg","","","","","20","4f91850d9296e4b3fa654ded1428a130","2005-07-27 13:27:05","1","1","1992-12-24 07:04:16","2001-06-20 13:54:11");
INSERT INTO user_tag (user_id, tag_id) VALUES ("483","15");


INSERT INTO likes (like_id, liked_id, like_date) VALUES ("483","223","2018-01-19 02:42:37");
INSERT INTO likes (like_id, liked_id, like_date) VALUES ("483","137","2018-01-04 08:16:04");
INSERT INTO likes (like_id, liked_id, like_date) VALUES ("483","424","2017-06-17 01:30:13");
INSERT INTO likes (like_id, liked_id, like_date) VALUES ("483","90","2017-10-08 23:39:10");
INSERT INTO likes (like_id, liked_id, like_date) VALUES ("483","365","2017-12-01 10:11:15");
INSERT INTO likes (like_id, liked_id, like_date) VALUES ("483","214","2017-07-31 03:01:46");
INSERT INTO likes (like_id, liked_id, like_date) VALUES ("483","463","2017-09-12 17:00:30");
INSERT INTO likes (like_id, liked_id, like_date) VALUES ("483","387","2017-06-04 07:49:36");
INSERT INTO likes (like_id, liked_id, like_date) VALUES ("483","488","2017-07-10 21:38:27");
INSERT INTO likes (like_id, liked_id, like_date) VALUES ("483","64","2017-09-26 03:04:00");
INSERT INTO likes (like_id, liked_id, like_date) VALUES ("483","379","2017-10-23 20:18:25");
INSERT INTO likes (like_id, liked_id, like_date) VALUES ("483","495","2018-01-19 18:48:03");
INSERT INTO likes (like_id, liked_id, like_date) VALUES ("483","453","2017-10-01 20:13:23");
INSERT INTO likes (like_id, liked_id, like_date) VALUES ("483","354","2017-12-21 11:48:56");
INSERT INTO likes (like_id, liked_id, like_date) VALUES ("483","191","2017-04-14 15:31:11");


INSERT INTO user (id, first_name, last_name, username, email, password, birthdate, gender, orientation, bio, country, state, city, zip, file_1, file_2, file_3, file_4, file_5, score, token, token_date, active, register, created_at, updated_at) VALUES ("484","Jennings","Lubowitz","kristopherkoss","pdeckow@gmail.com","$2y$10$H9fRzWfdjOEEUPsv6jo82OohowpxxE6Tb/gifm9aw/6j/iy93Iql2","1977-09-28 19:48:44","1","3","Omnis modi aut dolore voluptatibus iure nulla eum quos. Quasi et enim et omnis nesciunt necessitatibus iusto. Possimus ipsa non quidem qui. Exercitationem est est repellat in officiis.","Mayotte","","Hyattburgh","19646-9655","../fixtures/male1.jpg","../fixtures/male5.jpg","","","","59","c067260900ed35fa95fa51cb1949cc54","1984-12-04 19:10:15","0","0","1990-05-06 16:31:59","2006-05-06 23:17:15");
INSERT INTO user_tag (user_id, tag_id) VALUES ("484","47");
INSERT INTO user_tag (user_id, tag_id) VALUES ("484","38");
INSERT INTO user_tag (user_id, tag_id) VALUES ("484","44");
INSERT INTO user_tag (user_id, tag_id) VALUES ("484","10");
INSERT INTO user_tag (user_id, tag_id) VALUES ("484","49");
INSERT INTO user_tag (user_id, tag_id) VALUES ("484","18");
INSERT INTO user_tag (user_id, tag_id) VALUES ("484","1");


INSERT INTO likes (like_id, liked_id, like_date) VALUES ("484","367","2018-02-10 09:56:51");


INSERT INTO user (id, first_name, last_name, username, email, password, birthdate, gender, orientation, bio, country, state, city, zip, file_1, file_2, file_3, file_4, file_5, score, token, token_date, active, register, created_at, updated_at) VALUES ("485","Kaden","Renner","mmayert","angelita05@gmail.com","$2y$10$oiHd4IT0FRKKAkRGGn7YuOhpVEwcaXObgIIh3eV9boJz/m5f.N67.","1955-09-08 19:07:34","2","2","Laboriosam architecto quae voluptatum qui aut culpa ratione. Deserunt vel cupiditate voluptatem beatae consequuntur doloribus. Qui impedit itaque explicabo doloremque voluptas asperiores officiis. Quod laboriosam voluptas consectetur est.","United States Minor Outlying Islands","","Schinnerton","57640","../fixtures/female3.jpg","../fixtures/female2.jpg","../fixtures/female7.jpg","","","12","0efe51cb6805e41a5059c60a272cd3b8","1970-04-29 00:47:13","1","1","1975-07-13 15:16:43","1970-03-10 11:33:15");
INSERT INTO user_tag (user_id, tag_id) VALUES ("485","1");


INSERT INTO likes (like_id, liked_id, like_date) VALUES ("485","261","2017-12-06 03:01:32");
INSERT INTO likes (like_id, liked_id, like_date) VALUES ("485","463","2017-03-12 13:07:45");
INSERT INTO likes (like_id, liked_id, like_date) VALUES ("485","274","2017-08-14 23:13:23");
INSERT INTO likes (like_id, liked_id, like_date) VALUES ("485","429","2018-01-28 18:18:27");
INSERT INTO likes (like_id, liked_id, like_date) VALUES ("485","379","2017-06-03 07:11:34");
INSERT INTO likes (like_id, liked_id, like_date) VALUES ("485","302","2017-08-28 18:11:06");
INSERT INTO likes (like_id, liked_id, like_date) VALUES ("485","238","2017-11-03 16:20:23");
INSERT INTO likes (like_id, liked_id, like_date) VALUES ("485","42","2017-05-06 00:16:46");
INSERT INTO likes (like_id, liked_id, like_date) VALUES ("485","58","2017-10-08 04:36:24");
INSERT INTO likes (like_id, liked_id, like_date) VALUES ("485","312","2017-09-15 23:07:00");
INSERT INTO likes (like_id, liked_id, like_date) VALUES ("485","213","2017-09-06 11:43:45");
INSERT INTO likes (like_id, liked_id, like_date) VALUES ("485","169","2017-10-29 02:16:49");
INSERT INTO likes (like_id, liked_id, like_date) VALUES ("485","380","2017-04-08 06:56:07");
INSERT INTO likes (like_id, liked_id, like_date) VALUES ("485","254","2017-03-20 04:19:00");
INSERT INTO likes (like_id, liked_id, like_date) VALUES ("485","131","2018-01-09 02:40:48");
INSERT INTO likes (like_id, liked_id, like_date) VALUES ("485","414","2017-03-30 08:46:50");
INSERT INTO likes (like_id, liked_id, like_date) VALUES ("485","456","2017-11-05 06:57:34");
INSERT INTO likes (like_id, liked_id, like_date) VALUES ("485","203","2017-11-06 06:17:29");
INSERT INTO likes (like_id, liked_id, like_date) VALUES ("485","443","2017-10-13 15:22:06");


INSERT INTO user (id, first_name, last_name, username, email, password, birthdate, gender, orientation, bio, country, state, city, zip, file_1, file_2, file_3, file_4, file_5, score, token, token_date, active, register, created_at, updated_at) VALUES ("486","Zena","Johns","dbashirian","mariela.monahan@yahoo.com","$2y$10$8hyqTS2.ioT6i95CS0zSEeHypfxVIeMR6UsaitPjxDpch.d244L9m","1963-12-18 00:58:42","2","1","Facere enim temporibus laborum deleniti molestiae ex ratione. Qui ut qui maxime voluptatem. Odio ea natus sint eius sit ducimus cum.","Czech Republic","","Okunevahaven","40157","../fixtures/female9.jpg","../fixtures/female7.jpg","../fixtures/female5.jpg","","","34","a33796c810500d3bfe4bf6d2ba3f8768","1984-05-22 07:36:42","0","0","1977-10-09 15:27:16","2002-03-29 02:23:45");
INSERT INTO user_tag (user_id, tag_id) VALUES ("486","32");
INSERT INTO user_tag (user_id, tag_id) VALUES ("486","25");
INSERT INTO user_tag (user_id, tag_id) VALUES ("486","9");
INSERT INTO user_tag (user_id, tag_id) VALUES ("486","15");
INSERT INTO user_tag (user_id, tag_id) VALUES ("486","36");
INSERT INTO user_tag (user_id, tag_id) VALUES ("486","9");
INSERT INTO user_tag (user_id, tag_id) VALUES ("486","50");
INSERT INTO user_tag (user_id, tag_id) VALUES ("486","27");
INSERT INTO user_tag (user_id, tag_id) VALUES ("486","46");
INSERT INTO user_tag (user_id, tag_id) VALUES ("486","18");


INSERT INTO likes (like_id, liked_id, like_date) VALUES ("486","184","2017-11-25 07:07:14");
INSERT INTO likes (like_id, liked_id, like_date) VALUES ("486","433","2017-04-07 11:50:48");
INSERT INTO likes (like_id, liked_id, like_date) VALUES ("486","256","2017-02-16 03:15:39");
INSERT INTO likes (like_id, liked_id, like_date) VALUES ("486","422","2017-06-18 23:59:37");
INSERT INTO likes (like_id, liked_id, like_date) VALUES ("486","489","2017-08-06 00:39:54");
INSERT INTO likes (like_id, liked_id, like_date) VALUES ("486","69","2017-05-11 14:57:35");
INSERT INTO likes (like_id, liked_id, like_date) VALUES ("486","48","2017-07-12 02:29:40");
INSERT INTO likes (like_id, liked_id, like_date) VALUES ("486","278","2017-11-16 12:30:57");


INSERT INTO user (id, first_name, last_name, username, email, password, birthdate, gender, orientation, bio, country, state, city, zip, file_1, file_2, file_3, file_4, file_5, score, token, token_date, active, register, created_at, updated_at) VALUES ("487","Zion","Mraz","jpfeffer","arjun96@hotmail.com","$2y$10$4zLYSuwU1iX/HewwlZDhA.UN0t8ulB9cHqOeH.M/US0imWBCSFbKO","1989-07-12 11:05:59","2","3","Maxime repudiandae provident voluptatem omnis voluptatem saepe et. Voluptatem quia qui quo enim atque rem necessitatibus. Suscipit qui est id.","United States Virgin Islands","","Murphymouth","83982","../fixtures/female3.jpg","../fixtures/female6.jpg","","","","67","0e52f7cd631ef9037ea333b746fcb7fa","2001-08-07 12:00:39","0","0","2008-10-15 02:37:02","2005-01-09 12:57:20");
INSERT INTO user_tag (user_id, tag_id) VALUES ("487","26");
INSERT INTO user_tag (user_id, tag_id) VALUES ("487","29");
INSERT INTO user_tag (user_id, tag_id) VALUES ("487","25");
INSERT INTO user_tag (user_id, tag_id) VALUES ("487","20");
INSERT INTO user_tag (user_id, tag_id) VALUES ("487","32");
INSERT INTO user_tag (user_id, tag_id) VALUES ("487","42");


INSERT INTO likes (like_id, liked_id, like_date) VALUES ("487","434","2017-11-09 03:32:41");
INSERT INTO likes (like_id, liked_id, like_date) VALUES ("487","484","2017-02-16 21:51:34");
INSERT INTO likes (like_id, liked_id, like_date) VALUES ("487","189","2017-07-28 18:12:05");
INSERT INTO likes (like_id, liked_id, like_date) VALUES ("487","371","2017-10-31 23:11:39");
INSERT INTO likes (like_id, liked_id, like_date) VALUES ("487","26","2017-02-21 04:58:48");
INSERT INTO likes (like_id, liked_id, like_date) VALUES ("487","148","2017-12-25 01:37:20");
INSERT INTO likes (like_id, liked_id, like_date) VALUES ("487","273","2017-11-24 22:15:08");
INSERT INTO likes (like_id, liked_id, like_date) VALUES ("487","214","2017-05-07 00:37:44");
INSERT INTO likes (like_id, liked_id, like_date) VALUES ("487","487","2018-02-01 23:48:05");
INSERT INTO likes (like_id, liked_id, like_date) VALUES ("487","138","2018-01-23 10:21:21");
INSERT INTO likes (like_id, liked_id, like_date) VALUES ("487","371","2017-03-14 18:39:15");
INSERT INTO likes (like_id, liked_id, like_date) VALUES ("487","181","2017-12-23 12:28:42");
INSERT INTO likes (like_id, liked_id, like_date) VALUES ("487","282","2017-05-26 12:20:13");


INSERT INTO user (id, first_name, last_name, username, email, password, birthdate, gender, orientation, bio, country, state, city, zip, file_1, file_2, file_3, file_4, file_5, score, token, token_date, active, register, created_at, updated_at) VALUES ("488","Selena","Feil","betty74","mohammad22@runolfsdottir.com","$2y$10$Q5Tu.lkEwXPu/dL4iJYjtuClr1TEYRvSr4W7HQj/E3O9aKawj99/y","1956-03-23 00:39:23","2","2","Incidunt iure atque doloribus dolorum. Vero et libero corrupti rem eaque.","Cayman Islands","","New Otisshire","55828","../fixtures/female2.jpg","../fixtures/female6.jpg","","","","1","19f4ea8b1222f4499ff4df98fdac1ccc","1976-05-31 04:29:36","0","0","1992-06-14 09:24:59","2016-03-28 18:18:53");
INSERT INTO user_tag (user_id, tag_id) VALUES ("488","25");
INSERT INTO user_tag (user_id, tag_id) VALUES ("488","12");
INSERT INTO user_tag (user_id, tag_id) VALUES ("488","7");
INSERT INTO user_tag (user_id, tag_id) VALUES ("488","17");
INSERT INTO user_tag (user_id, tag_id) VALUES ("488","15");
INSERT INTO user_tag (user_id, tag_id) VALUES ("488","38");
INSERT INTO user_tag (user_id, tag_id) VALUES ("488","7");


INSERT INTO likes (like_id, liked_id, like_date) VALUES ("488","365","2017-02-16 12:11:41");
INSERT INTO likes (like_id, liked_id, like_date) VALUES ("488","103","2017-09-24 17:33:28");
INSERT INTO likes (like_id, liked_id, like_date) VALUES ("488","154","2018-01-04 17:24:01");
INSERT INTO likes (like_id, liked_id, like_date) VALUES ("488","153","2017-08-12 21:32:21");
INSERT INTO likes (like_id, liked_id, like_date) VALUES ("488","500","2017-08-12 08:32:10");
INSERT INTO likes (like_id, liked_id, like_date) VALUES ("488","271","2017-03-14 01:47:11");
INSERT INTO likes (like_id, liked_id, like_date) VALUES ("488","283","2017-11-28 02:26:48");
INSERT INTO likes (like_id, liked_id, like_date) VALUES ("488","6","2017-03-09 11:24:47");
INSERT INTO likes (like_id, liked_id, like_date) VALUES ("488","210","2017-10-11 10:00:47");
INSERT INTO likes (like_id, liked_id, like_date) VALUES ("488","233","2017-12-28 13:48:09");
INSERT INTO likes (like_id, liked_id, like_date) VALUES ("488","283","2017-10-27 17:25:52");
INSERT INTO likes (like_id, liked_id, like_date) VALUES ("488","108","2017-07-23 07:08:57");


INSERT INTO user (id, first_name, last_name, username, email, password, birthdate, gender, orientation, bio, country, state, city, zip, file_1, file_2, file_3, file_4, file_5, score, token, token_date, active, register, created_at, updated_at) VALUES ("489","Ruthie","Conn","jaedenpollich","mittie44@gmail.com","$2y$10$BtlcGLhrjQfJFe29vndZguYEgMNq.SddcLhDjQAvcmTjK2qA.5P5i","1949-03-12 22:26:50","1","3","Delectus enim iure sit at sint enim assumenda. Illo odio molestiae aut eum veniam eaque illum. Velit id id sed. Reiciendis eveniet molestiae facere sint voluptatum.","Ukraine","","West Forest","37456","../fixtures/male7.jpg","../fixtures/male10.jpg","../fixtures/male2.jpg","../fixtures/male6.jpg","","0","800f33dc1f53916d608b76f08b592eca","2004-11-16 03:12:40","0","0","1979-09-03 11:31:27","2002-08-14 23:36:36");
INSERT INTO user_tag (user_id, tag_id) VALUES ("489","32");
INSERT INTO user_tag (user_id, tag_id) VALUES ("489","13");
INSERT INTO user_tag (user_id, tag_id) VALUES ("489","7");
INSERT INTO user_tag (user_id, tag_id) VALUES ("489","42");
INSERT INTO user_tag (user_id, tag_id) VALUES ("489","37");
INSERT INTO user_tag (user_id, tag_id) VALUES ("489","31");
INSERT INTO user_tag (user_id, tag_id) VALUES ("489","29");
INSERT INTO user_tag (user_id, tag_id) VALUES ("489","6");
INSERT INTO user_tag (user_id, tag_id) VALUES ("489","33");
INSERT INTO user_tag (user_id, tag_id) VALUES ("489","47");


INSERT INTO likes (like_id, liked_id, like_date) VALUES ("489","393","2017-07-11 00:54:27");
INSERT INTO likes (like_id, liked_id, like_date) VALUES ("489","196","2017-10-15 11:21:43");
INSERT INTO likes (like_id, liked_id, like_date) VALUES ("489","446","2017-12-20 12:23:14");
INSERT INTO likes (like_id, liked_id, like_date) VALUES ("489","309","2017-10-15 14:46:21");
INSERT INTO likes (like_id, liked_id, like_date) VALUES ("489","396","2017-06-01 14:09:18");
INSERT INTO likes (like_id, liked_id, like_date) VALUES ("489","455","2017-11-05 17:09:58");
INSERT INTO likes (like_id, liked_id, like_date) VALUES ("489","186","2017-09-02 07:57:55");
INSERT INTO likes (like_id, liked_id, like_date) VALUES ("489","10","2017-12-07 01:11:29");
INSERT INTO likes (like_id, liked_id, like_date) VALUES ("489","110","2017-04-20 10:34:48");
INSERT INTO likes (like_id, liked_id, like_date) VALUES ("489","461","2017-04-11 09:02:13");
INSERT INTO likes (like_id, liked_id, like_date) VALUES ("489","273","2017-11-18 07:45:47");


INSERT INTO user (id, first_name, last_name, username, email, password, birthdate, gender, orientation, bio, country, state, city, zip, file_1, file_2, file_3, file_4, file_5, score, token, token_date, active, register, created_at, updated_at) VALUES ("490","Lazaro","Borer","madison77","obeier@schaden.biz","$2y$10$0a0TJJ8H7UpDPtl7zhLxr.sFZ7DRc05q2GwOCrup0CKuCwC4ijzFi","1977-01-23 21:07:07","1","2","Qui iure hic iusto molestias. Aut ut vero sunt adipisci. Ut et ipsam fuga aperiam sequi. Quisquam qui est nulla ut molestias.","Cuba","","Port Zoilaburgh","68009-4873","../fixtures/male5.jpg","","","","","11","f668af39a7118e474db1a125b4baf4f7","1997-07-21 23:35:29","0","0","1974-05-11 15:15:24","2011-01-10 19:39:40");
INSERT INTO user_tag (user_id, tag_id) VALUES ("490","34");


INSERT INTO likes (like_id, liked_id, like_date) VALUES ("490","248","2017-11-09 12:46:01");
INSERT INTO likes (like_id, liked_id, like_date) VALUES ("490","324","2017-02-21 04:18:56");
INSERT INTO likes (like_id, liked_id, like_date) VALUES ("490","246","2017-10-18 03:19:55");
INSERT INTO likes (like_id, liked_id, like_date) VALUES ("490","431","2017-04-22 08:43:48");
INSERT INTO likes (like_id, liked_id, like_date) VALUES ("490","480","2018-02-08 23:54:59");
INSERT INTO likes (like_id, liked_id, like_date) VALUES ("490","95","2018-02-12 04:14:10");
INSERT INTO likes (like_id, liked_id, like_date) VALUES ("490","72","2017-07-17 00:22:18");
INSERT INTO likes (like_id, liked_id, like_date) VALUES ("490","187","2017-10-21 01:31:18");
INSERT INTO likes (like_id, liked_id, like_date) VALUES ("490","32","2018-01-19 03:48:05");
INSERT INTO likes (like_id, liked_id, like_date) VALUES ("490","154","2018-01-09 01:25:45");
INSERT INTO likes (like_id, liked_id, like_date) VALUES ("490","281","2017-10-07 17:15:00");
INSERT INTO likes (like_id, liked_id, like_date) VALUES ("490","356","2017-05-07 03:51:49");
INSERT INTO likes (like_id, liked_id, like_date) VALUES ("490","341","2017-05-01 21:19:23");
INSERT INTO likes (like_id, liked_id, like_date) VALUES ("490","141","2018-01-05 06:32:58");
INSERT INTO likes (like_id, liked_id, like_date) VALUES ("490","305","2017-03-02 20:01:08");
INSERT INTO likes (like_id, liked_id, like_date) VALUES ("490","267","2018-01-06 19:26:43");
INSERT INTO likes (like_id, liked_id, like_date) VALUES ("490","377","2017-08-13 16:25:57");
INSERT INTO likes (like_id, liked_id, like_date) VALUES ("490","374","2017-06-07 06:39:10");
INSERT INTO likes (like_id, liked_id, like_date) VALUES ("490","132","2017-11-14 03:41:55");
INSERT INTO likes (like_id, liked_id, like_date) VALUES ("490","196","2017-07-17 03:12:10");


INSERT INTO user (id, first_name, last_name, username, email, password, birthdate, gender, orientation, bio, country, state, city, zip, file_1, file_2, file_3, file_4, file_5, score, token, token_date, active, register, created_at, updated_at) VALUES ("491","Constance","Kassulke","gust79","roger.block@hotmail.com","$2y$10$2AfGC5jawxmyTHQYgF091e4JEfdW4F3ug16cdFoEWVKDEFutfNk8S","1965-11-20 23:38:53","1","3","Voluptas odit cupiditate est doloribus autem dolores. At labore vitae praesentium sapiente ut nobis. Quaerat harum qui illo soluta veritatis occaecati quidem. Qui dolore accusantium perspiciatis laboriosam sit.","Equatorial Guinea","","Derricktown","96893-9963","../fixtures/male1.jpg","","","","","91","42cc428f8f158d68792cfba4e7db6265","2017-07-16 01:26:26","1","0","2006-04-11 06:39:26","2010-05-12 11:24:59");
INSERT INTO user_tag (user_id, tag_id) VALUES ("491","5");
INSERT INTO user_tag (user_id, tag_id) VALUES ("491","43");
INSERT INTO user_tag (user_id, tag_id) VALUES ("491","10");
INSERT INTO user_tag (user_id, tag_id) VALUES ("491","19");
INSERT INTO user_tag (user_id, tag_id) VALUES ("491","46");
INSERT INTO user_tag (user_id, tag_id) VALUES ("491","22");
INSERT INTO user_tag (user_id, tag_id) VALUES ("491","3");
INSERT INTO user_tag (user_id, tag_id) VALUES ("491","39");
INSERT INTO user_tag (user_id, tag_id) VALUES ("491","38");
INSERT INTO user_tag (user_id, tag_id) VALUES ("491","45");
INSERT INTO user_tag (user_id, tag_id) VALUES ("491","26");
INSERT INTO user_tag (user_id, tag_id) VALUES ("491","14");
INSERT INTO user_tag (user_id, tag_id) VALUES ("491","26");
INSERT INTO user_tag (user_id, tag_id) VALUES ("491","42");
INSERT INTO user_tag (user_id, tag_id) VALUES ("491","15");


INSERT INTO likes (like_id, liked_id, like_date) VALUES ("491","12","2018-01-25 11:45:04");
INSERT INTO likes (like_id, liked_id, like_date) VALUES ("491","212","2017-12-26 06:47:22");
INSERT INTO likes (like_id, liked_id, like_date) VALUES ("491","250","2017-07-29 23:55:21");
INSERT INTO likes (like_id, liked_id, like_date) VALUES ("491","316","2017-09-21 00:22:01");
INSERT INTO likes (like_id, liked_id, like_date) VALUES ("491","110","2018-01-12 19:25:00");
INSERT INTO likes (like_id, liked_id, like_date) VALUES ("491","246","2018-02-12 11:27:19");
INSERT INTO likes (like_id, liked_id, like_date) VALUES ("491","359","2017-11-02 13:08:17");
INSERT INTO likes (like_id, liked_id, like_date) VALUES ("491","132","2017-05-07 03:31:06");
INSERT INTO likes (like_id, liked_id, like_date) VALUES ("491","24","2017-05-08 01:00:31");
INSERT INTO likes (like_id, liked_id, like_date) VALUES ("491","226","2018-01-26 14:45:41");
INSERT INTO likes (like_id, liked_id, like_date) VALUES ("491","231","2017-07-07 00:51:34");
INSERT INTO likes (like_id, liked_id, like_date) VALUES ("491","316","2017-10-22 16:56:56");
INSERT INTO likes (like_id, liked_id, like_date) VALUES ("491","475","2017-03-15 16:10:33");
INSERT INTO likes (like_id, liked_id, like_date) VALUES ("491","480","2017-08-18 03:02:35");
INSERT INTO likes (like_id, liked_id, like_date) VALUES ("491","307","2017-02-15 18:41:31");


INSERT INTO user (id, first_name, last_name, username, email, password, birthdate, gender, orientation, bio, country, state, city, zip, file_1, file_2, file_3, file_4, file_5, score, token, token_date, active, register, created_at, updated_at) VALUES ("492","Dina","Haley","sarinadibbert","hertha.sipes@yahoo.com","$2y$10$wF2Li7eHx9vyVyfkjQYcQeS6A/GsyJUjRJCsxSAa5PPX7SIVAPAqS","1956-12-22 02:54:54","2","2","Harum et quasi eos aut autem quis illo architecto. Sit eum dolorem expedita debitis inventore tempore provident. Vel rerum ut tempore omnis aliquid aut. Assumenda reiciendis dolor ut possimus est in. Blanditiis assumenda voluptatum enim quos aut.","Argentina","","Henrietteland","76433-5324","../fixtures/female7.jpg","../fixtures/female5.jpg","","","","94","db60b4d9cc461f01a1d758b278b8cee9","1999-01-15 07:58:53","0","0","1995-08-08 06:23:58","2010-05-01 12:46:51");
INSERT INTO user_tag (user_id, tag_id) VALUES ("492","38");


INSERT INTO likes (like_id, liked_id, like_date) VALUES ("492","91","2017-08-24 01:22:49");
INSERT INTO likes (like_id, liked_id, like_date) VALUES ("492","417","2017-10-14 07:22:41");
INSERT INTO likes (like_id, liked_id, like_date) VALUES ("492","131","2017-05-29 14:40:45");
INSERT INTO likes (like_id, liked_id, like_date) VALUES ("492","445","2017-02-17 01:49:26");
INSERT INTO likes (like_id, liked_id, like_date) VALUES ("492","91","2017-12-14 23:40:10");
INSERT INTO likes (like_id, liked_id, like_date) VALUES ("492","476","2017-08-28 05:59:18");
INSERT INTO likes (like_id, liked_id, like_date) VALUES ("492","257","2017-10-08 00:23:17");
INSERT INTO likes (like_id, liked_id, like_date) VALUES ("492","367","2017-07-04 09:39:21");
INSERT INTO likes (like_id, liked_id, like_date) VALUES ("492","251","2017-08-01 01:07:04");
INSERT INTO likes (like_id, liked_id, like_date) VALUES ("492","401","2017-05-18 14:41:03");
INSERT INTO likes (like_id, liked_id, like_date) VALUES ("492","101","2017-08-21 03:38:28");
INSERT INTO likes (like_id, liked_id, like_date) VALUES ("492","354","2017-11-24 10:08:19");
INSERT INTO likes (like_id, liked_id, like_date) VALUES ("492","339","2017-05-27 06:28:56");


INSERT INTO user (id, first_name, last_name, username, email, password, birthdate, gender, orientation, bio, country, state, city, zip, file_1, file_2, file_3, file_4, file_5, score, token, token_date, active, register, created_at, updated_at) VALUES ("493","Kallie","Mayer","gusterry","ggottlieb@sauer.info","$2y$10$a7nqNp9HVwBsCwG2FPG/RuRhiIk9RieS1Nc9BBpghSwx5ovawyEUi","1976-05-02 01:54:27","2","3","Modi et quia beatae nobis neque qui. Voluptatem dolor sunt qui autem. Quod illo consequatur sunt. Eos non corporis et ut at qui voluptatem error. Corrupti esse nam quasi eveniet sed eos exercitationem iure.","Northern Mariana Islands","","Emieport","49956","../fixtures/female4.jpg","../fixtures/female1.jpg","../fixtures/female2.jpg","../fixtures/female10.jpg","../fixtures/female5.jpg","4","28e52000f6bed39135008bf546df1068","2006-10-21 12:14:17","0","0","1984-04-03 16:26:32","1993-03-05 13:27:19");
INSERT INTO user_tag (user_id, tag_id) VALUES ("493","5");
INSERT INTO user_tag (user_id, tag_id) VALUES ("493","36");
INSERT INTO user_tag (user_id, tag_id) VALUES ("493","6");
INSERT INTO user_tag (user_id, tag_id) VALUES ("493","11");
INSERT INTO user_tag (user_id, tag_id) VALUES ("493","3");
INSERT INTO user_tag (user_id, tag_id) VALUES ("493","48");
INSERT INTO user_tag (user_id, tag_id) VALUES ("493","3");
INSERT INTO user_tag (user_id, tag_id) VALUES ("493","19");
INSERT INTO user_tag (user_id, tag_id) VALUES ("493","12");
INSERT INTO user_tag (user_id, tag_id) VALUES ("493","48");
INSERT INTO user_tag (user_id, tag_id) VALUES ("493","10");
INSERT INTO user_tag (user_id, tag_id) VALUES ("493","6");


INSERT INTO likes (like_id, liked_id, like_date) VALUES ("493","316","2018-02-06 07:13:47");
INSERT INTO likes (like_id, liked_id, like_date) VALUES ("493","447","2017-06-29 05:43:16");
INSERT INTO likes (like_id, liked_id, like_date) VALUES ("493","479","2018-01-27 08:32:19");
INSERT INTO likes (like_id, liked_id, like_date) VALUES ("493","167","2017-12-31 12:48:44");
INSERT INTO likes (like_id, liked_id, like_date) VALUES ("493","57","2017-10-31 20:02:53");


INSERT INTO user (id, first_name, last_name, username, email, password, birthdate, gender, orientation, bio, country, state, city, zip, file_1, file_2, file_3, file_4, file_5, score, token, token_date, active, register, created_at, updated_at) VALUES ("494","Felipe","Carroll","dubuquejohnathon","virgie44@hotmail.com","$2y$10$UMlbkItB01H88ClxpO38/.YBtwsj8GauUoS4sYfD0Sve70REX..YS","1996-07-08 05:56:09","1","1","Ipsum neque natus magnam. Omnis dolor qui praesentium iusto odio et. Sapiente facilis sed nihil similique velit quos. Voluptates doloribus rem et culpa provident consequatur sed.","Canada","","Lake Greenfurt","32604-7927","../fixtures/male1.jpg","","","","","47","f2b76cb4219bc1af1995b2c05db852be","1982-08-31 04:37:56","1","1","1972-10-02 02:43:15","2001-05-17 11:44:41");
INSERT INTO user_tag (user_id, tag_id) VALUES ("494","42");
INSERT INTO user_tag (user_id, tag_id) VALUES ("494","29");
INSERT INTO user_tag (user_id, tag_id) VALUES ("494","27");


INSERT INTO likes (like_id, liked_id, like_date) VALUES ("494","179","2018-01-14 05:07:58");
INSERT INTO likes (like_id, liked_id, like_date) VALUES ("494","14","2017-12-09 22:38:06");
INSERT INTO likes (like_id, liked_id, like_date) VALUES ("494","88","2017-09-24 04:48:13");
INSERT INTO likes (like_id, liked_id, like_date) VALUES ("494","258","2017-03-10 08:15:03");


INSERT INTO user (id, first_name, last_name, username, email, password, birthdate, gender, orientation, bio, country, state, city, zip, file_1, file_2, file_3, file_4, file_5, score, token, token_date, active, register, created_at, updated_at) VALUES ("495","Marcelino","Morissette","jwolff","kulas.bette@gmail.com","$2y$10$J6ibvsrGONJ8DVvqZo.NsOG3ACD/nFsXAonk9zmWVzavtLkClMrnO","1962-11-05 19:26:39","2","2","Est odit iusto beatae nobis. Dicta et similique accusamus illum. Dolorem molestias eos voluptas ipsum nostrum delectus nulla. Amet suscipit fugit sunt cum aut quaerat consequatur blanditiis.","Svalbard & Jan Mayen Islands","","New Emersonstad","42121-0139","../fixtures/female2.jpg","../fixtures/female1.jpg","","","","39","927ffefca1be65d555d3324513311129","2016-07-03 05:24:59","1","1","1996-04-11 01:12:28","1982-08-16 12:03:42");
INSERT INTO user_tag (user_id, tag_id) VALUES ("495","42");
INSERT INTO user_tag (user_id, tag_id) VALUES ("495","7");
INSERT INTO user_tag (user_id, tag_id) VALUES ("495","22");
INSERT INTO user_tag (user_id, tag_id) VALUES ("495","21");
INSERT INTO user_tag (user_id, tag_id) VALUES ("495","36");
INSERT INTO user_tag (user_id, tag_id) VALUES ("495","38");


INSERT INTO likes (like_id, liked_id, like_date) VALUES ("495","335","2017-05-20 18:15:42");
INSERT INTO likes (like_id, liked_id, like_date) VALUES ("495","39","2018-01-28 04:15:10");
INSERT INTO likes (like_id, liked_id, like_date) VALUES ("495","263","2017-05-28 07:21:36");
INSERT INTO likes (like_id, liked_id, like_date) VALUES ("495","98","2017-04-04 17:32:15");
INSERT INTO likes (like_id, liked_id, like_date) VALUES ("495","87","2017-08-08 12:52:08");
INSERT INTO likes (like_id, liked_id, like_date) VALUES ("495","153","2017-12-30 14:24:27");
INSERT INTO likes (like_id, liked_id, like_date) VALUES ("495","417","2017-12-13 09:23:16");
INSERT INTO likes (like_id, liked_id, like_date) VALUES ("495","39","2017-09-22 07:55:28");
INSERT INTO likes (like_id, liked_id, like_date) VALUES ("495","93","2017-12-02 15:10:44");
INSERT INTO likes (like_id, liked_id, like_date) VALUES ("495","220","2018-01-23 21:17:46");
INSERT INTO likes (like_id, liked_id, like_date) VALUES ("495","485","2017-11-01 20:32:40");
INSERT INTO likes (like_id, liked_id, like_date) VALUES ("495","490","2017-07-31 01:13:01");
INSERT INTO likes (like_id, liked_id, like_date) VALUES ("495","181","2017-05-18 19:09:29");
INSERT INTO likes (like_id, liked_id, like_date) VALUES ("495","332","2017-12-25 00:35:53");
INSERT INTO likes (like_id, liked_id, like_date) VALUES ("495","201","2017-12-24 09:51:14");
INSERT INTO likes (like_id, liked_id, like_date) VALUES ("495","370","2017-09-23 05:11:42");


INSERT INTO user (id, first_name, last_name, username, email, password, birthdate, gender, orientation, bio, country, state, city, zip, file_1, file_2, file_3, file_4, file_5, score, token, token_date, active, register, created_at, updated_at) VALUES ("496","Adrain","Runolfsdottir","tmccullough","alexa.funk@hotmail.com","$2y$10$T0/wjSNFbOd0Cz26AD1Gp.kjj4yfwxeAI49/xPrE7XxFcJv1ElVU2","1982-02-19 15:39:19","1","3","Velit commodi labore tempora sed atque soluta dignissimos. Ipsa rem quae beatae labore praesentium consequuntur nihil. Culpa quo est libero. Optio eos omnis praesentium porro enim enim.","Jersey","","East Garnetchester","11379","../fixtures/male3.jpg","../fixtures/male1.jpg","","","","85","c66d7d600cbb423d10e8a9f5e2a2ce4f","2004-05-29 18:10:35","0","0","2002-08-16 03:19:25","1990-02-17 18:09:38");
INSERT INTO user_tag (user_id, tag_id) VALUES ("496","6");


INSERT INTO likes (like_id, liked_id, like_date) VALUES ("496","422","2017-06-08 15:32:16");
INSERT INTO likes (like_id, liked_id, like_date) VALUES ("496","96","2018-01-11 01:19:15");
INSERT INTO likes (like_id, liked_id, like_date) VALUES ("496","344","2018-01-06 10:20:40");
INSERT INTO likes (like_id, liked_id, like_date) VALUES ("496","46","2018-01-03 11:32:22");
INSERT INTO likes (like_id, liked_id, like_date) VALUES ("496","418","2017-12-09 13:00:45");
INSERT INTO likes (like_id, liked_id, like_date) VALUES ("496","328","2017-11-06 14:21:42");


INSERT INTO user (id, first_name, last_name, username, email, password, birthdate, gender, orientation, bio, country, state, city, zip, file_1, file_2, file_3, file_4, file_5, score, token, token_date, active, register, created_at, updated_at) VALUES ("497","Forrest","Wisoky","carmela27","rokuneva@runolfsson.com","$2y$10$zmPllcwM/UMMvuaPSBacFuppfDddkArLKv1RUfkjPGqyyJ0H15cWi","1953-04-16 20:09:11","2","1","Accusamus voluptates quisquam enim facere neque qui. Tempora eaque repudiandae omnis et nemo modi. Soluta dolorum dolorum molestiae veniam ullam illo. Dicta pariatur qui eius.","United States Minor Outlying Islands","","Dorthaton","48878-9269","../fixtures/female8.jpg","","","","","44","e0e131618306eb9e3987b91983f254dd","1974-06-27 23:13:23","1","0","1983-05-17 02:59:02","1973-05-12 02:51:22");
INSERT INTO user_tag (user_id, tag_id) VALUES ("497","37");
INSERT INTO user_tag (user_id, tag_id) VALUES ("497","20");
INSERT INTO user_tag (user_id, tag_id) VALUES ("497","44");
INSERT INTO user_tag (user_id, tag_id) VALUES ("497","50");
INSERT INTO user_tag (user_id, tag_id) VALUES ("497","44");
INSERT INTO user_tag (user_id, tag_id) VALUES ("497","46");
INSERT INTO user_tag (user_id, tag_id) VALUES ("497","45");
INSERT INTO user_tag (user_id, tag_id) VALUES ("497","23");
INSERT INTO user_tag (user_id, tag_id) VALUES ("497","9");
INSERT INTO user_tag (user_id, tag_id) VALUES ("497","48");
INSERT INTO user_tag (user_id, tag_id) VALUES ("497","11");
INSERT INTO user_tag (user_id, tag_id) VALUES ("497","23");
INSERT INTO user_tag (user_id, tag_id) VALUES ("497","12");


INSERT INTO likes (like_id, liked_id, like_date) VALUES ("497","306","2017-03-01 09:33:45");
INSERT INTO likes (like_id, liked_id, like_date) VALUES ("497","49","2017-08-06 21:38:12");
INSERT INTO likes (like_id, liked_id, like_date) VALUES ("497","411","2017-09-08 18:22:44");
INSERT INTO likes (like_id, liked_id, like_date) VALUES ("497","386","2017-08-08 16:51:18");
INSERT INTO likes (like_id, liked_id, like_date) VALUES ("497","40","2018-01-22 07:54:47");
INSERT INTO likes (like_id, liked_id, like_date) VALUES ("497","324","2018-01-14 19:16:53");
INSERT INTO likes (like_id, liked_id, like_date) VALUES ("497","245","2018-01-21 06:52:44");
INSERT INTO likes (like_id, liked_id, like_date) VALUES ("497","403","2017-12-18 22:42:31");
INSERT INTO likes (like_id, liked_id, like_date) VALUES ("497","471","2017-02-25 18:41:51");
INSERT INTO likes (like_id, liked_id, like_date) VALUES ("497","279","2017-04-01 10:20:11");
INSERT INTO likes (like_id, liked_id, like_date) VALUES ("497","461","2018-01-16 21:51:49");
INSERT INTO likes (like_id, liked_id, like_date) VALUES ("497","404","2018-01-25 19:53:14");
INSERT INTO likes (like_id, liked_id, like_date) VALUES ("497","174","2017-10-01 11:58:58");
INSERT INTO likes (like_id, liked_id, like_date) VALUES ("497","332","2017-11-11 19:24:19");
INSERT INTO likes (like_id, liked_id, like_date) VALUES ("497","333","2017-08-23 01:56:33");
INSERT INTO likes (like_id, liked_id, like_date) VALUES ("497","272","2017-12-07 16:42:46");


INSERT INTO user (id, first_name, last_name, username, email, password, birthdate, gender, orientation, bio, country, state, city, zip, file_1, file_2, file_3, file_4, file_5, score, token, token_date, active, register, created_at, updated_at) VALUES ("498","Isac","Altenwerth","yesenia12","geoffrey.zemlak@lynch.com","$2y$10$zVzzN18n68TwylyYiEvNwumrp/j3nuhUcNVTv6gyBoXh6n445vsl.","1959-04-14 22:25:27","2","3","Veritatis expedita sunt aut consequatur. Maxime non dicta eligendi sapiente odio blanditiis quasi accusantium. Iste ea at omnis et adipisci. Et et sit aut. Eveniet dolores non et consequatur odio veniam.","British Indian Ocean Territory (Chagos Archipelago)","","West Kylee","84808","../fixtures/female2.jpg","","","","","70","c14e66590c332c3f29d6ba5d2cb432af","2013-05-06 08:19:54","0","0","1975-09-21 16:30:05","1988-06-04 18:49:16");
INSERT INTO user_tag (user_id, tag_id) VALUES ("498","42");
INSERT INTO user_tag (user_id, tag_id) VALUES ("498","15");
INSERT INTO user_tag (user_id, tag_id) VALUES ("498","29");
INSERT INTO user_tag (user_id, tag_id) VALUES ("498","35");
INSERT INTO user_tag (user_id, tag_id) VALUES ("498","45");
INSERT INTO user_tag (user_id, tag_id) VALUES ("498","15");
INSERT INTO user_tag (user_id, tag_id) VALUES ("498","15");
INSERT INTO user_tag (user_id, tag_id) VALUES ("498","20");
INSERT INTO user_tag (user_id, tag_id) VALUES ("498","36");
INSERT INTO user_tag (user_id, tag_id) VALUES ("498","47");
INSERT INTO user_tag (user_id, tag_id) VALUES ("498","26");
INSERT INTO user_tag (user_id, tag_id) VALUES ("498","38");
INSERT INTO user_tag (user_id, tag_id) VALUES ("498","28");


INSERT INTO likes (like_id, liked_id, like_date) VALUES ("498","248","2017-02-25 23:26:16");
INSERT INTO likes (like_id, liked_id, like_date) VALUES ("498","81","2017-05-08 12:54:32");
INSERT INTO likes (like_id, liked_id, like_date) VALUES ("498","223","2017-08-04 22:48:50");
INSERT INTO likes (like_id, liked_id, like_date) VALUES ("498","376","2017-04-13 10:52:19");


INSERT INTO user (id, first_name, last_name, username, email, password, birthdate, gender, orientation, bio, country, state, city, zip, file_1, file_2, file_3, file_4, file_5, score, token, token_date, active, register, created_at, updated_at) VALUES ("499","Lorine","Wilkinson","rathgrayson","jakob91@yahoo.com","$2y$10$xlEorGmWvYK0WbMWbmkTVuk4qNScUlYmtGEttdHw/orDxxt/5IxNq","1950-11-01 16:57:01","2","1","Et ut voluptatem eaque exercitationem. Maiores omnis autem quibusdam impedit sint perspiciatis hic. Voluptas nisi qui consequatur voluptatum quia blanditiis voluptatum voluptate.","Gambia","","Jaquelinefort","22823","../fixtures/female6.jpg","../fixtures/female9.jpg","../fixtures/female8.jpg","","","5","19a62b27315b89a8f7e4615332bc49ba","1986-11-27 17:54:16","1","0","1998-08-31 10:04:08","1974-08-24 16:05:27");
INSERT INTO user_tag (user_id, tag_id) VALUES ("499","24");
INSERT INTO user_tag (user_id, tag_id) VALUES ("499","45");
INSERT INTO user_tag (user_id, tag_id) VALUES ("499","39");
INSERT INTO user_tag (user_id, tag_id) VALUES ("499","10");
INSERT INTO user_tag (user_id, tag_id) VALUES ("499","32");
INSERT INTO user_tag (user_id, tag_id) VALUES ("499","29");
INSERT INTO user_tag (user_id, tag_id) VALUES ("499","43");
INSERT INTO user_tag (user_id, tag_id) VALUES ("499","4");
INSERT INTO user_tag (user_id, tag_id) VALUES ("499","14");
INSERT INTO user_tag (user_id, tag_id) VALUES ("499","15");
INSERT INTO user_tag (user_id, tag_id) VALUES ("499","2");
INSERT INTO user_tag (user_id, tag_id) VALUES ("499","41");
INSERT INTO user_tag (user_id, tag_id) VALUES ("499","33");
INSERT INTO user_tag (user_id, tag_id) VALUES ("499","7");
INSERT INTO user_tag (user_id, tag_id) VALUES ("499","15");


INSERT INTO likes (like_id, liked_id, like_date) VALUES ("499","332","2017-07-13 12:34:50");
INSERT INTO likes (like_id, liked_id, like_date) VALUES ("499","16","2017-12-23 22:02:05");
INSERT INTO likes (like_id, liked_id, like_date) VALUES ("499","347","2017-07-07 13:50:04");
INSERT INTO likes (like_id, liked_id, like_date) VALUES ("499","253","2017-04-10 12:21:04");
INSERT INTO likes (like_id, liked_id, like_date) VALUES ("499","217","2017-09-23 16:28:04");
INSERT INTO likes (like_id, liked_id, like_date) VALUES ("499","449","2017-02-16 07:37:05");
INSERT INTO likes (like_id, liked_id, like_date) VALUES ("499","350","2017-12-26 10:44:51");
INSERT INTO likes (like_id, liked_id, like_date) VALUES ("499","310","2017-03-30 04:13:16");
INSERT INTO likes (like_id, liked_id, like_date) VALUES ("499","236","2017-04-27 03:17:47");
INSERT INTO likes (like_id, liked_id, like_date) VALUES ("499","175","2017-06-20 15:06:42");
INSERT INTO likes (like_id, liked_id, like_date) VALUES ("499","279","2017-02-22 09:59:59");
INSERT INTO likes (like_id, liked_id, like_date) VALUES ("499","420","2017-05-13 21:18:18");
INSERT INTO likes (like_id, liked_id, like_date) VALUES ("499","141","2017-08-17 17:44:52");


INSERT INTO user (id, first_name, last_name, username, email, password, birthdate, gender, orientation, bio, country, state, city, zip, file_1, file_2, file_3, file_4, file_5, score, token, token_date, active, register, created_at, updated_at) VALUES ("500","Estella","Predovic","sophie83","wcummings@sporer.com","$2y$10$Bxw7TCmXFHEyympn2ByKbON8wuMChJ7QCqS.rZrOE4890vO0ENQrG","1989-10-19 23:15:45","2","1","Voluptatem doloremque perferendis in ut. Voluptatem numquam laborum porro corrupti temporibus non. Vitae consequatur minus corrupti iusto.","Iran","","Hillarymouth","78695","../fixtures/female3.jpg","../fixtures/female4.jpg","","","","38","f5db04fc55c6a9d7f1aacb3b5512c7cb","2000-07-17 00:30:09","1","1","1994-01-08 01:10:16","1981-04-18 10:25:53");
INSERT INTO user_tag (user_id, tag_id) VALUES ("500","31");
INSERT INTO user_tag (user_id, tag_id) VALUES ("500","35");
INSERT INTO user_tag (user_id, tag_id) VALUES ("500","34");


INSERT INTO likes (like_id, liked_id, like_date) VALUES ("500","459","2017-06-01 15:05:15");
INSERT INTO likes (like_id, liked_id, like_date) VALUES ("500","21","2018-02-08 20:52:34");
INSERT INTO likes (like_id, liked_id, like_date) VALUES ("500","495","2017-03-01 06:08:48");
INSERT INTO likes (like_id, liked_id, like_date) VALUES ("500","376","2017-11-08 04:03:48");
INSERT INTO likes (like_id, liked_id, like_date) VALUES ("500","207","2017-03-13 15:43:33");
INSERT INTO likes (like_id, liked_id, like_date) VALUES ("500","251","2017-06-16 18:50:23");
INSERT INTO likes (like_id, liked_id, like_date) VALUES ("500","85","2018-02-12 23:01:55");
INSERT INTO likes (like_id, liked_id, like_date) VALUES ("500","464","2017-10-11 18:14:36");


