INSERT INTO user (id, first_name, last_name, username, email, password, birthdate, gender, orientation, bio, country, state, city, zip, file_1, file_2, file_3, file_4, file_5, score, token, token_date, active, register, created_at, updated_at) VALUES ("1","Janice","Mayert","anabelhackett","edach@yahoo.com","$2y$10$jxqARDY2hZRiVWdmhOCxyeVevrJ2diiYcuvYGJRq79rWk3CWUI4EC","1969-07-08 17:56:51","1","3","Voluptates consequuntur labore ipsa et ut illo. Nostrum recusandae rerum accusamus ab similique. Omnis rerum sunt adipisci distinctio culpa. Ullam et corporis quisquam animi debitis minus.","Oman","","Walkerville","58028-5600","../fixtures/male1.jpg","../fixtures/male8.jpg","../fixtures/male6.jpg","../fixtures/male2.jpg","../fixtures/male9.jpg","96","0a02b3269b5cc4de045d826d5bdc7f29","1997-04-25 10:18:59","0","0","1973-02-05 03:25:35","2009-06-08 16:18:52");
INSERT INTO user_tag (user_id, tag_id) VALUES ("1","4");
INSERT INTO user_tag (user_id, tag_id) VALUES ("1","36");
INSERT INTO user_tag (user_id, tag_id) VALUES ("1","47");
INSERT INTO user_tag (user_id, tag_id) VALUES ("1","48");
INSERT INTO user_tag (user_id, tag_id) VALUES ("1","19");
INSERT INTO user_tag (user_id, tag_id) VALUES ("1","6");
INSERT INTO user_tag (user_id, tag_id) VALUES ("1","37");

INSERT INTO connected (user_id, connect_date) VALUES ("1","2017-05-29 16:56:28");
INSERT INTO likes (like_id, liked_id, like_date) VALUES ("267","1","2017-04-10 00:49:10");
INSERT INTO likes (like_id, liked_id, like_date) VALUES ("342","1","2017-03-28 16:50:01");
INSERT INTO likes (like_id, liked_id, like_date) VALUES ("423","1","2017-05-15 05:27:34");
INSERT INTO likes (like_id, liked_id, like_date) VALUES ("91","1","2017-09-13 23:44:39");
INSERT INTO likes (like_id, liked_id, like_date) VALUES ("104","1","2018-01-18 15:32:51");
INSERT INTO likes (like_id, liked_id, like_date) VALUES ("378","1","2017-07-08 19:06:26");
INSERT INTO likes (like_id, liked_id, like_date) VALUES ("172","1","2017-08-14 08:27:07");
INSERT INTO likes (like_id, liked_id, like_date) VALUES ("355","1","2017-10-21 18:40:11");
INSERT INTO likes (like_id, liked_id, like_date) VALUES ("131","1","2017-03-02 21:52:30");
INSERT INTO likes (like_id, liked_id, like_date) VALUES ("94","1","2017-07-20 03:53:14");
INSERT INTO likes (like_id, liked_id, like_date) VALUES ("400","1","2017-10-04 10:29:09");
INSERT INTO likes (like_id, liked_id, like_date) VALUES ("475","1","2018-01-10 23:02:51");
INSERT INTO likes (like_id, liked_id, like_date) VALUES ("167","1","2017-08-05 02:45:04");
INSERT INTO likes (like_id, liked_id, like_date) VALUES ("25","1","2017-08-26 02:52:15");
INSERT INTO likes (like_id, liked_id, like_date) VALUES ("85","1","2017-06-04 11:09:20");
INSERT INTO likes (like_id, liked_id, like_date) VALUES ("53","1","2017-02-20 01:59:07");
INSERT INTO likes (like_id, liked_id, like_date) VALUES ("29","1","2017-06-14 16:04:05");
INSERT INTO likes (like_id, liked_id, like_date) VALUES ("229","1","2017-03-19 03:48:36");
INSERT INTO likes (like_id, liked_id, like_date) VALUES ("155","1","2017-12-02 07:21:19");
INSERT INTO likes (like_id, liked_id, like_date) VALUES ("265","1","2017-07-03 01:10:31");
INSERT INTO views (viewer_id, viewed_id, view_date) VALUES ("278","1","2017-11-18 02:50:48");
INSERT INTO views (viewer_id, viewed_id, view_date) VALUES ("460","1","2017-02-19 01:54:24");
INSERT INTO views (viewer_id, viewed_id, view_date) VALUES ("313","1","2017-07-15 17:14:37");
INSERT INTO views (viewer_id, viewed_id, view_date) VALUES ("290","1","2018-01-30 15:24:46");
INSERT INTO views (viewer_id, viewed_id, view_date) VALUES ("453","1","2017-03-14 16:20:50");
INSERT INTO views (viewer_id, viewed_id, view_date) VALUES ("346","1","2017-02-18 05:46:06");
INSERT INTO views (viewer_id, viewed_id, view_date) VALUES ("103","1","2017-08-02 15:37:49");
INSERT INTO views (viewer_id, viewed_id, view_date) VALUES ("341","1","2018-01-01 00:03:22");
INSERT INTO views (viewer_id, viewed_id, view_date) VALUES ("35","1","2017-06-06 11:32:48");
INSERT INTO views (viewer_id, viewed_id, view_date) VALUES ("377","1","2017-11-25 00:19:09");


INSERT INTO user (id, first_name, last_name, username, email, password, birthdate, gender, orientation, bio, country, state, city, zip, file_1, file_2, file_3, file_4, file_5, score, token, token_date, active, register, created_at, updated_at) VALUES ("2","Alden","Runolfsson","effiegreen","thurman01@hotmail.com","$2y$10$lbpOiZMkS9PViVHG7mZjEuLlU.bPCq4bK7S2E6PxBlvUqqtNVH4Ka","1971-01-18 18:34:18","1","1","Nam laudantium ipsum voluptatem et. Quia quia rem facere. Quis consequatur quia voluptatibus illum nesciunt dolore quibusdam.","Uruguay","","South Thalia","70971","../fixtures/male7.jpg","../fixtures/male5.jpg","","","","80","87933b1d31148005cce0592a3a0e3afb","2008-12-03 14:19:51","1","0","1977-04-09 12:30:36","1983-05-04 13:55:54");
INSERT INTO user_tag (user_id, tag_id) VALUES ("2","33");
INSERT INTO user_tag (user_id, tag_id) VALUES ("2","42");
INSERT INTO user_tag (user_id, tag_id) VALUES ("2","18");
INSERT INTO user_tag (user_id, tag_id) VALUES ("2","35");
INSERT INTO user_tag (user_id, tag_id) VALUES ("2","35");

INSERT INTO connected (user_id, connect_date) VALUES ("2","2017-03-30 03:28:23");
INSERT INTO likes (like_id, liked_id, like_date) VALUES ("9","2","2017-10-30 15:05:58");
INSERT INTO likes (like_id, liked_id, like_date) VALUES ("492","2","2017-09-23 09:23:42");
INSERT INTO likes (like_id, liked_id, like_date) VALUES ("438","2","2017-12-30 20:43:03");
INSERT INTO views (viewer_id, viewed_id, view_date) VALUES ("180","2","2017-09-08 18:19:59");
INSERT INTO views (viewer_id, viewed_id, view_date) VALUES ("488","2","2017-02-21 09:26:00");
INSERT INTO views (viewer_id, viewed_id, view_date) VALUES ("44","2","2017-07-28 15:42:44");
INSERT INTO views (viewer_id, viewed_id, view_date) VALUES ("410","2","2017-04-08 08:38:10");


INSERT INTO user (id, first_name, last_name, username, email, password, birthdate, gender, orientation, bio, country, state, city, zip, file_1, file_2, file_3, file_4, file_5, score, token, token_date, active, register, created_at, updated_at) VALUES ("3","Derek","Maggio","legrosearlene","tia62@kuhlman.info","$2y$10$cp9TSkubCAvuovvMigoSn.tq/Cr.i3qspT90lVc6uvro9Z7wZ7u5G","1993-10-17 00:55:45","2","2","Aut eum amet et neque. Quae doloremque dolor voluptate eum fugit illum. Iure ad provident eaque cum. Ipsam voluptate molestiae ut quo dolores aut.","Singapore","","Lake Trevion","25411-6521","../fixtures/female2.jpg","","","","","31","14f5793a14a9781c8797699131be033a","2003-06-24 08:17:33","0","0","2012-02-27 22:22:46","1982-12-22 15:11:01");
INSERT INTO user_tag (user_id, tag_id) VALUES ("3","34");
INSERT INTO user_tag (user_id, tag_id) VALUES ("3","36");
INSERT INTO user_tag (user_id, tag_id) VALUES ("3","36");
INSERT INTO user_tag (user_id, tag_id) VALUES ("3","41");
INSERT INTO user_tag (user_id, tag_id) VALUES ("3","48");
INSERT INTO user_tag (user_id, tag_id) VALUES ("3","48");
INSERT INTO user_tag (user_id, tag_id) VALUES ("3","40");
INSERT INTO user_tag (user_id, tag_id) VALUES ("3","2");
INSERT INTO user_tag (user_id, tag_id) VALUES ("3","10");

INSERT INTO connected (user_id, connect_date) VALUES ("3","2018-01-23 04:52:58");
INSERT INTO likes (like_id, liked_id, like_date) VALUES ("426","3","2017-08-07 18:58:45");
INSERT INTO likes (like_id, liked_id, like_date) VALUES ("312","3","2017-05-09 05:29:56");
INSERT INTO likes (like_id, liked_id, like_date) VALUES ("152","3","2017-11-15 03:55:39");
INSERT INTO likes (like_id, liked_id, like_date) VALUES ("331","3","2017-08-30 22:02:25");
INSERT INTO likes (like_id, liked_id, like_date) VALUES ("51","3","2018-01-20 12:22:29");
INSERT INTO likes (like_id, liked_id, like_date) VALUES ("61","3","2017-02-20 03:16:02");
INSERT INTO likes (like_id, liked_id, like_date) VALUES ("47","3","2017-07-14 14:46:05");
INSERT INTO likes (like_id, liked_id, like_date) VALUES ("293","3","2017-06-03 11:50:35");
INSERT INTO likes (like_id, liked_id, like_date) VALUES ("114","3","2017-04-07 08:30:58");
INSERT INTO likes (like_id, liked_id, like_date) VALUES ("362","3","2017-09-06 22:50:13");
INSERT INTO likes (like_id, liked_id, like_date) VALUES ("313","3","2017-05-25 02:36:01");
INSERT INTO likes (like_id, liked_id, like_date) VALUES ("455","3","2017-09-02 13:56:03");
INSERT INTO likes (like_id, liked_id, like_date) VALUES ("151","3","2017-07-20 15:46:27");
INSERT INTO likes (like_id, liked_id, like_date) VALUES ("189","3","2017-04-04 19:25:07");
INSERT INTO likes (like_id, liked_id, like_date) VALUES ("234","3","2017-11-06 17:03:18");
INSERT INTO likes (like_id, liked_id, like_date) VALUES ("95","3","2017-06-22 04:33:58");
INSERT INTO views (viewer_id, viewed_id, view_date) VALUES ("394","3","2017-05-27 03:39:03");


INSERT INTO user (id, first_name, last_name, username, email, password, birthdate, gender, orientation, bio, country, state, city, zip, file_1, file_2, file_3, file_4, file_5, score, token, token_date, active, register, created_at, updated_at) VALUES ("4","Adam","Donnelly","bmorar","yvonne45@mayer.com","$2y$10$fp81FnTGWiBGtsHI3RxHB.1oxhXb1IBGHUr50XrS5bqKZW8xnf2ji","1979-06-27 06:17:29","2","2","Delectus velit explicabo ratione nostrum eum animi. Quae libero aliquam est aperiam. Beatae iste delectus eius error repudiandae eum ut reiciendis. Et recusandae earum vitae quos et.","Brazil","","West Terrance","18233","../fixtures/female3.jpg","","","","","49","3f648bc99926a464bd36c3a312962eab","1994-05-16 00:25:29","1","1","1990-12-15 22:59:11","1981-08-20 17:22:32");
INSERT INTO user_tag (user_id, tag_id) VALUES ("4","50");
INSERT INTO user_tag (user_id, tag_id) VALUES ("4","32");
INSERT INTO user_tag (user_id, tag_id) VALUES ("4","9");
INSERT INTO user_tag (user_id, tag_id) VALUES ("4","1");
INSERT INTO user_tag (user_id, tag_id) VALUES ("4","37");
INSERT INTO user_tag (user_id, tag_id) VALUES ("4","45");
INSERT INTO user_tag (user_id, tag_id) VALUES ("4","20");
INSERT INTO user_tag (user_id, tag_id) VALUES ("4","4");
INSERT INTO user_tag (user_id, tag_id) VALUES ("4","37");
INSERT INTO user_tag (user_id, tag_id) VALUES ("4","37");
INSERT INTO user_tag (user_id, tag_id) VALUES ("4","11");
INSERT INTO user_tag (user_id, tag_id) VALUES ("4","12");
INSERT INTO user_tag (user_id, tag_id) VALUES ("4","14");
INSERT INTO user_tag (user_id, tag_id) VALUES ("4","48");

INSERT INTO connected (user_id, connect_date) VALUES ("4","2017-10-23 14:12:26");
INSERT INTO likes (like_id, liked_id, like_date) VALUES ("242","4","2017-10-15 20:22:37");
INSERT INTO likes (like_id, liked_id, like_date) VALUES ("174","4","2017-10-08 15:37:25");
INSERT INTO likes (like_id, liked_id, like_date) VALUES ("416","4","2017-03-24 02:35:35");
INSERT INTO likes (like_id, liked_id, like_date) VALUES ("42","4","2017-06-19 11:17:55");
INSERT INTO likes (like_id, liked_id, like_date) VALUES ("295","4","2017-02-18 00:21:01");
INSERT INTO likes (like_id, liked_id, like_date) VALUES ("87","4","2017-11-03 15:42:46");
INSERT INTO likes (like_id, liked_id, like_date) VALUES ("378","4","2017-08-28 19:24:35");
INSERT INTO likes (like_id, liked_id, like_date) VALUES ("275","4","2017-07-05 18:13:41");
INSERT INTO likes (like_id, liked_id, like_date) VALUES ("180","4","2018-01-17 21:26:17");
INSERT INTO likes (like_id, liked_id, like_date) VALUES ("356","4","2018-01-09 20:37:19");
INSERT INTO likes (like_id, liked_id, like_date) VALUES ("145","4","2017-05-03 16:06:30");
INSERT INTO views (viewer_id, viewed_id, view_date) VALUES ("479","4","2017-08-23 00:18:27");


INSERT INTO user (id, first_name, last_name, username, email, password, birthdate, gender, orientation, bio, country, state, city, zip, file_1, file_2, file_3, file_4, file_5, score, token, token_date, active, register, created_at, updated_at) VALUES ("5","Clarabelle","Bauch","owilliamson","jlynch@daniel.com","$2y$10$6do8Y1xhl.xf5NTzRfXaGueCTZfq5SAEHxwGF4nn9oQQm7stOiGtq","1996-02-12 21:29:11","2","3","Sunt nulla distinctio nostrum omnis repellat autem. Est sunt incidunt omnis quia qui quod.","Saint Martin","","Daphneybury","24809","../fixtures/female5.jpg","../fixtures/female2.jpg","","","","92","bbf6f92dacaef7abda6fd5d82f5eb321","2006-07-25 15:39:21","1","0","1991-08-09 11:14:19","1994-01-30 02:59:29");
INSERT INTO user_tag (user_id, tag_id) VALUES ("5","50");
INSERT INTO user_tag (user_id, tag_id) VALUES ("5","50");
INSERT INTO user_tag (user_id, tag_id) VALUES ("5","46");
INSERT INTO user_tag (user_id, tag_id) VALUES ("5","32");
INSERT INTO user_tag (user_id, tag_id) VALUES ("5","22");
INSERT INTO user_tag (user_id, tag_id) VALUES ("5","40");
INSERT INTO user_tag (user_id, tag_id) VALUES ("5","30");
INSERT INTO user_tag (user_id, tag_id) VALUES ("5","28");
INSERT INTO user_tag (user_id, tag_id) VALUES ("5","5");
INSERT INTO user_tag (user_id, tag_id) VALUES ("5","19");
INSERT INTO user_tag (user_id, tag_id) VALUES ("5","26");

INSERT INTO connected (user_id, connect_date) VALUES ("5","2017-04-18 23:15:50");
INSERT INTO likes (like_id, liked_id, like_date) VALUES ("243","5","2017-06-26 13:38:09");
INSERT INTO likes (like_id, liked_id, like_date) VALUES ("458","5","2017-07-26 19:33:56");
INSERT INTO likes (like_id, liked_id, like_date) VALUES ("326","5","2018-02-10 23:37:22");
INSERT INTO views (viewer_id, viewed_id, view_date) VALUES ("452","5","2017-07-27 16:03:24");
INSERT INTO views (viewer_id, viewed_id, view_date) VALUES ("474","5","2017-02-21 10:56:18");
INSERT INTO views (viewer_id, viewed_id, view_date) VALUES ("90","5","2018-02-08 03:57:46");
INSERT INTO views (viewer_id, viewed_id, view_date) VALUES ("379","5","2017-06-29 15:20:36");
INSERT INTO views (viewer_id, viewed_id, view_date) VALUES ("256","5","2017-03-31 08:40:40");
INSERT INTO views (viewer_id, viewed_id, view_date) VALUES ("409","5","2017-02-24 13:32:25");
INSERT INTO views (viewer_id, viewed_id, view_date) VALUES ("52","5","2017-03-09 11:28:36");
INSERT INTO views (viewer_id, viewed_id, view_date) VALUES ("240","5","2018-01-05 11:46:09");
INSERT INTO views (viewer_id, viewed_id, view_date) VALUES ("414","5","2018-02-14 03:25:17");
INSERT INTO views (viewer_id, viewed_id, view_date) VALUES ("478","5","2017-10-10 16:40:54");
INSERT INTO views (viewer_id, viewed_id, view_date) VALUES ("55","5","2017-03-16 02:00:59");
INSERT INTO views (viewer_id, viewed_id, view_date) VALUES ("23","5","2017-07-09 06:24:38");
INSERT INTO views (viewer_id, viewed_id, view_date) VALUES ("86","5","2017-05-22 20:16:22");
INSERT INTO views (viewer_id, viewed_id, view_date) VALUES ("189","5","2017-03-07 01:03:53");
INSERT INTO views (viewer_id, viewed_id, view_date) VALUES ("483","5","2018-01-13 16:44:55");
INSERT INTO views (viewer_id, viewed_id, view_date) VALUES ("29","5","2017-07-24 00:36:19");
INSERT INTO views (viewer_id, viewed_id, view_date) VALUES ("171","5","2017-06-10 02:44:41");
INSERT INTO views (viewer_id, viewed_id, view_date) VALUES ("63","5","2018-02-12 21:36:04");
INSERT INTO views (viewer_id, viewed_id, view_date) VALUES ("63","5","2017-08-27 08:29:15");
INSERT INTO views (viewer_id, viewed_id, view_date) VALUES ("9","5","2018-02-12 01:00:35");
INSERT INTO views (viewer_id, viewed_id, view_date) VALUES ("4","5","2017-02-16 14:10:57");
INSERT INTO views (viewer_id, viewed_id, view_date) VALUES ("474","5","2017-03-06 16:08:40");
INSERT INTO views (viewer_id, viewed_id, view_date) VALUES ("232","5","2017-05-04 16:32:59");
INSERT INTO views (viewer_id, viewed_id, view_date) VALUES ("316","5","2018-01-10 03:50:46");
INSERT INTO views (viewer_id, viewed_id, view_date) VALUES ("479","5","2017-03-31 23:33:21");
INSERT INTO views (viewer_id, viewed_id, view_date) VALUES ("180","5","2018-01-10 11:38:52");
INSERT INTO views (viewer_id, viewed_id, view_date) VALUES ("46","5","2017-05-24 05:52:42");
INSERT INTO views (viewer_id, viewed_id, view_date) VALUES ("279","5","2018-02-05 22:25:25");
INSERT INTO views (viewer_id, viewed_id, view_date) VALUES ("479","5","2018-01-28 07:23:12");
INSERT INTO views (viewer_id, viewed_id, view_date) VALUES ("463","5","2017-10-14 09:50:28");
INSERT INTO views (viewer_id, viewed_id, view_date) VALUES ("81","5","2017-09-27 18:00:44");
INSERT INTO views (viewer_id, viewed_id, view_date) VALUES ("245","5","2017-10-14 11:48:20");
INSERT INTO views (viewer_id, viewed_id, view_date) VALUES ("146","5","2018-01-09 19:51:01");
INSERT INTO views (viewer_id, viewed_id, view_date) VALUES ("487","5","2017-08-30 11:15:15");


INSERT INTO user (id, first_name, last_name, username, email, password, birthdate, gender, orientation, bio, country, state, city, zip, file_1, file_2, file_3, file_4, file_5, score, token, token_date, active, register, created_at, updated_at) VALUES ("6","Edna","Ratke","pfannerstillbette","roberto36@gmail.com","$2y$10$DROnabW/HnHuZt/9G1Uc8ef/BT25yLFpTKz.e6c6N.mBYZqBsHopu","1987-08-03 17:59:48","1","2","Quasi dicta eum laboriosam ex modi. Vitae ut qui earum voluptas occaecati sit quasi est. Quaerat qui voluptatem perspiciatis.","Netherlands Antilles","","Gutkowskitown","43240-3954","../fixtures/male4.jpg","","","","","78","afc76863086200e30012ccc8576e55cc","1987-07-13 09:18:45","0","0","1993-05-19 22:40:58","1983-05-24 13:56:53");
INSERT INTO user_tag (user_id, tag_id) VALUES ("6","49");
INSERT INTO user_tag (user_id, tag_id) VALUES ("6","30");
INSERT INTO user_tag (user_id, tag_id) VALUES ("6","46");

INSERT INTO connected (user_id, connect_date) VALUES ("6","2017-12-11 00:48:25");
INSERT INTO likes (like_id, liked_id, like_date) VALUES ("301","6","2017-05-26 07:13:50");
INSERT INTO likes (like_id, liked_id, like_date) VALUES ("356","6","2017-06-24 02:14:46");
INSERT INTO likes (like_id, liked_id, like_date) VALUES ("155","6","2017-05-13 06:00:23");
INSERT INTO likes (like_id, liked_id, like_date) VALUES ("483","6","2017-07-14 21:27:04");
INSERT INTO likes (like_id, liked_id, like_date) VALUES ("335","6","2018-01-19 16:33:19");
INSERT INTO likes (like_id, liked_id, like_date) VALUES ("104","6","2017-07-04 07:04:36");
INSERT INTO likes (like_id, liked_id, like_date) VALUES ("204","6","2017-05-12 23:35:35");
INSERT INTO likes (like_id, liked_id, like_date) VALUES ("108","6","2017-11-22 09:21:20");
INSERT INTO views (viewer_id, viewed_id, view_date) VALUES ("365","6","2017-12-28 22:19:09");
INSERT INTO views (viewer_id, viewed_id, view_date) VALUES ("449","6","2017-10-27 20:53:43");
INSERT INTO views (viewer_id, viewed_id, view_date) VALUES ("268","6","2017-09-03 16:37:05");
INSERT INTO views (viewer_id, viewed_id, view_date) VALUES ("155","6","2017-11-29 09:21:51");
INSERT INTO views (viewer_id, viewed_id, view_date) VALUES ("298","6","2017-10-19 00:54:21");
INSERT INTO views (viewer_id, viewed_id, view_date) VALUES ("280","6","2018-01-15 12:46:15");
INSERT INTO views (viewer_id, viewed_id, view_date) VALUES ("347","6","2018-02-11 10:45:03");
INSERT INTO views (viewer_id, viewed_id, view_date) VALUES ("269","6","2017-07-01 02:26:35");
INSERT INTO views (viewer_id, viewed_id, view_date) VALUES ("257","6","2017-04-11 02:54:13");
INSERT INTO views (viewer_id, viewed_id, view_date) VALUES ("305","6","2017-08-18 12:45:55");
INSERT INTO views (viewer_id, viewed_id, view_date) VALUES ("467","6","2017-09-08 02:57:36");
INSERT INTO views (viewer_id, viewed_id, view_date) VALUES ("110","6","2017-02-27 02:52:50");
INSERT INTO views (viewer_id, viewed_id, view_date) VALUES ("480","6","2017-06-04 18:03:32");
INSERT INTO views (viewer_id, viewed_id, view_date) VALUES ("38","6","2017-03-30 02:35:11");
INSERT INTO views (viewer_id, viewed_id, view_date) VALUES ("224","6","2017-05-28 05:34:15");
INSERT INTO views (viewer_id, viewed_id, view_date) VALUES ("436","6","2017-07-23 19:59:43");
INSERT INTO views (viewer_id, viewed_id, view_date) VALUES ("365","6","2017-04-24 12:35:49");
INSERT INTO views (viewer_id, viewed_id, view_date) VALUES ("363","6","2017-12-12 12:40:12");
INSERT INTO views (viewer_id, viewed_id, view_date) VALUES ("291","6","2017-02-23 08:17:32");
INSERT INTO views (viewer_id, viewed_id, view_date) VALUES ("69","6","2017-12-19 01:41:56");
INSERT INTO views (viewer_id, viewed_id, view_date) VALUES ("356","6","2017-07-30 16:38:50");
INSERT INTO views (viewer_id, viewed_id, view_date) VALUES ("319","6","2017-07-18 00:18:28");
INSERT INTO views (viewer_id, viewed_id, view_date) VALUES ("382","6","2017-03-25 01:50:26");
INSERT INTO views (viewer_id, viewed_id, view_date) VALUES ("120","6","2017-10-27 17:13:04");
INSERT INTO views (viewer_id, viewed_id, view_date) VALUES ("389","6","2017-10-17 18:11:40");
INSERT INTO views (viewer_id, viewed_id, view_date) VALUES ("37","6","2017-04-25 11:56:49");
INSERT INTO views (viewer_id, viewed_id, view_date) VALUES ("84","6","2017-09-24 20:31:46");
INSERT INTO views (viewer_id, viewed_id, view_date) VALUES ("35","6","2017-10-19 00:36:03");
INSERT INTO views (viewer_id, viewed_id, view_date) VALUES ("207","6","2017-12-09 19:31:44");
INSERT INTO views (viewer_id, viewed_id, view_date) VALUES ("434","6","2017-06-22 21:47:08");
INSERT INTO views (viewer_id, viewed_id, view_date) VALUES ("276","6","2017-12-26 15:21:07");


INSERT INTO user (id, first_name, last_name, username, email, password, birthdate, gender, orientation, bio, country, state, city, zip, file_1, file_2, file_3, file_4, file_5, score, token, token_date, active, register, created_at, updated_at) VALUES ("7","Jailyn","Grady","haneretta","ignacio.bosco@smith.com","$2y$10$mDASAa.u3RM8WW5USHEPR..2YmH4R.kk2rBUdviJouC2BH1aBTIii","1959-07-08 08:21:14","2","1","Porro omnis nihil temporibus accusantium itaque est dicta. Inventore eligendi omnis rerum repudiandae autem maxime iure. Enim voluptas in quia.","Ghana","","Lake Liam","54605","../fixtures/female2.jpg","../fixtures/female2.jpg","","","","34","1b0fd97d90992933900e813e0c400ea2","2014-06-03 00:21:37","0","0","1990-10-05 16:41:49","1979-02-09 00:51:03");
INSERT INTO user_tag (user_id, tag_id) VALUES ("7","17");
INSERT INTO user_tag (user_id, tag_id) VALUES ("7","12");
INSERT INTO user_tag (user_id, tag_id) VALUES ("7","43");
INSERT INTO user_tag (user_id, tag_id) VALUES ("7","8");
INSERT INTO user_tag (user_id, tag_id) VALUES ("7","39");
INSERT INTO user_tag (user_id, tag_id) VALUES ("7","32");
INSERT INTO user_tag (user_id, tag_id) VALUES ("7","2");
INSERT INTO user_tag (user_id, tag_id) VALUES ("7","31");
INSERT INTO user_tag (user_id, tag_id) VALUES ("7","45");
INSERT INTO user_tag (user_id, tag_id) VALUES ("7","38");
INSERT INTO user_tag (user_id, tag_id) VALUES ("7","27");
INSERT INTO user_tag (user_id, tag_id) VALUES ("7","32");
INSERT INTO user_tag (user_id, tag_id) VALUES ("7","4");
INSERT INTO user_tag (user_id, tag_id) VALUES ("7","24");
INSERT INTO user_tag (user_id, tag_id) VALUES ("7","43");

INSERT INTO connected (user_id, connect_date) VALUES ("7","2017-05-01 10:18:53");
INSERT INTO likes (like_id, liked_id, like_date) VALUES ("133","7","2017-07-29 05:11:26");
INSERT INTO likes (like_id, liked_id, like_date) VALUES ("266","7","2017-09-23 02:13:01");
INSERT INTO likes (like_id, liked_id, like_date) VALUES ("161","7","2017-06-14 11:09:52");
INSERT INTO likes (like_id, liked_id, like_date) VALUES ("78","7","2017-08-22 06:24:16");
INSERT INTO views (viewer_id, viewed_id, view_date) VALUES ("141","7","2017-10-13 19:31:32");
INSERT INTO views (viewer_id, viewed_id, view_date) VALUES ("366","7","2017-04-20 07:55:59");
INSERT INTO views (viewer_id, viewed_id, view_date) VALUES ("441","7","2017-08-01 13:19:22");
INSERT INTO views (viewer_id, viewed_id, view_date) VALUES ("164","7","2017-09-07 19:04:33");
INSERT INTO views (viewer_id, viewed_id, view_date) VALUES ("293","7","2018-01-24 01:11:35");
INSERT INTO views (viewer_id, viewed_id, view_date) VALUES ("490","7","2017-04-04 07:06:14");
INSERT INTO views (viewer_id, viewed_id, view_date) VALUES ("3","7","2018-01-08 19:15:39");
INSERT INTO views (viewer_id, viewed_id, view_date) VALUES ("372","7","2017-10-23 02:43:58");
INSERT INTO views (viewer_id, viewed_id, view_date) VALUES ("165","7","2017-04-08 07:54:24");
INSERT INTO views (viewer_id, viewed_id, view_date) VALUES ("23","7","2017-11-25 21:43:26");
INSERT INTO views (viewer_id, viewed_id, view_date) VALUES ("123","7","2017-12-01 06:26:45");
INSERT INTO views (viewer_id, viewed_id, view_date) VALUES ("237","7","2017-09-24 19:02:26");
INSERT INTO views (viewer_id, viewed_id, view_date) VALUES ("304","7","2017-08-28 20:30:38");


INSERT INTO user (id, first_name, last_name, username, email, password, birthdate, gender, orientation, bio, country, state, city, zip, file_1, file_2, file_3, file_4, file_5, score, token, token_date, active, register, created_at, updated_at) VALUES ("8","Pamela","DuBuque","emmerichnina","mrobel@schaden.info","$2y$10$YYH4L27fGL.bCy9jJbxHVuVoRKlwSt0dWuiVtWDquJEtMfToxwB6K","1973-02-14 23:36:47","1","1","Quo aut delectus beatae aut. Velit et aut repellat voluptatem omnis nisi ut et. Inventore adipisci tenetur cumque dicta aut est.","Northern Mariana Islands","","Robbieton","10140","../fixtures/male4.jpg","../fixtures/male1.jpg","","","","31","aea5336667916f34bb688d239b0062ff","1989-08-15 11:10:54","0","0","1974-10-28 10:19:47","1977-06-16 15:57:46");
INSERT INTO user_tag (user_id, tag_id) VALUES ("8","20");

INSERT INTO connected (user_id, connect_date) VALUES ("8","2017-09-07 19:23:20");
INSERT INTO likes (like_id, liked_id, like_date) VALUES ("339","8","2017-08-03 04:43:56");
INSERT INTO likes (like_id, liked_id, like_date) VALUES ("57","8","2017-07-27 13:10:34");
INSERT INTO likes (like_id, liked_id, like_date) VALUES ("375","8","2017-09-14 17:29:27");
INSERT INTO likes (like_id, liked_id, like_date) VALUES ("358","8","2018-02-01 06:33:23");
INSERT INTO likes (like_id, liked_id, like_date) VALUES ("219","8","2017-08-25 15:01:18");
INSERT INTO likes (like_id, liked_id, like_date) VALUES ("174","8","2018-01-03 04:56:20");
INSERT INTO likes (like_id, liked_id, like_date) VALUES ("222","8","2017-08-16 19:58:01");
INSERT INTO likes (like_id, liked_id, like_date) VALUES ("276","8","2017-05-18 21:31:59");
INSERT INTO likes (like_id, liked_id, like_date) VALUES ("316","8","2017-02-23 16:03:24");
INSERT INTO likes (like_id, liked_id, like_date) VALUES ("292","8","2017-10-05 19:34:13");
INSERT INTO likes (like_id, liked_id, like_date) VALUES ("436","8","2017-12-07 14:19:07");
INSERT INTO likes (like_id, liked_id, like_date) VALUES ("104","8","2017-12-23 20:47:45");
INSERT INTO views (viewer_id, viewed_id, view_date) VALUES ("446","8","2017-11-11 18:37:20");
INSERT INTO views (viewer_id, viewed_id, view_date) VALUES ("249","8","2017-10-27 05:13:05");
INSERT INTO views (viewer_id, viewed_id, view_date) VALUES ("215","8","2017-04-17 15:21:54");
INSERT INTO views (viewer_id, viewed_id, view_date) VALUES ("348","8","2017-11-30 06:44:34");
INSERT INTO views (viewer_id, viewed_id, view_date) VALUES ("276","8","2017-02-25 00:28:50");
INSERT INTO views (viewer_id, viewed_id, view_date) VALUES ("3","8","2017-07-14 17:50:36");
INSERT INTO views (viewer_id, viewed_id, view_date) VALUES ("217","8","2017-10-13 14:26:38");
INSERT INTO views (viewer_id, viewed_id, view_date) VALUES ("22","8","2017-10-23 15:50:51");


INSERT INTO user (id, first_name, last_name, username, email, password, birthdate, gender, orientation, bio, country, state, city, zip, file_1, file_2, file_3, file_4, file_5, score, token, token_date, active, register, created_at, updated_at) VALUES ("9","Arielle","Lindgren","schusterbell","chaim.bednar@yahoo.com","$2y$10$7/SH2YLbEQwugGNXJkvIwu/VIUykEtRWAV6IE5LbuQrh9paOkRBnW","1961-12-06 09:32:11","2","1","Mollitia iure quo illum et exercitationem hic perferendis. Quasi illo ea consequatur et nesciunt.","South Africa","","Hermannport","71680","../fixtures/female1.jpg","../fixtures/female6.jpg","../fixtures/female10.jpg","../fixtures/female6.jpg","","12","e94916dca52e8ab67e65fed7c60ba7f8","2002-07-14 09:22:18","0","0","1978-07-14 04:59:09","2004-09-13 01:19:38");
INSERT INTO user_tag (user_id, tag_id) VALUES ("9","21");
INSERT INTO user_tag (user_id, tag_id) VALUES ("9","44");
INSERT INTO user_tag (user_id, tag_id) VALUES ("9","34");
INSERT INTO user_tag (user_id, tag_id) VALUES ("9","18");
INSERT INTO user_tag (user_id, tag_id) VALUES ("9","3");
INSERT INTO user_tag (user_id, tag_id) VALUES ("9","27");
INSERT INTO user_tag (user_id, tag_id) VALUES ("9","12");
INSERT INTO user_tag (user_id, tag_id) VALUES ("9","43");
INSERT INTO user_tag (user_id, tag_id) VALUES ("9","42");

INSERT INTO connected (user_id, connect_date) VALUES ("9","2017-09-20 07:28:34");
INSERT INTO likes (like_id, liked_id, like_date) VALUES ("116","9","2017-06-23 21:48:29");
INSERT INTO likes (like_id, liked_id, like_date) VALUES ("400","9","2017-09-26 06:06:36");
INSERT INTO likes (like_id, liked_id, like_date) VALUES ("148","9","2017-12-03 10:22:04");
INSERT INTO likes (like_id, liked_id, like_date) VALUES ("120","9","2017-04-07 07:39:34");
INSERT INTO likes (like_id, liked_id, like_date) VALUES ("75","9","2017-06-28 12:18:51");
INSERT INTO likes (like_id, liked_id, like_date) VALUES ("395","9","2017-09-07 07:38:38");
INSERT INTO likes (like_id, liked_id, like_date) VALUES ("396","9","2017-12-05 23:06:15");
INSERT INTO likes (like_id, liked_id, like_date) VALUES ("492","9","2017-08-31 06:32:47");
INSERT INTO likes (like_id, liked_id, like_date) VALUES ("389","9","2017-03-16 11:27:14");
INSERT INTO likes (like_id, liked_id, like_date) VALUES ("223","9","2017-08-16 13:36:44");
INSERT INTO likes (like_id, liked_id, like_date) VALUES ("414","9","2017-05-27 18:59:55");
INSERT INTO likes (like_id, liked_id, like_date) VALUES ("246","9","2017-06-24 05:26:49");
INSERT INTO likes (like_id, liked_id, like_date) VALUES ("320","9","2017-12-24 16:20:06");
INSERT INTO likes (like_id, liked_id, like_date) VALUES ("104","9","2017-04-27 21:16:12");
INSERT INTO likes (like_id, liked_id, like_date) VALUES ("349","9","2017-04-01 00:43:28");
INSERT INTO views (viewer_id, viewed_id, view_date) VALUES ("290","9","2017-08-22 05:48:03");
INSERT INTO views (viewer_id, viewed_id, view_date) VALUES ("369","9","2017-12-19 16:37:37");
INSERT INTO views (viewer_id, viewed_id, view_date) VALUES ("286","9","2017-03-08 19:13:50");
INSERT INTO views (viewer_id, viewed_id, view_date) VALUES ("451","9","2018-02-02 02:27:05");
INSERT INTO views (viewer_id, viewed_id, view_date) VALUES ("437","9","2017-07-28 14:35:43");
INSERT INTO views (viewer_id, viewed_id, view_date) VALUES ("474","9","2017-12-29 09:35:31");
INSERT INTO views (viewer_id, viewed_id, view_date) VALUES ("96","9","2018-02-07 11:47:02");
INSERT INTO views (viewer_id, viewed_id, view_date) VALUES ("434","9","2017-09-29 12:11:25");


INSERT INTO user (id, first_name, last_name, username, email, password, birthdate, gender, orientation, bio, country, state, city, zip, file_1, file_2, file_3, file_4, file_5, score, token, token_date, active, register, created_at, updated_at) VALUES ("10","Jermain","Schinner","willaoconner","judd.robel@vandervort.biz","$2y$10$35eOL1hoCbzVaW0hhXxLoO8yBMEaqvzcntsYMERFGJt0PyTQz/74q","1961-10-31 06:51:04","2","3","Consequuntur et repellat qui quos accusantium commodi. Cumque delectus enim tenetur delectus qui. Nam temporibus perferendis qui. Tenetur doloremque enim doloribus quam hic cum. Dicta voluptatibus vitae saepe eligendi sunt inventore maiores.","Brunei Darussalam","","Lake Katrine","27236-8381","../fixtures/female10.jpg","","","","","54","c27cf6fcf01ea98e70c4341911b78c65","1983-12-14 16:29:27","1","0","1992-04-20 19:25:31","1973-08-10 07:53:53");
INSERT INTO user_tag (user_id, tag_id) VALUES ("10","20");
INSERT INTO user_tag (user_id, tag_id) VALUES ("10","32");
INSERT INTO user_tag (user_id, tag_id) VALUES ("10","8");
INSERT INTO user_tag (user_id, tag_id) VALUES ("10","16");
INSERT INTO user_tag (user_id, tag_id) VALUES ("10","11");
INSERT INTO user_tag (user_id, tag_id) VALUES ("10","36");
INSERT INTO user_tag (user_id, tag_id) VALUES ("10","23");
INSERT INTO user_tag (user_id, tag_id) VALUES ("10","15");
INSERT INTO user_tag (user_id, tag_id) VALUES ("10","44");
INSERT INTO user_tag (user_id, tag_id) VALUES ("10","44");
INSERT INTO user_tag (user_id, tag_id) VALUES ("10","37");

INSERT INTO connected (user_id, connect_date) VALUES ("10","2017-03-19 05:00:24");
INSERT INTO likes (like_id, liked_id, like_date) VALUES ("361","10","2017-03-02 21:09:34");
INSERT INTO likes (like_id, liked_id, like_date) VALUES ("135","10","2017-06-15 02:43:58");
INSERT INTO likes (like_id, liked_id, like_date) VALUES ("291","10","2018-01-05 00:02:50");
INSERT INTO likes (like_id, liked_id, like_date) VALUES ("470","10","2017-03-14 13:19:06");
INSERT INTO likes (like_id, liked_id, like_date) VALUES ("386","10","2017-07-29 17:20:31");
INSERT INTO views (viewer_id, viewed_id, view_date) VALUES ("230","10","2018-01-25 07:02:48");
INSERT INTO views (viewer_id, viewed_id, view_date) VALUES ("116","10","2017-12-10 03:17:25");
INSERT INTO views (viewer_id, viewed_id, view_date) VALUES ("488","10","2017-11-29 12:47:47");
INSERT INTO views (viewer_id, viewed_id, view_date) VALUES ("124","10","2017-05-02 03:35:35");
INSERT INTO views (viewer_id, viewed_id, view_date) VALUES ("392","10","2017-05-28 01:37:50");
INSERT INTO views (viewer_id, viewed_id, view_date) VALUES ("469","10","2017-07-18 06:31:41");
INSERT INTO views (viewer_id, viewed_id, view_date) VALUES ("368","10","2017-07-26 17:08:11");
INSERT INTO views (viewer_id, viewed_id, view_date) VALUES ("99","10","2017-05-29 22:10:24");
INSERT INTO views (viewer_id, viewed_id, view_date) VALUES ("364","10","2017-06-29 02:31:01");
INSERT INTO views (viewer_id, viewed_id, view_date) VALUES ("381","10","2018-01-14 18:40:01");
INSERT INTO views (viewer_id, viewed_id, view_date) VALUES ("431","10","2017-05-14 11:44:16");
INSERT INTO views (viewer_id, viewed_id, view_date) VALUES ("10","10","2017-06-07 03:05:16");
INSERT INTO views (viewer_id, viewed_id, view_date) VALUES ("492","10","2017-11-13 08:01:10");
INSERT INTO views (viewer_id, viewed_id, view_date) VALUES ("397","10","2018-01-05 21:45:03");
INSERT INTO views (viewer_id, viewed_id, view_date) VALUES ("217","10","2017-06-30 17:14:34");
INSERT INTO views (viewer_id, viewed_id, view_date) VALUES ("70","10","2017-10-30 16:09:51");


INSERT INTO user (id, first_name, last_name, username, email, password, birthdate, gender, orientation, bio, country, state, city, zip, file_1, file_2, file_3, file_4, file_5, score, token, token_date, active, register, created_at, updated_at) VALUES ("11","Tyreek","Grady","verda56","ggrimes@gmail.com","$2y$10$2fZiXm39/PRtUMW3kTJYy.7HldpRQ3IKpKagaYhuWLgk8Ove52rc6","1956-09-03 07:28:50","1","3","Ut consequatur et quae ut quasi in. Dolor ex quia voluptatum accusantium culpa rerum ab. Ratione saepe earum eligendi dolorem illo. Consequatur tenetur amet aut facere.","Faroe Islands","","North Charity","05389-0106","../fixtures/male4.jpg","../fixtures/male3.jpg","../fixtures/male1.jpg","","","9","cf7169d0b68294ac3132bbacb3b7cdea","2012-02-26 03:44:34","0","0","1998-10-08 04:58:06","1980-03-15 13:35:05");
INSERT INTO user_tag (user_id, tag_id) VALUES ("11","17");
INSERT INTO user_tag (user_id, tag_id) VALUES ("11","13");
INSERT INTO user_tag (user_id, tag_id) VALUES ("11","6");
INSERT INTO user_tag (user_id, tag_id) VALUES ("11","18");
INSERT INTO user_tag (user_id, tag_id) VALUES ("11","48");
INSERT INTO user_tag (user_id, tag_id) VALUES ("11","36");
INSERT INTO user_tag (user_id, tag_id) VALUES ("11","27");
INSERT INTO user_tag (user_id, tag_id) VALUES ("11","8");
INSERT INTO user_tag (user_id, tag_id) VALUES ("11","22");
INSERT INTO user_tag (user_id, tag_id) VALUES ("11","18");
INSERT INTO user_tag (user_id, tag_id) VALUES ("11","20");
INSERT INTO user_tag (user_id, tag_id) VALUES ("11","11");
INSERT INTO user_tag (user_id, tag_id) VALUES ("11","50");

INSERT INTO connected (user_id, connect_date) VALUES ("11","2017-03-19 14:51:01");
INSERT INTO likes (like_id, liked_id, like_date) VALUES ("398","11","2017-06-05 07:00:19");
INSERT INTO likes (like_id, liked_id, like_date) VALUES ("450","11","2017-11-11 08:08:46");
INSERT INTO likes (like_id, liked_id, like_date) VALUES ("34","11","2017-02-22 21:25:17");
INSERT INTO likes (like_id, liked_id, like_date) VALUES ("142","11","2017-04-24 22:05:15");
INSERT INTO views (viewer_id, viewed_id, view_date) VALUES ("232","11","2017-05-31 11:32:09");
INSERT INTO views (viewer_id, viewed_id, view_date) VALUES ("300","11","2017-04-06 12:11:13");
INSERT INTO views (viewer_id, viewed_id, view_date) VALUES ("443","11","2018-01-06 11:54:05");
INSERT INTO views (viewer_id, viewed_id, view_date) VALUES ("500","11","2017-08-08 05:34:44");
INSERT INTO views (viewer_id, viewed_id, view_date) VALUES ("335","11","2017-02-17 06:18:33");
INSERT INTO views (viewer_id, viewed_id, view_date) VALUES ("70","11","2017-07-08 08:32:28");
INSERT INTO views (viewer_id, viewed_id, view_date) VALUES ("176","11","2017-08-17 02:03:42");
INSERT INTO views (viewer_id, viewed_id, view_date) VALUES ("127","11","2017-09-16 06:02:48");
INSERT INTO views (viewer_id, viewed_id, view_date) VALUES ("381","11","2018-01-27 15:55:45");
INSERT INTO views (viewer_id, viewed_id, view_date) VALUES ("112","11","2018-02-06 23:56:53");
INSERT INTO views (viewer_id, viewed_id, view_date) VALUES ("249","11","2017-08-02 07:48:47");
INSERT INTO views (viewer_id, viewed_id, view_date) VALUES ("31","11","2017-05-27 12:31:31");
INSERT INTO views (viewer_id, viewed_id, view_date) VALUES ("352","11","2017-06-14 23:53:40");
INSERT INTO views (viewer_id, viewed_id, view_date) VALUES ("128","11","2017-10-18 08:33:10");
INSERT INTO views (viewer_id, viewed_id, view_date) VALUES ("197","11","2017-07-05 16:01:52");


INSERT INTO user (id, first_name, last_name, username, email, password, birthdate, gender, orientation, bio, country, state, city, zip, file_1, file_2, file_3, file_4, file_5, score, token, token_date, active, register, created_at, updated_at) VALUES ("12","Tavares","Orn","clovis10","isaac96@yahoo.com","$2y$10$TF6VUbv3/K0ZHedDpyq4AOgrCHg24s3tNNXjXkpD8qMZOb2PZyv6a","1983-05-14 22:11:54","2","1","Est recusandae animi omnis suscipit recusandae. Vel ea debitis velit dolor dicta dolores. Dolor in culpa corrupti voluptatem voluptas. In quis unde dignissimos et repudiandae expedita.","Burkina Faso","","Port Reillyfort","08209","../fixtures/female2.jpg","../fixtures/female4.jpg","../fixtures/female7.jpg","../fixtures/female4.jpg","../fixtures/female1.jpg","52","13078de75373fffe4bbe8231ec9ae1af","1989-04-23 04:22:17","1","1","2017-05-24 13:20:33","2012-03-18 09:35:44");
INSERT INTO user_tag (user_id, tag_id) VALUES ("12","8");
INSERT INTO user_tag (user_id, tag_id) VALUES ("12","9");
INSERT INTO user_tag (user_id, tag_id) VALUES ("12","12");
INSERT INTO user_tag (user_id, tag_id) VALUES ("12","11");

INSERT INTO connected (user_id, connect_date) VALUES ("12","2017-10-11 22:22:09");
INSERT INTO likes (like_id, liked_id, like_date) VALUES ("130","12","2017-04-16 15:42:51");
INSERT INTO likes (like_id, liked_id, like_date) VALUES ("364","12","2017-12-14 16:00:14");
INSERT INTO likes (like_id, liked_id, like_date) VALUES ("334","12","2017-06-15 08:26:38");
INSERT INTO likes (like_id, liked_id, like_date) VALUES ("80","12","2017-11-21 06:28:55");
INSERT INTO likes (like_id, liked_id, like_date) VALUES ("167","12","2017-11-18 13:04:35");
INSERT INTO likes (like_id, liked_id, like_date) VALUES ("459","12","2017-07-12 03:10:12");
INSERT INTO likes (like_id, liked_id, like_date) VALUES ("408","12","2017-06-02 10:41:12");
INSERT INTO likes (like_id, liked_id, like_date) VALUES ("263","12","2017-05-24 00:09:53");
INSERT INTO likes (like_id, liked_id, like_date) VALUES ("435","12","2017-10-28 08:05:27");
INSERT INTO likes (like_id, liked_id, like_date) VALUES ("60","12","2017-06-16 00:21:34");
INSERT INTO views (viewer_id, viewed_id, view_date) VALUES ("471","12","2017-04-01 09:13:49");
INSERT INTO views (viewer_id, viewed_id, view_date) VALUES ("63","12","2017-06-08 21:33:49");
INSERT INTO views (viewer_id, viewed_id, view_date) VALUES ("448","12","2017-06-16 17:00:57");
INSERT INTO views (viewer_id, viewed_id, view_date) VALUES ("221","12","2017-12-18 10:00:33");
INSERT INTO views (viewer_id, viewed_id, view_date) VALUES ("469","12","2018-01-08 01:10:50");
INSERT INTO views (viewer_id, viewed_id, view_date) VALUES ("400","12","2017-07-13 06:49:44");
INSERT INTO views (viewer_id, viewed_id, view_date) VALUES ("205","12","2017-04-07 15:18:11");
INSERT INTO views (viewer_id, viewed_id, view_date) VALUES ("72","12","2017-08-04 06:32:43");
INSERT INTO views (viewer_id, viewed_id, view_date) VALUES ("17","12","2017-11-10 23:09:43");
INSERT INTO views (viewer_id, viewed_id, view_date) VALUES ("210","12","2018-02-08 08:03:55");
INSERT INTO views (viewer_id, viewed_id, view_date) VALUES ("1","12","2017-03-25 18:56:13");


INSERT INTO user (id, first_name, last_name, username, email, password, birthdate, gender, orientation, bio, country, state, city, zip, file_1, file_2, file_3, file_4, file_5, score, token, token_date, active, register, created_at, updated_at) VALUES ("13","Michelle","Grady","lora48","elmo09@yahoo.com","$2y$10$0s8iv.ALtdAMRQFaEvijau.16JAruU1sOcH/UhjlowMIsyaMmo/hi","1971-10-25 02:07:46","1","2","Eum accusantium eum voluptatum. Incidunt officia eaque illo vero facere. Dolor sit mollitia ipsam sed accusantium maiores nulla. Sint dolorem dolorem dolor commodi.","Ukraine","","South Joanymouth","51929-4159","../fixtures/male3.jpg","../fixtures/male2.jpg","../fixtures/male10.jpg","../fixtures/male6.jpg","../fixtures/male1.jpg","83","36ca6a92044aaa5978aa834b07c9e822","1997-02-18 14:55:13","0","0","1996-03-15 09:32:31","1997-12-27 16:07:52");
INSERT INTO user_tag (user_id, tag_id) VALUES ("13","18");

INSERT INTO connected (user_id, connect_date) VALUES ("13","2018-01-18 19:31:28");
INSERT INTO likes (like_id, liked_id, like_date) VALUES ("188","13","2017-10-26 22:08:09");
INSERT INTO likes (like_id, liked_id, like_date) VALUES ("44","13","2017-11-17 19:26:09");
INSERT INTO likes (like_id, liked_id, like_date) VALUES ("375","13","2017-04-19 02:34:34");
INSERT INTO likes (like_id, liked_id, like_date) VALUES ("293","13","2017-07-23 23:03:02");
INSERT INTO likes (like_id, liked_id, like_date) VALUES ("183","13","2017-10-23 20:49:30");
INSERT INTO likes (like_id, liked_id, like_date) VALUES ("241","13","2017-11-05 16:08:34");
INSERT INTO likes (like_id, liked_id, like_date) VALUES ("21","13","2017-09-10 23:24:15");
INSERT INTO likes (like_id, liked_id, like_date) VALUES ("225","13","2017-04-02 09:50:24");
INSERT INTO likes (like_id, liked_id, like_date) VALUES ("267","13","2017-12-02 01:43:57");
INSERT INTO likes (like_id, liked_id, like_date) VALUES ("48","13","2017-03-29 18:46:16");
INSERT INTO likes (like_id, liked_id, like_date) VALUES ("4","13","2018-02-11 23:24:30");
INSERT INTO likes (like_id, liked_id, like_date) VALUES ("67","13","2017-09-26 16:55:24");
INSERT INTO likes (like_id, liked_id, like_date) VALUES ("444","13","2017-03-10 07:35:59");
INSERT INTO likes (like_id, liked_id, like_date) VALUES ("210","13","2017-09-11 19:25:31");
INSERT INTO likes (like_id, liked_id, like_date) VALUES ("295","13","2017-08-20 01:08:23");
INSERT INTO likes (like_id, liked_id, like_date) VALUES ("411","13","2017-11-17 01:13:00");
INSERT INTO likes (like_id, liked_id, like_date) VALUES ("348","13","2017-05-11 04:43:20");
INSERT INTO likes (like_id, liked_id, like_date) VALUES ("448","13","2017-06-28 15:48:17");
INSERT INTO likes (like_id, liked_id, like_date) VALUES ("471","13","2017-06-23 01:06:44");
INSERT INTO views (viewer_id, viewed_id, view_date) VALUES ("201","13","2017-10-02 00:04:22");
INSERT INTO views (viewer_id, viewed_id, view_date) VALUES ("398","13","2018-02-05 14:25:00");
INSERT INTO views (viewer_id, viewed_id, view_date) VALUES ("498","13","2017-11-18 18:25:04");
INSERT INTO views (viewer_id, viewed_id, view_date) VALUES ("369","13","2017-03-21 01:05:54");
INSERT INTO views (viewer_id, viewed_id, view_date) VALUES ("247","13","2017-04-28 03:52:02");
INSERT INTO views (viewer_id, viewed_id, view_date) VALUES ("8","13","2017-03-31 11:18:18");
INSERT INTO views (viewer_id, viewed_id, view_date) VALUES ("177","13","2018-01-18 07:21:00");
INSERT INTO views (viewer_id, viewed_id, view_date) VALUES ("231","13","2018-01-23 20:33:48");
INSERT INTO views (viewer_id, viewed_id, view_date) VALUES ("350","13","2017-03-14 08:39:42");
INSERT INTO views (viewer_id, viewed_id, view_date) VALUES ("88","13","2017-06-03 11:53:58");


INSERT INTO user (id, first_name, last_name, username, email, password, birthdate, gender, orientation, bio, country, state, city, zip, file_1, file_2, file_3, file_4, file_5, score, token, token_date, active, register, created_at, updated_at) VALUES ("14","Emma","Nitzsche","keyon37","vandervort.kane@klocko.info","$2y$10$GQIuv8LbbGERB2Ha8pYT6.SuUSLWj/pfervofwOw1W5siMJ0AU0mW","1995-07-02 17:52:11","2","3","Quia et harum placeat dolores. Adipisci et repudiandae rerum et. Exercitationem et necessitatibus eveniet dicta eligendi possimus quo.","Botswana","","North Tressiechester","46963-3859","../fixtures/female2.jpg","","","","","7","a5ef5be32e8dc3d7de1bf04751ebb15c","2004-04-17 21:49:37","0","0","2017-08-20 16:50:58","1976-12-14 21:39:18");
INSERT INTO user_tag (user_id, tag_id) VALUES ("14","45");
INSERT INTO user_tag (user_id, tag_id) VALUES ("14","13");
INSERT INTO user_tag (user_id, tag_id) VALUES ("14","27");
INSERT INTO user_tag (user_id, tag_id) VALUES ("14","27");
INSERT INTO user_tag (user_id, tag_id) VALUES ("14","45");
INSERT INTO user_tag (user_id, tag_id) VALUES ("14","43");
INSERT INTO user_tag (user_id, tag_id) VALUES ("14","13");
INSERT INTO user_tag (user_id, tag_id) VALUES ("14","1");
INSERT INTO user_tag (user_id, tag_id) VALUES ("14","47");
INSERT INTO user_tag (user_id, tag_id) VALUES ("14","38");

INSERT INTO connected (user_id, connect_date) VALUES ("14","2017-05-30 21:35:34");
INSERT INTO likes (like_id, liked_id, like_date) VALUES ("405","14","2017-10-10 14:23:17");
INSERT INTO likes (like_id, liked_id, like_date) VALUES ("376","14","2017-03-25 13:45:49");
INSERT INTO likes (like_id, liked_id, like_date) VALUES ("163","14","2017-05-15 06:22:19");
INSERT INTO likes (like_id, liked_id, like_date) VALUES ("12","14","2017-08-28 11:59:07");
INSERT INTO likes (like_id, liked_id, like_date) VALUES ("301","14","2017-12-20 16:00:25");
INSERT INTO views (viewer_id, viewed_id, view_date) VALUES ("159","14","2017-05-23 12:16:20");
INSERT INTO views (viewer_id, viewed_id, view_date) VALUES ("61","14","2017-12-25 13:29:04");


INSERT INTO user (id, first_name, last_name, username, email, password, birthdate, gender, orientation, bio, country, state, city, zip, file_1, file_2, file_3, file_4, file_5, score, token, token_date, active, register, created_at, updated_at) VALUES ("15","Andres","Lebsack","hermannkellen","bhyatt@hotmail.com","$2y$10$tliOti9BhcjGtaCOQNWYz./f.e78sIhq1T.Lr3k47hMs0RKNzLqgG","1950-09-28 13:04:32","2","2","Placeat deleniti a nisi cumque. Iusto maxime at deleniti rerum quisquam. Veniam et quisquam earum rerum rerum voluptatem. Odit non perspiciatis aliquid eveniet.","Greece","","Jamisonville","74638-0258","../fixtures/female3.jpg","../fixtures/female7.jpg","","","","73","412069fb123adfd36e2ed27d09dee3bd","1997-02-06 01:12:37","0","0","1978-06-17 16:10:40","1983-04-03 04:57:28");
INSERT INTO user_tag (user_id, tag_id) VALUES ("15","38");
INSERT INTO user_tag (user_id, tag_id) VALUES ("15","22");
INSERT INTO user_tag (user_id, tag_id) VALUES ("15","24");
INSERT INTO user_tag (user_id, tag_id) VALUES ("15","17");
INSERT INTO user_tag (user_id, tag_id) VALUES ("15","50");
INSERT INTO user_tag (user_id, tag_id) VALUES ("15","28");
INSERT INTO user_tag (user_id, tag_id) VALUES ("15","10");
INSERT INTO user_tag (user_id, tag_id) VALUES ("15","45");
INSERT INTO user_tag (user_id, tag_id) VALUES ("15","31");
INSERT INTO user_tag (user_id, tag_id) VALUES ("15","9");
INSERT INTO user_tag (user_id, tag_id) VALUES ("15","27");
INSERT INTO user_tag (user_id, tag_id) VALUES ("15","7");

INSERT INTO connected (user_id, connect_date) VALUES ("15","2017-07-01 21:42:50");
INSERT INTO likes (like_id, liked_id, like_date) VALUES ("439","15","2017-07-26 03:38:09");
INSERT INTO likes (like_id, liked_id, like_date) VALUES ("343","15","2017-05-17 01:08:51");
INSERT INTO likes (like_id, liked_id, like_date) VALUES ("302","15","2017-04-22 17:36:18");
INSERT INTO likes (like_id, liked_id, like_date) VALUES ("435","15","2017-06-11 15:48:51");
INSERT INTO likes (like_id, liked_id, like_date) VALUES ("175","15","2018-02-14 16:16:44");
INSERT INTO likes (like_id, liked_id, like_date) VALUES ("346","15","2017-05-19 12:38:58");
INSERT INTO likes (like_id, liked_id, like_date) VALUES ("187","15","2017-06-06 10:54:21");
INSERT INTO likes (like_id, liked_id, like_date) VALUES ("361","15","2017-02-19 12:33:31");
INSERT INTO likes (like_id, liked_id, like_date) VALUES ("142","15","2018-02-14 08:00:06");
INSERT INTO likes (like_id, liked_id, like_date) VALUES ("82","15","2017-11-26 20:19:02");
INSERT INTO likes (like_id, liked_id, like_date) VALUES ("121","15","2017-02-25 12:33:05");
INSERT INTO likes (like_id, liked_id, like_date) VALUES ("210","15","2017-03-25 00:13:21");
INSERT INTO views (viewer_id, viewed_id, view_date) VALUES ("470","15","2017-06-07 11:36:35");
INSERT INTO views (viewer_id, viewed_id, view_date) VALUES ("376","15","2017-12-31 04:59:38");
INSERT INTO views (viewer_id, viewed_id, view_date) VALUES ("197","15","2017-02-23 23:27:34");


INSERT INTO user (id, first_name, last_name, username, email, password, birthdate, gender, orientation, bio, country, state, city, zip, file_1, file_2, file_3, file_4, file_5, score, token, token_date, active, register, created_at, updated_at) VALUES ("16","Bennett","Stanton","feeneytoby","aswift@corwin.com","$2y$10$IEl01QEUDbtny9e2mEnjQ.OlVvJs0VniPRzBJe7q7DtViGTukzBTu","1954-11-26 22:48:23","1","2","Quisquam repudiandae et dolore soluta perferendis. Aut rerum nemo itaque ut eligendi dolore inventore aliquid. Ipsa suscipit porro suscipit sapiente possimus sint. Qui ea fugiat soluta sit reprehenderit.","Venezuela","","New Adityahaven","38811","../fixtures/male9.jpg","","","","","47","385c5edba727c4d47db0f3102159cbca","1973-10-28 00:59:37","1","0","1998-03-27 04:47:10","2003-08-07 08:58:59");
INSERT INTO user_tag (user_id, tag_id) VALUES ("16","49");
INSERT INTO user_tag (user_id, tag_id) VALUES ("16","43");

INSERT INTO connected (user_id, connect_date) VALUES ("16","2017-08-21 02:16:06");
INSERT INTO likes (like_id, liked_id, like_date) VALUES ("217","16","2017-06-11 02:56:54");
INSERT INTO likes (like_id, liked_id, like_date) VALUES ("75","16","2017-12-07 20:43:36");
INSERT INTO likes (like_id, liked_id, like_date) VALUES ("231","16","2017-12-13 19:13:50");
INSERT INTO likes (like_id, liked_id, like_date) VALUES ("217","16","2017-12-16 00:44:41");
INSERT INTO likes (like_id, liked_id, like_date) VALUES ("208","16","2017-12-06 00:41:04");
INSERT INTO likes (like_id, liked_id, like_date) VALUES ("391","16","2018-02-08 06:47:04");
INSERT INTO likes (like_id, liked_id, like_date) VALUES ("431","16","2017-09-26 19:46:29");
INSERT INTO likes (like_id, liked_id, like_date) VALUES ("174","16","2017-04-02 17:07:29");
INSERT INTO likes (like_id, liked_id, like_date) VALUES ("351","16","2017-08-18 16:37:45");
INSERT INTO likes (like_id, liked_id, like_date) VALUES ("348","16","2017-03-24 03:18:56");
INSERT INTO likes (like_id, liked_id, like_date) VALUES ("86","16","2017-02-27 19:58:55");
INSERT INTO likes (like_id, liked_id, like_date) VALUES ("264","16","2017-09-15 22:08:59");
INSERT INTO likes (like_id, liked_id, like_date) VALUES ("259","16","2017-04-18 07:36:04");
INSERT INTO views (viewer_id, viewed_id, view_date) VALUES ("159","16","2018-02-01 23:29:35");
INSERT INTO views (viewer_id, viewed_id, view_date) VALUES ("332","16","2017-02-21 03:14:46");
INSERT INTO views (viewer_id, viewed_id, view_date) VALUES ("51","16","2017-12-14 07:26:26");
INSERT INTO views (viewer_id, viewed_id, view_date) VALUES ("43","16","2017-06-17 15:08:26");
INSERT INTO views (viewer_id, viewed_id, view_date) VALUES ("143","16","2018-01-22 08:24:51");
INSERT INTO views (viewer_id, viewed_id, view_date) VALUES ("108","16","2018-01-31 01:25:19");
INSERT INTO views (viewer_id, viewed_id, view_date) VALUES ("83","16","2017-11-21 20:21:04");
INSERT INTO views (viewer_id, viewed_id, view_date) VALUES ("236","16","2018-01-23 21:44:12");
INSERT INTO views (viewer_id, viewed_id, view_date) VALUES ("415","16","2017-06-28 08:31:55");
INSERT INTO views (viewer_id, viewed_id, view_date) VALUES ("174","16","2018-02-10 15:45:59");
INSERT INTO views (viewer_id, viewed_id, view_date) VALUES ("436","16","2017-12-22 22:17:40");
INSERT INTO views (viewer_id, viewed_id, view_date) VALUES ("332","16","2017-09-04 15:18:02");
INSERT INTO views (viewer_id, viewed_id, view_date) VALUES ("282","16","2017-09-20 22:37:44");


INSERT INTO user (id, first_name, last_name, username, email, password, birthdate, gender, orientation, bio, country, state, city, zip, file_1, file_2, file_3, file_4, file_5, score, token, token_date, active, register, created_at, updated_at) VALUES ("17","Vivienne","Flatley","ddurgan","addie.wuckert@torphy.net","$2y$10$Z.v1P9G/u8au8gAokmgJUu84hOToGbAtwpFKNvMlwsAOHmzqmU9RW","1985-03-12 22:00:46","1","3","Rerum ut et quis ipsum qui. Molestias laudantium expedita omnis repudiandae. Id temporibus distinctio voluptatem consequatur. Nihil nemo id qui voluptas ea.","Saint Kitts and Nevis","","South Emmitttown","67574","../fixtures/male3.jpg","","","","","15","cca51e4e07956bdeb37d8ebc3fd2b59e","1989-09-03 06:51:33","0","0","1970-09-07 22:18:29","1987-08-28 14:55:31");
INSERT INTO user_tag (user_id, tag_id) VALUES ("17","35");
INSERT INTO user_tag (user_id, tag_id) VALUES ("17","40");
INSERT INTO user_tag (user_id, tag_id) VALUES ("17","38");
INSERT INTO user_tag (user_id, tag_id) VALUES ("17","17");
INSERT INTO user_tag (user_id, tag_id) VALUES ("17","9");
INSERT INTO user_tag (user_id, tag_id) VALUES ("17","31");
INSERT INTO user_tag (user_id, tag_id) VALUES ("17","38");
INSERT INTO user_tag (user_id, tag_id) VALUES ("17","38");
INSERT INTO user_tag (user_id, tag_id) VALUES ("17","11");
INSERT INTO user_tag (user_id, tag_id) VALUES ("17","2");
INSERT INTO user_tag (user_id, tag_id) VALUES ("17","42");
INSERT INTO user_tag (user_id, tag_id) VALUES ("17","3");
INSERT INTO user_tag (user_id, tag_id) VALUES ("17","7");

INSERT INTO connected (user_id, connect_date) VALUES ("17","2017-10-23 08:27:09");
INSERT INTO likes (like_id, liked_id, like_date) VALUES ("279","17","2017-03-25 11:44:46");
INSERT INTO likes (like_id, liked_id, like_date) VALUES ("35","17","2017-12-06 12:55:27");
INSERT INTO likes (like_id, liked_id, like_date) VALUES ("62","17","2018-01-23 09:59:14");
INSERT INTO likes (like_id, liked_id, like_date) VALUES ("483","17","2017-12-11 11:12:44");
INSERT INTO likes (like_id, liked_id, like_date) VALUES ("214","17","2017-04-10 04:50:12");
INSERT INTO likes (like_id, liked_id, like_date) VALUES ("193","17","2017-08-13 03:10:35");
INSERT INTO likes (like_id, liked_id, like_date) VALUES ("327","17","2017-12-10 10:11:35");
INSERT INTO likes (like_id, liked_id, like_date) VALUES ("331","17","2017-10-22 05:05:52");
INSERT INTO likes (like_id, liked_id, like_date) VALUES ("297","17","2017-03-25 00:14:34");
INSERT INTO likes (like_id, liked_id, like_date) VALUES ("429","17","2017-10-08 00:55:54");
INSERT INTO likes (like_id, liked_id, like_date) VALUES ("466","17","2018-02-10 17:39:10");
INSERT INTO likes (like_id, liked_id, like_date) VALUES ("392","17","2017-02-25 11:58:39");
INSERT INTO likes (like_id, liked_id, like_date) VALUES ("247","17","2017-08-26 03:11:08");
INSERT INTO likes (like_id, liked_id, like_date) VALUES ("224","17","2017-12-26 16:07:16");
INSERT INTO likes (like_id, liked_id, like_date) VALUES ("47","17","2017-08-31 04:48:40");
INSERT INTO likes (like_id, liked_id, like_date) VALUES ("64","17","2017-07-29 18:43:00");
INSERT INTO likes (like_id, liked_id, like_date) VALUES ("50","17","2017-06-01 12:37:58");
INSERT INTO views (viewer_id, viewed_id, view_date) VALUES ("500","17","2017-03-29 21:55:51");
INSERT INTO views (viewer_id, viewed_id, view_date) VALUES ("267","17","2017-05-18 22:34:10");
INSERT INTO views (viewer_id, viewed_id, view_date) VALUES ("24","17","2018-01-28 05:12:58");
INSERT INTO views (viewer_id, viewed_id, view_date) VALUES ("319","17","2017-11-18 01:54:04");
INSERT INTO views (viewer_id, viewed_id, view_date) VALUES ("37","17","2017-11-13 18:52:24");
INSERT INTO views (viewer_id, viewed_id, view_date) VALUES ("42","17","2017-05-08 18:44:56");


INSERT INTO user (id, first_name, last_name, username, email, password, birthdate, gender, orientation, bio, country, state, city, zip, file_1, file_2, file_3, file_4, file_5, score, token, token_date, active, register, created_at, updated_at) VALUES ("18","Marcelino","Runte","beckeryessenia","minnie03@corwin.com","$2y$10$yvsc4DK/Dd13bp5FTNhvTumCzJb0kT09LGl9gFqlWagmAEuK05hG6","1949-11-04 11:09:41","2","3","Similique omnis sed voluptatem. Totam ut odio sunt exercitationem excepturi natus dolorem. Tenetur et sit qui voluptatem sunt eum.","Mongolia","","Reingerview","22638-1080","../fixtures/female6.jpg","../fixtures/female8.jpg","","","","60","873bf1cbbee4388ef137bfd585f5c695","2014-06-20 09:20:18","0","0","1981-02-08 16:58:39","1981-05-11 21:22:18");
INSERT INTO user_tag (user_id, tag_id) VALUES ("18","11");
INSERT INTO user_tag (user_id, tag_id) VALUES ("18","37");
INSERT INTO user_tag (user_id, tag_id) VALUES ("18","38");
INSERT INTO user_tag (user_id, tag_id) VALUES ("18","44");
INSERT INTO user_tag (user_id, tag_id) VALUES ("18","2");
INSERT INTO user_tag (user_id, tag_id) VALUES ("18","35");
INSERT INTO user_tag (user_id, tag_id) VALUES ("18","4");

INSERT INTO connected (user_id, connect_date) VALUES ("18","2017-05-27 21:09:05");
INSERT INTO likes (like_id, liked_id, like_date) VALUES ("253","18","2018-01-06 21:30:14");
INSERT INTO likes (like_id, liked_id, like_date) VALUES ("452","18","2017-08-28 12:22:08");
INSERT INTO likes (like_id, liked_id, like_date) VALUES ("51","18","2018-01-25 06:18:58");
INSERT INTO likes (like_id, liked_id, like_date) VALUES ("333","18","2017-12-27 22:48:48");
INSERT INTO likes (like_id, liked_id, like_date) VALUES ("398","18","2017-08-05 17:50:05");
INSERT INTO likes (like_id, liked_id, like_date) VALUES ("155","18","2017-02-24 13:24:05");
INSERT INTO likes (like_id, liked_id, like_date) VALUES ("360","18","2017-07-01 18:26:05");
INSERT INTO likes (like_id, liked_id, like_date) VALUES ("406","18","2017-03-16 12:55:12");
INSERT INTO likes (like_id, liked_id, like_date) VALUES ("471","18","2017-04-24 15:18:52");
INSERT INTO likes (like_id, liked_id, like_date) VALUES ("300","18","2017-09-06 11:59:57");
INSERT INTO likes (like_id, liked_id, like_date) VALUES ("316","18","2017-11-07 04:06:27");
INSERT INTO likes (like_id, liked_id, like_date) VALUES ("239","18","2017-10-15 12:01:49");
INSERT INTO likes (like_id, liked_id, like_date) VALUES ("56","18","2017-08-18 21:35:13");
INSERT INTO views (viewer_id, viewed_id, view_date) VALUES ("221","18","2017-09-10 17:12:23");
INSERT INTO views (viewer_id, viewed_id, view_date) VALUES ("380","18","2018-02-01 09:10:46");
INSERT INTO views (viewer_id, viewed_id, view_date) VALUES ("20","18","2017-11-05 01:40:10");
INSERT INTO views (viewer_id, viewed_id, view_date) VALUES ("393","18","2017-09-19 10:37:47");
INSERT INTO views (viewer_id, viewed_id, view_date) VALUES ("363","18","2017-11-09 07:50:24");
INSERT INTO views (viewer_id, viewed_id, view_date) VALUES ("187","18","2017-12-12 13:05:05");
INSERT INTO views (viewer_id, viewed_id, view_date) VALUES ("104","18","2017-06-25 13:48:12");
INSERT INTO views (viewer_id, viewed_id, view_date) VALUES ("300","18","2017-05-09 14:07:11");


INSERT INTO user (id, first_name, last_name, username, email, password, birthdate, gender, orientation, bio, country, state, city, zip, file_1, file_2, file_3, file_4, file_5, score, token, token_date, active, register, created_at, updated_at) VALUES ("19","Sydney","Wehner","ressiebailey","delbert.kiehn@heathcote.com","$2y$10$f5T2eKJJiPxNymZoMgJ1Kut0B.IcHMBCMvmF0KEsi5hDxO0ziAZGC","1965-02-19 04:37:09","2","3","Amet vero adipisci nobis quibusdam nemo consequatur. Inventore asperiores voluptatum beatae aut in animi neque. Mollitia saepe delectus deleniti corrupti ullam assumenda sint.","Portugal","","Kesslerberg","53846","../fixtures/female2.jpg","","","","","94","1b603172af16010d23dc05f0cfc4e7b2","1998-05-06 08:45:32","0","0","1985-07-15 19:10:49","1996-09-03 14:26:29");
INSERT INTO user_tag (user_id, tag_id) VALUES ("19","22");
INSERT INTO user_tag (user_id, tag_id) VALUES ("19","16");
INSERT INTO user_tag (user_id, tag_id) VALUES ("19","48");
INSERT INTO user_tag (user_id, tag_id) VALUES ("19","40");
INSERT INTO user_tag (user_id, tag_id) VALUES ("19","17");
INSERT INTO user_tag (user_id, tag_id) VALUES ("19","30");
INSERT INTO user_tag (user_id, tag_id) VALUES ("19","34");
INSERT INTO user_tag (user_id, tag_id) VALUES ("19","36");

INSERT INTO connected (user_id, connect_date) VALUES ("19","2017-04-09 07:07:54");
INSERT INTO likes (like_id, liked_id, like_date) VALUES ("13","19","2017-04-28 18:46:54");
INSERT INTO likes (like_id, liked_id, like_date) VALUES ("403","19","2017-03-29 23:28:11");
INSERT INTO likes (like_id, liked_id, like_date) VALUES ("133","19","2017-04-21 09:33:22");
INSERT INTO likes (like_id, liked_id, like_date) VALUES ("255","19","2018-02-09 05:09:36");
INSERT INTO likes (like_id, liked_id, like_date) VALUES ("299","19","2017-04-15 02:27:49");
INSERT INTO likes (like_id, liked_id, like_date) VALUES ("223","19","2017-04-22 22:24:20");
INSERT INTO likes (like_id, liked_id, like_date) VALUES ("473","19","2017-07-30 22:39:30");
INSERT INTO likes (like_id, liked_id, like_date) VALUES ("294","19","2018-01-02 08:10:53");
INSERT INTO likes (like_id, liked_id, like_date) VALUES ("371","19","2017-09-04 04:18:39");
INSERT INTO likes (like_id, liked_id, like_date) VALUES ("297","19","2017-04-22 09:27:10");
INSERT INTO likes (like_id, liked_id, like_date) VALUES ("284","19","2017-05-23 22:37:43");
INSERT INTO likes (like_id, liked_id, like_date) VALUES ("305","19","2017-11-03 02:10:21");
INSERT INTO likes (like_id, liked_id, like_date) VALUES ("468","19","2017-06-18 02:27:55");
INSERT INTO likes (like_id, liked_id, like_date) VALUES ("79","19","2017-09-07 01:28:32");
INSERT INTO likes (like_id, liked_id, like_date) VALUES ("9","19","2017-12-06 12:56:39");
INSERT INTO views (viewer_id, viewed_id, view_date) VALUES ("412","19","2017-06-13 06:40:43");
INSERT INTO views (viewer_id, viewed_id, view_date) VALUES ("52","19","2017-06-30 22:55:30");
INSERT INTO views (viewer_id, viewed_id, view_date) VALUES ("12","19","2017-04-16 23:35:17");
INSERT INTO views (viewer_id, viewed_id, view_date) VALUES ("230","19","2017-08-01 16:41:03");
INSERT INTO views (viewer_id, viewed_id, view_date) VALUES ("409","19","2017-06-03 23:22:53");
INSERT INTO views (viewer_id, viewed_id, view_date) VALUES ("400","19","2018-01-21 12:14:01");
INSERT INTO views (viewer_id, viewed_id, view_date) VALUES ("145","19","2017-08-19 20:21:28");
INSERT INTO views (viewer_id, viewed_id, view_date) VALUES ("495","19","2017-04-24 09:30:19");


INSERT INTO user (id, first_name, last_name, username, email, password, birthdate, gender, orientation, bio, country, state, city, zip, file_1, file_2, file_3, file_4, file_5, score, token, token_date, active, register, created_at, updated_at) VALUES ("20","Jaron","Prohaska","jean82","vdibbert@oconner.com","$2y$10$S5tFn75DkOV6uoN4DwkxhewArPsKHlmdp4xGc9vDvc3ohxs3fIyym","1967-10-23 19:01:50","2","3","Laudantium consectetur optio qui voluptas numquam quae. Laboriosam aspernatur vero aut voluptate necessitatibus iusto quo. Quod occaecati sit quis placeat accusamus.","Trinidad and Tobago","","Oberbrunnermouth","10707","../fixtures/female8.jpg","../fixtures/female5.jpg","../fixtures/female8.jpg","../fixtures/female7.jpg","../fixtures/female4.jpg","91","5aaec4e4f184929a3d5cba13506c015b","2007-12-03 00:54:33","0","0","1987-10-21 08:38:48","1990-12-31 04:46:48");
INSERT INTO user_tag (user_id, tag_id) VALUES ("20","1");
INSERT INTO user_tag (user_id, tag_id) VALUES ("20","20");
INSERT INTO user_tag (user_id, tag_id) VALUES ("20","1");
INSERT INTO user_tag (user_id, tag_id) VALUES ("20","22");
INSERT INTO user_tag (user_id, tag_id) VALUES ("20","4");
INSERT INTO user_tag (user_id, tag_id) VALUES ("20","26");
INSERT INTO user_tag (user_id, tag_id) VALUES ("20","20");
INSERT INTO user_tag (user_id, tag_id) VALUES ("20","4");
INSERT INTO user_tag (user_id, tag_id) VALUES ("20","7");
INSERT INTO user_tag (user_id, tag_id) VALUES ("20","13");
INSERT INTO user_tag (user_id, tag_id) VALUES ("20","40");
INSERT INTO user_tag (user_id, tag_id) VALUES ("20","4");

INSERT INTO connected (user_id, connect_date) VALUES ("20","2018-01-05 11:58:53");
INSERT INTO likes (like_id, liked_id, like_date) VALUES ("340","20","2017-03-08 12:10:02");
INSERT INTO likes (like_id, liked_id, like_date) VALUES ("67","20","2018-01-28 02:16:24");
INSERT INTO likes (like_id, liked_id, like_date) VALUES ("171","20","2017-03-28 15:46:52");
INSERT INTO likes (like_id, liked_id, like_date) VALUES ("500","20","2017-09-06 10:09:36");
INSERT INTO likes (like_id, liked_id, like_date) VALUES ("104","20","2017-12-09 02:28:21");
INSERT INTO likes (like_id, liked_id, like_date) VALUES ("76","20","2017-10-23 17:15:07");
INSERT INTO likes (like_id, liked_id, like_date) VALUES ("216","20","2017-09-02 12:42:02");
INSERT INTO likes (like_id, liked_id, like_date) VALUES ("183","20","2017-08-10 02:02:52");
INSERT INTO views (viewer_id, viewed_id, view_date) VALUES ("231","20","2017-05-23 07:30:33");
INSERT INTO views (viewer_id, viewed_id, view_date) VALUES ("153","20","2017-08-25 14:49:39");
INSERT INTO views (viewer_id, viewed_id, view_date) VALUES ("462","20","2017-03-27 16:09:44");
INSERT INTO views (viewer_id, viewed_id, view_date) VALUES ("273","20","2017-02-26 05:58:32");
INSERT INTO views (viewer_id, viewed_id, view_date) VALUES ("441","20","2017-09-28 19:31:08");
INSERT INTO views (viewer_id, viewed_id, view_date) VALUES ("328","20","2017-05-05 11:12:25");
INSERT INTO views (viewer_id, viewed_id, view_date) VALUES ("498","20","2017-05-19 17:26:57");
INSERT INTO views (viewer_id, viewed_id, view_date) VALUES ("243","20","2017-02-20 18:29:46");
INSERT INTO views (viewer_id, viewed_id, view_date) VALUES ("123","20","2017-05-18 03:54:48");
INSERT INTO views (viewer_id, viewed_id, view_date) VALUES ("125","20","2017-09-21 09:54:05");
INSERT INTO views (viewer_id, viewed_id, view_date) VALUES ("223","20","2017-11-28 04:04:49");
INSERT INTO views (viewer_id, viewed_id, view_date) VALUES ("269","20","2017-08-26 07:04:10");
INSERT INTO views (viewer_id, viewed_id, view_date) VALUES ("252","20","2017-06-27 06:05:08");
INSERT INTO views (viewer_id, viewed_id, view_date) VALUES ("15","20","2017-04-01 08:13:20");
INSERT INTO views (viewer_id, viewed_id, view_date) VALUES ("390","20","2017-03-14 23:17:14");
INSERT INTO views (viewer_id, viewed_id, view_date) VALUES ("182","20","2018-02-04 03:41:48");
INSERT INTO views (viewer_id, viewed_id, view_date) VALUES ("127","20","2017-10-24 17:20:09");
INSERT INTO views (viewer_id, viewed_id, view_date) VALUES ("199","20","2017-08-29 10:46:17");
INSERT INTO views (viewer_id, viewed_id, view_date) VALUES ("280","20","2017-09-08 04:08:33");
INSERT INTO views (viewer_id, viewed_id, view_date) VALUES ("304","20","2017-05-20 20:39:59");
INSERT INTO views (viewer_id, viewed_id, view_date) VALUES ("214","20","2017-11-08 22:08:56");
INSERT INTO views (viewer_id, viewed_id, view_date) VALUES ("405","20","2017-10-30 23:14:34");
INSERT INTO views (viewer_id, viewed_id, view_date) VALUES ("78","20","2018-02-06 16:29:38");
INSERT INTO views (viewer_id, viewed_id, view_date) VALUES ("240","20","2017-02-25 19:45:01");
INSERT INTO views (viewer_id, viewed_id, view_date) VALUES ("379","20","2017-05-25 10:43:31");


INSERT INTO user (id, first_name, last_name, username, email, password, birthdate, gender, orientation, bio, country, state, city, zip, file_1, file_2, file_3, file_4, file_5, score, token, token_date, active, register, created_at, updated_at) VALUES ("21","Eunice","Frami","rita56","jaron.bernier@gmail.com","$2y$10$Z62fz/c6bsz3xWnWC78hpO4oGPnCxhIDu6xiX4XeFiwc/4jivMGmC","1951-05-30 11:12:38","2","2","Quisquam cupiditate laboriosam ut consequatur itaque voluptas. Quia quaerat porro voluptas excepturi. Delectus vero cupiditate voluptatem ea quae. Dolorum quam reprehenderit sit iusto architecto molestias quia quaerat. Tempora in ducimus hic.","Cambodia","","Jacobsonfort","57949","../fixtures/female10.jpg","../fixtures/female1.jpg","../fixtures/female2.jpg","../fixtures/female6.jpg","","29","1d525f9ac06c8a48b14636deac6cf9d5","1989-05-14 11:20:51","1","0","1975-10-15 02:14:11","2013-12-29 23:01:59");
INSERT INTO user_tag (user_id, tag_id) VALUES ("21","16");

INSERT INTO connected (user_id, connect_date) VALUES ("21","2017-03-27 15:38:04");
INSERT INTO likes (like_id, liked_id, like_date) VALUES ("489","21","2017-08-27 14:48:13");
INSERT INTO likes (like_id, liked_id, like_date) VALUES ("195","21","2017-05-06 01:48:32");
INSERT INTO likes (like_id, liked_id, like_date) VALUES ("170","21","2017-06-24 00:38:49");
INSERT INTO likes (like_id, liked_id, like_date) VALUES ("254","21","2017-10-01 04:01:00");
INSERT INTO likes (like_id, liked_id, like_date) VALUES ("39","21","2017-03-24 20:09:50");
INSERT INTO likes (like_id, liked_id, like_date) VALUES ("333","21","2017-03-22 17:09:16");
INSERT INTO likes (like_id, liked_id, like_date) VALUES ("166","21","2018-02-12 12:56:50");
INSERT INTO views (viewer_id, viewed_id, view_date) VALUES ("210","21","2018-01-14 15:15:23");
INSERT INTO views (viewer_id, viewed_id, view_date) VALUES ("383","21","2017-05-15 23:48:44");
INSERT INTO views (viewer_id, viewed_id, view_date) VALUES ("440","21","2017-04-07 09:16:11");
INSERT INTO views (viewer_id, viewed_id, view_date) VALUES ("417","21","2017-08-16 06:12:46");
INSERT INTO views (viewer_id, viewed_id, view_date) VALUES ("150","21","2017-12-09 11:29:15");
INSERT INTO views (viewer_id, viewed_id, view_date) VALUES ("90","21","2017-11-21 09:15:46");
INSERT INTO views (viewer_id, viewed_id, view_date) VALUES ("393","21","2017-07-06 10:46:14");
INSERT INTO views (viewer_id, viewed_id, view_date) VALUES ("369","21","2017-08-10 06:09:39");
INSERT INTO views (viewer_id, viewed_id, view_date) VALUES ("121","21","2017-08-19 00:55:11");
INSERT INTO views (viewer_id, viewed_id, view_date) VALUES ("487","21","2017-02-28 13:03:16");
INSERT INTO views (viewer_id, viewed_id, view_date) VALUES ("157","21","2017-08-01 17:34:22");
INSERT INTO views (viewer_id, viewed_id, view_date) VALUES ("239","21","2017-06-01 11:20:13");
INSERT INTO views (viewer_id, viewed_id, view_date) VALUES ("453","21","2017-12-28 12:35:13");
INSERT INTO views (viewer_id, viewed_id, view_date) VALUES ("436","21","2017-10-16 04:48:31");


INSERT INTO user (id, first_name, last_name, username, email, password, birthdate, gender, orientation, bio, country, state, city, zip, file_1, file_2, file_3, file_4, file_5, score, token, token_date, active, register, created_at, updated_at) VALUES ("22","Alex","Becker","reed51","ludwig30@yahoo.com","$2y$10$W322zHsMVovXLHzKRKfcseovtRJHl4qdeKXaZFiIB1cRR9Hkk5KQq","1961-07-09 14:21:57","1","1","Ducimus est perspiciatis est molestiae. Numquam assumenda est quia iste atque.","Thailand","","Lake Oswald","39340-4270","../fixtures/male5.jpg","../fixtures/male8.jpg","../fixtures/male10.jpg","../fixtures/male7.jpg","../fixtures/male8.jpg","46","0681708083fb6f03abcf11fe30002b27","2006-03-01 12:55:15","0","0","2004-04-08 13:01:38","1982-10-15 06:31:35");
INSERT INTO user_tag (user_id, tag_id) VALUES ("22","6");

INSERT INTO connected (user_id, connect_date) VALUES ("22","2017-02-25 22:58:46");
INSERT INTO likes (like_id, liked_id, like_date) VALUES ("144","22","2017-09-06 09:40:19");
INSERT INTO likes (like_id, liked_id, like_date) VALUES ("36","22","2017-05-30 12:18:25");
INSERT INTO likes (like_id, liked_id, like_date) VALUES ("237","22","2017-09-18 05:04:30");
INSERT INTO likes (like_id, liked_id, like_date) VALUES ("417","22","2018-02-04 21:04:00");
INSERT INTO likes (like_id, liked_id, like_date) VALUES ("382","22","2017-10-17 16:43:30");
INSERT INTO likes (like_id, liked_id, like_date) VALUES ("388","22","2017-05-30 13:23:05");
INSERT INTO likes (like_id, liked_id, like_date) VALUES ("308","22","2018-01-23 11:55:35");
INSERT INTO likes (like_id, liked_id, like_date) VALUES ("280","22","2017-09-29 14:09:52");
INSERT INTO likes (like_id, liked_id, like_date) VALUES ("331","22","2017-04-14 07:41:31");
INSERT INTO likes (like_id, liked_id, like_date) VALUES ("192","22","2017-08-09 13:03:04");
INSERT INTO likes (like_id, liked_id, like_date) VALUES ("290","22","2017-06-16 11:41:16");
INSERT INTO likes (like_id, liked_id, like_date) VALUES ("371","22","2017-03-06 12:58:14");
INSERT INTO likes (like_id, liked_id, like_date) VALUES ("156","22","2017-12-14 08:28:29");
INSERT INTO likes (like_id, liked_id, like_date) VALUES ("299","22","2017-08-07 17:44:14");
INSERT INTO likes (like_id, liked_id, like_date) VALUES ("240","22","2017-07-07 15:33:20");
INSERT INTO likes (like_id, liked_id, like_date) VALUES ("415","22","2017-09-12 21:04:05");
INSERT INTO views (viewer_id, viewed_id, view_date) VALUES ("16","22","2017-02-27 20:34:13");
INSERT INTO views (viewer_id, viewed_id, view_date) VALUES ("209","22","2017-04-26 06:40:59");
INSERT INTO views (viewer_id, viewed_id, view_date) VALUES ("158","22","2017-05-22 08:43:31");
INSERT INTO views (viewer_id, viewed_id, view_date) VALUES ("374","22","2017-10-23 02:30:46");
INSERT INTO views (viewer_id, viewed_id, view_date) VALUES ("179","22","2017-09-02 22:19:23");
INSERT INTO views (viewer_id, viewed_id, view_date) VALUES ("204","22","2017-06-04 04:12:46");
INSERT INTO views (viewer_id, viewed_id, view_date) VALUES ("396","22","2017-09-27 10:50:47");
INSERT INTO views (viewer_id, viewed_id, view_date) VALUES ("267","22","2017-06-20 14:28:56");
INSERT INTO views (viewer_id, viewed_id, view_date) VALUES ("473","22","2017-05-21 17:25:43");
INSERT INTO views (viewer_id, viewed_id, view_date) VALUES ("160","22","2017-07-15 12:29:06");
INSERT INTO views (viewer_id, viewed_id, view_date) VALUES ("215","22","2017-09-07 02:06:56");
INSERT INTO views (viewer_id, viewed_id, view_date) VALUES ("484","22","2017-10-25 21:59:16");
INSERT INTO views (viewer_id, viewed_id, view_date) VALUES ("268","22","2018-02-08 08:06:40");
INSERT INTO views (viewer_id, viewed_id, view_date) VALUES ("306","22","2017-03-26 05:58:34");
INSERT INTO views (viewer_id, viewed_id, view_date) VALUES ("53","22","2017-07-05 16:19:46");
INSERT INTO views (viewer_id, viewed_id, view_date) VALUES ("499","22","2017-03-09 16:40:29");
INSERT INTO views (viewer_id, viewed_id, view_date) VALUES ("75","22","2017-04-04 14:12:52");
INSERT INTO views (viewer_id, viewed_id, view_date) VALUES ("84","22","2017-08-10 15:41:52");
INSERT INTO views (viewer_id, viewed_id, view_date) VALUES ("303","22","2017-02-16 01:45:17");
INSERT INTO views (viewer_id, viewed_id, view_date) VALUES ("10","22","2018-02-09 03:02:03");


INSERT INTO user (id, first_name, last_name, username, email, password, birthdate, gender, orientation, bio, country, state, city, zip, file_1, file_2, file_3, file_4, file_5, score, token, token_date, active, register, created_at, updated_at) VALUES ("23","Kay","Moen","heatherhomenick","kling.minerva@murazik.com","$2y$10$xCVBKfQdHaP3Q2SAUwO30erj0URocop7d7lp05cg4nCIFeOsa7.Iq","1979-10-04 07:50:36","2","2","Dignissimos est molestiae consequuntur fuga commodi temporibus. Dolor enim voluptas aut at. Ipsum molestias explicabo temporibus dolores accusamus dolorum quam. Eius occaecati aut vitae.","Malaysia","","West Valentin","14382","../fixtures/female9.jpg","../fixtures/female4.jpg","../fixtures/female3.jpg","","","14","2bfb8970834b9f67ff8c403a9f22a7ac","2011-09-19 08:50:18","0","0","2003-05-21 19:17:36","1984-10-30 18:19:29");
INSERT INTO user_tag (user_id, tag_id) VALUES ("23","47");
INSERT INTO user_tag (user_id, tag_id) VALUES ("23","30");
INSERT INTO user_tag (user_id, tag_id) VALUES ("23","15");
INSERT INTO user_tag (user_id, tag_id) VALUES ("23","17");
INSERT INTO user_tag (user_id, tag_id) VALUES ("23","31");

INSERT INTO connected (user_id, connect_date) VALUES ("23","2017-09-03 17:45:22");
INSERT INTO likes (like_id, liked_id, like_date) VALUES ("204","23","2017-11-19 19:18:02");
INSERT INTO likes (like_id, liked_id, like_date) VALUES ("300","23","2017-09-05 06:53:40");
INSERT INTO likes (like_id, liked_id, like_date) VALUES ("147","23","2017-05-06 21:25:00");
INSERT INTO likes (like_id, liked_id, like_date) VALUES ("200","23","2017-11-14 15:09:39");
INSERT INTO likes (like_id, liked_id, like_date) VALUES ("463","23","2017-09-02 09:13:17");
INSERT INTO likes (like_id, liked_id, like_date) VALUES ("334","23","2017-03-12 00:37:43");
INSERT INTO likes (like_id, liked_id, like_date) VALUES ("272","23","2017-08-20 12:27:34");
INSERT INTO likes (like_id, liked_id, like_date) VALUES ("378","23","2017-10-20 06:49:15");
INSERT INTO likes (like_id, liked_id, like_date) VALUES ("197","23","2017-10-03 19:46:05");
INSERT INTO likes (like_id, liked_id, like_date) VALUES ("416","23","2017-10-07 03:38:01");
INSERT INTO likes (like_id, liked_id, like_date) VALUES ("320","23","2018-02-07 07:47:49");
INSERT INTO likes (like_id, liked_id, like_date) VALUES ("434","23","2017-09-02 09:53:12");
INSERT INTO likes (like_id, liked_id, like_date) VALUES ("339","23","2018-01-26 23:09:04");
INSERT INTO likes (like_id, liked_id, like_date) VALUES ("36","23","2017-08-27 21:49:17");
INSERT INTO likes (like_id, liked_id, like_date) VALUES ("225","23","2017-08-12 06:57:03");
INSERT INTO likes (like_id, liked_id, like_date) VALUES ("359","23","2017-08-23 04:57:22");
INSERT INTO likes (like_id, liked_id, like_date) VALUES ("373","23","2017-04-26 04:50:58");
INSERT INTO likes (like_id, liked_id, like_date) VALUES ("377","23","2017-04-04 06:34:53");
INSERT INTO likes (like_id, liked_id, like_date) VALUES ("174","23","2017-04-09 00:33:11");
INSERT INTO views (viewer_id, viewed_id, view_date) VALUES ("267","23","2017-10-17 06:45:23");
INSERT INTO views (viewer_id, viewed_id, view_date) VALUES ("390","23","2017-07-27 16:06:43");
INSERT INTO views (viewer_id, viewed_id, view_date) VALUES ("354","23","2017-12-17 19:55:29");
INSERT INTO views (viewer_id, viewed_id, view_date) VALUES ("114","23","2018-02-07 05:08:20");
INSERT INTO views (viewer_id, viewed_id, view_date) VALUES ("222","23","2017-10-24 12:33:37");
INSERT INTO views (viewer_id, viewed_id, view_date) VALUES ("73","23","2017-12-25 16:05:56");
INSERT INTO views (viewer_id, viewed_id, view_date) VALUES ("212","23","2017-04-18 10:27:30");
INSERT INTO views (viewer_id, viewed_id, view_date) VALUES ("467","23","2017-07-16 19:24:57");
INSERT INTO views (viewer_id, viewed_id, view_date) VALUES ("22","23","2017-03-12 19:14:21");
INSERT INTO views (viewer_id, viewed_id, view_date) VALUES ("470","23","2017-12-28 04:08:54");
INSERT INTO views (viewer_id, viewed_id, view_date) VALUES ("111","23","2017-04-19 10:46:41");
INSERT INTO views (viewer_id, viewed_id, view_date) VALUES ("313","23","2017-05-07 22:23:37");
INSERT INTO views (viewer_id, viewed_id, view_date) VALUES ("158","23","2018-02-10 09:43:19");
INSERT INTO views (viewer_id, viewed_id, view_date) VALUES ("382","23","2017-06-24 16:10:13");
INSERT INTO views (viewer_id, viewed_id, view_date) VALUES ("331","23","2018-01-02 08:24:12");
INSERT INTO views (viewer_id, viewed_id, view_date) VALUES ("106","23","2017-07-13 13:10:47");
INSERT INTO views (viewer_id, viewed_id, view_date) VALUES ("200","23","2017-08-30 05:02:49");


INSERT INTO user (id, first_name, last_name, username, email, password, birthdate, gender, orientation, bio, country, state, city, zip, file_1, file_2, file_3, file_4, file_5, score, token, token_date, active, register, created_at, updated_at) VALUES ("24","Tod","Connelly","marleekoelpin","mcdermott.keeley@hotmail.com","$2y$10$pKNa4nisbHnzDxcFlUIJXe2y9R4828K7z88F7p8f/p/kReAF5YqTe","1954-05-16 18:24:13","2","2","Dolor autem rerum sed perferendis alias. Eos dolor eos esse ex iusto facere. Fuga aliquid repellendus odio minus placeat.","Japan","","Noemieburgh","11721","../fixtures/female3.jpg","../fixtures/female4.jpg","../fixtures/female6.jpg","../fixtures/female2.jpg","../fixtures/female9.jpg","93","8d43a2ca2c2145bba8e857abef65ea05","1986-01-19 13:54:32","0","0","2009-12-18 11:15:33","1987-07-05 10:25:28");
INSERT INTO user_tag (user_id, tag_id) VALUES ("24","19");
INSERT INTO user_tag (user_id, tag_id) VALUES ("24","46");
INSERT INTO user_tag (user_id, tag_id) VALUES ("24","24");

INSERT INTO connected (user_id, connect_date) VALUES ("24","2017-05-05 10:46:27");
INSERT INTO likes (like_id, liked_id, like_date) VALUES ("178","24","2017-03-27 15:23:57");
INSERT INTO likes (like_id, liked_id, like_date) VALUES ("291","24","2017-08-04 09:53:22");
INSERT INTO views (viewer_id, viewed_id, view_date) VALUES ("283","24","2017-07-29 17:08:47");
INSERT INTO views (viewer_id, viewed_id, view_date) VALUES ("101","24","2017-04-23 17:34:21");
INSERT INTO views (viewer_id, viewed_id, view_date) VALUES ("123","24","2017-07-20 04:06:50");
INSERT INTO views (viewer_id, viewed_id, view_date) VALUES ("148","24","2017-11-06 13:31:26");
INSERT INTO views (viewer_id, viewed_id, view_date) VALUES ("98","24","2017-07-15 18:20:33");
INSERT INTO views (viewer_id, viewed_id, view_date) VALUES ("252","24","2017-05-30 19:14:48");
INSERT INTO views (viewer_id, viewed_id, view_date) VALUES ("62","24","2018-01-17 02:50:17");
INSERT INTO views (viewer_id, viewed_id, view_date) VALUES ("218","24","2017-05-24 13:03:55");
INSERT INTO views (viewer_id, viewed_id, view_date) VALUES ("269","24","2017-12-17 18:11:59");
INSERT INTO views (viewer_id, viewed_id, view_date) VALUES ("473","24","2018-01-20 13:00:11");
INSERT INTO views (viewer_id, viewed_id, view_date) VALUES ("451","24","2018-01-28 04:27:05");
INSERT INTO views (viewer_id, viewed_id, view_date) VALUES ("63","24","2017-11-11 07:25:56");
INSERT INTO views (viewer_id, viewed_id, view_date) VALUES ("355","24","2017-05-27 00:33:12");
INSERT INTO views (viewer_id, viewed_id, view_date) VALUES ("380","24","2017-07-11 08:43:43");
INSERT INTO views (viewer_id, viewed_id, view_date) VALUES ("377","24","2017-09-06 22:20:10");


INSERT INTO user (id, first_name, last_name, username, email, password, birthdate, gender, orientation, bio, country, state, city, zip, file_1, file_2, file_3, file_4, file_5, score, token, token_date, active, register, created_at, updated_at) VALUES ("25","Jermain","Dietrich","damien22","earlene73@schimmel.net","$2y$10$yE3VB93K4ocjonM.2YVk6uMG1pBR1ZZbTEdwYZmGRVUTs3Ac.MgGC","1976-11-30 15:43:51","2","1","Et adipisci minus vel ullam. Quo alias hic ratione tempore quis. Repellat recusandae occaecati excepturi omnis aut sunt. Accusantium quasi deserunt amet expedita sit cum totam.","Uganda","","Port Halleborough","33335","../fixtures/female1.jpg","../fixtures/female10.jpg","../fixtures/female2.jpg","../fixtures/female3.jpg","","33","316212c53c52217bdba7df32616e0351","1981-07-01 04:55:06","1","1","2014-09-18 18:02:29","2017-02-06 06:57:24");
INSERT INTO user_tag (user_id, tag_id) VALUES ("25","19");
INSERT INTO user_tag (user_id, tag_id) VALUES ("25","4");
INSERT INTO user_tag (user_id, tag_id) VALUES ("25","49");
INSERT INTO user_tag (user_id, tag_id) VALUES ("25","26");
INSERT INTO user_tag (user_id, tag_id) VALUES ("25","42");

INSERT INTO connected (user_id, connect_date) VALUES ("25","2017-03-02 08:54:12");
INSERT INTO likes (like_id, liked_id, like_date) VALUES ("178","25","2017-04-21 11:43:33");
INSERT INTO likes (like_id, liked_id, like_date) VALUES ("57","25","2017-03-18 03:58:36");
INSERT INTO likes (like_id, liked_id, like_date) VALUES ("92","25","2017-06-30 04:27:36");
INSERT INTO likes (like_id, liked_id, like_date) VALUES ("311","25","2017-10-13 16:12:33");
INSERT INTO likes (like_id, liked_id, like_date) VALUES ("142","25","2017-05-31 09:46:55");
INSERT INTO views (viewer_id, viewed_id, view_date) VALUES ("137","25","2017-04-30 10:10:02");


INSERT INTO user (id, first_name, last_name, username, email, password, birthdate, gender, orientation, bio, country, state, city, zip, file_1, file_2, file_3, file_4, file_5, score, token, token_date, active, register, created_at, updated_at) VALUES ("26","Mason","Considine","hmurray","casey.kulas@yahoo.com","$2y$10$71An9xrxLG2iyZBBHSFDq.0nc7HODuRVILv5NvgHqXT5qfesSzVOW","1963-04-12 20:10:07","1","3","Odio eaque odio consequuntur facere velit quidem. Soluta repellat dolorem dolorem reiciendis aspernatur atque. Aspernatur deleniti non aliquid et animi odit quis. Consequatur deserunt mollitia totam aspernatur vel sed.","Grenada","","Lake Eldonberg","19496","../fixtures/male7.jpg","../fixtures/male9.jpg","../fixtures/male4.jpg","../fixtures/male9.jpg","../fixtures/male8.jpg","78","201f72712066c15f4f398a121b3c752f","1996-10-21 06:45:23","0","0","1971-11-05 18:34:23","1989-04-18 15:41:35");
INSERT INTO user_tag (user_id, tag_id) VALUES ("26","38");
INSERT INTO user_tag (user_id, tag_id) VALUES ("26","4");
INSERT INTO user_tag (user_id, tag_id) VALUES ("26","20");
INSERT INTO user_tag (user_id, tag_id) VALUES ("26","37");
INSERT INTO user_tag (user_id, tag_id) VALUES ("26","37");
INSERT INTO user_tag (user_id, tag_id) VALUES ("26","14");
INSERT INTO user_tag (user_id, tag_id) VALUES ("26","4");
INSERT INTO user_tag (user_id, tag_id) VALUES ("26","9");

INSERT INTO connected (user_id, connect_date) VALUES ("26","2017-10-09 15:51:27");
INSERT INTO likes (like_id, liked_id, like_date) VALUES ("132","26","2018-02-08 20:18:31");
INSERT INTO likes (like_id, liked_id, like_date) VALUES ("418","26","2018-01-16 15:56:57");
INSERT INTO views (viewer_id, viewed_id, view_date) VALUES ("156","26","2017-02-15 22:12:09");
INSERT INTO views (viewer_id, viewed_id, view_date) VALUES ("455","26","2017-07-24 20:50:47");
INSERT INTO views (viewer_id, viewed_id, view_date) VALUES ("289","26","2017-10-06 10:18:38");
INSERT INTO views (viewer_id, viewed_id, view_date) VALUES ("74","26","2017-11-02 12:07:11");
INSERT INTO views (viewer_id, viewed_id, view_date) VALUES ("22","26","2017-11-03 13:15:10");
INSERT INTO views (viewer_id, viewed_id, view_date) VALUES ("401","26","2017-10-06 04:21:11");


INSERT INTO user (id, first_name, last_name, username, email, password, birthdate, gender, orientation, bio, country, state, city, zip, file_1, file_2, file_3, file_4, file_5, score, token, token_date, active, register, created_at, updated_at) VALUES ("27","Tony","Rice","tedlebsack","keagan.smitham@heathcote.info","$2y$10$wN6qyEfp9YkUb5270SlESeywNkZTVlG1jmrIYo520fWvCH2qdMeiG","1959-09-28 06:57:13","1","3","Dolorem quia aut modi dolores animi. In repellat quisquam ipsa fugiat qui. Nemo omnis qui sed reprehenderit id. Iste enim odit sit numquam voluptatem dolor qui.","South Georgia and the South Sandwich Islands","","Port Jedidiah","61992-5587","../fixtures/male10.jpg","../fixtures/male7.jpg","../fixtures/male1.jpg","../fixtures/male10.jpg","../fixtures/male6.jpg","45","141f47b0ef10f31f80a7218e1ab4fa63","1985-11-04 13:12:53","0","0","2009-08-23 03:33:43","1970-05-18 16:46:55");
INSERT INTO user_tag (user_id, tag_id) VALUES ("27","43");
INSERT INTO user_tag (user_id, tag_id) VALUES ("27","29");
INSERT INTO user_tag (user_id, tag_id) VALUES ("27","20");
INSERT INTO user_tag (user_id, tag_id) VALUES ("27","21");
INSERT INTO user_tag (user_id, tag_id) VALUES ("27","8");

INSERT INTO connected (user_id, connect_date) VALUES ("27","2017-07-01 03:20:58");
INSERT INTO likes (like_id, liked_id, like_date) VALUES ("424","27","2017-04-10 03:37:14");
INSERT INTO likes (like_id, liked_id, like_date) VALUES ("483","27","2017-06-26 12:32:24");
INSERT INTO likes (like_id, liked_id, like_date) VALUES ("390","27","2018-01-13 22:10:07");
INSERT INTO likes (like_id, liked_id, like_date) VALUES ("100","27","2017-06-24 14:52:25");
INSERT INTO likes (like_id, liked_id, like_date) VALUES ("273","27","2018-01-10 03:57:28");
INSERT INTO likes (like_id, liked_id, like_date) VALUES ("199","27","2017-12-06 15:39:08");
INSERT INTO likes (like_id, liked_id, like_date) VALUES ("18","27","2017-03-18 16:59:57");
INSERT INTO likes (like_id, liked_id, like_date) VALUES ("216","27","2017-05-09 22:54:00");
INSERT INTO likes (like_id, liked_id, like_date) VALUES ("65","27","2017-07-30 16:23:16");
INSERT INTO likes (like_id, liked_id, like_date) VALUES ("392","27","2017-07-22 02:23:36");
INSERT INTO likes (like_id, liked_id, like_date) VALUES ("153","27","2017-05-16 05:51:41");
INSERT INTO likes (like_id, liked_id, like_date) VALUES ("337","27","2017-06-16 02:42:20");
INSERT INTO likes (like_id, liked_id, like_date) VALUES ("305","27","2017-10-10 02:03:36");
INSERT INTO likes (like_id, liked_id, like_date) VALUES ("456","27","2017-10-07 03:50:44");
INSERT INTO likes (like_id, liked_id, like_date) VALUES ("38","27","2017-05-12 11:50:31");
INSERT INTO likes (like_id, liked_id, like_date) VALUES ("228","27","2017-07-07 17:07:46");
INSERT INTO likes (like_id, liked_id, like_date) VALUES ("88","27","2017-03-28 10:11:55");
INSERT INTO likes (like_id, liked_id, like_date) VALUES ("38","27","2017-02-21 06:38:45");
INSERT INTO likes (like_id, liked_id, like_date) VALUES ("80","27","2017-10-14 09:32:24");
INSERT INTO likes (like_id, liked_id, like_date) VALUES ("16","27","2017-03-03 09:42:09");
INSERT INTO views (viewer_id, viewed_id, view_date) VALUES ("187","27","2017-11-02 18:26:29");
INSERT INTO views (viewer_id, viewed_id, view_date) VALUES ("396","27","2017-06-05 14:11:14");
INSERT INTO views (viewer_id, viewed_id, view_date) VALUES ("117","27","2017-06-25 12:37:48");
INSERT INTO views (viewer_id, viewed_id, view_date) VALUES ("352","27","2017-03-22 17:58:31");
INSERT INTO views (viewer_id, viewed_id, view_date) VALUES ("144","27","2018-01-12 01:20:10");
INSERT INTO views (viewer_id, viewed_id, view_date) VALUES ("182","27","2017-05-15 12:49:58");
INSERT INTO views (viewer_id, viewed_id, view_date) VALUES ("54","27","2017-04-17 13:15:20");
INSERT INTO views (viewer_id, viewed_id, view_date) VALUES ("485","27","2017-11-06 13:13:03");
INSERT INTO views (viewer_id, viewed_id, view_date) VALUES ("436","27","2017-10-18 16:51:22");
INSERT INTO views (viewer_id, viewed_id, view_date) VALUES ("344","27","2017-12-17 18:46:06");
INSERT INTO views (viewer_id, viewed_id, view_date) VALUES ("443","27","2017-12-20 22:02:52");
INSERT INTO views (viewer_id, viewed_id, view_date) VALUES ("196","27","2017-09-02 23:42:08");
INSERT INTO views (viewer_id, viewed_id, view_date) VALUES ("225","27","2017-02-20 09:01:23");
INSERT INTO views (viewer_id, viewed_id, view_date) VALUES ("37","27","2017-06-08 20:50:31");


INSERT INTO user (id, first_name, last_name, username, email, password, birthdate, gender, orientation, bio, country, state, city, zip, file_1, file_2, file_3, file_4, file_5, score, token, token_date, active, register, created_at, updated_at) VALUES ("28","Daniella","Oberbrunner","buddylemke","era06@hermiston.com","$2y$10$yfct6vsxOdC0TKLaqMBDhOEkUT8TvJXUJzG9x6eUDhOwvYxyGcm4S","1987-08-01 15:55:22","1","3","Ut non doloremque quia rem aut esse. Distinctio tempore perspiciatis cum. Consequatur eaque corrupti officiis laboriosam doloribus magnam.","Guinea","","North Trace","37045","../fixtures/male2.jpg","../fixtures/male10.jpg","../fixtures/male10.jpg","../fixtures/male6.jpg","../fixtures/male4.jpg","59","840aefa55db76eafc9fff3bb5beb731c","2008-11-29 04:50:37","1","0","1984-09-07 07:07:39","1976-02-09 08:00:15");
INSERT INTO user_tag (user_id, tag_id) VALUES ("28","4");
INSERT INTO user_tag (user_id, tag_id) VALUES ("28","17");
INSERT INTO user_tag (user_id, tag_id) VALUES ("28","27");
INSERT INTO user_tag (user_id, tag_id) VALUES ("28","21");

INSERT INTO connected (user_id, connect_date) VALUES ("28","2017-05-11 20:17:12");
INSERT INTO likes (like_id, liked_id, like_date) VALUES ("187","28","2017-04-23 23:51:33");
INSERT INTO likes (like_id, liked_id, like_date) VALUES ("363","28","2017-02-16 06:23:47");
INSERT INTO likes (like_id, liked_id, like_date) VALUES ("126","28","2017-08-13 22:49:17");
INSERT INTO likes (like_id, liked_id, like_date) VALUES ("209","28","2017-11-22 01:09:18");
INSERT INTO likes (like_id, liked_id, like_date) VALUES ("318","28","2017-03-27 13:32:22");
INSERT INTO likes (like_id, liked_id, like_date) VALUES ("353","28","2018-02-13 11:04:24");
INSERT INTO likes (like_id, liked_id, like_date) VALUES ("491","28","2017-06-19 16:34:45");
INSERT INTO likes (like_id, liked_id, like_date) VALUES ("371","28","2017-05-10 04:42:30");
INSERT INTO likes (like_id, liked_id, like_date) VALUES ("405","28","2017-04-07 19:54:04");
INSERT INTO likes (like_id, liked_id, like_date) VALUES ("119","28","2017-08-17 00:08:45");
INSERT INTO likes (like_id, liked_id, like_date) VALUES ("203","28","2017-04-23 21:27:23");
INSERT INTO likes (like_id, liked_id, like_date) VALUES ("301","28","2017-07-12 22:43:49");
INSERT INTO likes (like_id, liked_id, like_date) VALUES ("465","28","2017-03-07 01:46:07");
INSERT INTO likes (like_id, liked_id, like_date) VALUES ("392","28","2017-03-29 17:08:52");
INSERT INTO likes (like_id, liked_id, like_date) VALUES ("233","28","2017-07-05 09:40:50");
INSERT INTO likes (like_id, liked_id, like_date) VALUES ("272","28","2017-11-06 18:57:47");
INSERT INTO likes (like_id, liked_id, like_date) VALUES ("194","28","2018-02-14 00:24:30");
INSERT INTO views (viewer_id, viewed_id, view_date) VALUES ("270","28","2017-10-26 08:27:07");
INSERT INTO views (viewer_id, viewed_id, view_date) VALUES ("139","28","2017-10-12 20:41:29");
INSERT INTO views (viewer_id, viewed_id, view_date) VALUES ("168","28","2017-06-03 09:53:10");
INSERT INTO views (viewer_id, viewed_id, view_date) VALUES ("60","28","2017-09-29 02:13:20");
INSERT INTO views (viewer_id, viewed_id, view_date) VALUES ("337","28","2017-06-07 12:59:48");
INSERT INTO views (viewer_id, viewed_id, view_date) VALUES ("280","28","2018-01-10 06:32:37");
INSERT INTO views (viewer_id, viewed_id, view_date) VALUES ("274","28","2017-12-02 06:36:38");
INSERT INTO views (viewer_id, viewed_id, view_date) VALUES ("450","28","2017-03-22 15:15:35");


INSERT INTO user (id, first_name, last_name, username, email, password, birthdate, gender, orientation, bio, country, state, city, zip, file_1, file_2, file_3, file_4, file_5, score, token, token_date, active, register, created_at, updated_at) VALUES ("29","Nellie","Bosco","dbeer","oran.reilly@spencer.com","$2y$10$xa3xMP8p9WaUSUARu1xlduXKOKBuk93VQgQuepwlb2XhYjqAp2pqS","1970-07-31 03:04:23","1","3","Quibusdam aperiam repellendus porro. Eveniet beatae nostrum est. Quas hic ut dolorum consectetur animi et. Cumque non sapiente suscipit.","Guatemala","","Edmondbury","02527","../fixtures/male8.jpg","../fixtures/male1.jpg","../fixtures/male6.jpg","../fixtures/male1.jpg","","25","c581d32c2f6457bc4bce1e0c0f3c9bd4","2010-06-06 14:46:45","1","0","2003-06-19 08:38:03","2016-08-01 16:22:00");
INSERT INTO user_tag (user_id, tag_id) VALUES ("29","37");
INSERT INTO user_tag (user_id, tag_id) VALUES ("29","50");
INSERT INTO user_tag (user_id, tag_id) VALUES ("29","47");
INSERT INTO user_tag (user_id, tag_id) VALUES ("29","39");

INSERT INTO connected (user_id, connect_date) VALUES ("29","2017-06-24 23:49:58");
INSERT INTO likes (like_id, liked_id, like_date) VALUES ("314","29","2018-01-21 01:06:20");
INSERT INTO likes (like_id, liked_id, like_date) VALUES ("288","29","2017-06-26 13:25:23");
INSERT INTO views (viewer_id, viewed_id, view_date) VALUES ("453","29","2017-11-03 08:16:54");
INSERT INTO views (viewer_id, viewed_id, view_date) VALUES ("187","29","2017-03-27 23:12:08");
INSERT INTO views (viewer_id, viewed_id, view_date) VALUES ("246","29","2017-09-22 23:59:27");
INSERT INTO views (viewer_id, viewed_id, view_date) VALUES ("306","29","2017-11-11 01:22:43");
INSERT INTO views (viewer_id, viewed_id, view_date) VALUES ("361","29","2017-04-25 11:40:26");
INSERT INTO views (viewer_id, viewed_id, view_date) VALUES ("17","29","2017-03-13 11:07:57");
INSERT INTO views (viewer_id, viewed_id, view_date) VALUES ("435","29","2017-11-11 15:24:19");
INSERT INTO views (viewer_id, viewed_id, view_date) VALUES ("444","29","2017-11-24 16:23:47");
INSERT INTO views (viewer_id, viewed_id, view_date) VALUES ("188","29","2017-05-28 23:44:54");
INSERT INTO views (viewer_id, viewed_id, view_date) VALUES ("413","29","2017-03-10 05:57:42");
INSERT INTO views (viewer_id, viewed_id, view_date) VALUES ("181","29","2017-06-29 00:35:03");
INSERT INTO views (viewer_id, viewed_id, view_date) VALUES ("404","29","2018-01-12 03:29:18");
INSERT INTO views (viewer_id, viewed_id, view_date) VALUES ("106","29","2017-04-12 14:18:46");
INSERT INTO views (viewer_id, viewed_id, view_date) VALUES ("227","29","2017-07-07 10:01:31");
INSERT INTO views (viewer_id, viewed_id, view_date) VALUES ("347","29","2017-03-28 03:18:58");
INSERT INTO views (viewer_id, viewed_id, view_date) VALUES ("304","29","2017-06-04 10:36:07");
INSERT INTO views (viewer_id, viewed_id, view_date) VALUES ("356","29","2017-08-24 09:01:54");
INSERT INTO views (viewer_id, viewed_id, view_date) VALUES ("148","29","2017-10-21 16:40:51");
INSERT INTO views (viewer_id, viewed_id, view_date) VALUES ("46","29","2017-12-01 06:43:16");
INSERT INTO views (viewer_id, viewed_id, view_date) VALUES ("253","29","2017-09-05 20:28:11");
INSERT INTO views (viewer_id, viewed_id, view_date) VALUES ("309","29","2017-09-14 01:29:28");
INSERT INTO views (viewer_id, viewed_id, view_date) VALUES ("285","29","2017-10-25 21:35:07");
INSERT INTO views (viewer_id, viewed_id, view_date) VALUES ("446","29","2017-11-19 14:14:04");
INSERT INTO views (viewer_id, viewed_id, view_date) VALUES ("208","29","2017-12-21 20:17:38");
INSERT INTO views (viewer_id, viewed_id, view_date) VALUES ("68","29","2017-04-27 18:04:37");
INSERT INTO views (viewer_id, viewed_id, view_date) VALUES ("36","29","2017-11-26 07:51:19");
INSERT INTO views (viewer_id, viewed_id, view_date) VALUES ("163","29","2018-01-02 18:12:01");
INSERT INTO views (viewer_id, viewed_id, view_date) VALUES ("345","29","2017-08-21 20:34:15");
INSERT INTO views (viewer_id, viewed_id, view_date) VALUES ("275","29","2018-01-02 03:22:28");
INSERT INTO views (viewer_id, viewed_id, view_date) VALUES ("24","29","2017-12-03 18:58:59");
INSERT INTO views (viewer_id, viewed_id, view_date) VALUES ("5","29","2017-07-14 18:28:55");


INSERT INTO user (id, first_name, last_name, username, email, password, birthdate, gender, orientation, bio, country, state, city, zip, file_1, file_2, file_3, file_4, file_5, score, token, token_date, active, register, created_at, updated_at) VALUES ("30","Krystel","Green","rickdooley","ken.cronin@yahoo.com","$2y$10$SDiXREgXerMTClWHb9Oxk.6Z1lz6Xxjncb2yMX.J5Q81gOGW4SbZi","1974-04-24 02:38:42","1","2","Doloremque consequatur veritatis molestiae non voluptas dolor rerum. Aut et voluptates ea vitae ut at. Aut quas asperiores ad dicta voluptas. Sed laboriosam quia deleniti tempora autem quia aut.","Indonesia","","Wunschstad","72440-7954","../fixtures/male6.jpg","../fixtures/male3.jpg","","","","68","982b82401a50329ad639b49fa547d099","2016-06-29 18:57:57","1","1","1987-07-29 09:50:57","2003-03-01 03:45:42");
INSERT INTO user_tag (user_id, tag_id) VALUES ("30","34");
INSERT INTO user_tag (user_id, tag_id) VALUES ("30","47");
INSERT INTO user_tag (user_id, tag_id) VALUES ("30","33");
INSERT INTO user_tag (user_id, tag_id) VALUES ("30","16");
INSERT INTO user_tag (user_id, tag_id) VALUES ("30","13");
INSERT INTO user_tag (user_id, tag_id) VALUES ("30","11");
INSERT INTO user_tag (user_id, tag_id) VALUES ("30","24");

INSERT INTO connected (user_id, connect_date) VALUES ("30","2017-04-03 03:37:06");
INSERT INTO likes (like_id, liked_id, like_date) VALUES ("166","30","2017-04-28 01:46:57");
INSERT INTO likes (like_id, liked_id, like_date) VALUES ("423","30","2018-01-25 20:11:11");
INSERT INTO likes (like_id, liked_id, like_date) VALUES ("8","30","2017-11-19 01:59:58");
INSERT INTO likes (like_id, liked_id, like_date) VALUES ("20","30","2017-11-11 15:40:34");
INSERT INTO likes (like_id, liked_id, like_date) VALUES ("48","30","2017-09-10 18:37:36");
INSERT INTO likes (like_id, liked_id, like_date) VALUES ("65","30","2018-02-11 06:43:08");
INSERT INTO likes (like_id, liked_id, like_date) VALUES ("194","30","2017-05-09 17:29:13");
INSERT INTO likes (like_id, liked_id, like_date) VALUES ("187","30","2017-11-14 20:50:11");
INSERT INTO likes (like_id, liked_id, like_date) VALUES ("406","30","2018-01-04 05:33:26");
INSERT INTO likes (like_id, liked_id, like_date) VALUES ("201","30","2017-06-07 00:54:16");
INSERT INTO likes (like_id, liked_id, like_date) VALUES ("340","30","2017-04-12 02:59:24");
INSERT INTO likes (like_id, liked_id, like_date) VALUES ("301","30","2017-07-28 08:48:51");
INSERT INTO likes (like_id, liked_id, like_date) VALUES ("444","30","2017-06-03 16:08:08");
INSERT INTO likes (like_id, liked_id, like_date) VALUES ("418","30","2017-06-18 09:52:31");
INSERT INTO likes (like_id, liked_id, like_date) VALUES ("481","30","2017-03-27 00:55:23");
INSERT INTO likes (like_id, liked_id, like_date) VALUES ("62","30","2017-04-02 05:40:49");
INSERT INTO views (viewer_id, viewed_id, view_date) VALUES ("108","30","2018-02-13 08:42:36");


INSERT INTO user (id, first_name, last_name, username, email, password, birthdate, gender, orientation, bio, country, state, city, zip, file_1, file_2, file_3, file_4, file_5, score, token, token_date, active, register, created_at, updated_at) VALUES ("31","Nathan","Quigley","kassulkegiovanny","makenna.mitchell@gutmann.com","$2y$10$KQHPETs5LjFsNIJtranWJ.Gmbc5M0ZGA2i81gsSklThBSLdYyXk6q","1991-11-04 11:00:00","1","1","Odio neque itaque quibusdam quo ut amet quo dolorem. Possimus consequatur dolorem sed ut alias quisquam ea.","Benin","","O'Keefechester","91386","../fixtures/male9.jpg","../fixtures/male4.jpg","../fixtures/male6.jpg","","","73","1e5e27080b5549a51b5da5b977359d52","2008-10-06 03:47:57","1","1","2010-04-20 04:03:02","1993-08-30 04:50:22");
INSERT INTO user_tag (user_id, tag_id) VALUES ("31","37");
INSERT INTO user_tag (user_id, tag_id) VALUES ("31","32");
INSERT INTO user_tag (user_id, tag_id) VALUES ("31","11");
INSERT INTO user_tag (user_id, tag_id) VALUES ("31","14");
INSERT INTO user_tag (user_id, tag_id) VALUES ("31","50");
INSERT INTO user_tag (user_id, tag_id) VALUES ("31","3");

INSERT INTO connected (user_id, connect_date) VALUES ("31","2017-11-06 13:58:06");
INSERT INTO likes (like_id, liked_id, like_date) VALUES ("309","31","2017-12-19 21:06:53");
INSERT INTO likes (like_id, liked_id, like_date) VALUES ("174","31","2017-08-21 08:41:26");
INSERT INTO likes (like_id, liked_id, like_date) VALUES ("391","31","2017-12-13 23:38:51");
INSERT INTO likes (like_id, liked_id, like_date) VALUES ("254","31","2017-12-02 16:19:44");
INSERT INTO likes (like_id, liked_id, like_date) VALUES ("172","31","2017-12-11 02:18:36");
INSERT INTO likes (like_id, liked_id, like_date) VALUES ("411","31","2017-04-06 08:55:58");
INSERT INTO likes (like_id, liked_id, like_date) VALUES ("29","31","2017-03-31 18:07:13");
INSERT INTO likes (like_id, liked_id, like_date) VALUES ("161","31","2017-02-18 22:07:16");
INSERT INTO likes (like_id, liked_id, like_date) VALUES ("79","31","2017-05-23 10:06:15");
INSERT INTO likes (like_id, liked_id, like_date) VALUES ("93","31","2017-11-18 09:16:22");
INSERT INTO likes (like_id, liked_id, like_date) VALUES ("251","31","2017-09-10 06:01:27");
INSERT INTO likes (like_id, liked_id, like_date) VALUES ("215","31","2017-08-08 12:43:27");
INSERT INTO likes (like_id, liked_id, like_date) VALUES ("114","31","2017-05-09 22:56:15");
INSERT INTO likes (like_id, liked_id, like_date) VALUES ("57","31","2017-08-10 17:04:31");
INSERT INTO likes (like_id, liked_id, like_date) VALUES ("307","31","2017-12-25 11:56:26");
INSERT INTO likes (like_id, liked_id, like_date) VALUES ("70","31","2017-04-07 10:20:24");
INSERT INTO likes (like_id, liked_id, like_date) VALUES ("127","31","2017-05-17 10:34:15");
INSERT INTO likes (like_id, liked_id, like_date) VALUES ("343","31","2017-08-26 19:13:34");
INSERT INTO views (viewer_id, viewed_id, view_date) VALUES ("231","31","2017-05-20 13:42:23");
INSERT INTO views (viewer_id, viewed_id, view_date) VALUES ("375","31","2017-02-20 22:54:12");
INSERT INTO views (viewer_id, viewed_id, view_date) VALUES ("202","31","2017-04-19 02:57:57");
INSERT INTO views (viewer_id, viewed_id, view_date) VALUES ("103","31","2017-06-13 05:56:13");
INSERT INTO views (viewer_id, viewed_id, view_date) VALUES ("435","31","2017-09-01 03:37:05");
INSERT INTO views (viewer_id, viewed_id, view_date) VALUES ("253","31","2017-12-03 20:12:37");
INSERT INTO views (viewer_id, viewed_id, view_date) VALUES ("174","31","2017-07-14 02:53:32");
INSERT INTO views (viewer_id, viewed_id, view_date) VALUES ("266","31","2017-10-26 02:58:39");
INSERT INTO views (viewer_id, viewed_id, view_date) VALUES ("130","31","2017-08-14 21:42:53");
INSERT INTO views (viewer_id, viewed_id, view_date) VALUES ("90","31","2017-12-11 07:58:50");


INSERT INTO user (id, first_name, last_name, username, email, password, birthdate, gender, orientation, bio, country, state, city, zip, file_1, file_2, file_3, file_4, file_5, score, token, token_date, active, register, created_at, updated_at) VALUES ("32","Adah","Sporer","ila40","pdavis@gmail.com","$2y$10$lZXsJtCa4MYQ4VKs/mhci.V6VGxCIuFC3DSYQClgeraXKFKXmnruK","1978-06-17 02:46:33","2","3","Et atque ipsum consequatur minima. Non velit ut reprehenderit soluta earum. Sunt suscipit explicabo et asperiores.","Italy","","Wizaview","11886-2896","../fixtures/female5.jpg","../fixtures/female3.jpg","","","","34","3aa3b154309897f4246087301489f004","2004-05-29 09:51:32","0","0","1990-02-27 15:35:35","2008-03-14 20:36:52");
INSERT INTO user_tag (user_id, tag_id) VALUES ("32","7");
INSERT INTO user_tag (user_id, tag_id) VALUES ("32","13");
INSERT INTO user_tag (user_id, tag_id) VALUES ("32","42");
INSERT INTO user_tag (user_id, tag_id) VALUES ("32","34");
INSERT INTO user_tag (user_id, tag_id) VALUES ("32","37");
INSERT INTO user_tag (user_id, tag_id) VALUES ("32","8");
INSERT INTO user_tag (user_id, tag_id) VALUES ("32","30");
INSERT INTO user_tag (user_id, tag_id) VALUES ("32","22");
INSERT INTO user_tag (user_id, tag_id) VALUES ("32","4");
INSERT INTO user_tag (user_id, tag_id) VALUES ("32","4");
INSERT INTO user_tag (user_id, tag_id) VALUES ("32","10");
INSERT INTO user_tag (user_id, tag_id) VALUES ("32","24");
INSERT INTO user_tag (user_id, tag_id) VALUES ("32","8");
INSERT INTO user_tag (user_id, tag_id) VALUES ("32","32");
INSERT INTO user_tag (user_id, tag_id) VALUES ("32","6");

INSERT INTO connected (user_id, connect_date) VALUES ("32","2017-08-12 19:01:33");
INSERT INTO likes (like_id, liked_id, like_date) VALUES ("400","32","2017-11-15 11:30:32");
INSERT INTO likes (like_id, liked_id, like_date) VALUES ("261","32","2017-05-04 10:04:21");
INSERT INTO likes (like_id, liked_id, like_date) VALUES ("379","32","2018-02-02 13:39:46");
INSERT INTO likes (like_id, liked_id, like_date) VALUES ("301","32","2017-02-22 20:25:55");
INSERT INTO likes (like_id, liked_id, like_date) VALUES ("481","32","2017-09-10 02:54:24");
INSERT INTO likes (like_id, liked_id, like_date) VALUES ("378","32","2017-07-30 14:19:18");
INSERT INTO likes (like_id, liked_id, like_date) VALUES ("424","32","2018-01-21 11:46:27");
INSERT INTO likes (like_id, liked_id, like_date) VALUES ("402","32","2017-10-26 05:09:20");
INSERT INTO likes (like_id, liked_id, like_date) VALUES ("147","32","2017-12-09 09:01:58");
INSERT INTO likes (like_id, liked_id, like_date) VALUES ("439","32","2017-12-30 03:56:28");
INSERT INTO likes (like_id, liked_id, like_date) VALUES ("167","32","2018-01-23 13:45:22");
INSERT INTO likes (like_id, liked_id, like_date) VALUES ("446","32","2017-10-10 15:02:24");
INSERT INTO likes (like_id, liked_id, like_date) VALUES ("181","32","2017-06-07 11:04:42");
INSERT INTO likes (like_id, liked_id, like_date) VALUES ("259","32","2017-06-27 18:27:15");
INSERT INTO likes (like_id, liked_id, like_date) VALUES ("482","32","2017-10-30 06:06:58");
INSERT INTO likes (like_id, liked_id, like_date) VALUES ("162","32","2018-01-07 21:41:56");
INSERT INTO likes (like_id, liked_id, like_date) VALUES ("317","32","2017-12-20 23:41:28");
INSERT INTO likes (like_id, liked_id, like_date) VALUES ("290","32","2017-08-15 06:26:16");
INSERT INTO likes (like_id, liked_id, like_date) VALUES ("227","32","2017-10-31 05:44:56");
INSERT INTO likes (like_id, liked_id, like_date) VALUES ("243","32","2017-04-29 16:15:18");
INSERT INTO views (viewer_id, viewed_id, view_date) VALUES ("207","32","2017-10-12 06:35:57");
INSERT INTO views (viewer_id, viewed_id, view_date) VALUES ("185","32","2017-09-03 07:05:13");
INSERT INTO views (viewer_id, viewed_id, view_date) VALUES ("398","32","2017-09-27 01:21:08");
INSERT INTO views (viewer_id, viewed_id, view_date) VALUES ("373","32","2017-08-12 18:12:43");


INSERT INTO user (id, first_name, last_name, username, email, password, birthdate, gender, orientation, bio, country, state, city, zip, file_1, file_2, file_3, file_4, file_5, score, token, token_date, active, register, created_at, updated_at) VALUES ("33","Jay","Haley","kemmerjason","gavin11@yahoo.com","$2y$10$1myKueW8Mkvwop20rXTaq.1QiFP3BG0UrbwJ9xgjhS1kZ/MFxNjea","1997-06-07 18:46:26","1","1","Atque sunt natus doloribus cupiditate. Repellendus sequi et qui voluptates aut quia molestiae. Et exercitationem quaerat porro quisquam sit quis pariatur.","Senegal","","North Daniela","23696","../fixtures/male1.jpg","../fixtures/male1.jpg","../fixtures/male6.jpg","../fixtures/male1.jpg","../fixtures/male10.jpg","82","cb4dfefb4662a9c5d550acd63e13ca77","2003-07-15 14:37:05","1","0","2005-09-21 18:34:41","1974-02-17 02:51:59");
INSERT INTO user_tag (user_id, tag_id) VALUES ("33","43");
INSERT INTO user_tag (user_id, tag_id) VALUES ("33","1");
INSERT INTO user_tag (user_id, tag_id) VALUES ("33","19");
INSERT INTO user_tag (user_id, tag_id) VALUES ("33","13");
INSERT INTO user_tag (user_id, tag_id) VALUES ("33","39");
INSERT INTO user_tag (user_id, tag_id) VALUES ("33","16");

INSERT INTO connected (user_id, connect_date) VALUES ("33","2017-10-13 14:16:42");
INSERT INTO likes (like_id, liked_id, like_date) VALUES ("201","33","2017-12-25 13:01:00");
INSERT INTO likes (like_id, liked_id, like_date) VALUES ("321","33","2017-08-20 21:55:41");
INSERT INTO likes (like_id, liked_id, like_date) VALUES ("382","33","2018-02-14 14:48:12");
INSERT INTO likes (like_id, liked_id, like_date) VALUES ("323","33","2017-10-22 22:56:21");
INSERT INTO likes (like_id, liked_id, like_date) VALUES ("119","33","2017-03-06 23:13:31");
INSERT INTO likes (like_id, liked_id, like_date) VALUES ("26","33","2017-11-07 06:03:05");
INSERT INTO likes (like_id, liked_id, like_date) VALUES ("361","33","2017-03-22 10:26:44");
INSERT INTO likes (like_id, liked_id, like_date) VALUES ("417","33","2017-12-14 05:18:05");
INSERT INTO likes (like_id, liked_id, like_date) VALUES ("429","33","2017-05-31 06:22:45");
INSERT INTO likes (like_id, liked_id, like_date) VALUES ("192","33","2017-02-25 00:54:10");
INSERT INTO likes (like_id, liked_id, like_date) VALUES ("107","33","2017-06-19 10:16:27");
INSERT INTO likes (like_id, liked_id, like_date) VALUES ("407","33","2017-03-28 13:52:55");
INSERT INTO views (viewer_id, viewed_id, view_date) VALUES ("145","33","2017-05-07 01:57:20");
INSERT INTO views (viewer_id, viewed_id, view_date) VALUES ("94","33","2017-08-28 23:27:19");
INSERT INTO views (viewer_id, viewed_id, view_date) VALUES ("141","33","2017-06-25 01:32:17");
INSERT INTO views (viewer_id, viewed_id, view_date) VALUES ("263","33","2017-03-23 00:05:16");
INSERT INTO views (viewer_id, viewed_id, view_date) VALUES ("403","33","2018-01-24 05:28:56");
INSERT INTO views (viewer_id, viewed_id, view_date) VALUES ("322","33","2017-05-04 14:47:45");
INSERT INTO views (viewer_id, viewed_id, view_date) VALUES ("426","33","2017-03-29 11:48:59");
INSERT INTO views (viewer_id, viewed_id, view_date) VALUES ("45","33","2017-08-30 10:59:39");
INSERT INTO views (viewer_id, viewed_id, view_date) VALUES ("374","33","2017-08-10 07:44:02");
INSERT INTO views (viewer_id, viewed_id, view_date) VALUES ("270","33","2017-06-26 14:04:44");
INSERT INTO views (viewer_id, viewed_id, view_date) VALUES ("315","33","2017-02-22 08:50:52");
INSERT INTO views (viewer_id, viewed_id, view_date) VALUES ("249","33","2017-08-31 11:18:04");
INSERT INTO views (viewer_id, viewed_id, view_date) VALUES ("17","33","2017-03-23 20:57:39");
INSERT INTO views (viewer_id, viewed_id, view_date) VALUES ("276","33","2017-10-15 19:03:18");


INSERT INTO user (id, first_name, last_name, username, email, password, birthdate, gender, orientation, bio, country, state, city, zip, file_1, file_2, file_3, file_4, file_5, score, token, token_date, active, register, created_at, updated_at) VALUES ("34","Taurean","Hoppe","mhauck","tevin96@gmail.com","$2y$10$pq09MUsDh.1M1cjEqVEaFueU0iqr38a1doa0br4urqfxm7PQR5UQm","1968-05-19 16:20:40","1","1","Molestiae quo voluptatem voluptatum adipisci vero est. Delectus beatae sed quia rerum laudantium expedita praesentium voluptatum. Quisquam placeat fugiat facilis fuga eaque id.","Philippines","","East Mark","83131-7392","../fixtures/male10.jpg","../fixtures/male8.jpg","../fixtures/male7.jpg","","","37","1b25ff5321c450c561070964130ee24a","1982-09-12 01:20:56","0","0","1970-06-21 08:15:02","1994-02-16 07:03:44");
INSERT INTO user_tag (user_id, tag_id) VALUES ("34","27");
INSERT INTO user_tag (user_id, tag_id) VALUES ("34","24");
INSERT INTO user_tag (user_id, tag_id) VALUES ("34","30");
INSERT INTO user_tag (user_id, tag_id) VALUES ("34","37");
INSERT INTO user_tag (user_id, tag_id) VALUES ("34","13");
INSERT INTO user_tag (user_id, tag_id) VALUES ("34","30");
INSERT INTO user_tag (user_id, tag_id) VALUES ("34","18");
INSERT INTO user_tag (user_id, tag_id) VALUES ("34","43");
INSERT INTO user_tag (user_id, tag_id) VALUES ("34","21");
INSERT INTO user_tag (user_id, tag_id) VALUES ("34","20");
INSERT INTO user_tag (user_id, tag_id) VALUES ("34","13");
INSERT INTO user_tag (user_id, tag_id) VALUES ("34","31");
INSERT INTO user_tag (user_id, tag_id) VALUES ("34","10");
INSERT INTO user_tag (user_id, tag_id) VALUES ("34","27");
INSERT INTO user_tag (user_id, tag_id) VALUES ("34","10");

INSERT INTO connected (user_id, connect_date) VALUES ("34","2017-12-07 05:25:08");
INSERT INTO likes (like_id, liked_id, like_date) VALUES ("23","34","2017-12-06 01:12:08");
INSERT INTO likes (like_id, liked_id, like_date) VALUES ("38","34","2018-01-30 00:37:44");
INSERT INTO likes (like_id, liked_id, like_date) VALUES ("317","34","2018-01-13 16:09:46");
INSERT INTO likes (like_id, liked_id, like_date) VALUES ("387","34","2018-01-01 23:26:10");
INSERT INTO likes (like_id, liked_id, like_date) VALUES ("281","34","2017-12-30 02:33:18");
INSERT INTO likes (like_id, liked_id, like_date) VALUES ("82","34","2017-10-18 13:28:12");
INSERT INTO likes (like_id, liked_id, like_date) VALUES ("75","34","2017-04-21 21:50:58");
INSERT INTO likes (like_id, liked_id, like_date) VALUES ("325","34","2018-02-07 06:31:06");
INSERT INTO likes (like_id, liked_id, like_date) VALUES ("436","34","2017-04-23 04:26:04");
INSERT INTO likes (like_id, liked_id, like_date) VALUES ("346","34","2017-09-27 01:37:57");
INSERT INTO likes (like_id, liked_id, like_date) VALUES ("7","34","2018-01-02 21:49:48");
INSERT INTO likes (like_id, liked_id, like_date) VALUES ("450","34","2018-02-03 17:41:50");
INSERT INTO likes (like_id, liked_id, like_date) VALUES ("358","34","2017-07-15 14:08:41");
INSERT INTO likes (like_id, liked_id, like_date) VALUES ("17","34","2017-04-22 08:34:55");
INSERT INTO likes (like_id, liked_id, like_date) VALUES ("169","34","2017-06-05 06:26:20");
INSERT INTO likes (like_id, liked_id, like_date) VALUES ("334","34","2017-05-06 14:07:04");
INSERT INTO likes (like_id, liked_id, like_date) VALUES ("65","34","2018-01-22 05:04:37");
INSERT INTO likes (like_id, liked_id, like_date) VALUES ("278","34","2017-10-09 07:59:32");
INSERT INTO likes (like_id, liked_id, like_date) VALUES ("259","34","2017-06-22 19:14:20");
INSERT INTO likes (like_id, liked_id, like_date) VALUES ("442","34","2017-03-04 09:10:14");
INSERT INTO views (viewer_id, viewed_id, view_date) VALUES ("48","34","2017-03-11 17:23:58");
INSERT INTO views (viewer_id, viewed_id, view_date) VALUES ("340","34","2017-09-13 01:21:29");
INSERT INTO views (viewer_id, viewed_id, view_date) VALUES ("262","34","2018-01-04 14:25:52");


INSERT INTO user (id, first_name, last_name, username, email, password, birthdate, gender, orientation, bio, country, state, city, zip, file_1, file_2, file_3, file_4, file_5, score, token, token_date, active, register, created_at, updated_at) VALUES ("35","Ubaldo","Reinger","jany70","nicolas73@legros.com","$2y$10$ZmpsDUaONvtR/CbuAW1RUu3fWMH.E7lRCFjZAJc2bTIMgReOx8rRC","1998-06-26 22:04:21","1","2","Eos eius autem animi modi ut. Et eum qui ut ex illo vel repellat aliquid. Ipsam natus nihil nam.","Sweden","","North Joliehaven","31034-5160","../fixtures/male7.jpg","","","","","16","5bf8bcbdfeb37f7eea570a12137311e4","1984-10-11 21:06:29","0","0","2015-08-09 02:23:16","1996-07-01 00:26:41");
INSERT INTO user_tag (user_id, tag_id) VALUES ("35","34");
INSERT INTO user_tag (user_id, tag_id) VALUES ("35","49");
INSERT INTO user_tag (user_id, tag_id) VALUES ("35","11");
INSERT INTO user_tag (user_id, tag_id) VALUES ("35","10");
INSERT INTO user_tag (user_id, tag_id) VALUES ("35","37");
INSERT INTO user_tag (user_id, tag_id) VALUES ("35","45");
INSERT INTO user_tag (user_id, tag_id) VALUES ("35","47");
INSERT INTO user_tag (user_id, tag_id) VALUES ("35","43");
INSERT INTO user_tag (user_id, tag_id) VALUES ("35","7");
INSERT INTO user_tag (user_id, tag_id) VALUES ("35","22");
INSERT INTO user_tag (user_id, tag_id) VALUES ("35","25");
INSERT INTO user_tag (user_id, tag_id) VALUES ("35","24");

INSERT INTO connected (user_id, connect_date) VALUES ("35","2017-12-18 03:23:22");
INSERT INTO likes (like_id, liked_id, like_date) VALUES ("395","35","2017-09-25 15:04:53");
INSERT INTO likes (like_id, liked_id, like_date) VALUES ("123","35","2017-06-09 23:12:29");
INSERT INTO likes (like_id, liked_id, like_date) VALUES ("53","35","2017-10-26 12:28:03");
INSERT INTO likes (like_id, liked_id, like_date) VALUES ("102","35","2017-05-14 22:24:23");
INSERT INTO likes (like_id, liked_id, like_date) VALUES ("340","35","2017-03-27 18:18:02");
INSERT INTO likes (like_id, liked_id, like_date) VALUES ("449","35","2017-05-07 19:31:05");
INSERT INTO likes (like_id, liked_id, like_date) VALUES ("57","35","2017-07-06 11:25:23");
INSERT INTO likes (like_id, liked_id, like_date) VALUES ("165","35","2017-04-06 09:43:48");
INSERT INTO views (viewer_id, viewed_id, view_date) VALUES ("10","35","2017-06-04 07:25:39");
INSERT INTO views (viewer_id, viewed_id, view_date) VALUES ("449","35","2017-10-20 01:54:03");
INSERT INTO views (viewer_id, viewed_id, view_date) VALUES ("425","35","2018-02-10 11:21:54");
INSERT INTO views (viewer_id, viewed_id, view_date) VALUES ("364","35","2017-03-08 04:27:37");
INSERT INTO views (viewer_id, viewed_id, view_date) VALUES ("6","35","2017-02-21 15:06:17");
INSERT INTO views (viewer_id, viewed_id, view_date) VALUES ("149","35","2017-04-15 20:49:05");
INSERT INTO views (viewer_id, viewed_id, view_date) VALUES ("244","35","2017-12-12 03:52:12");
INSERT INTO views (viewer_id, viewed_id, view_date) VALUES ("287","35","2017-10-06 03:16:24");
INSERT INTO views (viewer_id, viewed_id, view_date) VALUES ("351","35","2017-06-02 11:41:32");
INSERT INTO views (viewer_id, viewed_id, view_date) VALUES ("135","35","2017-05-09 00:52:51");
INSERT INTO views (viewer_id, viewed_id, view_date) VALUES ("193","35","2018-01-04 15:10:13");
INSERT INTO views (viewer_id, viewed_id, view_date) VALUES ("100","35","2017-09-19 00:34:53");
INSERT INTO views (viewer_id, viewed_id, view_date) VALUES ("456","35","2017-04-07 03:09:16");
INSERT INTO views (viewer_id, viewed_id, view_date) VALUES ("23","35","2017-02-19 12:22:10");
INSERT INTO views (viewer_id, viewed_id, view_date) VALUES ("83","35","2018-01-04 18:01:28");
INSERT INTO views (viewer_id, viewed_id, view_date) VALUES ("359","35","2017-10-04 11:45:36");
INSERT INTO views (viewer_id, viewed_id, view_date) VALUES ("268","35","2017-05-31 06:56:54");
INSERT INTO views (viewer_id, viewed_id, view_date) VALUES ("121","35","2018-01-24 15:26:01");
INSERT INTO views (viewer_id, viewed_id, view_date) VALUES ("291","35","2017-09-11 05:19:18");
INSERT INTO views (viewer_id, viewed_id, view_date) VALUES ("182","35","2017-04-24 16:05:12");
INSERT INTO views (viewer_id, viewed_id, view_date) VALUES ("44","35","2017-08-12 17:06:51");
INSERT INTO views (viewer_id, viewed_id, view_date) VALUES ("112","35","2017-12-02 22:01:30");
INSERT INTO views (viewer_id, viewed_id, view_date) VALUES ("177","35","2017-05-03 04:05:01");
INSERT INTO views (viewer_id, viewed_id, view_date) VALUES ("18","35","2017-03-13 21:34:22");
INSERT INTO views (viewer_id, viewed_id, view_date) VALUES ("111","35","2017-07-22 18:12:39");
INSERT INTO views (viewer_id, viewed_id, view_date) VALUES ("25","35","2018-02-11 14:01:46");
INSERT INTO views (viewer_id, viewed_id, view_date) VALUES ("364","35","2017-06-25 18:24:16");


INSERT INTO user (id, first_name, last_name, username, email, password, birthdate, gender, orientation, bio, country, state, city, zip, file_1, file_2, file_3, file_4, file_5, score, token, token_date, active, register, created_at, updated_at) VALUES ("36","Rubie","Schumm","zulauflorenzo","garrett85@torp.info","$2y$10$VmoxMsno6wfoAlsoWwrG/.9F3aVxWjvxqu/HGjzVk5i6hIxpEdhKy","1997-01-19 13:44:57","2","2","Voluptatem velit ullam voluptatum perspiciatis veniam molestiae alias. Quas quod occaecati adipisci dignissimos fuga in iste. Facilis corrupti corporis dolorem quo ratione. Adipisci dignissimos dolorum sit.","El Salvador","","Shanelstad","36408","../fixtures/female1.jpg","../fixtures/female4.jpg","../fixtures/female6.jpg","../fixtures/female4.jpg","","60","d6ea6e47ad7e39747a48073f0feffbc6","1997-07-16 22:37:20","1","0","1983-05-16 00:26:27","2006-11-11 11:14:04");
INSERT INTO user_tag (user_id, tag_id) VALUES ("36","6");
INSERT INTO user_tag (user_id, tag_id) VALUES ("36","11");
INSERT INTO user_tag (user_id, tag_id) VALUES ("36","19");
INSERT INTO user_tag (user_id, tag_id) VALUES ("36","28");
INSERT INTO user_tag (user_id, tag_id) VALUES ("36","16");
INSERT INTO user_tag (user_id, tag_id) VALUES ("36","12");
INSERT INTO user_tag (user_id, tag_id) VALUES ("36","14");
INSERT INTO user_tag (user_id, tag_id) VALUES ("36","46");

INSERT INTO connected (user_id, connect_date) VALUES ("36","2017-07-06 19:14:53");
INSERT INTO likes (like_id, liked_id, like_date) VALUES ("407","36","2017-08-05 04:21:54");
INSERT INTO likes (like_id, liked_id, like_date) VALUES ("184","36","2018-01-27 18:02:10");
INSERT INTO likes (like_id, liked_id, like_date) VALUES ("390","36","2017-07-23 10:01:57");
INSERT INTO views (viewer_id, viewed_id, view_date) VALUES ("444","36","2017-02-23 16:32:06");
INSERT INTO views (viewer_id, viewed_id, view_date) VALUES ("432","36","2017-12-29 11:50:56");
INSERT INTO views (viewer_id, viewed_id, view_date) VALUES ("245","36","2017-02-16 00:57:29");
INSERT INTO views (viewer_id, viewed_id, view_date) VALUES ("402","36","2017-04-06 04:42:39");
INSERT INTO views (viewer_id, viewed_id, view_date) VALUES ("19","36","2017-11-06 19:27:17");
INSERT INTO views (viewer_id, viewed_id, view_date) VALUES ("131","36","2017-08-22 11:44:19");
INSERT INTO views (viewer_id, viewed_id, view_date) VALUES ("497","36","2017-10-27 03:19:33");
INSERT INTO views (viewer_id, viewed_id, view_date) VALUES ("378","36","2017-12-16 08:23:31");
INSERT INTO views (viewer_id, viewed_id, view_date) VALUES ("354","36","2017-07-13 14:33:09");
INSERT INTO views (viewer_id, viewed_id, view_date) VALUES ("246","36","2018-01-28 22:07:07");
INSERT INTO views (viewer_id, viewed_id, view_date) VALUES ("201","36","2018-01-10 05:09:33");
INSERT INTO views (viewer_id, viewed_id, view_date) VALUES ("424","36","2017-10-22 09:55:37");
INSERT INTO views (viewer_id, viewed_id, view_date) VALUES ("190","36","2017-11-11 06:40:08");
INSERT INTO views (viewer_id, viewed_id, view_date) VALUES ("23","36","2017-12-15 06:00:56");
INSERT INTO views (viewer_id, viewed_id, view_date) VALUES ("169","36","2017-12-13 01:12:37");
INSERT INTO views (viewer_id, viewed_id, view_date) VALUES ("373","36","2017-10-12 14:02:35");
INSERT INTO views (viewer_id, viewed_id, view_date) VALUES ("491","36","2017-11-23 02:18:17");
INSERT INTO views (viewer_id, viewed_id, view_date) VALUES ("398","36","2017-08-02 11:31:16");
INSERT INTO views (viewer_id, viewed_id, view_date) VALUES ("267","36","2017-08-26 19:08:42");
INSERT INTO views (viewer_id, viewed_id, view_date) VALUES ("142","36","2017-03-11 05:17:08");
INSERT INTO views (viewer_id, viewed_id, view_date) VALUES ("317","36","2017-03-09 19:55:12");
INSERT INTO views (viewer_id, viewed_id, view_date) VALUES ("128","36","2017-08-13 06:01:05");
INSERT INTO views (viewer_id, viewed_id, view_date) VALUES ("464","36","2017-08-08 18:49:18");


INSERT INTO user (id, first_name, last_name, username, email, password, birthdate, gender, orientation, bio, country, state, city, zip, file_1, file_2, file_3, file_4, file_5, score, token, token_date, active, register, created_at, updated_at) VALUES ("37","Mylene","Dickinson","cremincarmen","runte.aaron@wintheiser.com","$2y$10$cQBlq.kCJljDdtvW3PtBAOttBYhwiTt0E75c8MSw37chUxHlrrAMq","1956-12-26 20:12:53","2","2","Recusandae praesentium magni voluptate numquam est quia expedita. Aperiam placeat ut consequatur non. Impedit error incidunt omnis. Neque aut consequatur aliquam rerum vel.","Samoa","","North Edd","32317","../fixtures/female9.jpg","../fixtures/female1.jpg","../fixtures/female5.jpg","../fixtures/female5.jpg","","40","849f58dd58afdbcc2529e56ee98e407e","1993-08-17 18:20:11","0","0","1977-01-15 20:35:35","1970-11-08 22:29:09");
INSERT INTO user_tag (user_id, tag_id) VALUES ("37","47");
INSERT INTO user_tag (user_id, tag_id) VALUES ("37","23");
INSERT INTO user_tag (user_id, tag_id) VALUES ("37","41");
INSERT INTO user_tag (user_id, tag_id) VALUES ("37","15");
INSERT INTO user_tag (user_id, tag_id) VALUES ("37","45");
INSERT INTO user_tag (user_id, tag_id) VALUES ("37","2");

INSERT INTO connected (user_id, connect_date) VALUES ("37","2018-01-17 02:41:04");
INSERT INTO likes (like_id, liked_id, like_date) VALUES ("468","37","2017-07-29 23:02:13");
INSERT INTO likes (like_id, liked_id, like_date) VALUES ("39","37","2017-02-27 15:18:53");
INSERT INTO likes (like_id, liked_id, like_date) VALUES ("73","37","2018-01-03 23:13:56");
INSERT INTO likes (like_id, liked_id, like_date) VALUES ("387","37","2017-11-04 09:26:43");
INSERT INTO likes (like_id, liked_id, like_date) VALUES ("69","37","2017-03-23 08:13:06");
INSERT INTO likes (like_id, liked_id, like_date) VALUES ("15","37","2017-07-24 04:17:50");
INSERT INTO likes (like_id, liked_id, like_date) VALUES ("494","37","2017-07-20 00:03:24");
INSERT INTO likes (like_id, liked_id, like_date) VALUES ("102","37","2017-08-20 15:27:13");
INSERT INTO likes (like_id, liked_id, like_date) VALUES ("391","37","2018-01-01 03:28:26");
INSERT INTO likes (like_id, liked_id, like_date) VALUES ("484","37","2017-02-22 07:23:42");
INSERT INTO likes (like_id, liked_id, like_date) VALUES ("486","37","2017-12-27 01:23:10");
INSERT INTO likes (like_id, liked_id, like_date) VALUES ("397","37","2017-10-15 11:32:41");
INSERT INTO views (viewer_id, viewed_id, view_date) VALUES ("120","37","2017-11-06 15:15:36");
INSERT INTO views (viewer_id, viewed_id, view_date) VALUES ("62","37","2017-05-18 21:17:19");
INSERT INTO views (viewer_id, viewed_id, view_date) VALUES ("290","37","2018-01-19 21:23:39");
INSERT INTO views (viewer_id, viewed_id, view_date) VALUES ("303","37","2017-12-13 21:10:22");
INSERT INTO views (viewer_id, viewed_id, view_date) VALUES ("470","37","2017-03-07 07:31:33");
INSERT INTO views (viewer_id, viewed_id, view_date) VALUES ("204","37","2017-09-22 20:28:21");
INSERT INTO views (viewer_id, viewed_id, view_date) VALUES ("457","37","2017-07-23 20:52:56");
INSERT INTO views (viewer_id, viewed_id, view_date) VALUES ("106","37","2017-08-26 14:55:53");
INSERT INTO views (viewer_id, viewed_id, view_date) VALUES ("247","37","2017-03-21 21:42:16");
INSERT INTO views (viewer_id, viewed_id, view_date) VALUES ("477","37","2017-06-09 11:59:37");
INSERT INTO views (viewer_id, viewed_id, view_date) VALUES ("225","37","2017-12-06 09:33:52");
INSERT INTO views (viewer_id, viewed_id, view_date) VALUES ("323","37","2017-12-22 15:07:17");
INSERT INTO views (viewer_id, viewed_id, view_date) VALUES ("116","37","2017-02-22 14:41:17");
INSERT INTO views (viewer_id, viewed_id, view_date) VALUES ("148","37","2017-11-06 04:52:46");
INSERT INTO views (viewer_id, viewed_id, view_date) VALUES ("289","37","2017-07-04 09:58:13");
INSERT INTO views (viewer_id, viewed_id, view_date) VALUES ("143","37","2017-12-23 21:50:15");
INSERT INTO views (viewer_id, viewed_id, view_date) VALUES ("100","37","2017-03-26 15:17:51");
INSERT INTO views (viewer_id, viewed_id, view_date) VALUES ("283","37","2017-05-05 23:12:59");
INSERT INTO views (viewer_id, viewed_id, view_date) VALUES ("110","37","2017-07-10 04:53:27");
INSERT INTO views (viewer_id, viewed_id, view_date) VALUES ("31","37","2017-02-20 11:07:35");
INSERT INTO views (viewer_id, viewed_id, view_date) VALUES ("476","37","2017-12-28 16:06:01");
INSERT INTO views (viewer_id, viewed_id, view_date) VALUES ("43","37","2018-01-30 20:27:20");
INSERT INTO views (viewer_id, viewed_id, view_date) VALUES ("149","37","2017-09-17 06:54:12");
INSERT INTO views (viewer_id, viewed_id, view_date) VALUES ("47","37","2017-11-20 12:57:02");
INSERT INTO views (viewer_id, viewed_id, view_date) VALUES ("10","37","2017-06-02 09:47:05");
INSERT INTO views (viewer_id, viewed_id, view_date) VALUES ("267","37","2017-09-22 09:25:43");
INSERT INTO views (viewer_id, viewed_id, view_date) VALUES ("49","37","2018-02-03 13:11:04");


INSERT INTO user (id, first_name, last_name, username, email, password, birthdate, gender, orientation, bio, country, state, city, zip, file_1, file_2, file_3, file_4, file_5, score, token, token_date, active, register, created_at, updated_at) VALUES ("38","Alena","Prosacco","tom38","sanford.yazmin@gmail.com","$2y$10$Ftj2TBYXlN/NqCapTmjANOIxVzSUOrILwG6N3fMfErfORWCXcNpUW","1985-08-19 04:46:18","1","2","Laborum voluptas necessitatibus dolorum quia fugit aut et. In ut ullam consequatur molestias et error mollitia. Incidunt est aut aliquid ab blanditiis sint. Consequatur temporibus quia eaque doloribus aut.","Tanzania","","Ortizview","34933","../fixtures/male7.jpg","../fixtures/male5.jpg","","","","27","c07eb66fc741ef0d7d8f62291693f908","1978-02-07 18:33:34","1","1","1999-07-21 19:54:03","2015-02-07 22:08:10");
INSERT INTO user_tag (user_id, tag_id) VALUES ("38","47");

INSERT INTO connected (user_id, connect_date) VALUES ("38","2017-07-30 20:49:26");
INSERT INTO likes (like_id, liked_id, like_date) VALUES ("261","38","2017-12-16 02:13:37");
INSERT INTO likes (like_id, liked_id, like_date) VALUES ("56","38","2017-04-10 14:45:11");
INSERT INTO likes (like_id, liked_id, like_date) VALUES ("439","38","2017-06-11 08:29:20");
INSERT INTO likes (like_id, liked_id, like_date) VALUES ("466","38","2018-01-08 19:28:12");
INSERT INTO likes (like_id, liked_id, like_date) VALUES ("210","38","2017-08-03 16:39:43");
INSERT INTO likes (like_id, liked_id, like_date) VALUES ("451","38","2017-12-04 01:20:22");
INSERT INTO likes (like_id, liked_id, like_date) VALUES ("50","38","2017-09-15 23:30:11");
INSERT INTO likes (like_id, liked_id, like_date) VALUES ("459","38","2018-01-06 09:15:50");
INSERT INTO likes (like_id, liked_id, like_date) VALUES ("20","38","2017-03-02 06:27:03");
INSERT INTO likes (like_id, liked_id, like_date) VALUES ("276","38","2017-11-10 14:22:55");
INSERT INTO likes (like_id, liked_id, like_date) VALUES ("34","38","2017-03-03 12:36:54");
INSERT INTO likes (like_id, liked_id, like_date) VALUES ("198","38","2017-02-27 05:43:34");
INSERT INTO likes (like_id, liked_id, like_date) VALUES ("287","38","2017-05-14 07:51:38");
INSERT INTO likes (like_id, liked_id, like_date) VALUES ("483","38","2017-04-12 10:39:51");
INSERT INTO likes (like_id, liked_id, like_date) VALUES ("45","38","2017-10-17 16:12:35");
INSERT INTO likes (like_id, liked_id, like_date) VALUES ("251","38","2017-07-15 21:43:22");
INSERT INTO likes (like_id, liked_id, like_date) VALUES ("242","38","2017-05-18 10:15:25");
INSERT INTO views (viewer_id, viewed_id, view_date) VALUES ("272","38","2017-03-07 01:10:43");
INSERT INTO views (viewer_id, viewed_id, view_date) VALUES ("296","38","2017-05-26 03:16:42");
INSERT INTO views (viewer_id, viewed_id, view_date) VALUES ("223","38","2017-09-12 11:31:19");
INSERT INTO views (viewer_id, viewed_id, view_date) VALUES ("291","38","2017-04-09 21:40:28");
INSERT INTO views (viewer_id, viewed_id, view_date) VALUES ("357","38","2017-12-03 02:51:41");


INSERT INTO user (id, first_name, last_name, username, email, password, birthdate, gender, orientation, bio, country, state, city, zip, file_1, file_2, file_3, file_4, file_5, score, token, token_date, active, register, created_at, updated_at) VALUES ("39","Durward","Bashirian","ileannon","alvis.glover@hotmail.com","$2y$10$pqewkw4leUIdk5deoJHIau5BsEgK6pqoZ1JSl36urZ4GXIEVWk0di","1963-01-03 02:50:21","1","2","Provident voluptate iure voluptatem autem modi sunt distinctio. Laboriosam et et corrupti rerum.","Guatemala","","West Savannah","88083","../fixtures/male10.jpg","../fixtures/male8.jpg","../fixtures/male10.jpg","../fixtures/male4.jpg","","35","07da7e8a38ec90abca0a3de33cd723e5","1999-08-27 03:06:55","1","1","2018-01-13 16:03:39","2010-06-03 18:42:59");
INSERT INTO user_tag (user_id, tag_id) VALUES ("39","4");
INSERT INTO user_tag (user_id, tag_id) VALUES ("39","11");
INSERT INTO user_tag (user_id, tag_id) VALUES ("39","27");
INSERT INTO user_tag (user_id, tag_id) VALUES ("39","20");
INSERT INTO user_tag (user_id, tag_id) VALUES ("39","25");

INSERT INTO connected (user_id, connect_date) VALUES ("39","2017-05-21 09:31:15");
INSERT INTO likes (like_id, liked_id, like_date) VALUES ("380","39","2017-11-10 05:14:21");
INSERT INTO likes (like_id, liked_id, like_date) VALUES ("325","39","2018-02-07 00:21:44");
INSERT INTO likes (like_id, liked_id, like_date) VALUES ("5","39","2017-11-30 09:11:31");
INSERT INTO likes (like_id, liked_id, like_date) VALUES ("384","39","2017-03-18 18:48:17");
INSERT INTO likes (like_id, liked_id, like_date) VALUES ("166","39","2017-12-24 17:34:34");
INSERT INTO likes (like_id, liked_id, like_date) VALUES ("477","39","2017-04-23 06:16:33");
INSERT INTO likes (like_id, liked_id, like_date) VALUES ("346","39","2017-06-20 06:13:30");
INSERT INTO likes (like_id, liked_id, like_date) VALUES ("346","39","2017-10-17 07:50:20");
INSERT INTO likes (like_id, liked_id, like_date) VALUES ("75","39","2017-04-30 18:24:25");
INSERT INTO likes (like_id, liked_id, like_date) VALUES ("160","39","2017-02-16 09:20:16");
INSERT INTO views (viewer_id, viewed_id, view_date) VALUES ("133","39","2017-11-17 08:20:51");
INSERT INTO views (viewer_id, viewed_id, view_date) VALUES ("450","39","2017-03-05 12:51:18");
INSERT INTO views (viewer_id, viewed_id, view_date) VALUES ("201","39","2017-10-24 02:36:12");
INSERT INTO views (viewer_id, viewed_id, view_date) VALUES ("51","39","2017-05-08 14:48:24");
INSERT INTO views (viewer_id, viewed_id, view_date) VALUES ("130","39","2017-12-23 10:35:27");
INSERT INTO views (viewer_id, viewed_id, view_date) VALUES ("415","39","2017-03-07 10:00:02");
INSERT INTO views (viewer_id, viewed_id, view_date) VALUES ("249","39","2017-02-27 02:25:27");
INSERT INTO views (viewer_id, viewed_id, view_date) VALUES ("198","39","2017-11-18 22:04:54");
INSERT INTO views (viewer_id, viewed_id, view_date) VALUES ("499","39","2017-05-29 11:08:38");
INSERT INTO views (viewer_id, viewed_id, view_date) VALUES ("425","39","2017-12-28 17:14:04");
INSERT INTO views (viewer_id, viewed_id, view_date) VALUES ("79","39","2017-08-25 22:58:35");
INSERT INTO views (viewer_id, viewed_id, view_date) VALUES ("259","39","2017-02-21 10:20:59");
INSERT INTO views (viewer_id, viewed_id, view_date) VALUES ("401","39","2017-05-17 14:38:17");
INSERT INTO views (viewer_id, viewed_id, view_date) VALUES ("399","39","2017-12-16 07:06:43");
INSERT INTO views (viewer_id, viewed_id, view_date) VALUES ("301","39","2017-07-22 19:32:18");
INSERT INTO views (viewer_id, viewed_id, view_date) VALUES ("361","39","2018-01-08 15:58:28");
INSERT INTO views (viewer_id, viewed_id, view_date) VALUES ("384","39","2017-06-09 21:13:23");
INSERT INTO views (viewer_id, viewed_id, view_date) VALUES ("360","39","2018-01-31 23:17:22");
INSERT INTO views (viewer_id, viewed_id, view_date) VALUES ("377","39","2017-11-20 19:00:59");


INSERT INTO user (id, first_name, last_name, username, email, password, birthdate, gender, orientation, bio, country, state, city, zip, file_1, file_2, file_3, file_4, file_5, score, token, token_date, active, register, created_at, updated_at) VALUES ("40","Ansley","Runolfsson","neffertz","cameron68@cremin.com","$2y$10$1M7xm4TnJFCwVm..cMLn2uQZy.SSkiyEg.Rr0jbwZ4/55HD6cd6Tu","1997-01-14 03:12:32","2","2","Odio et quidem reprehenderit et quos. Voluptatem id provident nam repellat omnis ducimus nostrum occaecati. Qui deleniti cum tempore delectus.","Italy","","New Mozellville","87508-6509","../fixtures/female7.jpg","../fixtures/female5.jpg","","","","75","935c70cd8893c7c7581c98c291072def","1974-03-26 08:56:50","0","0","1976-08-22 21:03:45","1997-07-06 19:15:14");
INSERT INTO user_tag (user_id, tag_id) VALUES ("40","31");
INSERT INTO user_tag (user_id, tag_id) VALUES ("40","25");
INSERT INTO user_tag (user_id, tag_id) VALUES ("40","21");
INSERT INTO user_tag (user_id, tag_id) VALUES ("40","16");
INSERT INTO user_tag (user_id, tag_id) VALUES ("40","3");
INSERT INTO user_tag (user_id, tag_id) VALUES ("40","49");
INSERT INTO user_tag (user_id, tag_id) VALUES ("40","48");
INSERT INTO user_tag (user_id, tag_id) VALUES ("40","36");

INSERT INTO connected (user_id, connect_date) VALUES ("40","2017-11-28 17:28:28");
INSERT INTO likes (like_id, liked_id, like_date) VALUES ("209","40","2017-06-06 11:52:53");
INSERT INTO likes (like_id, liked_id, like_date) VALUES ("245","40","2017-06-15 20:38:04");
INSERT INTO likes (like_id, liked_id, like_date) VALUES ("165","40","2017-02-26 00:03:07");
INSERT INTO likes (like_id, liked_id, like_date) VALUES ("124","40","2017-05-31 07:29:22");
INSERT INTO likes (like_id, liked_id, like_date) VALUES ("140","40","2017-05-28 16:10:00");
INSERT INTO likes (like_id, liked_id, like_date) VALUES ("385","40","2017-02-28 10:32:41");
INSERT INTO likes (like_id, liked_id, like_date) VALUES ("128","40","2017-12-05 02:29:14");
INSERT INTO likes (like_id, liked_id, like_date) VALUES ("455","40","2018-01-25 05:46:15");
INSERT INTO views (viewer_id, viewed_id, view_date) VALUES ("429","40","2017-06-17 11:48:14");
INSERT INTO views (viewer_id, viewed_id, view_date) VALUES ("422","40","2017-04-03 13:50:20");
INSERT INTO views (viewer_id, viewed_id, view_date) VALUES ("406","40","2018-01-12 07:49:45");
INSERT INTO views (viewer_id, viewed_id, view_date) VALUES ("63","40","2017-11-08 23:09:03");
INSERT INTO views (viewer_id, viewed_id, view_date) VALUES ("335","40","2017-05-28 20:05:02");
INSERT INTO views (viewer_id, viewed_id, view_date) VALUES ("353","40","2017-04-09 00:16:20");
INSERT INTO views (viewer_id, viewed_id, view_date) VALUES ("351","40","2017-08-08 06:02:46");
INSERT INTO views (viewer_id, viewed_id, view_date) VALUES ("2","40","2018-01-02 14:45:41");
INSERT INTO views (viewer_id, viewed_id, view_date) VALUES ("175","40","2017-07-23 10:48:24");
INSERT INTO views (viewer_id, viewed_id, view_date) VALUES ("357","40","2017-08-31 04:18:12");
INSERT INTO views (viewer_id, viewed_id, view_date) VALUES ("284","40","2017-05-02 09:59:58");
INSERT INTO views (viewer_id, viewed_id, view_date) VALUES ("500","40","2017-04-03 10:43:47");
INSERT INTO views (viewer_id, viewed_id, view_date) VALUES ("129","40","2017-06-07 03:34:53");
INSERT INTO views (viewer_id, viewed_id, view_date) VALUES ("18","40","2017-05-12 13:12:08");
INSERT INTO views (viewer_id, viewed_id, view_date) VALUES ("179","40","2017-12-07 10:55:36");
INSERT INTO views (viewer_id, viewed_id, view_date) VALUES ("16","40","2017-02-27 22:11:00");
INSERT INTO views (viewer_id, viewed_id, view_date) VALUES ("3","40","2017-05-10 18:16:41");
INSERT INTO views (viewer_id, viewed_id, view_date) VALUES ("128","40","2018-01-22 10:02:06");
INSERT INTO views (viewer_id, viewed_id, view_date) VALUES ("362","40","2017-03-25 20:00:30");
INSERT INTO views (viewer_id, viewed_id, view_date) VALUES ("28","40","2017-12-14 18:47:09");
INSERT INTO views (viewer_id, viewed_id, view_date) VALUES ("479","40","2017-08-03 09:05:18");
INSERT INTO views (viewer_id, viewed_id, view_date) VALUES ("35","40","2017-09-06 23:31:02");
INSERT INTO views (viewer_id, viewed_id, view_date) VALUES ("325","40","2017-04-04 18:18:52");


INSERT INTO user (id, first_name, last_name, username, email, password, birthdate, gender, orientation, bio, country, state, city, zip, file_1, file_2, file_3, file_4, file_5, score, token, token_date, active, register, created_at, updated_at) VALUES ("41","Wilford","Crooks","aubreybarrows","langosh.crystal@hotmail.com","$2y$10$a.JPPrsQ4s6CL5yxXE0VkeD4WY5YZjUmNOMduWl3mBr7YNy4WW8Nm","1956-06-15 00:12:48","1","2","Saepe ipsam omnis ipsa qui dicta ipsam aut aut. Ducimus nulla voluptate voluptas fugiat et eos itaque aut.","Antarctica (the territory South of 60 deg S)","","O'Connerton","32315-8941","../fixtures/male6.jpg","","","","","91","b6286b7ebda09f3dd048d3821c13ee94","2004-07-11 03:58:57","0","0","2010-11-14 09:04:13","2001-08-16 15:34:02");
INSERT INTO user_tag (user_id, tag_id) VALUES ("41","28");
INSERT INTO user_tag (user_id, tag_id) VALUES ("41","17");
INSERT INTO user_tag (user_id, tag_id) VALUES ("41","10");
INSERT INTO user_tag (user_id, tag_id) VALUES ("41","8");
INSERT INTO user_tag (user_id, tag_id) VALUES ("41","9");
INSERT INTO user_tag (user_id, tag_id) VALUES ("41","28");

INSERT INTO connected (user_id, connect_date) VALUES ("41","2017-11-21 21:17:51");
INSERT INTO likes (like_id, liked_id, like_date) VALUES ("397","41","2018-01-29 08:05:06");
INSERT INTO likes (like_id, liked_id, like_date) VALUES ("118","41","2017-11-24 19:03:47");
INSERT INTO likes (like_id, liked_id, like_date) VALUES ("429","41","2017-07-08 19:33:48");
INSERT INTO likes (like_id, liked_id, like_date) VALUES ("204","41","2017-03-03 13:41:25");
INSERT INTO likes (like_id, liked_id, like_date) VALUES ("229","41","2017-09-19 06:37:33");
INSERT INTO likes (like_id, liked_id, like_date) VALUES ("299","41","2017-12-20 05:00:45");
INSERT INTO likes (like_id, liked_id, like_date) VALUES ("435","41","2017-06-21 08:01:30");
INSERT INTO likes (like_id, liked_id, like_date) VALUES ("42","41","2018-02-12 15:48:00");
INSERT INTO likes (like_id, liked_id, like_date) VALUES ("34","41","2017-11-01 06:23:14");
INSERT INTO likes (like_id, liked_id, like_date) VALUES ("150","41","2017-08-12 21:07:08");
INSERT INTO likes (like_id, liked_id, like_date) VALUES ("182","41","2017-03-10 19:32:45");


INSERT INTO user (id, first_name, last_name, username, email, password, birthdate, gender, orientation, bio, country, state, city, zip, file_1, file_2, file_3, file_4, file_5, score, token, token_date, active, register, created_at, updated_at) VALUES ("42","Boyd","Dare","aimeerice","orn.kaylie@gmail.com","$2y$10$jMNMgYb6LbNJq2efD0M.Y.NOlsYEKSVqjGjVh//dIWrotTOOhLTnG","1972-08-10 02:23:33","1","3","Cumque dicta alias enim eum itaque nihil. Ut quas perspiciatis quod incidunt suscipit quos. Inventore quia ut quia omnis culpa. Adipisci nulla minus est dolores veritatis.","Barbados","","Millertown","30499","../fixtures/male2.jpg","../fixtures/male6.jpg","../fixtures/male1.jpg","../fixtures/male6.jpg","../fixtures/male5.jpg","49","4fb6d27a2ed53a3ce7653444c93acee1","1988-08-08 00:03:32","1","0","1986-04-19 17:12:24","1984-12-13 12:00:30");
INSERT INTO user_tag (user_id, tag_id) VALUES ("42","5");
INSERT INTO user_tag (user_id, tag_id) VALUES ("42","25");
INSERT INTO user_tag (user_id, tag_id) VALUES ("42","49");
INSERT INTO user_tag (user_id, tag_id) VALUES ("42","10");
INSERT INTO user_tag (user_id, tag_id) VALUES ("42","12");
INSERT INTO user_tag (user_id, tag_id) VALUES ("42","47");
INSERT INTO user_tag (user_id, tag_id) VALUES ("42","39");
INSERT INTO user_tag (user_id, tag_id) VALUES ("42","37");
INSERT INTO user_tag (user_id, tag_id) VALUES ("42","43");
INSERT INTO user_tag (user_id, tag_id) VALUES ("42","28");
INSERT INTO user_tag (user_id, tag_id) VALUES ("42","1");
INSERT INTO user_tag (user_id, tag_id) VALUES ("42","31");

INSERT INTO connected (user_id, connect_date) VALUES ("42","2017-02-20 07:18:32");
INSERT INTO likes (like_id, liked_id, like_date) VALUES ("172","42","2017-08-05 23:43:50");
INSERT INTO likes (like_id, liked_id, like_date) VALUES ("377","42","2018-01-28 16:31:19");
INSERT INTO likes (like_id, liked_id, like_date) VALUES ("11","42","2017-10-19 13:52:25");
INSERT INTO views (viewer_id, viewed_id, view_date) VALUES ("321","42","2017-09-16 19:23:03");
INSERT INTO views (viewer_id, viewed_id, view_date) VALUES ("431","42","2017-02-24 01:30:48");


INSERT INTO user (id, first_name, last_name, username, email, password, birthdate, gender, orientation, bio, country, state, city, zip, file_1, file_2, file_3, file_4, file_5, score, token, token_date, active, register, created_at, updated_at) VALUES ("43","Doug","Carter","vbergnaum","yost.roxanne@yahoo.com","$2y$10$UKsR/tLjANS38IrL5HIRUu69n5l1zSRksXqpYvoUu/WEUHGB7haBG","1957-10-07 18:13:16","2","1","Consequatur provident pariatur harum similique. Eos itaque magnam nulla. Sint fuga quia deserunt.","Germany","","Demarcusberg","56419-4216","../fixtures/female9.jpg","","","","","9","37bf0a7aa424c5990500895065990384","2009-08-22 02:18:58","0","0","1992-08-11 21:15:21","1992-10-15 19:21:31");
INSERT INTO user_tag (user_id, tag_id) VALUES ("43","4");
INSERT INTO user_tag (user_id, tag_id) VALUES ("43","28");
INSERT INTO user_tag (user_id, tag_id) VALUES ("43","15");
INSERT INTO user_tag (user_id, tag_id) VALUES ("43","40");
INSERT INTO user_tag (user_id, tag_id) VALUES ("43","42");
INSERT INTO user_tag (user_id, tag_id) VALUES ("43","11");

INSERT INTO connected (user_id, connect_date) VALUES ("43","2017-09-17 20:17:08");
INSERT INTO likes (like_id, liked_id, like_date) VALUES ("224","43","2017-11-27 20:34:24");
INSERT INTO likes (like_id, liked_id, like_date) VALUES ("417","43","2017-02-18 07:30:54");
INSERT INTO likes (like_id, liked_id, like_date) VALUES ("423","43","2017-02-22 14:15:13");
INSERT INTO likes (like_id, liked_id, like_date) VALUES ("152","43","2017-05-16 17:36:54");
INSERT INTO likes (like_id, liked_id, like_date) VALUES ("146","43","2017-07-17 09:32:47");
INSERT INTO likes (like_id, liked_id, like_date) VALUES ("11","43","2017-04-09 18:00:30");
INSERT INTO likes (like_id, liked_id, like_date) VALUES ("212","43","2017-06-10 16:34:37");
INSERT INTO likes (like_id, liked_id, like_date) VALUES ("295","43","2017-12-15 15:40:51");
INSERT INTO likes (like_id, liked_id, like_date) VALUES ("373","43","2017-03-22 10:37:04");
INSERT INTO likes (like_id, liked_id, like_date) VALUES ("26","43","2017-12-10 06:52:01");
INSERT INTO likes (like_id, liked_id, like_date) VALUES ("136","43","2017-12-27 11:50:11");
INSERT INTO views (viewer_id, viewed_id, view_date) VALUES ("150","43","2017-11-11 13:46:43");
INSERT INTO views (viewer_id, viewed_id, view_date) VALUES ("276","43","2017-06-10 18:22:53");
INSERT INTO views (viewer_id, viewed_id, view_date) VALUES ("167","43","2018-01-26 01:52:52");
INSERT INTO views (viewer_id, viewed_id, view_date) VALUES ("439","43","2017-07-07 22:23:58");
INSERT INTO views (viewer_id, viewed_id, view_date) VALUES ("126","43","2017-12-11 19:15:43");
INSERT INTO views (viewer_id, viewed_id, view_date) VALUES ("169","43","2017-03-24 00:49:58");
INSERT INTO views (viewer_id, viewed_id, view_date) VALUES ("341","43","2017-12-25 22:10:58");
INSERT INTO views (viewer_id, viewed_id, view_date) VALUES ("180","43","2017-07-17 11:17:27");
INSERT INTO views (viewer_id, viewed_id, view_date) VALUES ("18","43","2017-05-18 08:16:18");
INSERT INTO views (viewer_id, viewed_id, view_date) VALUES ("236","43","2017-05-24 17:03:52");
INSERT INTO views (viewer_id, viewed_id, view_date) VALUES ("175","43","2017-07-18 19:57:11");
INSERT INTO views (viewer_id, viewed_id, view_date) VALUES ("246","43","2017-05-01 22:56:59");
INSERT INTO views (viewer_id, viewed_id, view_date) VALUES ("43","43","2017-05-20 03:58:35");
INSERT INTO views (viewer_id, viewed_id, view_date) VALUES ("492","43","2017-12-24 16:59:27");
INSERT INTO views (viewer_id, viewed_id, view_date) VALUES ("426","43","2017-03-23 21:01:53");
INSERT INTO views (viewer_id, viewed_id, view_date) VALUES ("17","43","2017-10-20 09:19:49");


INSERT INTO user (id, first_name, last_name, username, email, password, birthdate, gender, orientation, bio, country, state, city, zip, file_1, file_2, file_3, file_4, file_5, score, token, token_date, active, register, created_at, updated_at) VALUES ("44","Heaven","Bahringer","ernsersabrina","krystina.jacobs@hauck.com","$2y$10$GH3Hdu.c3h4Tt7hhjMLP2OKJy4fgtfSRIQA6orgGm.JNKK7Ql6/LG","1967-04-21 23:58:37","1","2","Perspiciatis est unde exercitationem quo corrupti quia. Sapiente voluptatem iusto inventore. Quidem soluta recusandae minima error voluptatem perferendis nesciunt. Alias non autem accusantium rerum necessitatibus.","Cameroon","","Jenniferside","47445-9222","../fixtures/male4.jpg","../fixtures/male6.jpg","../fixtures/male3.jpg","../fixtures/male1.jpg","../fixtures/male2.jpg","12","729f2543efaf82d2c9ac25143e1cc285","2010-02-06 03:36:22","1","0","1998-03-18 08:49:52","2007-07-23 08:12:18");
INSERT INTO user_tag (user_id, tag_id) VALUES ("44","20");
INSERT INTO user_tag (user_id, tag_id) VALUES ("44","19");
INSERT INTO user_tag (user_id, tag_id) VALUES ("44","38");
INSERT INTO user_tag (user_id, tag_id) VALUES ("44","29");
INSERT INTO user_tag (user_id, tag_id) VALUES ("44","3");
INSERT INTO user_tag (user_id, tag_id) VALUES ("44","37");
INSERT INTO user_tag (user_id, tag_id) VALUES ("44","49");
INSERT INTO user_tag (user_id, tag_id) VALUES ("44","11");
INSERT INTO user_tag (user_id, tag_id) VALUES ("44","26");
INSERT INTO user_tag (user_id, tag_id) VALUES ("44","36");
INSERT INTO user_tag (user_id, tag_id) VALUES ("44","23");
INSERT INTO user_tag (user_id, tag_id) VALUES ("44","11");
INSERT INTO user_tag (user_id, tag_id) VALUES ("44","31");

INSERT INTO connected (user_id, connect_date) VALUES ("44","2017-11-07 19:59:43");
INSERT INTO likes (like_id, liked_id, like_date) VALUES ("367","44","2017-08-11 14:42:57");
INSERT INTO likes (like_id, liked_id, like_date) VALUES ("461","44","2017-11-26 08:18:53");
INSERT INTO likes (like_id, liked_id, like_date) VALUES ("489","44","2017-03-28 21:04:48");
INSERT INTO likes (like_id, liked_id, like_date) VALUES ("378","44","2017-04-19 12:10:37");
INSERT INTO likes (like_id, liked_id, like_date) VALUES ("443","44","2017-11-08 11:40:45");
INSERT INTO likes (like_id, liked_id, like_date) VALUES ("461","44","2017-06-09 06:54:38");
INSERT INTO likes (like_id, liked_id, like_date) VALUES ("314","44","2017-07-19 13:12:49");
INSERT INTO likes (like_id, liked_id, like_date) VALUES ("87","44","2017-07-18 07:20:42");
INSERT INTO likes (like_id, liked_id, like_date) VALUES ("371","44","2017-11-29 12:31:14");
INSERT INTO likes (like_id, liked_id, like_date) VALUES ("277","44","2017-12-14 05:20:16");
INSERT INTO likes (like_id, liked_id, like_date) VALUES ("151","44","2017-07-08 22:11:08");
INSERT INTO likes (like_id, liked_id, like_date) VALUES ("400","44","2017-03-06 07:53:37");
INSERT INTO views (viewer_id, viewed_id, view_date) VALUES ("275","44","2017-05-05 01:46:40");
INSERT INTO views (viewer_id, viewed_id, view_date) VALUES ("337","44","2017-06-04 06:50:57");
INSERT INTO views (viewer_id, viewed_id, view_date) VALUES ("469","44","2017-10-13 07:54:32");
INSERT INTO views (viewer_id, viewed_id, view_date) VALUES ("239","44","2017-11-16 23:02:22");
INSERT INTO views (viewer_id, viewed_id, view_date) VALUES ("58","44","2017-02-20 22:40:17");
INSERT INTO views (viewer_id, viewed_id, view_date) VALUES ("123","44","2018-01-11 07:11:44");
INSERT INTO views (viewer_id, viewed_id, view_date) VALUES ("211","44","2017-03-27 08:40:48");
INSERT INTO views (viewer_id, viewed_id, view_date) VALUES ("117","44","2017-09-02 01:00:14");
INSERT INTO views (viewer_id, viewed_id, view_date) VALUES ("40","44","2018-02-10 05:13:46");
INSERT INTO views (viewer_id, viewed_id, view_date) VALUES ("2","44","2017-06-12 23:44:53");
INSERT INTO views (viewer_id, viewed_id, view_date) VALUES ("12","44","2017-12-15 23:34:23");


INSERT INTO user (id, first_name, last_name, username, email, password, birthdate, gender, orientation, bio, country, state, city, zip, file_1, file_2, file_3, file_4, file_5, score, token, token_date, active, register, created_at, updated_at) VALUES ("45","Letitia","Murray","ghane","godfrey.dietrich@reinger.com","$2y$10$nh2UPwOKVYSzNMq4s88WF.vowrrvAov89hp/KincqB.a1U/P/gS3u","1979-04-27 11:53:19","1","2","Molestiae inventore pariatur harum occaecati quibusdam. Harum est laborum doloribus commodi aliquam ut. Odit laborum et est.","New Caledonia","","South Rollin","68241","../fixtures/male8.jpg","../fixtures/male9.jpg","../fixtures/male9.jpg","../fixtures/male3.jpg","../fixtures/male8.jpg","95","56f5e19ef879b83a603135d0564ff078","1986-08-28 14:32:51","1","0","1975-05-24 13:23:16","1997-10-13 07:13:46");
INSERT INTO user_tag (user_id, tag_id) VALUES ("45","4");
INSERT INTO user_tag (user_id, tag_id) VALUES ("45","43");
INSERT INTO user_tag (user_id, tag_id) VALUES ("45","7");
INSERT INTO user_tag (user_id, tag_id) VALUES ("45","8");
INSERT INTO user_tag (user_id, tag_id) VALUES ("45","6");
INSERT INTO user_tag (user_id, tag_id) VALUES ("45","35");
INSERT INTO user_tag (user_id, tag_id) VALUES ("45","49");
INSERT INTO user_tag (user_id, tag_id) VALUES ("45","29");
INSERT INTO user_tag (user_id, tag_id) VALUES ("45","45");

INSERT INTO connected (user_id, connect_date) VALUES ("45","2017-07-21 07:07:11");
INSERT INTO likes (like_id, liked_id, like_date) VALUES ("408","45","2017-09-11 04:15:58");
INSERT INTO likes (like_id, liked_id, like_date) VALUES ("374","45","2017-05-29 15:14:08");
INSERT INTO likes (like_id, liked_id, like_date) VALUES ("109","45","2017-11-29 21:34:43");
INSERT INTO likes (like_id, liked_id, like_date) VALUES ("170","45","2017-03-31 04:22:32");
INSERT INTO likes (like_id, liked_id, like_date) VALUES ("21","45","2017-08-29 16:22:44");
INSERT INTO likes (like_id, liked_id, like_date) VALUES ("111","45","2017-03-21 19:14:11");
INSERT INTO likes (like_id, liked_id, like_date) VALUES ("340","45","2017-03-16 16:59:49");
INSERT INTO likes (like_id, liked_id, like_date) VALUES ("229","45","2017-12-20 20:24:39");
INSERT INTO views (viewer_id, viewed_id, view_date) VALUES ("498","45","2017-12-15 14:41:29");
INSERT INTO views (viewer_id, viewed_id, view_date) VALUES ("382","45","2018-02-09 08:17:03");
INSERT INTO views (viewer_id, viewed_id, view_date) VALUES ("419","45","2017-10-24 21:12:37");
INSERT INTO views (viewer_id, viewed_id, view_date) VALUES ("477","45","2017-12-03 19:14:22");
INSERT INTO views (viewer_id, viewed_id, view_date) VALUES ("443","45","2017-03-18 07:11:16");
INSERT INTO views (viewer_id, viewed_id, view_date) VALUES ("128","45","2017-07-04 07:20:17");
INSERT INTO views (viewer_id, viewed_id, view_date) VALUES ("300","45","2017-09-11 04:45:39");
INSERT INTO views (viewer_id, viewed_id, view_date) VALUES ("432","45","2017-08-01 23:26:23");
INSERT INTO views (viewer_id, viewed_id, view_date) VALUES ("41","45","2018-02-14 08:42:40");
INSERT INTO views (viewer_id, viewed_id, view_date) VALUES ("19","45","2018-01-12 09:00:07");
INSERT INTO views (viewer_id, viewed_id, view_date) VALUES ("407","45","2017-09-01 13:38:30");
INSERT INTO views (viewer_id, viewed_id, view_date) VALUES ("89","45","2018-01-22 16:24:37");
INSERT INTO views (viewer_id, viewed_id, view_date) VALUES ("49","45","2018-01-24 19:16:02");
INSERT INTO views (viewer_id, viewed_id, view_date) VALUES ("363","45","2017-09-13 18:33:51");
INSERT INTO views (viewer_id, viewed_id, view_date) VALUES ("379","45","2017-04-10 16:50:40");
INSERT INTO views (viewer_id, viewed_id, view_date) VALUES ("285","45","2017-11-11 20:55:25");
INSERT INTO views (viewer_id, viewed_id, view_date) VALUES ("475","45","2017-10-18 17:50:44");
INSERT INTO views (viewer_id, viewed_id, view_date) VALUES ("71","45","2018-01-11 13:59:58");
INSERT INTO views (viewer_id, viewed_id, view_date) VALUES ("76","45","2017-09-06 07:08:57");
INSERT INTO views (viewer_id, viewed_id, view_date) VALUES ("174","45","2017-08-14 14:45:33");
INSERT INTO views (viewer_id, viewed_id, view_date) VALUES ("49","45","2018-01-07 09:45:35");
INSERT INTO views (viewer_id, viewed_id, view_date) VALUES ("76","45","2017-09-09 08:47:12");
INSERT INTO views (viewer_id, viewed_id, view_date) VALUES ("486","45","2017-04-21 07:39:54");
INSERT INTO views (viewer_id, viewed_id, view_date) VALUES ("136","45","2017-09-06 08:30:16");
INSERT INTO views (viewer_id, viewed_id, view_date) VALUES ("205","45","2017-11-04 23:39:16");
INSERT INTO views (viewer_id, viewed_id, view_date) VALUES ("484","45","2017-04-13 10:20:05");
INSERT INTO views (viewer_id, viewed_id, view_date) VALUES ("315","45","2017-06-14 19:30:18");
INSERT INTO views (viewer_id, viewed_id, view_date) VALUES ("175","45","2017-11-01 16:04:05");
INSERT INTO views (viewer_id, viewed_id, view_date) VALUES ("461","45","2017-05-31 22:51:46");
INSERT INTO views (viewer_id, viewed_id, view_date) VALUES ("211","45","2017-11-07 04:06:55");


INSERT INTO user (id, first_name, last_name, username, email, password, birthdate, gender, orientation, bio, country, state, city, zip, file_1, file_2, file_3, file_4, file_5, score, token, token_date, active, register, created_at, updated_at) VALUES ("46","Destiney","Abshire","montana64","destany67@gmail.com","$2y$10$CagoEuv7QZyb08KA1nuvseElFynJlqYJB2OqqJMOIWOHrSdgpeba6","1949-09-05 03:45:38","1","1","Et similique debitis quibusdam sed facere quo. Explicabo recusandae illo hic nisi. Dolor occaecati et cupiditate.","Estonia","","Baileyshire","59257-6386","../fixtures/male9.jpg","../fixtures/male10.jpg","","","","1","6226416a1b3a3f284596010bee27b60e","1980-01-31 14:30:07","1","1","2015-11-22 22:41:56","1994-08-31 09:26:59");
INSERT INTO user_tag (user_id, tag_id) VALUES ("46","41");
INSERT INTO user_tag (user_id, tag_id) VALUES ("46","39");
INSERT INTO user_tag (user_id, tag_id) VALUES ("46","32");
INSERT INTO user_tag (user_id, tag_id) VALUES ("46","30");
INSERT INTO user_tag (user_id, tag_id) VALUES ("46","5");
INSERT INTO user_tag (user_id, tag_id) VALUES ("46","29");
INSERT INTO user_tag (user_id, tag_id) VALUES ("46","27");
INSERT INTO user_tag (user_id, tag_id) VALUES ("46","35");
INSERT INTO user_tag (user_id, tag_id) VALUES ("46","3");
INSERT INTO user_tag (user_id, tag_id) VALUES ("46","1");
INSERT INTO user_tag (user_id, tag_id) VALUES ("46","6");
INSERT INTO user_tag (user_id, tag_id) VALUES ("46","44");
INSERT INTO user_tag (user_id, tag_id) VALUES ("46","40");

INSERT INTO connected (user_id, connect_date) VALUES ("46","2017-06-15 06:22:30");
INSERT INTO likes (like_id, liked_id, like_date) VALUES ("380","46","2017-08-21 09:06:44");
INSERT INTO likes (like_id, liked_id, like_date) VALUES ("212","46","2017-03-12 00:54:15");
INSERT INTO likes (like_id, liked_id, like_date) VALUES ("283","46","2017-11-15 01:45:12");
INSERT INTO views (viewer_id, viewed_id, view_date) VALUES ("340","46","2017-05-14 14:31:58");
INSERT INTO views (viewer_id, viewed_id, view_date) VALUES ("229","46","2017-05-06 07:07:52");
INSERT INTO views (viewer_id, viewed_id, view_date) VALUES ("41","46","2017-07-10 04:05:08");
INSERT INTO views (viewer_id, viewed_id, view_date) VALUES ("95","46","2017-08-17 09:06:01");
INSERT INTO views (viewer_id, viewed_id, view_date) VALUES ("192","46","2018-01-22 03:30:54");
INSERT INTO views (viewer_id, viewed_id, view_date) VALUES ("156","46","2017-04-15 07:34:23");
INSERT INTO views (viewer_id, viewed_id, view_date) VALUES ("285","46","2017-06-24 04:32:23");
INSERT INTO views (viewer_id, viewed_id, view_date) VALUES ("248","46","2017-02-25 21:58:13");
INSERT INTO views (viewer_id, viewed_id, view_date) VALUES ("205","46","2017-07-14 08:29:30");
INSERT INTO views (viewer_id, viewed_id, view_date) VALUES ("212","46","2017-06-09 23:28:11");
INSERT INTO views (viewer_id, viewed_id, view_date) VALUES ("155","46","2017-08-23 12:02:44");
INSERT INTO views (viewer_id, viewed_id, view_date) VALUES ("151","46","2018-01-10 10:11:13");
INSERT INTO views (viewer_id, viewed_id, view_date) VALUES ("460","46","2017-09-26 15:46:30");
INSERT INTO views (viewer_id, viewed_id, view_date) VALUES ("232","46","2017-10-01 18:04:46");
INSERT INTO views (viewer_id, viewed_id, view_date) VALUES ("99","46","2017-03-06 08:11:53");
INSERT INTO views (viewer_id, viewed_id, view_date) VALUES ("17","46","2017-08-11 20:33:58");
INSERT INTO views (viewer_id, viewed_id, view_date) VALUES ("473","46","2017-06-19 13:17:38");
INSERT INTO views (viewer_id, viewed_id, view_date) VALUES ("440","46","2017-03-18 22:38:16");
INSERT INTO views (viewer_id, viewed_id, view_date) VALUES ("351","46","2017-11-29 18:41:24");
INSERT INTO views (viewer_id, viewed_id, view_date) VALUES ("380","46","2018-01-28 17:43:42");
INSERT INTO views (viewer_id, viewed_id, view_date) VALUES ("413","46","2017-07-28 17:54:27");
INSERT INTO views (viewer_id, viewed_id, view_date) VALUES ("331","46","2017-11-18 18:37:52");
INSERT INTO views (viewer_id, viewed_id, view_date) VALUES ("228","46","2017-04-02 11:06:37");
INSERT INTO views (viewer_id, viewed_id, view_date) VALUES ("148","46","2017-07-06 01:09:12");
INSERT INTO views (viewer_id, viewed_id, view_date) VALUES ("93","46","2017-02-20 19:23:00");
INSERT INTO views (viewer_id, viewed_id, view_date) VALUES ("462","46","2017-06-01 03:44:23");
INSERT INTO views (viewer_id, viewed_id, view_date) VALUES ("270","46","2017-11-30 15:59:51");
INSERT INTO views (viewer_id, viewed_id, view_date) VALUES ("496","46","2017-04-17 23:57:37");
INSERT INTO views (viewer_id, viewed_id, view_date) VALUES ("79","46","2017-06-05 13:06:02");
INSERT INTO views (viewer_id, viewed_id, view_date) VALUES ("17","46","2017-07-07 16:33:50");
INSERT INTO views (viewer_id, viewed_id, view_date) VALUES ("151","46","2017-05-10 13:13:32");
INSERT INTO views (viewer_id, viewed_id, view_date) VALUES ("447","46","2017-07-31 17:46:09");
INSERT INTO views (viewer_id, viewed_id, view_date) VALUES ("366","46","2017-09-27 06:24:05");
INSERT INTO views (viewer_id, viewed_id, view_date) VALUES ("115","46","2017-02-24 04:09:06");
INSERT INTO views (viewer_id, viewed_id, view_date) VALUES ("152","46","2017-08-29 14:06:18");
INSERT INTO views (viewer_id, viewed_id, view_date) VALUES ("423","46","2017-10-20 05:28:15");


INSERT INTO user (id, first_name, last_name, username, email, password, birthdate, gender, orientation, bio, country, state, city, zip, file_1, file_2, file_3, file_4, file_5, score, token, token_date, active, register, created_at, updated_at) VALUES ("47","Keshawn","Ward","tressiefisher","baylee.daniel@abernathy.com","$2y$10$YZnViclP98LpL6ruwXUOCuC3eWoGCRCCwj6HXfXwcYTGKVExg9FtW","1973-12-08 10:42:11","1","2","Cupiditate ut officiis quas at numquam. Quas dolorem aut error assumenda quos reprehenderit. Qui rerum veritatis ullam quasi eum accusamus adipisci.","San Marino","","Gulgowskiport","74528-6280","../fixtures/male10.jpg","../fixtures/male9.jpg","../fixtures/male4.jpg","","","96","59c0c1eb47bf40e1b837e48d081c0a70","2010-01-06 20:29:54","1","0","1980-01-13 00:29:39","1984-01-28 21:06:40");
INSERT INTO user_tag (user_id, tag_id) VALUES ("47","31");
INSERT INTO user_tag (user_id, tag_id) VALUES ("47","23");
INSERT INTO user_tag (user_id, tag_id) VALUES ("47","28");
INSERT INTO user_tag (user_id, tag_id) VALUES ("47","17");
INSERT INTO user_tag (user_id, tag_id) VALUES ("47","44");
INSERT INTO user_tag (user_id, tag_id) VALUES ("47","19");
INSERT INTO user_tag (user_id, tag_id) VALUES ("47","34");
INSERT INTO user_tag (user_id, tag_id) VALUES ("47","35");
INSERT INTO user_tag (user_id, tag_id) VALUES ("47","47");
INSERT INTO user_tag (user_id, tag_id) VALUES ("47","43");
INSERT INTO user_tag (user_id, tag_id) VALUES ("47","43");

INSERT INTO connected (user_id, connect_date) VALUES ("47","2017-04-15 12:00:11");
INSERT INTO likes (like_id, liked_id, like_date) VALUES ("383","47","2017-12-04 19:34:12");
INSERT INTO likes (like_id, liked_id, like_date) VALUES ("125","47","2017-05-10 20:03:18");
INSERT INTO likes (like_id, liked_id, like_date) VALUES ("404","47","2017-03-09 03:23:40");
INSERT INTO likes (like_id, liked_id, like_date) VALUES ("480","47","2017-06-28 14:39:12");
INSERT INTO likes (like_id, liked_id, like_date) VALUES ("126","47","2017-08-03 07:44:20");
INSERT INTO likes (like_id, liked_id, like_date) VALUES ("363","47","2017-07-10 07:51:29");
INSERT INTO likes (like_id, liked_id, like_date) VALUES ("123","47","2017-10-19 19:50:37");
INSERT INTO views (viewer_id, viewed_id, view_date) VALUES ("17","47","2017-08-02 06:10:29");
INSERT INTO views (viewer_id, viewed_id, view_date) VALUES ("334","47","2017-12-05 06:35:53");
INSERT INTO views (viewer_id, viewed_id, view_date) VALUES ("406","47","2017-11-29 22:38:53");
INSERT INTO views (viewer_id, viewed_id, view_date) VALUES ("139","47","2017-10-04 20:08:24");
INSERT INTO views (viewer_id, viewed_id, view_date) VALUES ("10","47","2017-10-29 18:15:43");
INSERT INTO views (viewer_id, viewed_id, view_date) VALUES ("474","47","2017-04-14 20:55:56");
INSERT INTO views (viewer_id, viewed_id, view_date) VALUES ("160","47","2018-01-24 12:25:19");
INSERT INTO views (viewer_id, viewed_id, view_date) VALUES ("14","47","2017-09-25 03:29:51");
INSERT INTO views (viewer_id, viewed_id, view_date) VALUES ("236","47","2018-01-28 12:12:55");
INSERT INTO views (viewer_id, viewed_id, view_date) VALUES ("269","47","2017-11-29 00:27:14");
INSERT INTO views (viewer_id, viewed_id, view_date) VALUES ("305","47","2017-09-01 01:12:51");
INSERT INTO views (viewer_id, viewed_id, view_date) VALUES ("165","47","2017-05-06 01:47:03");
INSERT INTO views (viewer_id, viewed_id, view_date) VALUES ("294","47","2017-11-01 20:58:53");
INSERT INTO views (viewer_id, viewed_id, view_date) VALUES ("57","47","2017-05-27 17:34:17");
INSERT INTO views (viewer_id, viewed_id, view_date) VALUES ("358","47","2017-06-05 13:23:25");
INSERT INTO views (viewer_id, viewed_id, view_date) VALUES ("296","47","2017-04-24 01:21:05");
INSERT INTO views (viewer_id, viewed_id, view_date) VALUES ("495","47","2018-01-14 15:45:17");
INSERT INTO views (viewer_id, viewed_id, view_date) VALUES ("339","47","2017-07-05 14:48:57");
INSERT INTO views (viewer_id, viewed_id, view_date) VALUES ("409","47","2017-08-09 00:04:51");
INSERT INTO views (viewer_id, viewed_id, view_date) VALUES ("493","47","2017-11-11 12:15:42");
INSERT INTO views (viewer_id, viewed_id, view_date) VALUES ("473","47","2017-12-29 15:22:07");
INSERT INTO views (viewer_id, viewed_id, view_date) VALUES ("140","47","2017-04-01 03:16:44");
INSERT INTO views (viewer_id, viewed_id, view_date) VALUES ("282","47","2017-07-25 06:43:57");
INSERT INTO views (viewer_id, viewed_id, view_date) VALUES ("378","47","2017-08-07 01:51:51");
INSERT INTO views (viewer_id, viewed_id, view_date) VALUES ("182","47","2017-06-12 15:22:26");


INSERT INTO user (id, first_name, last_name, username, email, password, birthdate, gender, orientation, bio, country, state, city, zip, file_1, file_2, file_3, file_4, file_5, score, token, token_date, active, register, created_at, updated_at) VALUES ("48","Suzanne","Leuschke","raheem75","ardella40@hansen.com","$2y$10$uTl/287ll44nmMBGDlA2RORV8wR1dN3K8BDrsC/yeso1OH3n5CldK","1986-02-22 00:08:43","2","3","Reprehenderit hic modi quae rerum porro facere cum. Excepturi delectus ad qui vitae corporis omnis omnis. Asperiores iste quia cum ut. Repellendus at magnam minima est voluptates eum aut.","Northern Mariana Islands","","Lake Kacey","59977-8326","../fixtures/female2.jpg","../fixtures/female5.jpg","../fixtures/female9.jpg","../fixtures/female3.jpg","","100","593107314ed09041ea08c930b9fc34cd","1998-03-10 16:07:37","1","1","2008-06-15 10:20:38","1974-07-09 15:31:52");
INSERT INTO user_tag (user_id, tag_id) VALUES ("48","46");
INSERT INTO user_tag (user_id, tag_id) VALUES ("48","32");
INSERT INTO user_tag (user_id, tag_id) VALUES ("48","18");
INSERT INTO user_tag (user_id, tag_id) VALUES ("48","12");
INSERT INTO user_tag (user_id, tag_id) VALUES ("48","41");
INSERT INTO user_tag (user_id, tag_id) VALUES ("48","42");
INSERT INTO user_tag (user_id, tag_id) VALUES ("48","45");
INSERT INTO user_tag (user_id, tag_id) VALUES ("48","16");
INSERT INTO user_tag (user_id, tag_id) VALUES ("48","39");

INSERT INTO connected (user_id, connect_date) VALUES ("48","2017-08-14 13:17:50");
INSERT INTO likes (like_id, liked_id, like_date) VALUES ("226","48","2017-06-13 19:20:46");
INSERT INTO likes (like_id, liked_id, like_date) VALUES ("145","48","2017-10-05 12:51:06");
INSERT INTO views (viewer_id, viewed_id, view_date) VALUES ("251","48","2017-10-05 05:35:09");
INSERT INTO views (viewer_id, viewed_id, view_date) VALUES ("10","48","2017-04-17 16:33:14");
INSERT INTO views (viewer_id, viewed_id, view_date) VALUES ("15","48","2017-03-20 02:53:43");
INSERT INTO views (viewer_id, viewed_id, view_date) VALUES ("308","48","2017-04-03 15:05:40");
INSERT INTO views (viewer_id, viewed_id, view_date) VALUES ("195","48","2018-02-04 05:35:23");
INSERT INTO views (viewer_id, viewed_id, view_date) VALUES ("47","48","2017-08-17 17:00:13");
INSERT INTO views (viewer_id, viewed_id, view_date) VALUES ("406","48","2017-04-20 09:45:18");
INSERT INTO views (viewer_id, viewed_id, view_date) VALUES ("318","48","2017-08-14 01:52:13");
INSERT INTO views (viewer_id, viewed_id, view_date) VALUES ("417","48","2017-06-27 09:21:20");
INSERT INTO views (viewer_id, viewed_id, view_date) VALUES ("57","48","2017-05-26 08:05:58");
INSERT INTO views (viewer_id, viewed_id, view_date) VALUES ("209","48","2017-05-20 05:24:59");
INSERT INTO views (viewer_id, viewed_id, view_date) VALUES ("292","48","2017-04-22 18:07:12");
INSERT INTO views (viewer_id, viewed_id, view_date) VALUES ("142","48","2017-09-08 10:53:08");
INSERT INTO views (viewer_id, viewed_id, view_date) VALUES ("174","48","2017-10-15 10:27:28");
INSERT INTO views (viewer_id, viewed_id, view_date) VALUES ("272","48","2017-09-12 15:24:41");
INSERT INTO views (viewer_id, viewed_id, view_date) VALUES ("206","48","2017-11-07 05:35:36");
INSERT INTO views (viewer_id, viewed_id, view_date) VALUES ("69","48","2018-02-01 19:19:15");
INSERT INTO views (viewer_id, viewed_id, view_date) VALUES ("260","48","2017-08-15 22:57:31");
INSERT INTO views (viewer_id, viewed_id, view_date) VALUES ("439","48","2017-02-28 16:03:35");
INSERT INTO views (viewer_id, viewed_id, view_date) VALUES ("156","48","2018-02-05 12:43:03");


INSERT INTO user (id, first_name, last_name, username, email, password, birthdate, gender, orientation, bio, country, state, city, zip, file_1, file_2, file_3, file_4, file_5, score, token, token_date, active, register, created_at, updated_at) VALUES ("49","Brenna","Labadie","paytonrolfson","simonis.edwin@hotmail.com","$2y$10$uKClApLmbTPV3HOxe3i9W.gNl3Vwy.iQROR4.VC39Abv.J16P2Wx6","1966-01-02 07:25:22","2","3","Voluptatum earum nesciunt ipsa. Fugiat eum est harum omnis dolore corrupti aut. Consectetur ut laboriosam atque consectetur autem hic eum quisquam. Autem qui quae minus nemo quos necessitatibus ut.","Hong Kong","","West Randy","87162","../fixtures/female1.jpg","../fixtures/female4.jpg","","","","2","61e11543dd53d23a4244e3fae8417bb8","2002-09-14 19:52:38","0","0","1976-06-01 04:04:50","2005-12-20 11:24:37");
INSERT INTO user_tag (user_id, tag_id) VALUES ("49","15");
INSERT INTO user_tag (user_id, tag_id) VALUES ("49","33");
INSERT INTO user_tag (user_id, tag_id) VALUES ("49","42");
INSERT INTO user_tag (user_id, tag_id) VALUES ("49","8");
INSERT INTO user_tag (user_id, tag_id) VALUES ("49","32");
INSERT INTO user_tag (user_id, tag_id) VALUES ("49","12");
INSERT INTO user_tag (user_id, tag_id) VALUES ("49","43");
INSERT INTO user_tag (user_id, tag_id) VALUES ("49","24");

INSERT INTO connected (user_id, connect_date) VALUES ("49","2017-09-19 12:52:10");
INSERT INTO likes (like_id, liked_id, like_date) VALUES ("175","49","2017-09-21 03:52:53");
INSERT INTO likes (like_id, liked_id, like_date) VALUES ("76","49","2017-07-16 04:34:26");
INSERT INTO views (viewer_id, viewed_id, view_date) VALUES ("29","49","2017-08-31 04:07:00");
INSERT INTO views (viewer_id, viewed_id, view_date) VALUES ("73","49","2017-04-20 12:25:09");
INSERT INTO views (viewer_id, viewed_id, view_date) VALUES ("238","49","2017-12-10 20:12:02");
INSERT INTO views (viewer_id, viewed_id, view_date) VALUES ("420","49","2017-12-03 13:54:12");
INSERT INTO views (viewer_id, viewed_id, view_date) VALUES ("282","49","2018-01-09 02:17:52");
INSERT INTO views (viewer_id, viewed_id, view_date) VALUES ("391","49","2018-01-24 16:02:34");
INSERT INTO views (viewer_id, viewed_id, view_date) VALUES ("462","49","2017-12-17 03:33:09");
INSERT INTO views (viewer_id, viewed_id, view_date) VALUES ("9","49","2017-12-13 23:36:18");
INSERT INTO views (viewer_id, viewed_id, view_date) VALUES ("296","49","2018-02-15 08:00:22");
INSERT INTO views (viewer_id, viewed_id, view_date) VALUES ("155","49","2018-02-06 17:04:31");
INSERT INTO views (viewer_id, viewed_id, view_date) VALUES ("101","49","2018-01-27 15:27:45");
INSERT INTO views (viewer_id, viewed_id, view_date) VALUES ("249","49","2017-03-23 15:28:25");
INSERT INTO views (viewer_id, viewed_id, view_date) VALUES ("49","49","2017-11-23 02:02:20");
INSERT INTO views (viewer_id, viewed_id, view_date) VALUES ("442","49","2017-02-27 08:49:54");
INSERT INTO views (viewer_id, viewed_id, view_date) VALUES ("178","49","2017-11-20 09:28:11");
INSERT INTO views (viewer_id, viewed_id, view_date) VALUES ("358","49","2017-05-02 11:56:20");
INSERT INTO views (viewer_id, viewed_id, view_date) VALUES ("62","49","2017-10-09 20:33:43");
INSERT INTO views (viewer_id, viewed_id, view_date) VALUES ("243","49","2017-06-09 13:54:03");
INSERT INTO views (viewer_id, viewed_id, view_date) VALUES ("475","49","2017-03-02 05:30:55");
INSERT INTO views (viewer_id, viewed_id, view_date) VALUES ("396","49","2017-12-11 10:05:05");
INSERT INTO views (viewer_id, viewed_id, view_date) VALUES ("214","49","2017-09-03 03:30:04");
INSERT INTO views (viewer_id, viewed_id, view_date) VALUES ("336","49","2017-05-13 19:01:34");
INSERT INTO views (viewer_id, viewed_id, view_date) VALUES ("448","49","2017-09-25 02:18:39");
INSERT INTO views (viewer_id, viewed_id, view_date) VALUES ("38","49","2017-08-17 00:17:59");
INSERT INTO views (viewer_id, viewed_id, view_date) VALUES ("455","49","2017-05-05 20:38:50");
INSERT INTO views (viewer_id, viewed_id, view_date) VALUES ("166","49","2018-01-13 03:36:34");
INSERT INTO views (viewer_id, viewed_id, view_date) VALUES ("396","49","2017-05-16 17:58:09");
INSERT INTO views (viewer_id, viewed_id, view_date) VALUES ("308","49","2017-08-01 06:41:45");
INSERT INTO views (viewer_id, viewed_id, view_date) VALUES ("388","49","2018-01-08 20:28:57");
INSERT INTO views (viewer_id, viewed_id, view_date) VALUES ("408","49","2018-01-26 10:15:58");
INSERT INTO views (viewer_id, viewed_id, view_date) VALUES ("130","49","2018-01-11 20:06:39");
INSERT INTO views (viewer_id, viewed_id, view_date) VALUES ("48","49","2017-03-15 06:58:26");
INSERT INTO views (viewer_id, viewed_id, view_date) VALUES ("135","49","2018-01-04 09:50:01");
INSERT INTO views (viewer_id, viewed_id, view_date) VALUES ("278","49","2017-10-20 13:33:19");
INSERT INTO views (viewer_id, viewed_id, view_date) VALUES ("105","49","2017-05-22 02:51:31");
INSERT INTO views (viewer_id, viewed_id, view_date) VALUES ("193","49","2017-04-14 18:28:43");


INSERT INTO user (id, first_name, last_name, username, email, password, birthdate, gender, orientation, bio, country, state, city, zip, file_1, file_2, file_3, file_4, file_5, score, token, token_date, active, register, created_at, updated_at) VALUES ("50","Nick","Krajcik","maggioleanne","asia78@nikolaus.biz","$2y$10$WnkYc0KOfwKsvn66BV5nye0iQCL/0rs6lpXdpuZKHe05br4D1HSSO","1995-07-22 11:46:05","2","2","Molestiae nemo consectetur est autem. Nulla amet aut dolor magnam aut aut nisi. Voluptas qui maiores quae. Atque aut aut eos ducimus.","Svalbard & Jan Mayen Islands","","Elinoremouth","79228","../fixtures/female1.jpg","../fixtures/female4.jpg","../fixtures/female1.jpg","../fixtures/female1.jpg","../fixtures/female1.jpg","31","87967fd4902fb62374dbf7c57a957cff","1983-06-13 16:41:30","0","0","2010-07-31 10:10:00","1974-10-08 10:12:27");
INSERT INTO user_tag (user_id, tag_id) VALUES ("50","4");
INSERT INTO user_tag (user_id, tag_id) VALUES ("50","28");
INSERT INTO user_tag (user_id, tag_id) VALUES ("50","1");

INSERT INTO connected (user_id, connect_date) VALUES ("50","2017-09-24 09:56:18");
INSERT INTO likes (like_id, liked_id, like_date) VALUES ("285","50","2017-03-22 15:28:28");
INSERT INTO likes (like_id, liked_id, like_date) VALUES ("354","50","2018-02-08 22:02:57");
INSERT INTO views (viewer_id, viewed_id, view_date) VALUES ("344","50","2018-01-14 01:42:13");
INSERT INTO views (viewer_id, viewed_id, view_date) VALUES ("144","50","2017-10-29 22:51:43");
INSERT INTO views (viewer_id, viewed_id, view_date) VALUES ("83","50","2017-11-15 07:15:07");
INSERT INTO views (viewer_id, viewed_id, view_date) VALUES ("325","50","2017-09-24 19:05:50");


INSERT INTO user (id, first_name, last_name, username, email, password, birthdate, gender, orientation, bio, country, state, city, zip, file_1, file_2, file_3, file_4, file_5, score, token, token_date, active, register, created_at, updated_at) VALUES ("51","Tianna","Koepp","filibertoreichert","mina.damore@witting.com","$2y$10$xAwfDAO6DMUOFrDFHLR5S.Q2LiV5NIMcH/mM82FXFQkmmOZxMHyZa","1966-06-30 23:13:41","2","2","Sit quae dolorum occaecati reiciendis odio autem. Dicta recusandae accusamus minima sunt rerum necessitatibus. Et voluptatum provident eos qui.","New Caledonia","","Port Rasheedport","41264","../fixtures/female8.jpg","../fixtures/female3.jpg","../fixtures/female9.jpg","../fixtures/female4.jpg","","65","85f44f339d57202f8a8964a013120907","2013-03-02 03:35:01","1","1","1974-01-04 23:30:01","1983-02-19 18:09:48");
INSERT INTO user_tag (user_id, tag_id) VALUES ("51","31");
INSERT INTO user_tag (user_id, tag_id) VALUES ("51","12");
INSERT INTO user_tag (user_id, tag_id) VALUES ("51","24");
INSERT INTO user_tag (user_id, tag_id) VALUES ("51","12");

INSERT INTO connected (user_id, connect_date) VALUES ("51","2017-08-14 03:04:38");
INSERT INTO likes (like_id, liked_id, like_date) VALUES ("451","51","2017-10-23 10:19:27");
INSERT INTO views (viewer_id, viewed_id, view_date) VALUES ("361","51","2017-09-08 10:58:05");
INSERT INTO views (viewer_id, viewed_id, view_date) VALUES ("413","51","2017-11-04 18:04:54");
INSERT INTO views (viewer_id, viewed_id, view_date) VALUES ("300","51","2017-11-09 15:57:50");
INSERT INTO views (viewer_id, viewed_id, view_date) VALUES ("467","51","2017-12-28 02:04:18");
INSERT INTO views (viewer_id, viewed_id, view_date) VALUES ("337","51","2017-11-14 08:38:23");
INSERT INTO views (viewer_id, viewed_id, view_date) VALUES ("185","51","2018-01-07 02:34:56");


INSERT INTO user (id, first_name, last_name, username, email, password, birthdate, gender, orientation, bio, country, state, city, zip, file_1, file_2, file_3, file_4, file_5, score, token, token_date, active, register, created_at, updated_at) VALUES ("52","Anika","Reilly","danielzane","nya24@hotmail.com","$2y$10$d/.K/BMUZrRaZEMc0lP3ze..20cgFjeRFnlCYCoxu3yUr61bNHWlq","1949-09-16 14:25:38","2","3","Veritatis quasi inventore dolores ex quae dicta omnis quia. Accusamus asperiores enim labore rem provident ut. Laborum est eos quas quisquam nobis.","Isle of Man","","South Adelaview","41257-0609","../fixtures/female5.jpg","../fixtures/female6.jpg","../fixtures/female10.jpg","","","44","0c1b7e5f33fc75037cc03b0dcc1b1a8d","1986-01-02 17:48:22","0","0","1994-09-02 19:10:00","1993-04-26 18:29:25");
INSERT INTO user_tag (user_id, tag_id) VALUES ("52","9");
INSERT INTO user_tag (user_id, tag_id) VALUES ("52","6");
INSERT INTO user_tag (user_id, tag_id) VALUES ("52","14");
INSERT INTO user_tag (user_id, tag_id) VALUES ("52","35");
INSERT INTO user_tag (user_id, tag_id) VALUES ("52","46");
INSERT INTO user_tag (user_id, tag_id) VALUES ("52","4");
INSERT INTO user_tag (user_id, tag_id) VALUES ("52","8");
INSERT INTO user_tag (user_id, tag_id) VALUES ("52","6");
INSERT INTO user_tag (user_id, tag_id) VALUES ("52","29");
INSERT INTO user_tag (user_id, tag_id) VALUES ("52","43");
INSERT INTO user_tag (user_id, tag_id) VALUES ("52","44");
INSERT INTO user_tag (user_id, tag_id) VALUES ("52","6");
INSERT INTO user_tag (user_id, tag_id) VALUES ("52","28");
INSERT INTO user_tag (user_id, tag_id) VALUES ("52","31");

INSERT INTO connected (user_id, connect_date) VALUES ("52","2017-08-19 23:14:19");
INSERT INTO likes (like_id, liked_id, like_date) VALUES ("499","52","2017-11-28 17:51:32");
INSERT INTO likes (like_id, liked_id, like_date) VALUES ("91","52","2017-02-28 16:50:32");
INSERT INTO views (viewer_id, viewed_id, view_date) VALUES ("447","52","2017-06-09 03:03:30");
INSERT INTO views (viewer_id, viewed_id, view_date) VALUES ("336","52","2017-09-26 15:27:30");
INSERT INTO views (viewer_id, viewed_id, view_date) VALUES ("165","52","2018-02-03 21:15:18");
INSERT INTO views (viewer_id, viewed_id, view_date) VALUES ("367","52","2017-11-17 05:44:36");
INSERT INTO views (viewer_id, viewed_id, view_date) VALUES ("314","52","2017-02-15 23:53:02");
INSERT INTO views (viewer_id, viewed_id, view_date) VALUES ("317","52","2017-03-14 23:23:35");
INSERT INTO views (viewer_id, viewed_id, view_date) VALUES ("95","52","2017-03-28 20:28:00");
INSERT INTO views (viewer_id, viewed_id, view_date) VALUES ("169","52","2017-03-27 21:15:30");
INSERT INTO views (viewer_id, viewed_id, view_date) VALUES ("78","52","2017-11-24 10:28:21");
INSERT INTO views (viewer_id, viewed_id, view_date) VALUES ("328","52","2017-05-26 08:50:54");
INSERT INTO views (viewer_id, viewed_id, view_date) VALUES ("136","52","2017-12-13 20:05:43");
INSERT INTO views (viewer_id, viewed_id, view_date) VALUES ("102","52","2017-11-23 05:12:25");
INSERT INTO views (viewer_id, viewed_id, view_date) VALUES ("319","52","2017-09-20 08:46:40");
INSERT INTO views (viewer_id, viewed_id, view_date) VALUES ("133","52","2017-08-24 11:12:10");
INSERT INTO views (viewer_id, viewed_id, view_date) VALUES ("159","52","2017-07-02 23:26:57");
INSERT INTO views (viewer_id, viewed_id, view_date) VALUES ("3","52","2018-01-04 23:20:34");
INSERT INTO views (viewer_id, viewed_id, view_date) VALUES ("230","52","2017-12-19 10:07:24");
INSERT INTO views (viewer_id, viewed_id, view_date) VALUES ("364","52","2018-01-28 00:47:41");
INSERT INTO views (viewer_id, viewed_id, view_date) VALUES ("381","52","2017-07-26 08:15:32");
INSERT INTO views (viewer_id, viewed_id, view_date) VALUES ("13","52","2017-04-19 04:30:09");
INSERT INTO views (viewer_id, viewed_id, view_date) VALUES ("51","52","2017-06-19 10:05:25");
INSERT INTO views (viewer_id, viewed_id, view_date) VALUES ("393","52","2017-06-06 00:36:18");
INSERT INTO views (viewer_id, viewed_id, view_date) VALUES ("279","52","2017-06-06 21:45:29");
INSERT INTO views (viewer_id, viewed_id, view_date) VALUES ("8","52","2017-07-15 17:30:14");
INSERT INTO views (viewer_id, viewed_id, view_date) VALUES ("130","52","2018-01-24 08:44:08");
INSERT INTO views (viewer_id, viewed_id, view_date) VALUES ("309","52","2017-03-02 04:50:46");
INSERT INTO views (viewer_id, viewed_id, view_date) VALUES ("74","52","2017-09-23 19:02:18");


INSERT INTO user (id, first_name, last_name, username, email, password, birthdate, gender, orientation, bio, country, state, city, zip, file_1, file_2, file_3, file_4, file_5, score, token, token_date, active, register, created_at, updated_at) VALUES ("53","Wilburn","Grant","wwitting","heidenreich.kaylie@gmail.com","$2y$10$m8fod3YimZ34O5D3UdEiIObbKpRXvepkoGVSzL9ahT2VqDKBihVXG","1973-07-10 22:45:16","1","1","Dolorum deleniti ratione vel animi. Ipsa commodi quas est fuga a. Aliquam et animi possimus dignissimos iusto qui rerum.","Saudi Arabia","","Tommieshire","79565","../fixtures/male8.jpg","../fixtures/male2.jpg","../fixtures/male7.jpg","../fixtures/male3.jpg","","63","7f5022a7f86b902b1efaea3f4a9c7b2a","1987-08-22 23:28:31","0","0","1989-05-26 02:01:41","1981-08-16 19:29:31");
INSERT INTO user_tag (user_id, tag_id) VALUES ("53","3");
INSERT INTO user_tag (user_id, tag_id) VALUES ("53","9");
INSERT INTO user_tag (user_id, tag_id) VALUES ("53","38");
INSERT INTO user_tag (user_id, tag_id) VALUES ("53","10");
INSERT INTO user_tag (user_id, tag_id) VALUES ("53","46");

INSERT INTO connected (user_id, connect_date) VALUES ("53","2017-06-10 18:49:01");
INSERT INTO likes (like_id, liked_id, like_date) VALUES ("438","53","2017-06-08 10:29:30");
INSERT INTO likes (like_id, liked_id, like_date) VALUES ("48","53","2017-04-20 10:06:04");
INSERT INTO likes (like_id, liked_id, like_date) VALUES ("121","53","2017-06-11 18:59:50");
INSERT INTO views (viewer_id, viewed_id, view_date) VALUES ("325","53","2017-07-24 10:56:02");
INSERT INTO views (viewer_id, viewed_id, view_date) VALUES ("129","53","2017-10-02 17:35:42");
INSERT INTO views (viewer_id, viewed_id, view_date) VALUES ("70","53","2018-01-14 12:21:43");
INSERT INTO views (viewer_id, viewed_id, view_date) VALUES ("120","53","2017-05-18 16:13:15");


INSERT INTO user (id, first_name, last_name, username, email, password, birthdate, gender, orientation, bio, country, state, city, zip, file_1, file_2, file_3, file_4, file_5, score, token, token_date, active, register, created_at, updated_at) VALUES ("54","Melba","Kshlerin","cristdayana","schowalter.jaylin@kertzmann.com","$2y$10$ST0.s0/20KkshckXyvMMDOq8o8vxaddKQKKUUkeG0P.CqUthU9Diq","1968-09-19 08:15:37","1","2","Sunt recusandae alias voluptatem fugiat. Ea facere quis non similique. Doloremque aut vero voluptate ad ea.","United States of America","","Allanfurt","61526","../fixtures/male5.jpg","../fixtures/male3.jpg","../fixtures/male9.jpg","../fixtures/male6.jpg","../fixtures/male4.jpg","18","19b0d081851cace539ad1be97f8dfc48","1970-11-03 08:54:09","0","0","1995-10-09 16:26:45","1994-02-02 15:39:45");
INSERT INTO user_tag (user_id, tag_id) VALUES ("54","42");
INSERT INTO user_tag (user_id, tag_id) VALUES ("54","16");
INSERT INTO user_tag (user_id, tag_id) VALUES ("54","9");
INSERT INTO user_tag (user_id, tag_id) VALUES ("54","6");
INSERT INTO user_tag (user_id, tag_id) VALUES ("54","16");
INSERT INTO user_tag (user_id, tag_id) VALUES ("54","34");
INSERT INTO user_tag (user_id, tag_id) VALUES ("54","41");
INSERT INTO user_tag (user_id, tag_id) VALUES ("54","32");
INSERT INTO user_tag (user_id, tag_id) VALUES ("54","15");

INSERT INTO connected (user_id, connect_date) VALUES ("54","2017-04-29 04:42:58");
INSERT INTO likes (like_id, liked_id, like_date) VALUES ("329","54","2017-12-25 13:20:39");
INSERT INTO likes (like_id, liked_id, like_date) VALUES ("325","54","2017-06-20 14:31:17");
INSERT INTO likes (like_id, liked_id, like_date) VALUES ("498","54","2017-05-01 05:34:40");
INSERT INTO likes (like_id, liked_id, like_date) VALUES ("160","54","2017-05-15 09:59:31");
INSERT INTO likes (like_id, liked_id, like_date) VALUES ("102","54","2017-07-01 13:33:08");
INSERT INTO likes (like_id, liked_id, like_date) VALUES ("270","54","2017-05-14 14:43:57");
INSERT INTO likes (like_id, liked_id, like_date) VALUES ("94","54","2017-07-22 08:14:53");
INSERT INTO likes (like_id, liked_id, like_date) VALUES ("308","54","2017-03-28 09:21:36");
INSERT INTO likes (like_id, liked_id, like_date) VALUES ("75","54","2018-01-25 23:49:36");
INSERT INTO likes (like_id, liked_id, like_date) VALUES ("316","54","2017-03-17 15:13:29");
INSERT INTO likes (like_id, liked_id, like_date) VALUES ("140","54","2017-05-01 19:32:30");
INSERT INTO likes (like_id, liked_id, like_date) VALUES ("396","54","2017-08-16 00:43:33");
INSERT INTO likes (like_id, liked_id, like_date) VALUES ("282","54","2018-02-07 18:02:05");
INSERT INTO likes (like_id, liked_id, like_date) VALUES ("363","54","2017-02-19 11:32:38");
INSERT INTO likes (like_id, liked_id, like_date) VALUES ("432","54","2018-01-10 18:08:18");
INSERT INTO likes (like_id, liked_id, like_date) VALUES ("296","54","2017-12-12 12:34:10");
INSERT INTO views (viewer_id, viewed_id, view_date) VALUES ("235","54","2017-09-07 21:28:00");
INSERT INTO views (viewer_id, viewed_id, view_date) VALUES ("75","54","2017-06-12 12:36:22");
INSERT INTO views (viewer_id, viewed_id, view_date) VALUES ("310","54","2017-07-27 14:46:45");


INSERT INTO user (id, first_name, last_name, username, email, password, birthdate, gender, orientation, bio, country, state, city, zip, file_1, file_2, file_3, file_4, file_5, score, token, token_date, active, register, created_at, updated_at) VALUES ("55","Earnestine","Fritsch","mmckenzie","piper.wolf@hotmail.com","$2y$10$AlMGPlk2AUvg8uTdmf4j5OTk4ri7qAnSnHjxmuyJfreDKuFx.iF6i","1949-04-23 01:00:36","2","3","Sed quia qui dolores voluptas consequuntur doloribus velit. Dolorem quia fugit eos architecto dolor. Recusandae voluptatibus ut facere provident nostrum qui. Quae velit labore sunt.","Central African Republic","","Malikaside","69206-0100","../fixtures/female6.jpg","../fixtures/female4.jpg","../fixtures/female3.jpg","../fixtures/female2.jpg","","30","2a2f5cef7096ee49c4550ebfc8205d85","2001-05-06 22:22:32","0","0","1978-12-21 04:11:10","1975-01-01 03:11:47");
INSERT INTO user_tag (user_id, tag_id) VALUES ("55","47");
INSERT INTO user_tag (user_id, tag_id) VALUES ("55","47");
INSERT INTO user_tag (user_id, tag_id) VALUES ("55","47");
INSERT INTO user_tag (user_id, tag_id) VALUES ("55","15");
INSERT INTO user_tag (user_id, tag_id) VALUES ("55","33");
INSERT INTO user_tag (user_id, tag_id) VALUES ("55","50");
INSERT INTO user_tag (user_id, tag_id) VALUES ("55","32");
INSERT INTO user_tag (user_id, tag_id) VALUES ("55","47");
INSERT INTO user_tag (user_id, tag_id) VALUES ("55","48");
INSERT INTO user_tag (user_id, tag_id) VALUES ("55","24");
INSERT INTO user_tag (user_id, tag_id) VALUES ("55","47");
INSERT INTO user_tag (user_id, tag_id) VALUES ("55","20");
INSERT INTO user_tag (user_id, tag_id) VALUES ("55","44");
INSERT INTO user_tag (user_id, tag_id) VALUES ("55","26");
INSERT INTO user_tag (user_id, tag_id) VALUES ("55","9");

INSERT INTO connected (user_id, connect_date) VALUES ("55","2018-01-21 10:19:08");
INSERT INTO likes (like_id, liked_id, like_date) VALUES ("15","55","2017-03-14 05:38:02");
INSERT INTO likes (like_id, liked_id, like_date) VALUES ("137","55","2017-08-14 07:43:52");
INSERT INTO likes (like_id, liked_id, like_date) VALUES ("264","55","2017-10-30 14:38:03");
INSERT INTO likes (like_id, liked_id, like_date) VALUES ("465","55","2017-11-10 07:59:47");
INSERT INTO likes (like_id, liked_id, like_date) VALUES ("296","55","2017-11-02 21:07:37");
INSERT INTO likes (like_id, liked_id, like_date) VALUES ("328","55","2017-10-04 23:30:17");
INSERT INTO likes (like_id, liked_id, like_date) VALUES ("498","55","2017-12-02 23:20:02");
INSERT INTO likes (like_id, liked_id, like_date) VALUES ("40","55","2017-03-02 07:34:35");
INSERT INTO likes (like_id, liked_id, like_date) VALUES ("54","55","2017-10-13 03:53:54");
INSERT INTO likes (like_id, liked_id, like_date) VALUES ("147","55","2017-06-28 20:18:39");
INSERT INTO likes (like_id, liked_id, like_date) VALUES ("110","55","2017-03-31 01:51:50");
INSERT INTO likes (like_id, liked_id, like_date) VALUES ("25","55","2017-10-20 07:40:23");
INSERT INTO likes (like_id, liked_id, like_date) VALUES ("427","55","2017-04-02 05:56:07");
INSERT INTO likes (like_id, liked_id, like_date) VALUES ("362","55","2017-07-19 05:07:16");
INSERT INTO likes (like_id, liked_id, like_date) VALUES ("443","55","2017-11-01 13:51:56");
INSERT INTO views (viewer_id, viewed_id, view_date) VALUES ("131","55","2017-03-10 13:29:12");


INSERT INTO user (id, first_name, last_name, username, email, password, birthdate, gender, orientation, bio, country, state, city, zip, file_1, file_2, file_3, file_4, file_5, score, token, token_date, active, register, created_at, updated_at) VALUES ("56","Alexanne","Farrell","zakary57","gilda.rohan@gmail.com","$2y$10$ULRiox/6oudTGDU2I57lN.GJPJ5s3j7UvZNmhXG5wje.O6JFDZOdW","1975-06-06 14:01:26","1","1","Aut eos enim sit est ex est corporis non. At porro qui vitae. Voluptatem consequuntur ad aperiam facere.","Korea","","Faefort","69601","../fixtures/male2.jpg","","","","","82","9f99f40f58caa44365731eec8da65334","2017-07-16 17:10:02","1","1","1984-07-27 22:52:08","1989-04-18 06:47:59");
INSERT INTO user_tag (user_id, tag_id) VALUES ("56","34");
INSERT INTO user_tag (user_id, tag_id) VALUES ("56","42");
INSERT INTO user_tag (user_id, tag_id) VALUES ("56","1");
INSERT INTO user_tag (user_id, tag_id) VALUES ("56","27");
INSERT INTO user_tag (user_id, tag_id) VALUES ("56","2");
INSERT INTO user_tag (user_id, tag_id) VALUES ("56","38");
INSERT INTO user_tag (user_id, tag_id) VALUES ("56","20");
INSERT INTO user_tag (user_id, tag_id) VALUES ("56","12");
INSERT INTO user_tag (user_id, tag_id) VALUES ("56","14");
INSERT INTO user_tag (user_id, tag_id) VALUES ("56","27");
INSERT INTO user_tag (user_id, tag_id) VALUES ("56","1");
INSERT INTO user_tag (user_id, tag_id) VALUES ("56","25");
INSERT INTO user_tag (user_id, tag_id) VALUES ("56","40");

INSERT INTO connected (user_id, connect_date) VALUES ("56","2017-08-13 03:42:57");
INSERT INTO likes (like_id, liked_id, like_date) VALUES ("340","56","2017-09-06 13:18:03");
INSERT INTO likes (like_id, liked_id, like_date) VALUES ("474","56","2017-05-08 12:28:47");
INSERT INTO likes (like_id, liked_id, like_date) VALUES ("427","56","2017-04-14 12:06:21");
INSERT INTO likes (like_id, liked_id, like_date) VALUES ("24","56","2017-05-01 18:15:54");
INSERT INTO likes (like_id, liked_id, like_date) VALUES ("284","56","2018-01-03 12:17:01");
INSERT INTO likes (like_id, liked_id, like_date) VALUES ("208","56","2018-02-04 19:58:00");
INSERT INTO likes (like_id, liked_id, like_date) VALUES ("96","56","2017-04-01 01:22:08");
INSERT INTO likes (like_id, liked_id, like_date) VALUES ("140","56","2017-08-04 10:21:36");
INSERT INTO likes (like_id, liked_id, like_date) VALUES ("293","56","2017-07-25 02:57:48");
INSERT INTO views (viewer_id, viewed_id, view_date) VALUES ("105","56","2017-08-31 11:53:33");
INSERT INTO views (viewer_id, viewed_id, view_date) VALUES ("298","56","2018-02-08 13:40:47");
INSERT INTO views (viewer_id, viewed_id, view_date) VALUES ("186","56","2017-10-12 02:54:33");
INSERT INTO views (viewer_id, viewed_id, view_date) VALUES ("183","56","2017-05-04 00:06:25");
INSERT INTO views (viewer_id, viewed_id, view_date) VALUES ("25","56","2017-03-24 18:14:57");
INSERT INTO views (viewer_id, viewed_id, view_date) VALUES ("179","56","2017-12-12 09:29:59");
INSERT INTO views (viewer_id, viewed_id, view_date) VALUES ("323","56","2018-01-04 14:47:36");
INSERT INTO views (viewer_id, viewed_id, view_date) VALUES ("218","56","2017-09-06 21:58:10");
INSERT INTO views (viewer_id, viewed_id, view_date) VALUES ("105","56","2017-09-26 23:56:02");
INSERT INTO views (viewer_id, viewed_id, view_date) VALUES ("30","56","2017-04-13 12:03:33");
INSERT INTO views (viewer_id, viewed_id, view_date) VALUES ("243","56","2017-11-25 03:25:12");


INSERT INTO user (id, first_name, last_name, username, email, password, birthdate, gender, orientation, bio, country, state, city, zip, file_1, file_2, file_3, file_4, file_5, score, token, token_date, active, register, created_at, updated_at) VALUES ("57","Austyn","Zemlak","lea51","lindsay.nikolaus@gmail.com","$2y$10$E8iV/E1Ta4NBo0UZsegNw.DAKxPnOqoz02n1UKFLvHpcXi6uZQHjm","1970-10-01 13:52:14","1","2","Atque perferendis est aut quo. Deleniti ea in sunt exercitationem magni. Provident autem ut voluptas aspernatur. Rem nostrum iure quia et. Ut voluptas sed provident dolore unde nihil.","Iraq","","Taureanhaven","95969","../fixtures/male2.jpg","","","","","72","d01bc4e2b73fd317fc11541e1dc1c052","2009-02-22 04:56:46","0","0","1980-07-19 21:07:26","2010-01-02 05:27:47");
INSERT INTO user_tag (user_id, tag_id) VALUES ("57","33");
INSERT INTO user_tag (user_id, tag_id) VALUES ("57","46");
INSERT INTO user_tag (user_id, tag_id) VALUES ("57","25");
INSERT INTO user_tag (user_id, tag_id) VALUES ("57","45");
INSERT INTO user_tag (user_id, tag_id) VALUES ("57","2");
INSERT INTO user_tag (user_id, tag_id) VALUES ("57","22");
INSERT INTO user_tag (user_id, tag_id) VALUES ("57","17");
INSERT INTO user_tag (user_id, tag_id) VALUES ("57","36");
INSERT INTO user_tag (user_id, tag_id) VALUES ("57","25");
INSERT INTO user_tag (user_id, tag_id) VALUES ("57","31");
INSERT INTO user_tag (user_id, tag_id) VALUES ("57","9");
INSERT INTO user_tag (user_id, tag_id) VALUES ("57","44");

INSERT INTO connected (user_id, connect_date) VALUES ("57","2018-01-08 16:51:14");
INSERT INTO likes (like_id, liked_id, like_date) VALUES ("412","57","2017-02-23 00:25:33");
INSERT INTO likes (like_id, liked_id, like_date) VALUES ("5","57","2017-03-21 21:02:40");
INSERT INTO likes (like_id, liked_id, like_date) VALUES ("333","57","2017-06-14 22:31:44");
INSERT INTO likes (like_id, liked_id, like_date) VALUES ("296","57","2018-02-07 18:19:42");
INSERT INTO likes (like_id, liked_id, like_date) VALUES ("216","57","2017-09-11 12:14:36");
INSERT INTO likes (like_id, liked_id, like_date) VALUES ("363","57","2017-07-26 10:17:31");
INSERT INTO likes (like_id, liked_id, like_date) VALUES ("344","57","2017-12-11 09:13:16");
INSERT INTO likes (like_id, liked_id, like_date) VALUES ("150","57","2017-05-31 18:46:57");
INSERT INTO likes (like_id, liked_id, like_date) VALUES ("146","57","2017-05-21 02:16:35");
INSERT INTO likes (like_id, liked_id, like_date) VALUES ("106","57","2017-04-29 19:28:10");
INSERT INTO likes (like_id, liked_id, like_date) VALUES ("273","57","2017-04-17 10:37:08");
INSERT INTO likes (like_id, liked_id, like_date) VALUES ("400","57","2017-08-18 03:18:53");
INSERT INTO likes (like_id, liked_id, like_date) VALUES ("374","57","2017-05-28 10:07:50");
INSERT INTO likes (like_id, liked_id, like_date) VALUES ("74","57","2017-03-22 02:16:05");
INSERT INTO views (viewer_id, viewed_id, view_date) VALUES ("160","57","2018-01-14 18:49:47");
INSERT INTO views (viewer_id, viewed_id, view_date) VALUES ("244","57","2018-02-05 12:38:16");
INSERT INTO views (viewer_id, viewed_id, view_date) VALUES ("99","57","2017-06-11 09:07:32");
INSERT INTO views (viewer_id, viewed_id, view_date) VALUES ("297","57","2017-09-17 12:43:25");
INSERT INTO views (viewer_id, viewed_id, view_date) VALUES ("276","57","2017-07-30 18:27:07");
INSERT INTO views (viewer_id, viewed_id, view_date) VALUES ("445","57","2017-10-25 13:49:09");
INSERT INTO views (viewer_id, viewed_id, view_date) VALUES ("117","57","2018-01-10 08:30:55");
INSERT INTO views (viewer_id, viewed_id, view_date) VALUES ("425","57","2017-06-27 15:37:19");
INSERT INTO views (viewer_id, viewed_id, view_date) VALUES ("332","57","2017-02-25 14:18:24");
INSERT INTO views (viewer_id, viewed_id, view_date) VALUES ("27","57","2017-07-18 16:44:56");
INSERT INTO views (viewer_id, viewed_id, view_date) VALUES ("334","57","2018-01-19 17:09:21");
INSERT INTO views (viewer_id, viewed_id, view_date) VALUES ("91","57","2017-05-31 08:51:02");
INSERT INTO views (viewer_id, viewed_id, view_date) VALUES ("147","57","2017-07-11 06:19:41");
INSERT INTO views (viewer_id, viewed_id, view_date) VALUES ("197","57","2017-05-20 20:45:50");
INSERT INTO views (viewer_id, viewed_id, view_date) VALUES ("397","57","2017-05-11 06:56:09");
INSERT INTO views (viewer_id, viewed_id, view_date) VALUES ("25","57","2017-06-09 20:41:34");


INSERT INTO user (id, first_name, last_name, username, email, password, birthdate, gender, orientation, bio, country, state, city, zip, file_1, file_2, file_3, file_4, file_5, score, token, token_date, active, register, created_at, updated_at) VALUES ("58","Heloise","Hartmann","edwinahackett","ffisher@hotmail.com","$2y$10$CbH747Bq3GaCT4/hUVQXvOpmHTKR.HWqyBwrX6K6ANKyDJ5NKhjui","1990-03-16 22:49:50","2","2","Consequatur vel vel veniam ex et autem aut. Fugit repellat consequuntur laboriosam in provident quia. Dolores omnis ipsa architecto nihil aut.","Kazakhstan","","East Lexus","13741-2128","../fixtures/female5.jpg","../fixtures/female8.jpg","../fixtures/female6.jpg","","","97","a44915a7fdaab549da524464b0b50d06","1990-04-13 23:45:58","0","0","1986-08-19 14:45:43","1977-08-15 21:46:06");
INSERT INTO user_tag (user_id, tag_id) VALUES ("58","12");
INSERT INTO user_tag (user_id, tag_id) VALUES ("58","5");
INSERT INTO user_tag (user_id, tag_id) VALUES ("58","41");
INSERT INTO user_tag (user_id, tag_id) VALUES ("58","12");
INSERT INTO user_tag (user_id, tag_id) VALUES ("58","36");
INSERT INTO user_tag (user_id, tag_id) VALUES ("58","1");
INSERT INTO user_tag (user_id, tag_id) VALUES ("58","48");
INSERT INTO user_tag (user_id, tag_id) VALUES ("58","42");
INSERT INTO user_tag (user_id, tag_id) VALUES ("58","47");

INSERT INTO connected (user_id, connect_date) VALUES ("58","2017-09-19 23:43:43");
INSERT INTO likes (like_id, liked_id, like_date) VALUES ("401","58","2017-06-17 07:34:38");
INSERT INTO likes (like_id, liked_id, like_date) VALUES ("457","58","2017-06-17 15:04:31");
INSERT INTO likes (like_id, liked_id, like_date) VALUES ("268","58","2017-10-05 14:27:03");
INSERT INTO likes (like_id, liked_id, like_date) VALUES ("18","58","2017-07-26 13:26:14");
INSERT INTO likes (like_id, liked_id, like_date) VALUES ("17","58","2017-11-07 10:06:08");
INSERT INTO views (viewer_id, viewed_id, view_date) VALUES ("492","58","2018-02-08 17:56:02");
INSERT INTO views (viewer_id, viewed_id, view_date) VALUES ("16","58","2017-04-11 05:57:49");
INSERT INTO views (viewer_id, viewed_id, view_date) VALUES ("34","58","2017-03-24 22:05:04");
INSERT INTO views (viewer_id, viewed_id, view_date) VALUES ("185","58","2017-02-20 23:13:37");
INSERT INTO views (viewer_id, viewed_id, view_date) VALUES ("226","58","2018-01-05 16:01:42");
INSERT INTO views (viewer_id, viewed_id, view_date) VALUES ("295","58","2017-11-03 10:47:02");
INSERT INTO views (viewer_id, viewed_id, view_date) VALUES ("59","58","2017-07-30 13:49:18");
INSERT INTO views (viewer_id, viewed_id, view_date) VALUES ("216","58","2018-02-06 17:40:02");
INSERT INTO views (viewer_id, viewed_id, view_date) VALUES ("220","58","2017-12-20 16:13:11");
INSERT INTO views (viewer_id, viewed_id, view_date) VALUES ("102","58","2017-04-03 02:23:51");
INSERT INTO views (viewer_id, viewed_id, view_date) VALUES ("441","58","2018-01-26 14:27:17");
INSERT INTO views (viewer_id, viewed_id, view_date) VALUES ("187","58","2017-05-04 17:14:01");
INSERT INTO views (viewer_id, viewed_id, view_date) VALUES ("27","58","2017-09-11 13:45:38");
INSERT INTO views (viewer_id, viewed_id, view_date) VALUES ("86","58","2017-11-10 01:35:24");
INSERT INTO views (viewer_id, viewed_id, view_date) VALUES ("167","58","2018-01-06 23:07:48");
INSERT INTO views (viewer_id, viewed_id, view_date) VALUES ("411","58","2017-05-28 14:21:21");
INSERT INTO views (viewer_id, viewed_id, view_date) VALUES ("183","58","2017-06-09 12:20:23");
INSERT INTO views (viewer_id, viewed_id, view_date) VALUES ("374","58","2017-02-19 20:37:46");
INSERT INTO views (viewer_id, viewed_id, view_date) VALUES ("460","58","2017-06-10 06:02:38");
INSERT INTO views (viewer_id, viewed_id, view_date) VALUES ("50","58","2017-06-14 21:21:01");
INSERT INTO views (viewer_id, viewed_id, view_date) VALUES ("446","58","2017-05-07 21:26:38");
INSERT INTO views (viewer_id, viewed_id, view_date) VALUES ("108","58","2017-09-17 11:27:57");


INSERT INTO user (id, first_name, last_name, username, email, password, birthdate, gender, orientation, bio, country, state, city, zip, file_1, file_2, file_3, file_4, file_5, score, token, token_date, active, register, created_at, updated_at) VALUES ("59","Burley","Pollich","mruecker","dock.stracke@hamill.net","$2y$10$ZuhUpxqgHOJHDRmq0tYDd.scH1pjO3UTJXVlHVd1ieN.rrLvRoSJ6","1964-03-13 14:19:12","2","3","Ut pariatur omnis dignissimos vel aliquid. Ut soluta praesentium nulla dicta voluptatem voluptas odit. Repellat eos rerum ipsum cumque dolorem eum qui.","Antarctica (the territory South of 60 deg S)","","New Pinkland","33310","../fixtures/female4.jpg","../fixtures/female3.jpg","../fixtures/female8.jpg","../fixtures/female7.jpg","../fixtures/female8.jpg","95","6d66c3f680d5b7ea90a5ae7f5a6a5900","1973-03-01 18:36:58","1","0","2014-09-22 18:57:11","2015-03-05 16:55:06");
INSERT INTO user_tag (user_id, tag_id) VALUES ("59","30");
INSERT INTO user_tag (user_id, tag_id) VALUES ("59","49");
INSERT INTO user_tag (user_id, tag_id) VALUES ("59","50");
INSERT INTO user_tag (user_id, tag_id) VALUES ("59","25");
INSERT INTO user_tag (user_id, tag_id) VALUES ("59","17");
INSERT INTO user_tag (user_id, tag_id) VALUES ("59","6");
INSERT INTO user_tag (user_id, tag_id) VALUES ("59","46");
INSERT INTO user_tag (user_id, tag_id) VALUES ("59","8");
INSERT INTO user_tag (user_id, tag_id) VALUES ("59","4");
INSERT INTO user_tag (user_id, tag_id) VALUES ("59","15");
INSERT INTO user_tag (user_id, tag_id) VALUES ("59","46");
INSERT INTO user_tag (user_id, tag_id) VALUES ("59","18");

INSERT INTO connected (user_id, connect_date) VALUES ("59","2018-01-24 08:58:36");
INSERT INTO likes (like_id, liked_id, like_date) VALUES ("170","59","2017-11-26 16:44:02");
INSERT INTO likes (like_id, liked_id, like_date) VALUES ("220","59","2017-06-30 22:12:54");
INSERT INTO likes (like_id, liked_id, like_date) VALUES ("238","59","2017-10-29 06:46:58");
INSERT INTO likes (like_id, liked_id, like_date) VALUES ("162","59","2017-06-16 04:55:30");
INSERT INTO likes (like_id, liked_id, like_date) VALUES ("102","59","2017-03-09 09:39:15");
INSERT INTO likes (like_id, liked_id, like_date) VALUES ("499","59","2017-09-30 03:49:28");
INSERT INTO views (viewer_id, viewed_id, view_date) VALUES ("274","59","2017-06-19 14:34:40");
INSERT INTO views (viewer_id, viewed_id, view_date) VALUES ("460","59","2017-04-11 19:03:16");
INSERT INTO views (viewer_id, viewed_id, view_date) VALUES ("277","59","2017-04-29 00:19:16");
INSERT INTO views (viewer_id, viewed_id, view_date) VALUES ("278","59","2017-12-04 14:32:52");
INSERT INTO views (viewer_id, viewed_id, view_date) VALUES ("324","59","2017-09-30 18:59:08");
INSERT INTO views (viewer_id, viewed_id, view_date) VALUES ("250","59","2017-09-25 15:03:55");
INSERT INTO views (viewer_id, viewed_id, view_date) VALUES ("488","59","2017-03-02 18:09:21");
INSERT INTO views (viewer_id, viewed_id, view_date) VALUES ("138","59","2017-08-09 20:16:06");
INSERT INTO views (viewer_id, viewed_id, view_date) VALUES ("203","59","2017-08-12 19:26:00");


INSERT INTO user (id, first_name, last_name, username, email, password, birthdate, gender, orientation, bio, country, state, city, zip, file_1, file_2, file_3, file_4, file_5, score, token, token_date, active, register, created_at, updated_at) VALUES ("60","Gregorio","Pacocha","eturcotte","croberts@gmail.com","$2y$10$A3Bj965ptSV8XkQYnxUije2aLyhU4WQKAU3TBoxPwKQv89rqcf6Vy","1999-09-01 13:08:52","1","3","Nesciunt rerum dolorem et odit dolore ipsam et. Quaerat in error facilis possimus velit hic omnis maiores. Sapiente quis modi occaecati blanditiis alias omnis eius id.","Cambodia","","Tristianstad","20409-7756","../fixtures/male6.jpg","../fixtures/male8.jpg","../fixtures/male3.jpg","../fixtures/male5.jpg","../fixtures/male10.jpg","57","b1e1e6606d4e8d495d67f2514a6628e3","1972-11-14 12:31:39","0","0","1990-07-18 21:21:16","1986-08-21 14:37:57");
INSERT INTO user_tag (user_id, tag_id) VALUES ("60","39");
INSERT INTO user_tag (user_id, tag_id) VALUES ("60","6");
INSERT INTO user_tag (user_id, tag_id) VALUES ("60","16");
INSERT INTO user_tag (user_id, tag_id) VALUES ("60","12");
INSERT INTO user_tag (user_id, tag_id) VALUES ("60","18");
INSERT INTO user_tag (user_id, tag_id) VALUES ("60","36");
INSERT INTO user_tag (user_id, tag_id) VALUES ("60","18");
INSERT INTO user_tag (user_id, tag_id) VALUES ("60","40");

INSERT INTO connected (user_id, connect_date) VALUES ("60","2018-01-23 15:53:18");
INSERT INTO likes (like_id, liked_id, like_date) VALUES ("208","60","2017-09-20 01:51:16");
INSERT INTO likes (like_id, liked_id, like_date) VALUES ("105","60","2017-09-09 06:31:18");
INSERT INTO likes (like_id, liked_id, like_date) VALUES ("209","60","2017-10-16 13:31:53");
INSERT INTO likes (like_id, liked_id, like_date) VALUES ("282","60","2017-11-07 00:41:28");
INSERT INTO likes (like_id, liked_id, like_date) VALUES ("16","60","2017-09-19 04:58:24");
INSERT INTO likes (like_id, liked_id, like_date) VALUES ("240","60","2017-03-28 05:36:31");
INSERT INTO likes (like_id, liked_id, like_date) VALUES ("154","60","2017-11-07 12:57:28");
INSERT INTO likes (like_id, liked_id, like_date) VALUES ("306","60","2017-12-31 06:03:00");
INSERT INTO likes (like_id, liked_id, like_date) VALUES ("121","60","2017-10-29 13:14:30");
INSERT INTO likes (like_id, liked_id, like_date) VALUES ("325","60","2017-04-01 02:21:43");
INSERT INTO likes (like_id, liked_id, like_date) VALUES ("254","60","2017-08-28 14:17:17");
INSERT INTO views (viewer_id, viewed_id, view_date) VALUES ("272","60","2017-05-14 22:38:24");
INSERT INTO views (viewer_id, viewed_id, view_date) VALUES ("133","60","2017-11-07 00:34:22");
INSERT INTO views (viewer_id, viewed_id, view_date) VALUES ("178","60","2018-01-12 10:13:46");
INSERT INTO views (viewer_id, viewed_id, view_date) VALUES ("429","60","2017-08-16 14:13:53");
INSERT INTO views (viewer_id, viewed_id, view_date) VALUES ("344","60","2017-12-04 15:12:56");
INSERT INTO views (viewer_id, viewed_id, view_date) VALUES ("376","60","2017-10-11 15:08:12");
INSERT INTO views (viewer_id, viewed_id, view_date) VALUES ("35","60","2017-06-22 06:45:27");
INSERT INTO views (viewer_id, viewed_id, view_date) VALUES ("435","60","2018-02-07 09:52:42");
INSERT INTO views (viewer_id, viewed_id, view_date) VALUES ("326","60","2017-12-25 12:03:20");


INSERT INTO user (id, first_name, last_name, username, email, password, birthdate, gender, orientation, bio, country, state, city, zip, file_1, file_2, file_3, file_4, file_5, score, token, token_date, active, register, created_at, updated_at) VALUES ("61","Abbigail","Bechtelar","percykunze","vokeefe@hotmail.com","$2y$10$FQQ0tmTdFvkyrA4PYDcyleqMozbCrQXwbdfCYztVIrzij4PBjkZ1K","1968-09-06 03:02:57","2","2","Amet eligendi officiis nulla tempore. Debitis est ut dolore non saepe exercitationem. Quis laboriosam sint tempore omnis earum fuga.","Paraguay","","Lake Emelia","74837-1896","../fixtures/female6.jpg","","","","","64","c79ba6ace03d03a49e412f34e0e392bf","2017-01-25 12:09:22","1","1","1984-02-15 22:29:10","2006-08-02 12:45:16");
INSERT INTO user_tag (user_id, tag_id) VALUES ("61","45");
INSERT INTO user_tag (user_id, tag_id) VALUES ("61","11");
INSERT INTO user_tag (user_id, tag_id) VALUES ("61","31");
INSERT INTO user_tag (user_id, tag_id) VALUES ("61","5");
INSERT INTO user_tag (user_id, tag_id) VALUES ("61","3");
INSERT INTO user_tag (user_id, tag_id) VALUES ("61","41");

INSERT INTO connected (user_id, connect_date) VALUES ("61","2018-01-07 03:42:51");
INSERT INTO likes (like_id, liked_id, like_date) VALUES ("392","61","2017-03-23 17:20:59");
INSERT INTO likes (like_id, liked_id, like_date) VALUES ("348","61","2017-02-17 00:09:54");
INSERT INTO likes (like_id, liked_id, like_date) VALUES ("463","61","2017-03-17 23:21:15");
INSERT INTO views (viewer_id, viewed_id, view_date) VALUES ("427","61","2017-07-20 00:28:08");
INSERT INTO views (viewer_id, viewed_id, view_date) VALUES ("392","61","2017-06-03 17:08:03");
INSERT INTO views (viewer_id, viewed_id, view_date) VALUES ("494","61","2017-03-31 19:50:08");
INSERT INTO views (viewer_id, viewed_id, view_date) VALUES ("23","61","2017-05-02 02:45:59");
INSERT INTO views (viewer_id, viewed_id, view_date) VALUES ("466","61","2018-01-20 06:43:57");
INSERT INTO views (viewer_id, viewed_id, view_date) VALUES ("264","61","2017-02-25 18:50:20");
INSERT INTO views (viewer_id, viewed_id, view_date) VALUES ("411","61","2017-05-31 12:25:27");
INSERT INTO views (viewer_id, viewed_id, view_date) VALUES ("269","61","2017-02-27 11:44:48");
INSERT INTO views (viewer_id, viewed_id, view_date) VALUES ("337","61","2017-06-19 03:49:39");
INSERT INTO views (viewer_id, viewed_id, view_date) VALUES ("278","61","2017-08-22 02:59:04");
INSERT INTO views (viewer_id, viewed_id, view_date) VALUES ("375","61","2017-04-17 02:42:34");
INSERT INTO views (viewer_id, viewed_id, view_date) VALUES ("209","61","2017-05-22 13:46:39");
INSERT INTO views (viewer_id, viewed_id, view_date) VALUES ("449","61","2017-09-27 01:22:30");
INSERT INTO views (viewer_id, viewed_id, view_date) VALUES ("475","61","2017-08-26 08:42:35");
INSERT INTO views (viewer_id, viewed_id, view_date) VALUES ("194","61","2017-04-23 23:43:04");
INSERT INTO views (viewer_id, viewed_id, view_date) VALUES ("287","61","2017-12-25 13:11:00");
INSERT INTO views (viewer_id, viewed_id, view_date) VALUES ("125","61","2017-04-30 01:19:07");
INSERT INTO views (viewer_id, viewed_id, view_date) VALUES ("3","61","2017-05-02 21:24:26");
INSERT INTO views (viewer_id, viewed_id, view_date) VALUES ("231","61","2017-12-22 22:37:05");
INSERT INTO views (viewer_id, viewed_id, view_date) VALUES ("245","61","2017-09-09 16:18:09");
INSERT INTO views (viewer_id, viewed_id, view_date) VALUES ("493","61","2017-02-17 03:26:27");
INSERT INTO views (viewer_id, viewed_id, view_date) VALUES ("159","61","2017-03-19 18:49:16");
INSERT INTO views (viewer_id, viewed_id, view_date) VALUES ("361","61","2017-09-28 08:41:27");
INSERT INTO views (viewer_id, viewed_id, view_date) VALUES ("314","61","2017-12-02 06:04:45");
INSERT INTO views (viewer_id, viewed_id, view_date) VALUES ("376","61","2017-09-10 20:47:00");
INSERT INTO views (viewer_id, viewed_id, view_date) VALUES ("496","61","2017-06-11 22:54:33");
INSERT INTO views (viewer_id, viewed_id, view_date) VALUES ("64","61","2017-05-22 18:26:03");
INSERT INTO views (viewer_id, viewed_id, view_date) VALUES ("293","61","2017-12-23 08:59:56");
INSERT INTO views (viewer_id, viewed_id, view_date) VALUES ("388","61","2017-06-26 18:10:29");
INSERT INTO views (viewer_id, viewed_id, view_date) VALUES ("126","61","2017-12-16 22:31:51");
INSERT INTO views (viewer_id, viewed_id, view_date) VALUES ("406","61","2017-05-22 18:28:04");


INSERT INTO user (id, first_name, last_name, username, email, password, birthdate, gender, orientation, bio, country, state, city, zip, file_1, file_2, file_3, file_4, file_5, score, token, token_date, active, register, created_at, updated_at) VALUES ("62","Macy","Lang","vmann","micaela19@daniel.com","$2y$10$q1l8WDgpd7HZF7VgMN7n/uQsQWfwnHU1IA.OJ6u0AvSacZYygC6mG","1983-07-18 20:57:50","2","3","Mollitia quisquam rerum dolores. Natus aspernatur omnis distinctio quas. Sunt delectus dolores consequuntur amet.","Somalia","","Lake Lacey","43536-7669","../fixtures/female7.jpg","../fixtures/female4.jpg","../fixtures/female9.jpg","../fixtures/female1.jpg","","71","709561cf7b307af9dc91b0dea2ec3119","1982-10-29 13:07:25","1","0","2001-03-19 03:46:46","2005-12-06 10:25:42");
INSERT INTO user_tag (user_id, tag_id) VALUES ("62","40");
INSERT INTO user_tag (user_id, tag_id) VALUES ("62","16");
INSERT INTO user_tag (user_id, tag_id) VALUES ("62","44");
INSERT INTO user_tag (user_id, tag_id) VALUES ("62","26");
INSERT INTO user_tag (user_id, tag_id) VALUES ("62","2");
INSERT INTO user_tag (user_id, tag_id) VALUES ("62","37");
INSERT INTO user_tag (user_id, tag_id) VALUES ("62","31");
INSERT INTO user_tag (user_id, tag_id) VALUES ("62","27");

INSERT INTO connected (user_id, connect_date) VALUES ("62","2017-09-09 04:13:21");
INSERT INTO likes (like_id, liked_id, like_date) VALUES ("178","62","2017-11-21 14:32:57");
INSERT INTO likes (like_id, liked_id, like_date) VALUES ("314","62","2017-10-23 15:30:11");
INSERT INTO likes (like_id, liked_id, like_date) VALUES ("213","62","2017-05-04 18:27:15");
INSERT INTO likes (like_id, liked_id, like_date) VALUES ("470","62","2017-05-01 17:50:31");
INSERT INTO likes (like_id, liked_id, like_date) VALUES ("285","62","2017-10-10 20:46:33");
INSERT INTO likes (like_id, liked_id, like_date) VALUES ("174","62","2017-08-11 23:00:14");
INSERT INTO likes (like_id, liked_id, like_date) VALUES ("461","62","2017-08-02 03:26:29");
INSERT INTO likes (like_id, liked_id, like_date) VALUES ("344","62","2017-11-01 22:59:58");
INSERT INTO likes (like_id, liked_id, like_date) VALUES ("312","62","2018-01-07 11:45:59");
INSERT INTO likes (like_id, liked_id, like_date) VALUES ("9","62","2017-05-11 07:51:26");
INSERT INTO likes (like_id, liked_id, like_date) VALUES ("93","62","2017-06-18 23:53:23");
INSERT INTO likes (like_id, liked_id, like_date) VALUES ("92","62","2017-09-24 16:43:15");
INSERT INTO likes (like_id, liked_id, like_date) VALUES ("136","62","2017-10-02 19:26:00");
INSERT INTO views (viewer_id, viewed_id, view_date) VALUES ("87","62","2017-08-10 22:58:02");
INSERT INTO views (viewer_id, viewed_id, view_date) VALUES ("78","62","2018-01-18 18:45:31");
INSERT INTO views (viewer_id, viewed_id, view_date) VALUES ("22","62","2017-09-05 03:52:48");
INSERT INTO views (viewer_id, viewed_id, view_date) VALUES ("419","62","2017-11-22 01:43:37");
INSERT INTO views (viewer_id, viewed_id, view_date) VALUES ("470","62","2017-11-12 00:54:45");


INSERT INTO user (id, first_name, last_name, username, email, password, birthdate, gender, orientation, bio, country, state, city, zip, file_1, file_2, file_3, file_4, file_5, score, token, token_date, active, register, created_at, updated_at) VALUES ("63","Jerrold","Eichmann","tabbott","jermaine.wolf@yahoo.com","$2y$10$XNV6AzL3pfoz6hU/fcMjBuRjBL/MJI.uEudWIz1FeRkqdAwmz7xc2","1961-10-10 13:04:37","1","3","Dolor id et occaecati nisi quia veritatis molestiae. Deserunt voluptatibus dolorem quasi deleniti aspernatur id. Possimus placeat dolorum sunt est. Voluptas officiis in blanditiis et earum. Dolorem doloribus voluptatem nesciunt.","El Salvador","","South Adela","81395-1222","../fixtures/male5.jpg","../fixtures/male6.jpg","../fixtures/male8.jpg","","","72","33bae53568a326859f39800f435e9c7a","2011-04-06 11:22:55","1","0","2004-10-08 17:07:36","2004-03-11 04:32:36");
INSERT INTO user_tag (user_id, tag_id) VALUES ("63","26");
INSERT INTO user_tag (user_id, tag_id) VALUES ("63","36");

INSERT INTO connected (user_id, connect_date) VALUES ("63","2017-06-17 20:29:52");
INSERT INTO likes (like_id, liked_id, like_date) VALUES ("252","63","2017-04-30 12:51:15");
INSERT INTO likes (like_id, liked_id, like_date) VALUES ("181","63","2017-11-17 04:37:26");
INSERT INTO likes (like_id, liked_id, like_date) VALUES ("413","63","2017-10-13 22:39:32");
INSERT INTO likes (like_id, liked_id, like_date) VALUES ("483","63","2017-10-04 14:45:38");
INSERT INTO likes (like_id, liked_id, like_date) VALUES ("408","63","2017-05-06 18:31:54");
INSERT INTO likes (like_id, liked_id, like_date) VALUES ("244","63","2017-08-01 02:20:44");
INSERT INTO views (viewer_id, viewed_id, view_date) VALUES ("491","63","2017-09-05 02:56:21");
INSERT INTO views (viewer_id, viewed_id, view_date) VALUES ("391","63","2017-09-04 08:38:59");
INSERT INTO views (viewer_id, viewed_id, view_date) VALUES ("316","63","2018-02-06 22:00:20");
INSERT INTO views (viewer_id, viewed_id, view_date) VALUES ("268","63","2017-12-24 16:33:19");
INSERT INTO views (viewer_id, viewed_id, view_date) VALUES ("192","63","2017-10-11 04:14:11");
INSERT INTO views (viewer_id, viewed_id, view_date) VALUES ("415","63","2017-10-04 12:25:54");
INSERT INTO views (viewer_id, viewed_id, view_date) VALUES ("53","63","2017-12-07 11:37:28");
INSERT INTO views (viewer_id, viewed_id, view_date) VALUES ("472","63","2017-12-01 15:26:46");
INSERT INTO views (viewer_id, viewed_id, view_date) VALUES ("477","63","2017-08-25 21:27:55");
INSERT INTO views (viewer_id, viewed_id, view_date) VALUES ("323","63","2017-03-22 01:02:01");
INSERT INTO views (viewer_id, viewed_id, view_date) VALUES ("304","63","2017-06-06 06:08:42");
INSERT INTO views (viewer_id, viewed_id, view_date) VALUES ("139","63","2018-01-27 10:00:35");
INSERT INTO views (viewer_id, viewed_id, view_date) VALUES ("136","63","2017-08-02 16:36:05");
INSERT INTO views (viewer_id, viewed_id, view_date) VALUES ("475","63","2017-02-20 10:27:21");
INSERT INTO views (viewer_id, viewed_id, view_date) VALUES ("358","63","2017-09-26 23:29:48");
INSERT INTO views (viewer_id, viewed_id, view_date) VALUES ("124","63","2017-03-17 12:51:06");
INSERT INTO views (viewer_id, viewed_id, view_date) VALUES ("462","63","2017-09-17 11:49:28");
INSERT INTO views (viewer_id, viewed_id, view_date) VALUES ("359","63","2017-10-30 14:56:07");
INSERT INTO views (viewer_id, viewed_id, view_date) VALUES ("385","63","2017-10-18 18:40:59");
INSERT INTO views (viewer_id, viewed_id, view_date) VALUES ("180","63","2017-07-07 19:28:22");
INSERT INTO views (viewer_id, viewed_id, view_date) VALUES ("65","63","2017-04-04 19:08:13");
INSERT INTO views (viewer_id, viewed_id, view_date) VALUES ("494","63","2017-11-18 01:52:32");
INSERT INTO views (viewer_id, viewed_id, view_date) VALUES ("88","63","2017-07-09 22:23:02");
INSERT INTO views (viewer_id, viewed_id, view_date) VALUES ("364","63","2017-02-19 01:22:54");
INSERT INTO views (viewer_id, viewed_id, view_date) VALUES ("455","63","2018-01-20 14:01:42");
INSERT INTO views (viewer_id, viewed_id, view_date) VALUES ("233","63","2017-12-27 16:12:17");
INSERT INTO views (viewer_id, viewed_id, view_date) VALUES ("75","63","2018-01-29 22:48:37");


INSERT INTO user (id, first_name, last_name, username, email, password, birthdate, gender, orientation, bio, country, state, city, zip, file_1, file_2, file_3, file_4, file_5, score, token, token_date, active, register, created_at, updated_at) VALUES ("64","Lavon","Bailey","norenespinka","glover.kaela@haley.com","$2y$10$RSA4YnJWWyZwJpC8N9prKe8kt7MN6x/GqbSUYz.55RZSyPUDc4xNS","1958-04-03 11:38:25","2","1","Perferendis consequatur animi totam. Ipsam voluptatum omnis nihil ullam cumque qui. Est qui facere est tempora est est asperiores nisi. Qui quidem qui rem perferendis nesciunt ut consectetur vero. Molestiae voluptate perferendis velit.","Tanzania","","New Sierra","45078-8971","../fixtures/female10.jpg","../fixtures/female6.jpg","../fixtures/female8.jpg","../fixtures/female10.jpg","../fixtures/female9.jpg","88","cb7ae0e80388978a65b59490222a842d","1997-02-01 16:14:30","0","0","2002-12-12 20:18:57","2003-05-07 11:25:56");
INSERT INTO user_tag (user_id, tag_id) VALUES ("64","16");
INSERT INTO user_tag (user_id, tag_id) VALUES ("64","13");
INSERT INTO user_tag (user_id, tag_id) VALUES ("64","32");

INSERT INTO connected (user_id, connect_date) VALUES ("64","2017-12-24 18:43:43");
INSERT INTO likes (like_id, liked_id, like_date) VALUES ("159","64","2017-09-17 01:48:58");
INSERT INTO likes (like_id, liked_id, like_date) VALUES ("89","64","2017-03-15 21:59:50");
INSERT INTO likes (like_id, liked_id, like_date) VALUES ("10","64","2017-05-10 00:55:33");
INSERT INTO likes (like_id, liked_id, like_date) VALUES ("221","64","2017-06-15 02:05:58");
INSERT INTO likes (like_id, liked_id, like_date) VALUES ("259","64","2017-06-30 07:11:09");
INSERT INTO likes (like_id, liked_id, like_date) VALUES ("32","64","2017-09-19 21:58:18");
INSERT INTO likes (like_id, liked_id, like_date) VALUES ("180","64","2018-01-29 04:52:46");
INSERT INTO likes (like_id, liked_id, like_date) VALUES ("494","64","2017-10-05 10:53:17");
INSERT INTO likes (like_id, liked_id, like_date) VALUES ("100","64","2017-05-01 02:20:55");
INSERT INTO likes (like_id, liked_id, like_date) VALUES ("183","64","2017-03-06 04:50:00");
INSERT INTO likes (like_id, liked_id, like_date) VALUES ("70","64","2017-03-30 09:36:34");
INSERT INTO likes (like_id, liked_id, like_date) VALUES ("225","64","2017-04-23 03:28:10");
INSERT INTO likes (like_id, liked_id, like_date) VALUES ("7","64","2017-11-09 19:50:02");
INSERT INTO likes (like_id, liked_id, like_date) VALUES ("107","64","2018-01-03 09:26:02");
INSERT INTO likes (like_id, liked_id, like_date) VALUES ("23","64","2017-07-24 13:21:22");
INSERT INTO views (viewer_id, viewed_id, view_date) VALUES ("8","64","2017-05-31 01:06:13");
INSERT INTO views (viewer_id, viewed_id, view_date) VALUES ("129","64","2017-11-28 08:49:43");
INSERT INTO views (viewer_id, viewed_id, view_date) VALUES ("109","64","2017-05-04 10:34:53");
INSERT INTO views (viewer_id, viewed_id, view_date) VALUES ("464","64","2017-08-24 22:23:04");
INSERT INTO views (viewer_id, viewed_id, view_date) VALUES ("194","64","2017-04-01 14:49:11");
INSERT INTO views (viewer_id, viewed_id, view_date) VALUES ("189","64","2017-08-13 03:11:06");
INSERT INTO views (viewer_id, viewed_id, view_date) VALUES ("230","64","2017-07-31 23:10:23");
INSERT INTO views (viewer_id, viewed_id, view_date) VALUES ("306","64","2017-11-09 20:58:29");
INSERT INTO views (viewer_id, viewed_id, view_date) VALUES ("178","64","2017-09-01 15:54:49");
INSERT INTO views (viewer_id, viewed_id, view_date) VALUES ("466","64","2018-02-01 00:19:19");
INSERT INTO views (viewer_id, viewed_id, view_date) VALUES ("109","64","2018-01-15 08:19:30");
INSERT INTO views (viewer_id, viewed_id, view_date) VALUES ("93","64","2017-11-08 02:15:39");
INSERT INTO views (viewer_id, viewed_id, view_date) VALUES ("383","64","2017-08-02 13:13:00");
INSERT INTO views (viewer_id, viewed_id, view_date) VALUES ("425","64","2017-06-15 03:53:54");
INSERT INTO views (viewer_id, viewed_id, view_date) VALUES ("28","64","2017-12-28 06:14:45");


INSERT INTO user (id, first_name, last_name, username, email, password, birthdate, gender, orientation, bio, country, state, city, zip, file_1, file_2, file_3, file_4, file_5, score, token, token_date, active, register, created_at, updated_at) VALUES ("65","Jorge","Rowe","myriam48","denis01@yahoo.com","$2y$10$omJLrinTPKzNo.P6azDnJe36hzOsOxwqhbsjDs6I9jX9xw38k4/Ym","1960-03-10 01:43:35","2","1","Ipsa alias recusandae soluta quas. Sunt soluta saepe odio. Voluptas quia facere non temporibus libero. Et dolorem odio quo aut placeat vitae.","Cambodia","","West Meaganfurt","49449-1284","../fixtures/female5.jpg","../fixtures/female4.jpg","../fixtures/female5.jpg","","","48","fb4bb9a461c6786770d9835ca6ec4913","1993-02-22 23:27:40","0","0","1979-06-15 21:14:24","1989-03-16 04:41:40");
INSERT INTO user_tag (user_id, tag_id) VALUES ("65","20");
INSERT INTO user_tag (user_id, tag_id) VALUES ("65","35");
INSERT INTO user_tag (user_id, tag_id) VALUES ("65","7");
INSERT INTO user_tag (user_id, tag_id) VALUES ("65","35");
INSERT INTO user_tag (user_id, tag_id) VALUES ("65","31");
INSERT INTO user_tag (user_id, tag_id) VALUES ("65","9");
INSERT INTO user_tag (user_id, tag_id) VALUES ("65","1");
INSERT INTO user_tag (user_id, tag_id) VALUES ("65","4");
INSERT INTO user_tag (user_id, tag_id) VALUES ("65","33");
INSERT INTO user_tag (user_id, tag_id) VALUES ("65","4");
INSERT INTO user_tag (user_id, tag_id) VALUES ("65","36");

INSERT INTO connected (user_id, connect_date) VALUES ("65","2017-11-05 16:47:51");
INSERT INTO likes (like_id, liked_id, like_date) VALUES ("53","65","2017-06-08 01:16:06");
INSERT INTO likes (like_id, liked_id, like_date) VALUES ("202","65","2017-06-04 11:37:28");
INSERT INTO likes (like_id, liked_id, like_date) VALUES ("162","65","2017-03-11 07:28:04");
INSERT INTO likes (like_id, liked_id, like_date) VALUES ("276","65","2017-06-28 11:47:17");
INSERT INTO views (viewer_id, viewed_id, view_date) VALUES ("74","65","2017-03-26 10:12:29");
INSERT INTO views (viewer_id, viewed_id, view_date) VALUES ("393","65","2017-08-22 21:55:28");
INSERT INTO views (viewer_id, viewed_id, view_date) VALUES ("61","65","2018-01-15 07:06:11");
INSERT INTO views (viewer_id, viewed_id, view_date) VALUES ("185","65","2017-07-28 20:18:06");
INSERT INTO views (viewer_id, viewed_id, view_date) VALUES ("188","65","2017-06-13 19:35:15");
INSERT INTO views (viewer_id, viewed_id, view_date) VALUES ("145","65","2017-10-05 23:09:29");
INSERT INTO views (viewer_id, viewed_id, view_date) VALUES ("301","65","2017-08-20 14:22:18");
INSERT INTO views (viewer_id, viewed_id, view_date) VALUES ("402","65","2017-03-10 22:41:59");
INSERT INTO views (viewer_id, viewed_id, view_date) VALUES ("268","65","2017-07-22 08:16:50");
INSERT INTO views (viewer_id, viewed_id, view_date) VALUES ("425","65","2018-01-31 19:09:26");
INSERT INTO views (viewer_id, viewed_id, view_date) VALUES ("487","65","2017-03-25 22:39:45");
INSERT INTO views (viewer_id, viewed_id, view_date) VALUES ("264","65","2017-10-06 03:22:18");
INSERT INTO views (viewer_id, viewed_id, view_date) VALUES ("396","65","2018-01-22 14:20:11");
INSERT INTO views (viewer_id, viewed_id, view_date) VALUES ("12","65","2018-01-15 02:55:21");
INSERT INTO views (viewer_id, viewed_id, view_date) VALUES ("69","65","2017-06-04 21:36:39");
INSERT INTO views (viewer_id, viewed_id, view_date) VALUES ("402","65","2017-08-20 06:54:55");
INSERT INTO views (viewer_id, viewed_id, view_date) VALUES ("424","65","2017-10-16 07:55:40");


INSERT INTO user (id, first_name, last_name, username, email, password, birthdate, gender, orientation, bio, country, state, city, zip, file_1, file_2, file_3, file_4, file_5, score, token, token_date, active, register, created_at, updated_at) VALUES ("66","Kaylah","Wolf","carolyne06","xtoy@hotmail.com","$2y$10$en2wwd0vjMYXN8F.weoLiOW1wqg5IKaEFykiw4QwdszQhZxhXj64S","1951-01-16 18:52:31","1","2","Maiores et ut eos qui modi et corrupti. Rerum quam quidem autem distinctio eos. Sunt dolores ipsa excepturi dicta quia. Maxime qui quisquam aspernatur doloribus.","Gambia","","Mullerchester","53613-9120","../fixtures/male1.jpg","../fixtures/male8.jpg","../fixtures/male10.jpg","../fixtures/male3.jpg","../fixtures/male8.jpg","100","777b36e7a2b16a2e000ba1184ddfe095","1994-07-12 13:46:33","0","0","2009-08-05 18:19:35","1977-07-28 23:12:49");
INSERT INTO user_tag (user_id, tag_id) VALUES ("66","15");

INSERT INTO connected (user_id, connect_date) VALUES ("66","2017-07-12 22:23:16");
INSERT INTO likes (like_id, liked_id, like_date) VALUES ("449","66","2018-01-26 16:11:03");
INSERT INTO likes (like_id, liked_id, like_date) VALUES ("151","66","2017-11-02 03:39:29");
INSERT INTO likes (like_id, liked_id, like_date) VALUES ("315","66","2018-01-01 16:34:57");
INSERT INTO likes (like_id, liked_id, like_date) VALUES ("491","66","2018-01-19 15:12:55");
INSERT INTO likes (like_id, liked_id, like_date) VALUES ("22","66","2017-11-20 16:08:17");
INSERT INTO likes (like_id, liked_id, like_date) VALUES ("40","66","2017-09-27 13:23:09");
INSERT INTO likes (like_id, liked_id, like_date) VALUES ("210","66","2018-01-07 14:38:18");
INSERT INTO likes (like_id, liked_id, like_date) VALUES ("24","66","2017-04-03 22:23:14");
INSERT INTO likes (like_id, liked_id, like_date) VALUES ("49","66","2018-02-10 14:30:13");
INSERT INTO likes (like_id, liked_id, like_date) VALUES ("373","66","2017-05-19 16:53:47");
INSERT INTO likes (like_id, liked_id, like_date) VALUES ("21","66","2017-05-15 21:16:17");
INSERT INTO views (viewer_id, viewed_id, view_date) VALUES ("470","66","2017-05-14 01:59:10");
INSERT INTO views (viewer_id, viewed_id, view_date) VALUES ("200","66","2017-11-05 17:08:53");
INSERT INTO views (viewer_id, viewed_id, view_date) VALUES ("156","66","2017-10-20 13:31:19");
INSERT INTO views (viewer_id, viewed_id, view_date) VALUES ("28","66","2017-02-28 09:40:53");
INSERT INTO views (viewer_id, viewed_id, view_date) VALUES ("418","66","2017-10-20 22:08:04");
INSERT INTO views (viewer_id, viewed_id, view_date) VALUES ("136","66","2018-01-08 15:01:30");
INSERT INTO views (viewer_id, viewed_id, view_date) VALUES ("452","66","2017-09-10 04:00:37");
INSERT INTO views (viewer_id, viewed_id, view_date) VALUES ("23","66","2017-12-01 21:38:08");
INSERT INTO views (viewer_id, viewed_id, view_date) VALUES ("47","66","2017-06-19 17:27:57");
INSERT INTO views (viewer_id, viewed_id, view_date) VALUES ("282","66","2017-11-11 04:46:31");
INSERT INTO views (viewer_id, viewed_id, view_date) VALUES ("393","66","2018-01-06 22:23:32");


INSERT INTO user (id, first_name, last_name, username, email, password, birthdate, gender, orientation, bio, country, state, city, zip, file_1, file_2, file_3, file_4, file_5, score, token, token_date, active, register, created_at, updated_at) VALUES ("67","Betty","Abshire","merlswift","hgerhold@yahoo.com","$2y$10$ZlEcnfeQTf7dCJ4C8KzRBu5jN.2mdBqtQiMxZ6y29KsGouQbd2HWu","1959-05-11 04:26:13","1","1","Repellat numquam blanditiis nostrum eum. Ipsa non eos omnis cupiditate natus. Distinctio ad vel ad distinctio omnis ut.","Montserrat","","New Marcellabury","83247","../fixtures/male2.jpg","../fixtures/male2.jpg","../fixtures/male3.jpg","../fixtures/male9.jpg","","7","2e456bf36818cc47e3cb868c979a13b5","2014-06-28 14:27:05","0","0","1973-02-14 15:36:08","1972-11-07 09:45:11");
INSERT INTO user_tag (user_id, tag_id) VALUES ("67","49");

INSERT INTO connected (user_id, connect_date) VALUES ("67","2018-02-10 16:32:17");
INSERT INTO likes (like_id, liked_id, like_date) VALUES ("140","67","2017-06-26 03:29:59");
INSERT INTO likes (like_id, liked_id, like_date) VALUES ("7","67","2017-07-25 11:18:48");
INSERT INTO likes (like_id, liked_id, like_date) VALUES ("416","67","2017-10-13 18:51:41");
INSERT INTO likes (like_id, liked_id, like_date) VALUES ("333","67","2017-05-27 23:28:30");
INSERT INTO likes (like_id, liked_id, like_date) VALUES ("323","67","2017-08-14 04:06:50");
INSERT INTO likes (like_id, liked_id, like_date) VALUES ("202","67","2017-09-18 06:37:43");
INSERT INTO likes (like_id, liked_id, like_date) VALUES ("142","67","2018-01-04 13:51:57");
INSERT INTO likes (like_id, liked_id, like_date) VALUES ("297","67","2017-12-27 07:06:12");
INSERT INTO likes (like_id, liked_id, like_date) VALUES ("63","67","2017-04-11 06:25:49");
INSERT INTO likes (like_id, liked_id, like_date) VALUES ("326","67","2017-06-07 19:18:31");
INSERT INTO likes (like_id, liked_id, like_date) VALUES ("170","67","2017-11-09 10:54:52");
INSERT INTO likes (like_id, liked_id, like_date) VALUES ("295","67","2017-03-30 22:53:33");
INSERT INTO likes (like_id, liked_id, like_date) VALUES ("326","67","2017-07-13 07:45:26");
INSERT INTO likes (like_id, liked_id, like_date) VALUES ("72","67","2017-11-14 02:04:17");
INSERT INTO likes (like_id, liked_id, like_date) VALUES ("366","67","2018-02-03 01:54:54");
INSERT INTO views (viewer_id, viewed_id, view_date) VALUES ("321","67","2017-04-27 01:19:55");
INSERT INTO views (viewer_id, viewed_id, view_date) VALUES ("116","67","2017-08-08 23:01:13");
INSERT INTO views (viewer_id, viewed_id, view_date) VALUES ("245","67","2017-06-17 01:13:12");
INSERT INTO views (viewer_id, viewed_id, view_date) VALUES ("341","67","2017-07-24 23:24:55");


INSERT INTO user (id, first_name, last_name, username, email, password, birthdate, gender, orientation, bio, country, state, city, zip, file_1, file_2, file_3, file_4, file_5, score, token, token_date, active, register, created_at, updated_at) VALUES ("68","Kelli","Goyette","thadkuhic","hfeil@ankunding.org","$2y$10$KyUk6NdVZ88yh6lUnCg8sOVfQO.nmVJkYS7uHb6dBPDHNVHRo8x3K","1961-06-11 13:40:36","1","1","Est commodi incidunt est qui quasi magnam. Nihil similique esse sunt maxime. Eum vero nostrum aspernatur.","Guam","","Port Karianne","33724-1928","../fixtures/male4.jpg","../fixtures/male5.jpg","../fixtures/male5.jpg","","","75","f43edbc806112195a20d9fc7f50f4ed4","1978-01-27 14:57:48","1","1","1975-09-20 02:51:35","1982-07-09 06:52:11");
INSERT INTO user_tag (user_id, tag_id) VALUES ("68","19");
INSERT INTO user_tag (user_id, tag_id) VALUES ("68","37");
INSERT INTO user_tag (user_id, tag_id) VALUES ("68","7");
INSERT INTO user_tag (user_id, tag_id) VALUES ("68","6");
INSERT INTO user_tag (user_id, tag_id) VALUES ("68","25");
INSERT INTO user_tag (user_id, tag_id) VALUES ("68","10");

INSERT INTO connected (user_id, connect_date) VALUES ("68","2017-03-25 19:13:03");
INSERT INTO likes (like_id, liked_id, like_date) VALUES ("424","68","2017-12-02 23:30:26");
INSERT INTO likes (like_id, liked_id, like_date) VALUES ("48","68","2017-06-23 12:56:43");
INSERT INTO likes (like_id, liked_id, like_date) VALUES ("306","68","2017-11-30 03:53:27");
INSERT INTO likes (like_id, liked_id, like_date) VALUES ("315","68","2018-01-11 23:36:53");
INSERT INTO likes (like_id, liked_id, like_date) VALUES ("56","68","2017-02-23 15:53:52");
INSERT INTO likes (like_id, liked_id, like_date) VALUES ("265","68","2017-04-12 18:17:54");
INSERT INTO likes (like_id, liked_id, like_date) VALUES ("457","68","2017-07-31 15:46:06");
INSERT INTO likes (like_id, liked_id, like_date) VALUES ("499","68","2017-04-05 13:29:00");
INSERT INTO likes (like_id, liked_id, like_date) VALUES ("304","68","2017-09-29 05:59:53");
INSERT INTO likes (like_id, liked_id, like_date) VALUES ("262","68","2017-10-30 11:34:15");
INSERT INTO likes (like_id, liked_id, like_date) VALUES ("85","68","2017-10-23 14:55:23");
INSERT INTO likes (like_id, liked_id, like_date) VALUES ("158","68","2017-04-28 23:38:34");
INSERT INTO likes (like_id, liked_id, like_date) VALUES ("60","68","2018-02-02 20:40:29");
INSERT INTO likes (like_id, liked_id, like_date) VALUES ("156","68","2017-04-25 00:00:45");
INSERT INTO likes (like_id, liked_id, like_date) VALUES ("33","68","2017-02-26 08:26:06");
INSERT INTO likes (like_id, liked_id, like_date) VALUES ("303","68","2018-01-31 06:45:36");
INSERT INTO likes (like_id, liked_id, like_date) VALUES ("214","68","2017-10-15 11:40:22");
INSERT INTO views (viewer_id, viewed_id, view_date) VALUES ("51","68","2017-12-01 16:08:57");
INSERT INTO views (viewer_id, viewed_id, view_date) VALUES ("274","68","2017-05-02 21:15:34");
INSERT INTO views (viewer_id, viewed_id, view_date) VALUES ("290","68","2017-07-07 20:08:09");
INSERT INTO views (viewer_id, viewed_id, view_date) VALUES ("454","68","2017-03-27 02:20:46");


INSERT INTO user (id, first_name, last_name, username, email, password, birthdate, gender, orientation, bio, country, state, city, zip, file_1, file_2, file_3, file_4, file_5, score, token, token_date, active, register, created_at, updated_at) VALUES ("69","Fanny","Moore","lschroeder","smitham.tanner@hotmail.com","$2y$10$rLblZvHaZMJ4qYTo1eF8leOE1DLm8cW6ObngEmOQ8CEoe/Qcd0dDu","1953-01-10 20:56:24","1","1","Velit quas suscipit quia magni reiciendis. Consequuntur quasi non alias ipsum dolorum alias voluptas. Est ab error et nihil tenetur in debitis.","Saint Martin","","Lake Lee","13406-3417","../fixtures/male4.jpg","","","","","28","002a684605429ca601dea714fc5cb208","2006-05-13 20:35:30","0","0","1990-08-22 08:15:28","1986-05-26 13:30:00");
INSERT INTO user_tag (user_id, tag_id) VALUES ("69","17");
INSERT INTO user_tag (user_id, tag_id) VALUES ("69","27");
INSERT INTO user_tag (user_id, tag_id) VALUES ("69","25");
INSERT INTO user_tag (user_id, tag_id) VALUES ("69","3");
INSERT INTO user_tag (user_id, tag_id) VALUES ("69","23");
INSERT INTO user_tag (user_id, tag_id) VALUES ("69","22");
INSERT INTO user_tag (user_id, tag_id) VALUES ("69","44");
INSERT INTO user_tag (user_id, tag_id) VALUES ("69","30");
INSERT INTO user_tag (user_id, tag_id) VALUES ("69","19");

INSERT INTO connected (user_id, connect_date) VALUES ("69","2017-08-24 14:47:22");
INSERT INTO likes (like_id, liked_id, like_date) VALUES ("206","69","2017-05-18 09:17:39");
INSERT INTO likes (like_id, liked_id, like_date) VALUES ("432","69","2017-12-16 20:08:25");
INSERT INTO likes (like_id, liked_id, like_date) VALUES ("409","69","2017-12-28 19:40:07");
INSERT INTO likes (like_id, liked_id, like_date) VALUES ("458","69","2017-10-10 16:41:16");
INSERT INTO likes (like_id, liked_id, like_date) VALUES ("72","69","2017-03-25 14:22:13");
INSERT INTO likes (like_id, liked_id, like_date) VALUES ("258","69","2018-02-04 16:17:21");
INSERT INTO likes (like_id, liked_id, like_date) VALUES ("286","69","2018-02-07 02:02:38");
INSERT INTO likes (like_id, liked_id, like_date) VALUES ("221","69","2017-07-16 01:46:26");
INSERT INTO likes (like_id, liked_id, like_date) VALUES ("353","69","2017-03-18 10:21:05");
INSERT INTO likes (like_id, liked_id, like_date) VALUES ("439","69","2017-03-08 03:00:25");
INSERT INTO likes (like_id, liked_id, like_date) VALUES ("39","69","2017-12-07 14:15:11");
INSERT INTO likes (like_id, liked_id, like_date) VALUES ("352","69","2018-01-01 03:34:12");
INSERT INTO likes (like_id, liked_id, like_date) VALUES ("34","69","2017-10-07 23:17:53");
INSERT INTO likes (like_id, liked_id, like_date) VALUES ("466","69","2018-01-06 21:23:02");
INSERT INTO likes (like_id, liked_id, like_date) VALUES ("324","69","2017-09-28 01:20:56");
INSERT INTO likes (like_id, liked_id, like_date) VALUES ("427","69","2017-09-10 05:32:54");
INSERT INTO likes (like_id, liked_id, like_date) VALUES ("457","69","2017-05-03 03:21:55");
INSERT INTO likes (like_id, liked_id, like_date) VALUES ("130","69","2017-07-11 10:22:26");
INSERT INTO likes (like_id, liked_id, like_date) VALUES ("77","69","2018-01-28 04:05:56");
INSERT INTO likes (like_id, liked_id, like_date) VALUES ("276","69","2017-06-29 05:41:23");
INSERT INTO views (viewer_id, viewed_id, view_date) VALUES ("346","69","2017-11-06 02:13:34");
INSERT INTO views (viewer_id, viewed_id, view_date) VALUES ("489","69","2017-03-17 02:27:18");
INSERT INTO views (viewer_id, viewed_id, view_date) VALUES ("370","69","2017-12-05 19:00:56");
INSERT INTO views (viewer_id, viewed_id, view_date) VALUES ("175","69","2017-04-29 15:27:45");
INSERT INTO views (viewer_id, viewed_id, view_date) VALUES ("308","69","2017-03-12 18:10:52");
INSERT INTO views (viewer_id, viewed_id, view_date) VALUES ("184","69","2017-04-14 23:27:49");
INSERT INTO views (viewer_id, viewed_id, view_date) VALUES ("478","69","2017-05-17 07:19:31");
INSERT INTO views (viewer_id, viewed_id, view_date) VALUES ("314","69","2017-03-08 17:18:31");
INSERT INTO views (viewer_id, viewed_id, view_date) VALUES ("394","69","2017-03-22 04:38:09");
INSERT INTO views (viewer_id, viewed_id, view_date) VALUES ("5","69","2018-01-01 12:07:52");
INSERT INTO views (viewer_id, viewed_id, view_date) VALUES ("404","69","2017-09-17 15:39:48");
INSERT INTO views (viewer_id, viewed_id, view_date) VALUES ("38","69","2017-07-29 23:34:46");
INSERT INTO views (viewer_id, viewed_id, view_date) VALUES ("217","69","2017-09-01 20:13:55");
INSERT INTO views (viewer_id, viewed_id, view_date) VALUES ("453","69","2017-09-12 19:17:22");
INSERT INTO views (viewer_id, viewed_id, view_date) VALUES ("151","69","2017-07-20 17:47:14");
INSERT INTO views (viewer_id, viewed_id, view_date) VALUES ("310","69","2017-08-31 16:44:32");
INSERT INTO views (viewer_id, viewed_id, view_date) VALUES ("42","69","2017-03-09 03:21:00");
INSERT INTO views (viewer_id, viewed_id, view_date) VALUES ("287","69","2017-04-14 02:23:11");
INSERT INTO views (viewer_id, viewed_id, view_date) VALUES ("78","69","2017-03-06 23:02:31");


INSERT INTO user (id, first_name, last_name, username, email, password, birthdate, gender, orientation, bio, country, state, city, zip, file_1, file_2, file_3, file_4, file_5, score, token, token_date, active, register, created_at, updated_at) VALUES ("70","Brycen","Weber","krajcikbrigitte","christian.lubowitz@wintheiser.com","$2y$10$3oNQRXIgTVWI5y3sDqZc/.27.3Mue3vr3VZA.1dBN2TljdvkK7WuS","1959-10-03 21:46:12","2","3","Voluptatem quo asperiores exercitationem et quia sed. Quidem sit cum cum odit nihil.","Isle of Man","","Port Marjolaine","18633-5727","../fixtures/female5.jpg","../fixtures/female4.jpg","../fixtures/female6.jpg","../fixtures/female7.jpg","../fixtures/female5.jpg","74","e877285f837175a5335365457687b5a9","1976-12-17 18:35:15","1","0","2000-10-02 12:56:50","2012-08-23 16:55:13");
INSERT INTO user_tag (user_id, tag_id) VALUES ("70","43");
INSERT INTO user_tag (user_id, tag_id) VALUES ("70","22");
INSERT INTO user_tag (user_id, tag_id) VALUES ("70","28");
INSERT INTO user_tag (user_id, tag_id) VALUES ("70","34");
INSERT INTO user_tag (user_id, tag_id) VALUES ("70","45");
INSERT INTO user_tag (user_id, tag_id) VALUES ("70","29");
INSERT INTO user_tag (user_id, tag_id) VALUES ("70","43");

INSERT INTO connected (user_id, connect_date) VALUES ("70","2017-10-25 09:25:12");
INSERT INTO likes (like_id, liked_id, like_date) VALUES ("83","70","2017-06-23 02:07:05");
INSERT INTO likes (like_id, liked_id, like_date) VALUES ("257","70","2017-12-10 16:57:41");
INSERT INTO likes (like_id, liked_id, like_date) VALUES ("481","70","2017-12-19 02:06:55");
INSERT INTO likes (like_id, liked_id, like_date) VALUES ("330","70","2017-04-08 21:48:12");
INSERT INTO likes (like_id, liked_id, like_date) VALUES ("369","70","2017-12-09 03:45:59");
INSERT INTO likes (like_id, liked_id, like_date) VALUES ("225","70","2017-08-26 19:00:00");
INSERT INTO likes (like_id, liked_id, like_date) VALUES ("34","70","2017-08-02 23:42:11");
INSERT INTO likes (like_id, liked_id, like_date) VALUES ("215","70","2017-05-25 15:57:03");
INSERT INTO likes (like_id, liked_id, like_date) VALUES ("233","70","2017-02-27 09:53:39");
INSERT INTO likes (like_id, liked_id, like_date) VALUES ("390","70","2018-01-06 16:03:29");
INSERT INTO views (viewer_id, viewed_id, view_date) VALUES ("108","70","2017-06-09 06:37:06");
INSERT INTO views (viewer_id, viewed_id, view_date) VALUES ("69","70","2017-06-07 18:14:56");
INSERT INTO views (viewer_id, viewed_id, view_date) VALUES ("26","70","2017-04-21 04:28:56");


INSERT INTO user (id, first_name, last_name, username, email, password, birthdate, gender, orientation, bio, country, state, city, zip, file_1, file_2, file_3, file_4, file_5, score, token, token_date, active, register, created_at, updated_at) VALUES ("71","Reilly","Kuphal","framimyrtis","kaitlin.spencer@yahoo.com","$2y$10$4PiMFm9uJimCz0qvYoWr5uUpxJk2FjgQDTtuiQHw0WIJ/YB/BAq0m","1979-02-05 03:42:20","2","3","Amet repellendus iste ullam maiores eius in laboriosam. Amet unde commodi et est. Aut quasi dolorum ut repellat mollitia voluptate iusto.","Finland","","Lake Freddie","86661-4202","../fixtures/female8.jpg","../fixtures/female2.jpg","../fixtures/female9.jpg","../fixtures/female1.jpg","../fixtures/female10.jpg","76","da7656dd99175c62081346a7e891d3db","1991-05-14 11:17:51","1","1","1995-09-25 20:14:13","1973-05-28 14:03:49");
INSERT INTO user_tag (user_id, tag_id) VALUES ("71","47");
INSERT INTO user_tag (user_id, tag_id) VALUES ("71","28");
INSERT INTO user_tag (user_id, tag_id) VALUES ("71","43");
INSERT INTO user_tag (user_id, tag_id) VALUES ("71","27");
INSERT INTO user_tag (user_id, tag_id) VALUES ("71","19");
INSERT INTO user_tag (user_id, tag_id) VALUES ("71","47");
INSERT INTO user_tag (user_id, tag_id) VALUES ("71","46");
INSERT INTO user_tag (user_id, tag_id) VALUES ("71","30");
INSERT INTO user_tag (user_id, tag_id) VALUES ("71","41");
INSERT INTO user_tag (user_id, tag_id) VALUES ("71","16");
INSERT INTO user_tag (user_id, tag_id) VALUES ("71","3");
INSERT INTO user_tag (user_id, tag_id) VALUES ("71","18");
INSERT INTO user_tag (user_id, tag_id) VALUES ("71","39");
INSERT INTO user_tag (user_id, tag_id) VALUES ("71","44");
INSERT INTO user_tag (user_id, tag_id) VALUES ("71","47");

INSERT INTO connected (user_id, connect_date) VALUES ("71","2017-06-21 04:18:56");
INSERT INTO likes (like_id, liked_id, like_date) VALUES ("409","71","2017-09-25 03:59:22");
INSERT INTO likes (like_id, liked_id, like_date) VALUES ("203","71","2017-05-08 23:16:43");
INSERT INTO likes (like_id, liked_id, like_date) VALUES ("425","71","2017-11-08 19:09:24");
INSERT INTO views (viewer_id, viewed_id, view_date) VALUES ("333","71","2017-06-02 18:05:03");
INSERT INTO views (viewer_id, viewed_id, view_date) VALUES ("233","71","2017-05-21 04:42:56");
INSERT INTO views (viewer_id, viewed_id, view_date) VALUES ("257","71","2017-03-06 16:09:22");
INSERT INTO views (viewer_id, viewed_id, view_date) VALUES ("121","71","2017-08-17 15:16:01");
INSERT INTO views (viewer_id, viewed_id, view_date) VALUES ("500","71","2018-01-06 03:17:11");
INSERT INTO views (viewer_id, viewed_id, view_date) VALUES ("175","71","2018-01-29 18:18:07");
INSERT INTO views (viewer_id, viewed_id, view_date) VALUES ("114","71","2017-09-20 04:28:01");
INSERT INTO views (viewer_id, viewed_id, view_date) VALUES ("299","71","2017-03-21 04:14:19");
INSERT INTO views (viewer_id, viewed_id, view_date) VALUES ("288","71","2017-06-17 02:01:07");
INSERT INTO views (viewer_id, viewed_id, view_date) VALUES ("178","71","2018-01-26 20:39:25");
INSERT INTO views (viewer_id, viewed_id, view_date) VALUES ("248","71","2018-02-11 19:03:25");
INSERT INTO views (viewer_id, viewed_id, view_date) VALUES ("142","71","2017-12-03 10:35:50");
INSERT INTO views (viewer_id, viewed_id, view_date) VALUES ("211","71","2017-03-15 05:22:05");
INSERT INTO views (viewer_id, viewed_id, view_date) VALUES ("384","71","2017-05-10 00:22:58");
INSERT INTO views (viewer_id, viewed_id, view_date) VALUES ("10","71","2017-06-29 17:44:16");
INSERT INTO views (viewer_id, viewed_id, view_date) VALUES ("291","71","2018-01-05 02:48:12");
INSERT INTO views (viewer_id, viewed_id, view_date) VALUES ("220","71","2017-11-11 13:08:00");
INSERT INTO views (viewer_id, viewed_id, view_date) VALUES ("190","71","2017-02-19 15:07:46");
INSERT INTO views (viewer_id, viewed_id, view_date) VALUES ("337","71","2018-01-31 06:25:48");
INSERT INTO views (viewer_id, viewed_id, view_date) VALUES ("240","71","2017-12-31 04:15:43");
INSERT INTO views (viewer_id, viewed_id, view_date) VALUES ("427","71","2017-10-06 14:01:54");
INSERT INTO views (viewer_id, viewed_id, view_date) VALUES ("391","71","2017-09-15 09:45:22");
INSERT INTO views (viewer_id, viewed_id, view_date) VALUES ("95","71","2017-12-07 11:18:40");


INSERT INTO user (id, first_name, last_name, username, email, password, birthdate, gender, orientation, bio, country, state, city, zip, file_1, file_2, file_3, file_4, file_5, score, token, token_date, active, register, created_at, updated_at) VALUES ("72","Kira","Ondricka","sigmundspencer","mertie.mertz@kshlerin.com","$2y$10$QrbUkpiBtW/J.2glao/Oq.G0Cv.A2kBrkq8QFWk0COlSZ9d0lKsvu","1961-12-15 03:52:11","1","1","Laborum aut repellat blanditiis rerum illum dignissimos facere. Odit reprehenderit dolores debitis libero provident. Atque ea iure labore dicta architecto.","Saint Kitts and Nevis","","Lake Stephonhaven","76089-8199","../fixtures/male9.jpg","","","","","8","636dc661c525526f4bc1d8580e989b28","2006-08-27 23:21:32","0","0","2013-07-05 05:15:02","1997-01-07 01:48:06");
INSERT INTO user_tag (user_id, tag_id) VALUES ("72","9");
INSERT INTO user_tag (user_id, tag_id) VALUES ("72","22");
INSERT INTO user_tag (user_id, tag_id) VALUES ("72","41");
INSERT INTO user_tag (user_id, tag_id) VALUES ("72","48");
INSERT INTO user_tag (user_id, tag_id) VALUES ("72","4");
INSERT INTO user_tag (user_id, tag_id) VALUES ("72","32");
INSERT INTO user_tag (user_id, tag_id) VALUES ("72","22");
INSERT INTO user_tag (user_id, tag_id) VALUES ("72","15");
INSERT INTO user_tag (user_id, tag_id) VALUES ("72","7");
INSERT INTO user_tag (user_id, tag_id) VALUES ("72","25");
INSERT INTO user_tag (user_id, tag_id) VALUES ("72","10");

INSERT INTO connected (user_id, connect_date) VALUES ("72","2017-03-12 13:33:02");
INSERT INTO likes (like_id, liked_id, like_date) VALUES ("39","72","2017-07-03 06:45:36");
INSERT INTO likes (like_id, liked_id, like_date) VALUES ("80","72","2017-07-24 17:26:57");
INSERT INTO likes (like_id, liked_id, like_date) VALUES ("300","72","2017-06-08 22:24:13");
INSERT INTO likes (like_id, liked_id, like_date) VALUES ("252","72","2017-03-14 08:55:49");
INSERT INTO likes (like_id, liked_id, like_date) VALUES ("39","72","2017-02-24 14:06:13");
INSERT INTO likes (like_id, liked_id, like_date) VALUES ("431","72","2017-02-19 10:17:03");
INSERT INTO likes (like_id, liked_id, like_date) VALUES ("224","72","2017-02-24 20:45:28");
INSERT INTO likes (like_id, liked_id, like_date) VALUES ("398","72","2017-05-16 11:26:13");
INSERT INTO likes (like_id, liked_id, like_date) VALUES ("45","72","2017-02-22 05:20:32");
INSERT INTO likes (like_id, liked_id, like_date) VALUES ("356","72","2017-10-16 09:35:15");
INSERT INTO likes (like_id, liked_id, like_date) VALUES ("79","72","2017-07-27 20:36:59");
INSERT INTO likes (like_id, liked_id, like_date) VALUES ("457","72","2017-03-06 15:37:37");
INSERT INTO likes (like_id, liked_id, like_date) VALUES ("194","72","2017-07-13 07:22:54");
INSERT INTO likes (like_id, liked_id, like_date) VALUES ("109","72","2017-10-17 19:47:19");
INSERT INTO views (viewer_id, viewed_id, view_date) VALUES ("116","72","2017-03-21 15:23:13");
INSERT INTO views (viewer_id, viewed_id, view_date) VALUES ("97","72","2018-02-05 00:05:23");
INSERT INTO views (viewer_id, viewed_id, view_date) VALUES ("38","72","2017-07-12 11:41:54");
INSERT INTO views (viewer_id, viewed_id, view_date) VALUES ("345","72","2017-04-08 12:57:08");
INSERT INTO views (viewer_id, viewed_id, view_date) VALUES ("389","72","2017-04-23 01:18:07");
INSERT INTO views (viewer_id, viewed_id, view_date) VALUES ("149","72","2017-11-26 02:18:21");
INSERT INTO views (viewer_id, viewed_id, view_date) VALUES ("188","72","2017-05-23 20:50:03");
INSERT INTO views (viewer_id, viewed_id, view_date) VALUES ("190","72","2017-10-06 16:08:54");
INSERT INTO views (viewer_id, viewed_id, view_date) VALUES ("496","72","2018-02-15 14:09:32");
INSERT INTO views (viewer_id, viewed_id, view_date) VALUES ("8","72","2017-12-22 15:26:55");
INSERT INTO views (viewer_id, viewed_id, view_date) VALUES ("231","72","2017-04-14 01:29:55");
INSERT INTO views (viewer_id, viewed_id, view_date) VALUES ("296","72","2017-03-19 15:46:36");
INSERT INTO views (viewer_id, viewed_id, view_date) VALUES ("162","72","2017-10-12 00:56:22");
INSERT INTO views (viewer_id, viewed_id, view_date) VALUES ("195","72","2017-08-05 10:35:47");
INSERT INTO views (viewer_id, viewed_id, view_date) VALUES ("136","72","2017-11-06 02:55:11");


INSERT INTO user (id, first_name, last_name, username, email, password, birthdate, gender, orientation, bio, country, state, city, zip, file_1, file_2, file_3, file_4, file_5, score, token, token_date, active, register, created_at, updated_at) VALUES ("73","Una","Bahringer","christopherschiller","yvonne.dare@hotmail.com","$2y$10$pGpSCprswjQGXQCB9A9JwOjsPLG90FMU2v8YfSJlc6ePtZU2KDEsK","1973-02-12 20:06:25","1","2","Commodi beatae enim autem libero blanditiis voluptatem pariatur. Sint sit vel quia aut quia doloremque similique.","Turks and Caicos Islands","","Leafurt","22565","../fixtures/male8.jpg","","","","","69","949949686af2e208da7012eff05274b1","2013-04-03 01:10:13","1","1","1989-08-26 02:54:19","1974-07-22 15:50:19");
INSERT INTO user_tag (user_id, tag_id) VALUES ("73","26");
INSERT INTO user_tag (user_id, tag_id) VALUES ("73","48");
INSERT INTO user_tag (user_id, tag_id) VALUES ("73","31");
INSERT INTO user_tag (user_id, tag_id) VALUES ("73","26");
INSERT INTO user_tag (user_id, tag_id) VALUES ("73","19");

INSERT INTO connected (user_id, connect_date) VALUES ("73","2017-03-21 20:22:39");
INSERT INTO likes (like_id, liked_id, like_date) VALUES ("234","73","2018-01-15 21:04:43");
INSERT INTO likes (like_id, liked_id, like_date) VALUES ("420","73","2017-10-05 12:22:06");
INSERT INTO likes (like_id, liked_id, like_date) VALUES ("364","73","2017-11-24 00:37:43");
INSERT INTO likes (like_id, liked_id, like_date) VALUES ("403","73","2017-03-23 00:01:34");
INSERT INTO likes (like_id, liked_id, like_date) VALUES ("37","73","2017-09-25 17:55:12");
INSERT INTO likes (like_id, liked_id, like_date) VALUES ("403","73","2017-05-08 20:39:18");
INSERT INTO likes (like_id, liked_id, like_date) VALUES ("423","73","2017-03-29 06:06:01");
INSERT INTO views (viewer_id, viewed_id, view_date) VALUES ("312","73","2017-11-24 18:33:24");
INSERT INTO views (viewer_id, viewed_id, view_date) VALUES ("340","73","2017-06-08 17:09:40");
INSERT INTO views (viewer_id, viewed_id, view_date) VALUES ("285","73","2017-12-19 17:20:19");
INSERT INTO views (viewer_id, viewed_id, view_date) VALUES ("240","73","2018-01-24 13:02:50");
INSERT INTO views (viewer_id, viewed_id, view_date) VALUES ("135","73","2017-09-25 05:02:02");
INSERT INTO views (viewer_id, viewed_id, view_date) VALUES ("119","73","2017-10-27 23:32:52");
INSERT INTO views (viewer_id, viewed_id, view_date) VALUES ("360","73","2018-02-08 08:30:40");


INSERT INTO user (id, first_name, last_name, username, email, password, birthdate, gender, orientation, bio, country, state, city, zip, file_1, file_2, file_3, file_4, file_5, score, token, token_date, active, register, created_at, updated_at) VALUES ("74","Lavada","Purdy","tia39","laron.hintz@skiles.com","$2y$10$Qc9A2ernxI.hNSH30r0sOe9HvBRCuojS9DGV9THjXro4JAQVcFJNe","1968-10-24 18:53:34","2","2","Inventore amet rerum architecto qui iure architecto qui. Officia reiciendis voluptates quas deleniti. Sunt cum qui recusandae ab possimus.","Haiti","","New Wilburnberg","52192","../fixtures/female10.jpg","../fixtures/female2.jpg","../fixtures/female3.jpg","../fixtures/female9.jpg","","85","3756482c337d6e5d02d55e680b4762a1","1988-11-08 01:26:57","1","1","2013-06-11 17:47:54","1997-09-23 07:06:42");
INSERT INTO user_tag (user_id, tag_id) VALUES ("74","1");
INSERT INTO user_tag (user_id, tag_id) VALUES ("74","12");
INSERT INTO user_tag (user_id, tag_id) VALUES ("74","48");
INSERT INTO user_tag (user_id, tag_id) VALUES ("74","25");
INSERT INTO user_tag (user_id, tag_id) VALUES ("74","29");
INSERT INTO user_tag (user_id, tag_id) VALUES ("74","15");
INSERT INTO user_tag (user_id, tag_id) VALUES ("74","43");

INSERT INTO connected (user_id, connect_date) VALUES ("74","2017-09-07 17:15:15");
INSERT INTO likes (like_id, liked_id, like_date) VALUES ("141","74","2017-12-23 19:39:53");
INSERT INTO likes (like_id, liked_id, like_date) VALUES ("210","74","2017-06-30 00:44:03");
INSERT INTO likes (like_id, liked_id, like_date) VALUES ("284","74","2017-12-05 00:41:00");
INSERT INTO likes (like_id, liked_id, like_date) VALUES ("58","74","2017-09-15 15:10:23");
INSERT INTO likes (like_id, liked_id, like_date) VALUES ("281","74","2017-07-21 14:22:40");
INSERT INTO likes (like_id, liked_id, like_date) VALUES ("228","74","2017-12-15 14:32:48");
INSERT INTO likes (like_id, liked_id, like_date) VALUES ("41","74","2017-06-18 14:49:57");
INSERT INTO likes (like_id, liked_id, like_date) VALUES ("321","74","2017-11-24 15:39:59");
INSERT INTO likes (like_id, liked_id, like_date) VALUES ("384","74","2017-05-20 04:04:49");
INSERT INTO views (viewer_id, viewed_id, view_date) VALUES ("61","74","2017-06-06 14:15:59");
INSERT INTO views (viewer_id, viewed_id, view_date) VALUES ("286","74","2018-01-29 22:11:57");
INSERT INTO views (viewer_id, viewed_id, view_date) VALUES ("279","74","2017-10-04 01:35:57");
INSERT INTO views (viewer_id, viewed_id, view_date) VALUES ("487","74","2017-04-04 02:06:21");
INSERT INTO views (viewer_id, viewed_id, view_date) VALUES ("33","74","2017-05-05 23:27:18");
INSERT INTO views (viewer_id, viewed_id, view_date) VALUES ("188","74","2017-09-25 02:11:06");


INSERT INTO user (id, first_name, last_name, username, email, password, birthdate, gender, orientation, bio, country, state, city, zip, file_1, file_2, file_3, file_4, file_5, score, token, token_date, active, register, created_at, updated_at) VALUES ("75","Miller","Heaney","cweimann","von.fay@schinner.com","$2y$10$hgFzwjg/plpsZGn64nKjWuS.39uPlFM2WD/KBjblvjjhZGZLql8I2","1963-11-10 16:28:10","2","2","Modi ipsum pariatur dicta. Odit vel et sunt illo veniam et quasi. Enim similique veniam exercitationem placeat harum exercitationem fugiat.","Lesotho","","North Helenaside","60399","../fixtures/female2.jpg","../fixtures/female8.jpg","../fixtures/female1.jpg","../fixtures/female1.jpg","../fixtures/female9.jpg","8","fa611bc69f5783cfdbb97ff9b6f143db","1981-11-14 18:11:09","0","0","1994-03-05 04:58:35","1996-12-04 17:44:56");
INSERT INTO user_tag (user_id, tag_id) VALUES ("75","14");
INSERT INTO user_tag (user_id, tag_id) VALUES ("75","4");
INSERT INTO user_tag (user_id, tag_id) VALUES ("75","4");
INSERT INTO user_tag (user_id, tag_id) VALUES ("75","21");
INSERT INTO user_tag (user_id, tag_id) VALUES ("75","16");
INSERT INTO user_tag (user_id, tag_id) VALUES ("75","23");
INSERT INTO user_tag (user_id, tag_id) VALUES ("75","46");
INSERT INTO user_tag (user_id, tag_id) VALUES ("75","11");
INSERT INTO user_tag (user_id, tag_id) VALUES ("75","28");
INSERT INTO user_tag (user_id, tag_id) VALUES ("75","20");
INSERT INTO user_tag (user_id, tag_id) VALUES ("75","48");
INSERT INTO user_tag (user_id, tag_id) VALUES ("75","25");

INSERT INTO connected (user_id, connect_date) VALUES ("75","2017-05-26 06:22:32");
INSERT INTO likes (like_id, liked_id, like_date) VALUES ("37","75","2017-08-07 06:40:21");
INSERT INTO likes (like_id, liked_id, like_date) VALUES ("182","75","2018-01-06 15:19:21");
INSERT INTO likes (like_id, liked_id, like_date) VALUES ("403","75","2017-02-16 22:58:45");
INSERT INTO likes (like_id, liked_id, like_date) VALUES ("261","75","2017-11-21 08:39:21");
INSERT INTO likes (like_id, liked_id, like_date) VALUES ("237","75","2017-03-24 08:53:11");
INSERT INTO likes (like_id, liked_id, like_date) VALUES ("389","75","2017-04-01 17:25:14");
INSERT INTO likes (like_id, liked_id, like_date) VALUES ("261","75","2017-06-05 11:45:43");
INSERT INTO likes (like_id, liked_id, like_date) VALUES ("484","75","2017-06-24 19:10:16");
INSERT INTO likes (like_id, liked_id, like_date) VALUES ("271","75","2017-06-18 15:26:49");
INSERT INTO views (viewer_id, viewed_id, view_date) VALUES ("299","75","2017-12-11 14:48:22");
INSERT INTO views (viewer_id, viewed_id, view_date) VALUES ("79","75","2018-01-28 05:51:43");
INSERT INTO views (viewer_id, viewed_id, view_date) VALUES ("51","75","2017-09-15 01:49:10");
INSERT INTO views (viewer_id, viewed_id, view_date) VALUES ("220","75","2017-11-19 23:46:38");
INSERT INTO views (viewer_id, viewed_id, view_date) VALUES ("223","75","2017-10-27 00:57:36");
INSERT INTO views (viewer_id, viewed_id, view_date) VALUES ("93","75","2017-03-25 20:16:33");
INSERT INTO views (viewer_id, viewed_id, view_date) VALUES ("146","75","2017-11-24 08:04:08");
INSERT INTO views (viewer_id, viewed_id, view_date) VALUES ("246","75","2017-11-19 15:22:22");
INSERT INTO views (viewer_id, viewed_id, view_date) VALUES ("455","75","2017-12-03 00:15:28");
INSERT INTO views (viewer_id, viewed_id, view_date) VALUES ("265","75","2017-05-01 01:50:37");
INSERT INTO views (viewer_id, viewed_id, view_date) VALUES ("213","75","2017-07-17 19:47:34");
INSERT INTO views (viewer_id, viewed_id, view_date) VALUES ("257","75","2018-02-14 02:20:13");
INSERT INTO views (viewer_id, viewed_id, view_date) VALUES ("474","75","2017-11-21 03:47:13");


INSERT INTO user (id, first_name, last_name, username, email, password, birthdate, gender, orientation, bio, country, state, city, zip, file_1, file_2, file_3, file_4, file_5, score, token, token_date, active, register, created_at, updated_at) VALUES ("76","Alysson","Turner","dina57","wintheiser.william@yahoo.com","$2y$10$269vfR5M5gEpGOfCdj.w1OmgJ/T8z1nvWk0uIPnWlLM2vwory2L7C","1948-12-27 10:42:40","2","2","Est facere deserunt nihil et beatae asperiores aut. Consequatur expedita dicta est quo numquam. Error ea eaque vel ut.","Latvia","","East Lewisshire","27719-9426","../fixtures/female6.jpg","../fixtures/female2.jpg","../fixtures/female2.jpg","../fixtures/female4.jpg","../fixtures/female1.jpg","55","48fbf5c9b7b1aa53cabd217518eb0bfb","1989-04-16 21:40:58","1","0","1971-03-12 06:41:20","2013-11-19 02:48:08");
INSERT INTO user_tag (user_id, tag_id) VALUES ("76","35");
INSERT INTO user_tag (user_id, tag_id) VALUES ("76","38");
INSERT INTO user_tag (user_id, tag_id) VALUES ("76","36");
INSERT INTO user_tag (user_id, tag_id) VALUES ("76","40");
INSERT INTO user_tag (user_id, tag_id) VALUES ("76","38");
INSERT INTO user_tag (user_id, tag_id) VALUES ("76","46");
INSERT INTO user_tag (user_id, tag_id) VALUES ("76","5");
INSERT INTO user_tag (user_id, tag_id) VALUES ("76","43");
INSERT INTO user_tag (user_id, tag_id) VALUES ("76","40");
INSERT INTO user_tag (user_id, tag_id) VALUES ("76","27");
INSERT INTO user_tag (user_id, tag_id) VALUES ("76","26");
INSERT INTO user_tag (user_id, tag_id) VALUES ("76","28");

INSERT INTO connected (user_id, connect_date) VALUES ("76","2017-06-29 07:34:46");
INSERT INTO likes (like_id, liked_id, like_date) VALUES ("441","76","2017-08-04 04:19:25");
INSERT INTO likes (like_id, liked_id, like_date) VALUES ("27","76","2017-03-22 05:55:48");
INSERT INTO views (viewer_id, viewed_id, view_date) VALUES ("491","76","2017-10-23 01:17:16");
INSERT INTO views (viewer_id, viewed_id, view_date) VALUES ("96","76","2017-03-28 14:14:57");


INSERT INTO user (id, first_name, last_name, username, email, password, birthdate, gender, orientation, bio, country, state, city, zip, file_1, file_2, file_3, file_4, file_5, score, token, token_date, active, register, created_at, updated_at) VALUES ("77","Dion","Stehr","iluettgen","wlakin@bogan.com","$2y$10$gPQawek7aCMxA61K4KLjYO0qdHTgEmlWhVevtMZRYxePZEHEC4WUq","1963-07-31 17:31:02","1","3","Perferendis itaque est modi harum dolor. Dicta eligendi vel impedit et accusantium adipisci reiciendis non. Minus natus reprehenderit amet consequatur voluptatibus. Delectus distinctio illo est dolorem est repudiandae.","Suriname","","Grantshire","33546","../fixtures/male9.jpg","../fixtures/male6.jpg","../fixtures/male2.jpg","../fixtures/male6.jpg","","75","2f8cd634c7e474136bb8580b7379041e","2012-12-03 02:59:07","1","0","2008-01-06 22:36:01","2014-12-29 11:22:55");
INSERT INTO user_tag (user_id, tag_id) VALUES ("77","22");
INSERT INTO user_tag (user_id, tag_id) VALUES ("77","48");
INSERT INTO user_tag (user_id, tag_id) VALUES ("77","17");
INSERT INTO user_tag (user_id, tag_id) VALUES ("77","8");
INSERT INTO user_tag (user_id, tag_id) VALUES ("77","2");
INSERT INTO user_tag (user_id, tag_id) VALUES ("77","35");
INSERT INTO user_tag (user_id, tag_id) VALUES ("77","18");
INSERT INTO user_tag (user_id, tag_id) VALUES ("77","27");
INSERT INTO user_tag (user_id, tag_id) VALUES ("77","41");

INSERT INTO connected (user_id, connect_date) VALUES ("77","2017-07-12 21:20:16");
INSERT INTO likes (like_id, liked_id, like_date) VALUES ("188","77","2017-11-13 09:11:07");
INSERT INTO likes (like_id, liked_id, like_date) VALUES ("423","77","2018-01-19 07:54:57");
INSERT INTO likes (like_id, liked_id, like_date) VALUES ("441","77","2017-03-27 00:59:21");
INSERT INTO likes (like_id, liked_id, like_date) VALUES ("480","77","2017-07-11 13:48:24");
INSERT INTO likes (like_id, liked_id, like_date) VALUES ("141","77","2017-02-25 21:38:39");
INSERT INTO likes (like_id, liked_id, like_date) VALUES ("254","77","2017-11-15 02:19:26");
INSERT INTO likes (like_id, liked_id, like_date) VALUES ("377","77","2017-11-30 01:24:14");
INSERT INTO likes (like_id, liked_id, like_date) VALUES ("496","77","2017-05-21 12:06:31");
INSERT INTO likes (like_id, liked_id, like_date) VALUES ("362","77","2017-06-11 05:44:17");
INSERT INTO likes (like_id, liked_id, like_date) VALUES ("249","77","2018-01-16 13:28:28");
INSERT INTO likes (like_id, liked_id, like_date) VALUES ("103","77","2017-07-11 18:42:27");
INSERT INTO likes (like_id, liked_id, like_date) VALUES ("478","77","2017-10-30 06:55:09");
INSERT INTO likes (like_id, liked_id, like_date) VALUES ("27","77","2017-11-07 21:01:37");
INSERT INTO views (viewer_id, viewed_id, view_date) VALUES ("331","77","2017-10-24 12:00:11");
INSERT INTO views (viewer_id, viewed_id, view_date) VALUES ("80","77","2018-01-13 12:59:59");
INSERT INTO views (viewer_id, viewed_id, view_date) VALUES ("275","77","2017-10-12 11:06:33");
INSERT INTO views (viewer_id, viewed_id, view_date) VALUES ("271","77","2017-11-05 20:33:14");
INSERT INTO views (viewer_id, viewed_id, view_date) VALUES ("23","77","2017-10-29 00:05:54");
INSERT INTO views (viewer_id, viewed_id, view_date) VALUES ("128","77","2017-07-19 20:36:21");
INSERT INTO views (viewer_id, viewed_id, view_date) VALUES ("307","77","2017-08-30 01:19:03");
INSERT INTO views (viewer_id, viewed_id, view_date) VALUES ("422","77","2017-12-24 10:07:44");
INSERT INTO views (viewer_id, viewed_id, view_date) VALUES ("70","77","2017-08-28 07:16:30");
INSERT INTO views (viewer_id, viewed_id, view_date) VALUES ("3","77","2017-12-18 06:05:53");
INSERT INTO views (viewer_id, viewed_id, view_date) VALUES ("487","77","2017-12-22 00:40:45");
INSERT INTO views (viewer_id, viewed_id, view_date) VALUES ("420","77","2017-08-17 03:34:53");
INSERT INTO views (viewer_id, viewed_id, view_date) VALUES ("193","77","2017-02-18 06:22:29");
INSERT INTO views (viewer_id, viewed_id, view_date) VALUES ("324","77","2018-01-01 14:06:12");


INSERT INTO user (id, first_name, last_name, username, email, password, birthdate, gender, orientation, bio, country, state, city, zip, file_1, file_2, file_3, file_4, file_5, score, token, token_date, active, register, created_at, updated_at) VALUES ("78","Chasity","Ryan","rfarrell","misael.gorczany@gmail.com","$2y$10$E0f0gKsq7u7.eL2H1wSn7um.eYMCjQSXl08Ppc9fvVsSz.mwNkrge","1972-11-10 12:59:51","2","1","Laudantium ex at et similique. Inventore sit asperiores ab voluptatem quia est eum modi. Aliquam atque quos excepturi aut. Soluta placeat inventore perspiciatis nobis.","Cocos (Keeling) Islands","","Rachelchester","95720-9609","../fixtures/female2.jpg","../fixtures/female3.jpg","../fixtures/female4.jpg","../fixtures/female10.jpg","../fixtures/female9.jpg","92","7eedaab74767f48e08697bcf5d6f466b","1999-11-04 03:12:26","1","0","2005-07-08 01:43:38","1975-04-03 11:15:43");
INSERT INTO user_tag (user_id, tag_id) VALUES ("78","24");
INSERT INTO user_tag (user_id, tag_id) VALUES ("78","25");
INSERT INTO user_tag (user_id, tag_id) VALUES ("78","1");
INSERT INTO user_tag (user_id, tag_id) VALUES ("78","26");
INSERT INTO user_tag (user_id, tag_id) VALUES ("78","12");
INSERT INTO user_tag (user_id, tag_id) VALUES ("78","1");
INSERT INTO user_tag (user_id, tag_id) VALUES ("78","31");
INSERT INTO user_tag (user_id, tag_id) VALUES ("78","26");
INSERT INTO user_tag (user_id, tag_id) VALUES ("78","39");
INSERT INTO user_tag (user_id, tag_id) VALUES ("78","10");
INSERT INTO user_tag (user_id, tag_id) VALUES ("78","42");

INSERT INTO connected (user_id, connect_date) VALUES ("78","2017-03-02 07:06:52");
INSERT INTO likes (like_id, liked_id, like_date) VALUES ("94","78","2017-08-27 08:32:23");
INSERT INTO likes (like_id, liked_id, like_date) VALUES ("243","78","2017-04-14 01:18:38");
INSERT INTO likes (like_id, liked_id, like_date) VALUES ("171","78","2017-07-26 08:12:19");
INSERT INTO likes (like_id, liked_id, like_date) VALUES ("153","78","2017-06-21 17:12:18");
INSERT INTO likes (like_id, liked_id, like_date) VALUES ("109","78","2018-01-15 13:05:43");
INSERT INTO likes (like_id, liked_id, like_date) VALUES ("250","78","2017-03-05 16:21:25");
INSERT INTO likes (like_id, liked_id, like_date) VALUES ("315","78","2017-10-09 22:44:07");
INSERT INTO likes (like_id, liked_id, like_date) VALUES ("43","78","2018-01-15 02:02:58");
INSERT INTO likes (like_id, liked_id, like_date) VALUES ("12","78","2017-03-20 05:18:42");
INSERT INTO likes (like_id, liked_id, like_date) VALUES ("179","78","2018-01-22 11:01:39");
INSERT INTO likes (like_id, liked_id, like_date) VALUES ("233","78","2018-01-03 02:35:12");
INSERT INTO likes (like_id, liked_id, like_date) VALUES ("270","78","2017-08-19 19:26:19");
INSERT INTO views (viewer_id, viewed_id, view_date) VALUES ("96","78","2017-07-17 22:34:39");
INSERT INTO views (viewer_id, viewed_id, view_date) VALUES ("61","78","2017-06-30 16:32:32");
INSERT INTO views (viewer_id, viewed_id, view_date) VALUES ("308","78","2017-03-11 19:55:44");
INSERT INTO views (viewer_id, viewed_id, view_date) VALUES ("441","78","2017-06-11 18:52:08");
INSERT INTO views (viewer_id, viewed_id, view_date) VALUES ("125","78","2017-09-01 10:53:47");
INSERT INTO views (viewer_id, viewed_id, view_date) VALUES ("340","78","2017-06-11 07:59:08");
INSERT INTO views (viewer_id, viewed_id, view_date) VALUES ("422","78","2017-04-09 06:15:06");
INSERT INTO views (viewer_id, viewed_id, view_date) VALUES ("276","78","2017-02-25 07:57:24");
INSERT INTO views (viewer_id, viewed_id, view_date) VALUES ("463","78","2018-01-15 16:08:58");
INSERT INTO views (viewer_id, viewed_id, view_date) VALUES ("223","78","2018-02-01 01:05:32");
INSERT INTO views (viewer_id, viewed_id, view_date) VALUES ("451","78","2017-11-24 06:54:28");
INSERT INTO views (viewer_id, viewed_id, view_date) VALUES ("486","78","2017-08-12 11:05:49");
INSERT INTO views (viewer_id, viewed_id, view_date) VALUES ("284","78","2017-09-22 19:03:49");
INSERT INTO views (viewer_id, viewed_id, view_date) VALUES ("224","78","2018-01-11 21:24:10");
INSERT INTO views (viewer_id, viewed_id, view_date) VALUES ("329","78","2017-04-08 03:40:53");
INSERT INTO views (viewer_id, viewed_id, view_date) VALUES ("49","78","2017-12-03 14:30:33");
INSERT INTO views (viewer_id, viewed_id, view_date) VALUES ("174","78","2017-05-11 20:53:44");
INSERT INTO views (viewer_id, viewed_id, view_date) VALUES ("47","78","2017-11-10 03:34:09");
INSERT INTO views (viewer_id, viewed_id, view_date) VALUES ("220","78","2017-08-19 13:16:28");
INSERT INTO views (viewer_id, viewed_id, view_date) VALUES ("329","78","2017-10-28 14:57:54");
INSERT INTO views (viewer_id, viewed_id, view_date) VALUES ("441","78","2018-01-03 01:37:25");
INSERT INTO views (viewer_id, viewed_id, view_date) VALUES ("240","78","2018-02-10 21:55:54");
INSERT INTO views (viewer_id, viewed_id, view_date) VALUES ("363","78","2017-06-07 04:07:23");
INSERT INTO views (viewer_id, viewed_id, view_date) VALUES ("410","78","2018-01-22 12:46:06");


INSERT INTO user (id, first_name, last_name, username, email, password, birthdate, gender, orientation, bio, country, state, city, zip, file_1, file_2, file_3, file_4, file_5, score, token, token_date, active, register, created_at, updated_at) VALUES ("79","Luz","Bernhard","ettie88","nmoore@rau.org","$2y$10$Sjd66s3p1V7AF523wC0lWOIMj44ntIuG4ATNKZTraCoPtESchDExm","1967-07-28 18:39:37","2","2","Vel quidem velit magnam temporibus numquam ipsam dolores. Hic inventore corrupti quibusdam fuga perspiciatis. Qui odio commodi dicta et ducimus inventore itaque.","United Arab Emirates","","East Bayleefurt","76653-3432","../fixtures/female8.jpg","../fixtures/female3.jpg","../fixtures/female3.jpg","","","3","f37edb9081976b5effac9982498c2361","1986-02-27 06:51:40","1","1","1984-01-05 20:49:40","2012-02-02 07:45:44");
INSERT INTO user_tag (user_id, tag_id) VALUES ("79","20");
INSERT INTO user_tag (user_id, tag_id) VALUES ("79","26");
INSERT INTO user_tag (user_id, tag_id) VALUES ("79","23");
INSERT INTO user_tag (user_id, tag_id) VALUES ("79","50");
INSERT INTO user_tag (user_id, tag_id) VALUES ("79","26");
INSERT INTO user_tag (user_id, tag_id) VALUES ("79","39");
INSERT INTO user_tag (user_id, tag_id) VALUES ("79","31");
INSERT INTO user_tag (user_id, tag_id) VALUES ("79","39");
INSERT INTO user_tag (user_id, tag_id) VALUES ("79","23");

INSERT INTO connected (user_id, connect_date) VALUES ("79","2017-11-13 08:07:02");
INSERT INTO likes (like_id, liked_id, like_date) VALUES ("183","79","2017-03-01 06:30:36");
INSERT INTO likes (like_id, liked_id, like_date) VALUES ("376","79","2017-08-13 13:58:40");
INSERT INTO likes (like_id, liked_id, like_date) VALUES ("475","79","2017-04-07 14:25:47");
INSERT INTO likes (like_id, liked_id, like_date) VALUES ("407","79","2017-07-20 17:54:15");
INSERT INTO likes (like_id, liked_id, like_date) VALUES ("108","79","2017-11-21 16:48:16");
INSERT INTO likes (like_id, liked_id, like_date) VALUES ("94","79","2017-10-23 15:06:21");
INSERT INTO likes (like_id, liked_id, like_date) VALUES ("16","79","2017-11-15 12:48:13");
INSERT INTO likes (like_id, liked_id, like_date) VALUES ("298","79","2017-11-08 15:05:21");
INSERT INTO likes (like_id, liked_id, like_date) VALUES ("62","79","2017-06-12 10:30:43");
INSERT INTO likes (like_id, liked_id, like_date) VALUES ("449","79","2017-12-11 23:59:25");
INSERT INTO likes (like_id, liked_id, like_date) VALUES ("188","79","2017-08-10 04:31:46");
INSERT INTO likes (like_id, liked_id, like_date) VALUES ("146","79","2017-06-02 20:14:37");
INSERT INTO likes (like_id, liked_id, like_date) VALUES ("274","79","2017-11-12 19:19:52");
INSERT INTO likes (like_id, liked_id, like_date) VALUES ("330","79","2017-10-13 22:52:53");
INSERT INTO likes (like_id, liked_id, like_date) VALUES ("425","79","2017-02-25 22:06:59");
INSERT INTO likes (like_id, liked_id, like_date) VALUES ("204","79","2017-07-26 01:01:11");
INSERT INTO likes (like_id, liked_id, like_date) VALUES ("315","79","2017-09-22 08:47:22");
INSERT INTO likes (like_id, liked_id, like_date) VALUES ("79","79","2017-04-30 23:40:04");
INSERT INTO likes (like_id, liked_id, like_date) VALUES ("11","79","2017-10-20 05:21:34");
INSERT INTO likes (like_id, liked_id, like_date) VALUES ("97","79","2017-06-01 05:42:43");
INSERT INTO views (viewer_id, viewed_id, view_date) VALUES ("184","79","2017-09-30 20:15:55");
INSERT INTO views (viewer_id, viewed_id, view_date) VALUES ("95","79","2017-04-02 08:31:46");
INSERT INTO views (viewer_id, viewed_id, view_date) VALUES ("156","79","2017-12-30 09:23:54");
INSERT INTO views (viewer_id, viewed_id, view_date) VALUES ("386","79","2018-01-03 00:19:52");
INSERT INTO views (viewer_id, viewed_id, view_date) VALUES ("222","79","2017-04-29 13:58:33");
INSERT INTO views (viewer_id, viewed_id, view_date) VALUES ("489","79","2017-11-30 07:04:59");
INSERT INTO views (viewer_id, viewed_id, view_date) VALUES ("24","79","2017-06-22 12:19:33");
INSERT INTO views (viewer_id, viewed_id, view_date) VALUES ("68","79","2018-01-11 16:04:00");
INSERT INTO views (viewer_id, viewed_id, view_date) VALUES ("14","79","2017-12-21 23:33:39");
INSERT INTO views (viewer_id, viewed_id, view_date) VALUES ("309","79","2017-09-04 00:23:09");
INSERT INTO views (viewer_id, viewed_id, view_date) VALUES ("448","79","2017-02-16 22:00:59");
INSERT INTO views (viewer_id, viewed_id, view_date) VALUES ("447","79","2017-08-26 16:09:55");
INSERT INTO views (viewer_id, viewed_id, view_date) VALUES ("187","79","2017-04-09 01:51:01");


INSERT INTO user (id, first_name, last_name, username, email, password, birthdate, gender, orientation, bio, country, state, city, zip, file_1, file_2, file_3, file_4, file_5, score, token, token_date, active, register, created_at, updated_at) VALUES ("80","Deron","Littel","lbosco","jerald.effertz@oconner.com","$2y$10$cstRe8RMzbheraY5wAz5m.6d.HVAIcG.icnVNTEk7Q6qMDwNeyrHO","1990-04-21 11:03:41","1","1","Doloribus quos et at. Dolorem numquam culpa quis a vitae. Qui eum et libero. Vero excepturi tempore voluptate voluptatum. Omnis eum iusto voluptatibus debitis sapiente nulla.","Sudan","","Beckertown","35408","../fixtures/male10.jpg","../fixtures/male9.jpg","../fixtures/male3.jpg","../fixtures/male7.jpg","","49","78c712865c3c32a6ca2087972bcee23b","1998-02-28 11:46:31","1","1","1981-07-19 05:39:03","1975-07-26 04:33:03");
INSERT INTO user_tag (user_id, tag_id) VALUES ("80","35");
INSERT INTO user_tag (user_id, tag_id) VALUES ("80","49");
INSERT INTO user_tag (user_id, tag_id) VALUES ("80","48");
INSERT INTO user_tag (user_id, tag_id) VALUES ("80","32");
INSERT INTO user_tag (user_id, tag_id) VALUES ("80","34");
INSERT INTO user_tag (user_id, tag_id) VALUES ("80","2");
INSERT INTO user_tag (user_id, tag_id) VALUES ("80","34");
INSERT INTO user_tag (user_id, tag_id) VALUES ("80","1");
INSERT INTO user_tag (user_id, tag_id) VALUES ("80","30");
INSERT INTO user_tag (user_id, tag_id) VALUES ("80","47");
INSERT INTO user_tag (user_id, tag_id) VALUES ("80","16");
INSERT INTO user_tag (user_id, tag_id) VALUES ("80","45");

INSERT INTO connected (user_id, connect_date) VALUES ("80","2017-11-25 01:56:57");
INSERT INTO likes (like_id, liked_id, like_date) VALUES ("391","80","2018-01-29 18:25:26");
INSERT INTO likes (like_id, liked_id, like_date) VALUES ("160","80","2017-09-10 16:13:34");
INSERT INTO likes (like_id, liked_id, like_date) VALUES ("494","80","2017-09-13 07:10:49");
INSERT INTO likes (like_id, liked_id, like_date) VALUES ("210","80","2017-05-04 15:17:08");
INSERT INTO likes (like_id, liked_id, like_date) VALUES ("236","80","2017-09-30 06:18:37");
INSERT INTO likes (like_id, liked_id, like_date) VALUES ("376","80","2017-12-15 10:46:29");
INSERT INTO likes (like_id, liked_id, like_date) VALUES ("267","80","2017-08-15 17:31:24");
INSERT INTO likes (like_id, liked_id, like_date) VALUES ("215","80","2017-09-07 10:23:42");
INSERT INTO likes (like_id, liked_id, like_date) VALUES ("298","80","2017-11-07 01:31:27");
INSERT INTO likes (like_id, liked_id, like_date) VALUES ("462","80","2017-06-07 08:52:14");
INSERT INTO likes (like_id, liked_id, like_date) VALUES ("276","80","2017-05-09 06:49:35");
INSERT INTO likes (like_id, liked_id, like_date) VALUES ("308","80","2017-03-08 23:52:40");
INSERT INTO likes (like_id, liked_id, like_date) VALUES ("5","80","2018-01-07 19:51:59");
INSERT INTO likes (like_id, liked_id, like_date) VALUES ("95","80","2017-10-08 10:52:38");
INSERT INTO likes (like_id, liked_id, like_date) VALUES ("235","80","2017-11-20 15:24:49");
INSERT INTO likes (like_id, liked_id, like_date) VALUES ("144","80","2017-03-08 15:16:39");
INSERT INTO likes (like_id, liked_id, like_date) VALUES ("454","80","2017-08-28 18:15:42");
INSERT INTO likes (like_id, liked_id, like_date) VALUES ("3","80","2017-08-02 17:06:57");
INSERT INTO likes (like_id, liked_id, like_date) VALUES ("216","80","2017-03-07 06:52:26");
INSERT INTO likes (like_id, liked_id, like_date) VALUES ("415","80","2017-09-02 23:34:02");
INSERT INTO views (viewer_id, viewed_id, view_date) VALUES ("84","80","2017-08-30 13:40:13");
INSERT INTO views (viewer_id, viewed_id, view_date) VALUES ("460","80","2017-11-27 05:23:42");
INSERT INTO views (viewer_id, viewed_id, view_date) VALUES ("434","80","2017-10-27 18:19:30");
INSERT INTO views (viewer_id, viewed_id, view_date) VALUES ("249","80","2017-12-14 18:18:28");
INSERT INTO views (viewer_id, viewed_id, view_date) VALUES ("452","80","2017-05-16 03:22:55");
INSERT INTO views (viewer_id, viewed_id, view_date) VALUES ("481","80","2017-11-04 23:43:43");
INSERT INTO views (viewer_id, viewed_id, view_date) VALUES ("249","80","2017-09-08 12:29:10");
INSERT INTO views (viewer_id, viewed_id, view_date) VALUES ("345","80","2017-08-13 21:16:54");
INSERT INTO views (viewer_id, viewed_id, view_date) VALUES ("201","80","2017-10-27 21:46:54");
INSERT INTO views (viewer_id, viewed_id, view_date) VALUES ("438","80","2017-02-19 08:08:53");
INSERT INTO views (viewer_id, viewed_id, view_date) VALUES ("93","80","2018-01-30 01:30:37");
INSERT INTO views (viewer_id, viewed_id, view_date) VALUES ("60","80","2017-06-17 16:32:55");
INSERT INTO views (viewer_id, viewed_id, view_date) VALUES ("356","80","2017-05-10 21:29:21");
INSERT INTO views (viewer_id, viewed_id, view_date) VALUES ("1","80","2017-11-26 05:14:20");
INSERT INTO views (viewer_id, viewed_id, view_date) VALUES ("65","80","2017-12-13 05:03:56");
INSERT INTO views (viewer_id, viewed_id, view_date) VALUES ("322","80","2017-08-04 09:44:55");
INSERT INTO views (viewer_id, viewed_id, view_date) VALUES ("160","80","2017-10-26 12:28:05");
INSERT INTO views (viewer_id, viewed_id, view_date) VALUES ("476","80","2017-11-25 11:09:18");
INSERT INTO views (viewer_id, viewed_id, view_date) VALUES ("234","80","2017-08-13 01:09:39");


INSERT INTO user (id, first_name, last_name, username, email, password, birthdate, gender, orientation, bio, country, state, city, zip, file_1, file_2, file_3, file_4, file_5, score, token, token_date, active, register, created_at, updated_at) VALUES ("81","Mariano","Walker","jennings24","bernita.halvorson@gmail.com","$2y$10$2G0W2tROJSg6dTYG0oY55.9.3j3/ueYXVu4YcnXv5poBzxzfKIj62","1972-09-21 03:14:46","2","3","Quisquam ut doloribus rerum ex vitae. Odio non iure aut. Ea dolorem ad dolorem et. Quia explicabo asperiores consequatur molestiae.","Cyprus","","Sipesborough","14654-7698","../fixtures/female10.jpg","../fixtures/female4.jpg","../fixtures/female8.jpg","../fixtures/female9.jpg","","26","dd9cff245cc2d186f685e56e67cc3ef1","1975-09-13 12:58:17","0","0","1970-04-15 07:19:19","1998-03-13 18:29:22");
INSERT INTO user_tag (user_id, tag_id) VALUES ("81","44");
INSERT INTO user_tag (user_id, tag_id) VALUES ("81","2");
INSERT INTO user_tag (user_id, tag_id) VALUES ("81","29");
INSERT INTO user_tag (user_id, tag_id) VALUES ("81","31");
INSERT INTO user_tag (user_id, tag_id) VALUES ("81","36");
INSERT INTO user_tag (user_id, tag_id) VALUES ("81","35");
INSERT INTO user_tag (user_id, tag_id) VALUES ("81","36");
INSERT INTO user_tag (user_id, tag_id) VALUES ("81","12");
INSERT INTO user_tag (user_id, tag_id) VALUES ("81","24");
INSERT INTO user_tag (user_id, tag_id) VALUES ("81","43");
INSERT INTO user_tag (user_id, tag_id) VALUES ("81","9");

INSERT INTO connected (user_id, connect_date) VALUES ("81","2017-09-30 07:01:59");
INSERT INTO likes (like_id, liked_id, like_date) VALUES ("10","81","2017-05-26 12:28:21");
INSERT INTO likes (like_id, liked_id, like_date) VALUES ("130","81","2017-06-05 19:21:21");
INSERT INTO likes (like_id, liked_id, like_date) VALUES ("95","81","2017-09-10 20:14:06");
INSERT INTO likes (like_id, liked_id, like_date) VALUES ("184","81","2017-10-09 05:39:42");
INSERT INTO likes (like_id, liked_id, like_date) VALUES ("33","81","2017-11-30 02:32:46");
INSERT INTO views (viewer_id, viewed_id, view_date) VALUES ("254","81","2017-05-06 00:59:16");
INSERT INTO views (viewer_id, viewed_id, view_date) VALUES ("447","81","2017-11-13 13:44:22");
INSERT INTO views (viewer_id, viewed_id, view_date) VALUES ("99","81","2017-07-18 17:19:19");
INSERT INTO views (viewer_id, viewed_id, view_date) VALUES ("207","81","2017-06-24 05:16:17");
INSERT INTO views (viewer_id, viewed_id, view_date) VALUES ("103","81","2017-09-10 21:34:38");
INSERT INTO views (viewer_id, viewed_id, view_date) VALUES ("384","81","2017-06-27 10:31:04");
INSERT INTO views (viewer_id, viewed_id, view_date) VALUES ("384","81","2017-09-14 20:10:04");
INSERT INTO views (viewer_id, viewed_id, view_date) VALUES ("413","81","2017-05-04 15:51:36");
INSERT INTO views (viewer_id, viewed_id, view_date) VALUES ("124","81","2017-07-21 23:40:13");
INSERT INTO views (viewer_id, viewed_id, view_date) VALUES ("473","81","2017-09-13 23:40:29");
INSERT INTO views (viewer_id, viewed_id, view_date) VALUES ("35","81","2017-12-04 07:02:49");
INSERT INTO views (viewer_id, viewed_id, view_date) VALUES ("3","81","2017-06-20 04:49:35");
INSERT INTO views (viewer_id, viewed_id, view_date) VALUES ("228","81","2017-08-29 20:59:20");
INSERT INTO views (viewer_id, viewed_id, view_date) VALUES ("444","81","2017-12-09 18:29:25");
INSERT INTO views (viewer_id, viewed_id, view_date) VALUES ("248","81","2017-05-13 19:17:52");
INSERT INTO views (viewer_id, viewed_id, view_date) VALUES ("109","81","2017-06-22 22:01:21");
INSERT INTO views (viewer_id, viewed_id, view_date) VALUES ("119","81","2017-11-12 22:33:50");
INSERT INTO views (viewer_id, viewed_id, view_date) VALUES ("265","81","2017-06-21 03:24:39");
INSERT INTO views (viewer_id, viewed_id, view_date) VALUES ("168","81","2017-06-14 19:17:13");
INSERT INTO views (viewer_id, viewed_id, view_date) VALUES ("98","81","2018-01-29 19:31:59");
INSERT INTO views (viewer_id, viewed_id, view_date) VALUES ("464","81","2017-11-19 15:10:00");
INSERT INTO views (viewer_id, viewed_id, view_date) VALUES ("370","81","2017-06-16 17:34:44");
INSERT INTO views (viewer_id, viewed_id, view_date) VALUES ("74","81","2017-11-18 17:30:24");
INSERT INTO views (viewer_id, viewed_id, view_date) VALUES ("115","81","2017-11-01 01:55:51");
INSERT INTO views (viewer_id, viewed_id, view_date) VALUES ("152","81","2017-07-29 09:37:26");
INSERT INTO views (viewer_id, viewed_id, view_date) VALUES ("329","81","2017-10-24 20:28:47");
INSERT INTO views (viewer_id, viewed_id, view_date) VALUES ("398","81","2017-09-24 21:21:30");
INSERT INTO views (viewer_id, viewed_id, view_date) VALUES ("472","81","2017-09-20 09:28:48");


INSERT INTO user (id, first_name, last_name, username, email, password, birthdate, gender, orientation, bio, country, state, city, zip, file_1, file_2, file_3, file_4, file_5, score, token, token_date, active, register, created_at, updated_at) VALUES ("82","Khalid","Hirthe","gabriellaframi","pnikolaus@yahoo.com","$2y$10$nTciPEeQ6q1gY3AHRaHPuOl6AbcIynQzxgCvMBJa9albxAYXo6caW","1965-12-21 02:42:57","1","1","Nihil assumenda veritatis aut aliquam itaque mollitia officiis esse. Vitae quasi in quibusdam error maxime. Aut recusandae et magnam et. Fuga dolores similique aliquid eveniet a ad doloribus.","Spain","","Klockoburgh","09214-6004","../fixtures/male10.jpg","","","","","21","da6bcc038ebcc24e1bb4d2c193ea8bee","2002-02-25 09:43:24","1","0","1974-08-19 23:09:51","1977-10-11 12:13:57");
INSERT INTO user_tag (user_id, tag_id) VALUES ("82","41");
INSERT INTO user_tag (user_id, tag_id) VALUES ("82","6");
INSERT INTO user_tag (user_id, tag_id) VALUES ("82","16");
INSERT INTO user_tag (user_id, tag_id) VALUES ("82","44");
INSERT INTO user_tag (user_id, tag_id) VALUES ("82","18");
INSERT INTO user_tag (user_id, tag_id) VALUES ("82","29");
INSERT INTO user_tag (user_id, tag_id) VALUES ("82","28");
INSERT INTO user_tag (user_id, tag_id) VALUES ("82","35");
INSERT INTO user_tag (user_id, tag_id) VALUES ("82","1");
INSERT INTO user_tag (user_id, tag_id) VALUES ("82","40");
INSERT INTO user_tag (user_id, tag_id) VALUES ("82","5");
INSERT INTO user_tag (user_id, tag_id) VALUES ("82","40");
INSERT INTO user_tag (user_id, tag_id) VALUES ("82","3");
INSERT INTO user_tag (user_id, tag_id) VALUES ("82","31");
INSERT INTO user_tag (user_id, tag_id) VALUES ("82","21");

INSERT INTO connected (user_id, connect_date) VALUES ("82","2017-11-10 11:31:19");
INSERT INTO likes (like_id, liked_id, like_date) VALUES ("202","82","2017-07-11 08:05:26");
INSERT INTO likes (like_id, liked_id, like_date) VALUES ("331","82","2017-11-17 12:15:30");
INSERT INTO likes (like_id, liked_id, like_date) VALUES ("381","82","2017-09-24 05:06:27");
INSERT INTO likes (like_id, liked_id, like_date) VALUES ("284","82","2017-08-14 16:35:37");
INSERT INTO likes (like_id, liked_id, like_date) VALUES ("153","82","2017-12-08 22:05:38");
INSERT INTO likes (like_id, liked_id, like_date) VALUES ("268","82","2017-03-14 23:45:47");
INSERT INTO views (viewer_id, viewed_id, view_date) VALUES ("272","82","2017-07-12 01:42:54");
INSERT INTO views (viewer_id, viewed_id, view_date) VALUES ("260","82","2017-03-02 05:35:41");
INSERT INTO views (viewer_id, viewed_id, view_date) VALUES ("348","82","2017-06-05 12:01:36");
INSERT INTO views (viewer_id, viewed_id, view_date) VALUES ("315","82","2017-04-06 00:13:23");
INSERT INTO views (viewer_id, viewed_id, view_date) VALUES ("338","82","2017-04-22 03:53:26");
INSERT INTO views (viewer_id, viewed_id, view_date) VALUES ("269","82","2018-01-06 13:22:28");
INSERT INTO views (viewer_id, viewed_id, view_date) VALUES ("396","82","2017-07-12 03:20:02");
INSERT INTO views (viewer_id, viewed_id, view_date) VALUES ("290","82","2017-02-24 18:21:09");
INSERT INTO views (viewer_id, viewed_id, view_date) VALUES ("319","82","2017-03-07 15:01:24");
INSERT INTO views (viewer_id, viewed_id, view_date) VALUES ("265","82","2017-12-19 23:54:43");
INSERT INTO views (viewer_id, viewed_id, view_date) VALUES ("128","82","2017-11-14 10:05:41");
INSERT INTO views (viewer_id, viewed_id, view_date) VALUES ("311","82","2017-12-05 16:31:10");
INSERT INTO views (viewer_id, viewed_id, view_date) VALUES ("296","82","2017-06-13 03:12:32");
INSERT INTO views (viewer_id, viewed_id, view_date) VALUES ("237","82","2017-09-10 03:20:13");
INSERT INTO views (viewer_id, viewed_id, view_date) VALUES ("228","82","2017-05-20 21:10:36");
INSERT INTO views (viewer_id, viewed_id, view_date) VALUES ("255","82","2017-05-10 05:37:53");
INSERT INTO views (viewer_id, viewed_id, view_date) VALUES ("419","82","2017-11-21 06:52:06");
INSERT INTO views (viewer_id, viewed_id, view_date) VALUES ("452","82","2017-09-14 07:26:23");
INSERT INTO views (viewer_id, viewed_id, view_date) VALUES ("246","82","2017-05-14 02:56:57");
INSERT INTO views (viewer_id, viewed_id, view_date) VALUES ("252","82","2017-09-01 08:15:30");
INSERT INTO views (viewer_id, viewed_id, view_date) VALUES ("109","82","2017-04-26 17:19:07");
INSERT INTO views (viewer_id, viewed_id, view_date) VALUES ("146","82","2017-09-25 21:56:01");
INSERT INTO views (viewer_id, viewed_id, view_date) VALUES ("320","82","2017-08-20 16:02:50");
INSERT INTO views (viewer_id, viewed_id, view_date) VALUES ("85","82","2017-09-29 02:58:05");
INSERT INTO views (viewer_id, viewed_id, view_date) VALUES ("406","82","2017-11-27 01:34:55");
INSERT INTO views (viewer_id, viewed_id, view_date) VALUES ("338","82","2017-08-01 05:03:29");


INSERT INTO user (id, first_name, last_name, username, email, password, birthdate, gender, orientation, bio, country, state, city, zip, file_1, file_2, file_3, file_4, file_5, score, token, token_date, active, register, created_at, updated_at) VALUES ("83","Mose","Jacobson","myrl00","daphne75@bailey.biz","$2y$10$wBZQC7qDJhlSwk4kJt5Bf.8ZX4vOgN4dt7R0vpCe7tNX5f.Fm8hhS","1990-11-16 21:33:35","1","1","Amet nihil dolorem explicabo facilis. Sed magni assumenda ut pariatur et praesentium aut sint. Et tempore at aut beatae et nihil quia.","Macao","","Port Tre","19782","../fixtures/male3.jpg","","","","","83","cd0c3b097d8fe7a20c91e73ab1162ce5","1981-03-30 11:26:43","0","0","1998-02-08 04:20:47","1984-01-22 00:26:22");
INSERT INTO user_tag (user_id, tag_id) VALUES ("83","3");
INSERT INTO user_tag (user_id, tag_id) VALUES ("83","43");
INSERT INTO user_tag (user_id, tag_id) VALUES ("83","23");
INSERT INTO user_tag (user_id, tag_id) VALUES ("83","39");

INSERT INTO connected (user_id, connect_date) VALUES ("83","2017-12-31 18:40:57");
INSERT INTO likes (like_id, liked_id, like_date) VALUES ("322","83","2018-01-15 03:55:41");
INSERT INTO likes (like_id, liked_id, like_date) VALUES ("52","83","2017-12-11 12:03:31");
INSERT INTO likes (like_id, liked_id, like_date) VALUES ("98","83","2017-09-13 19:29:29");
INSERT INTO likes (like_id, liked_id, like_date) VALUES ("63","83","2017-04-29 18:37:41");
INSERT INTO likes (like_id, liked_id, like_date) VALUES ("362","83","2017-11-27 02:07:43");
INSERT INTO likes (like_id, liked_id, like_date) VALUES ("288","83","2017-03-29 09:06:17");
INSERT INTO likes (like_id, liked_id, like_date) VALUES ("53","83","2017-05-06 00:18:50");
INSERT INTO likes (like_id, liked_id, like_date) VALUES ("237","83","2017-05-04 03:08:55");
INSERT INTO likes (like_id, liked_id, like_date) VALUES ("473","83","2017-04-05 07:56:30");
INSERT INTO likes (like_id, liked_id, like_date) VALUES ("119","83","2017-06-29 12:23:51");
INSERT INTO likes (like_id, liked_id, like_date) VALUES ("18","83","2017-08-06 15:58:22");
INSERT INTO likes (like_id, liked_id, like_date) VALUES ("326","83","2018-01-19 12:17:13");
INSERT INTO likes (like_id, liked_id, like_date) VALUES ("66","83","2017-11-25 10:40:40");
INSERT INTO views (viewer_id, viewed_id, view_date) VALUES ("78","83","2017-09-21 07:56:11");
INSERT INTO views (viewer_id, viewed_id, view_date) VALUES ("360","83","2017-12-16 23:43:55");
INSERT INTO views (viewer_id, viewed_id, view_date) VALUES ("237","83","2017-02-23 11:33:24");
INSERT INTO views (viewer_id, viewed_id, view_date) VALUES ("102","83","2017-08-18 10:02:12");
INSERT INTO views (viewer_id, viewed_id, view_date) VALUES ("194","83","2017-12-18 10:59:13");
INSERT INTO views (viewer_id, viewed_id, view_date) VALUES ("78","83","2017-08-05 18:00:36");
INSERT INTO views (viewer_id, viewed_id, view_date) VALUES ("102","83","2017-04-03 01:17:48");
INSERT INTO views (viewer_id, viewed_id, view_date) VALUES ("337","83","2017-04-01 22:56:29");
INSERT INTO views (viewer_id, viewed_id, view_date) VALUES ("219","83","2017-06-30 22:37:34");
INSERT INTO views (viewer_id, viewed_id, view_date) VALUES ("68","83","2017-03-02 09:00:31");
INSERT INTO views (viewer_id, viewed_id, view_date) VALUES ("441","83","2017-10-22 11:13:46");
INSERT INTO views (viewer_id, viewed_id, view_date) VALUES ("121","83","2017-09-01 23:00:51");
INSERT INTO views (viewer_id, viewed_id, view_date) VALUES ("185","83","2017-08-15 00:09:42");
INSERT INTO views (viewer_id, viewed_id, view_date) VALUES ("34","83","2018-01-24 05:12:10");
INSERT INTO views (viewer_id, viewed_id, view_date) VALUES ("426","83","2017-03-11 08:07:43");
INSERT INTO views (viewer_id, viewed_id, view_date) VALUES ("345","83","2017-10-11 00:03:17");
INSERT INTO views (viewer_id, viewed_id, view_date) VALUES ("312","83","2017-11-27 03:21:31");
INSERT INTO views (viewer_id, viewed_id, view_date) VALUES ("349","83","2017-11-04 10:13:43");
INSERT INTO views (viewer_id, viewed_id, view_date) VALUES ("486","83","2017-03-03 03:59:56");
INSERT INTO views (viewer_id, viewed_id, view_date) VALUES ("382","83","2017-08-31 12:47:56");
INSERT INTO views (viewer_id, viewed_id, view_date) VALUES ("228","83","2017-06-15 04:40:23");
INSERT INTO views (viewer_id, viewed_id, view_date) VALUES ("163","83","2017-02-22 02:12:23");
INSERT INTO views (viewer_id, viewed_id, view_date) VALUES ("228","83","2017-09-06 14:33:03");
INSERT INTO views (viewer_id, viewed_id, view_date) VALUES ("372","83","2017-07-27 02:37:44");
INSERT INTO views (viewer_id, viewed_id, view_date) VALUES ("403","83","2018-01-11 22:25:01");
INSERT INTO views (viewer_id, viewed_id, view_date) VALUES ("375","83","2017-06-14 09:43:46");
INSERT INTO views (viewer_id, viewed_id, view_date) VALUES ("31","83","2017-04-11 21:40:19");


INSERT INTO user (id, first_name, last_name, username, email, password, birthdate, gender, orientation, bio, country, state, city, zip, file_1, file_2, file_3, file_4, file_5, score, token, token_date, active, register, created_at, updated_at) VALUES ("84","May","Konopelski","kmarquardt","fleffler@keebler.info","$2y$10$7JE69M/IKEZW/1mQW.Iaue59b48ynQ4OZ7zSfDe0.636ZQ6svjo8C","1979-07-24 03:29:37","2","2","Cum non molestiae non voluptas pariatur neque id. Quibusdam beatae ex omnis reiciendis et qui aut. Beatae dolores fuga nostrum mollitia qui eos ex.","Turkmenistan","","Lesterfort","46151","../fixtures/female9.jpg","../fixtures/female1.jpg","../fixtures/female5.jpg","../fixtures/female10.jpg","../fixtures/female8.jpg","99","603c4d9eb2117d34bc13a36bed1304c1","2009-11-17 21:46:10","1","0","1976-08-16 21:09:48","1999-11-11 19:24:22");
INSERT INTO user_tag (user_id, tag_id) VALUES ("84","42");
INSERT INTO user_tag (user_id, tag_id) VALUES ("84","39");
INSERT INTO user_tag (user_id, tag_id) VALUES ("84","41");
INSERT INTO user_tag (user_id, tag_id) VALUES ("84","11");
INSERT INTO user_tag (user_id, tag_id) VALUES ("84","11");
INSERT INTO user_tag (user_id, tag_id) VALUES ("84","35");
INSERT INTO user_tag (user_id, tag_id) VALUES ("84","19");
INSERT INTO user_tag (user_id, tag_id) VALUES ("84","50");
INSERT INTO user_tag (user_id, tag_id) VALUES ("84","22");
INSERT INTO user_tag (user_id, tag_id) VALUES ("84","30");
INSERT INTO user_tag (user_id, tag_id) VALUES ("84","8");
INSERT INTO user_tag (user_id, tag_id) VALUES ("84","45");
INSERT INTO user_tag (user_id, tag_id) VALUES ("84","11");
INSERT INTO user_tag (user_id, tag_id) VALUES ("84","3");
INSERT INTO user_tag (user_id, tag_id) VALUES ("84","41");

INSERT INTO connected (user_id, connect_date) VALUES ("84","2017-07-24 23:36:39");
INSERT INTO likes (like_id, liked_id, like_date) VALUES ("405","84","2017-06-24 12:14:16");
INSERT INTO likes (like_id, liked_id, like_date) VALUES ("321","84","2017-03-10 20:55:24");
INSERT INTO likes (like_id, liked_id, like_date) VALUES ("16","84","2017-08-12 08:58:00");
INSERT INTO likes (like_id, liked_id, like_date) VALUES ("421","84","2017-03-14 07:24:37");
INSERT INTO likes (like_id, liked_id, like_date) VALUES ("260","84","2017-06-01 15:16:07");
INSERT INTO likes (like_id, liked_id, like_date) VALUES ("143","84","2018-01-06 00:13:33");
INSERT INTO views (viewer_id, viewed_id, view_date) VALUES ("494","84","2017-10-22 03:41:03");
INSERT INTO views (viewer_id, viewed_id, view_date) VALUES ("238","84","2018-02-04 19:19:33");
INSERT INTO views (viewer_id, viewed_id, view_date) VALUES ("309","84","2017-04-13 18:10:01");
INSERT INTO views (viewer_id, viewed_id, view_date) VALUES ("195","84","2018-01-23 12:56:53");
INSERT INTO views (viewer_id, viewed_id, view_date) VALUES ("245","84","2017-08-24 16:22:28");
INSERT INTO views (viewer_id, viewed_id, view_date) VALUES ("2","84","2017-06-29 16:00:25");
INSERT INTO views (viewer_id, viewed_id, view_date) VALUES ("492","84","2017-09-17 14:44:42");
INSERT INTO views (viewer_id, viewed_id, view_date) VALUES ("129","84","2018-02-09 03:07:42");
INSERT INTO views (viewer_id, viewed_id, view_date) VALUES ("203","84","2017-11-24 00:24:59");
INSERT INTO views (viewer_id, viewed_id, view_date) VALUES ("270","84","2017-11-13 08:12:08");
INSERT INTO views (viewer_id, viewed_id, view_date) VALUES ("111","84","2018-01-06 16:49:02");
INSERT INTO views (viewer_id, viewed_id, view_date) VALUES ("286","84","2017-11-25 11:34:11");
INSERT INTO views (viewer_id, viewed_id, view_date) VALUES ("70","84","2017-02-21 01:13:29");
INSERT INTO views (viewer_id, viewed_id, view_date) VALUES ("137","84","2017-08-20 07:17:02");
INSERT INTO views (viewer_id, viewed_id, view_date) VALUES ("294","84","2017-03-12 11:31:00");


INSERT INTO user (id, first_name, last_name, username, email, password, birthdate, gender, orientation, bio, country, state, city, zip, file_1, file_2, file_3, file_4, file_5, score, token, token_date, active, register, created_at, updated_at) VALUES ("85","Yazmin","Kautzer","julianne06","lewis.hane@beatty.info","$2y$10$4Povm6EQrCE3jpGw4Wlft.POpc/j/z52IXJa2B6lSMShKjpfkqkvG","1990-06-14 01:31:25","2","3","Voluptas id error qui dignissimos et eum dolorem. Ut odit labore laboriosam officia. Illo nisi amet qui ea. Rerum sint aliquam enim alias facere.","Montserrat","","East Violettechester","17960-2691","../fixtures/female2.jpg","../fixtures/female6.jpg","../fixtures/female4.jpg","../fixtures/female6.jpg","","97","b2862f7c666f344a5bde2a16babae8c2","1991-09-12 13:09:14","1","1","1993-08-12 01:52:13","1972-10-20 10:10:50");
INSERT INTO user_tag (user_id, tag_id) VALUES ("85","18");
INSERT INTO user_tag (user_id, tag_id) VALUES ("85","25");
INSERT INTO user_tag (user_id, tag_id) VALUES ("85","31");

INSERT INTO connected (user_id, connect_date) VALUES ("85","2017-10-21 11:34:33");
INSERT INTO likes (like_id, liked_id, like_date) VALUES ("113","85","2017-09-02 01:59:58");
INSERT INTO likes (like_id, liked_id, like_date) VALUES ("81","85","2017-12-07 21:27:35");
INSERT INTO likes (like_id, liked_id, like_date) VALUES ("447","85","2017-04-09 06:03:25");
INSERT INTO likes (like_id, liked_id, like_date) VALUES ("179","85","2018-01-05 21:39:00");
INSERT INTO likes (like_id, liked_id, like_date) VALUES ("174","85","2017-07-07 22:45:02");
INSERT INTO likes (like_id, liked_id, like_date) VALUES ("449","85","2017-06-07 17:23:55");
INSERT INTO likes (like_id, liked_id, like_date) VALUES ("361","85","2018-01-04 18:25:23");
INSERT INTO likes (like_id, liked_id, like_date) VALUES ("231","85","2017-04-27 15:57:12");
INSERT INTO views (viewer_id, viewed_id, view_date) VALUES ("248","85","2017-06-30 18:04:54");
INSERT INTO views (viewer_id, viewed_id, view_date) VALUES ("383","85","2018-01-24 19:38:44");
INSERT INTO views (viewer_id, viewed_id, view_date) VALUES ("50","85","2017-09-06 14:57:57");
INSERT INTO views (viewer_id, viewed_id, view_date) VALUES ("172","85","2017-07-07 18:20:03");
INSERT INTO views (viewer_id, viewed_id, view_date) VALUES ("244","85","2017-05-14 07:45:04");
INSERT INTO views (viewer_id, viewed_id, view_date) VALUES ("325","85","2018-01-29 22:47:46");
INSERT INTO views (viewer_id, viewed_id, view_date) VALUES ("45","85","2017-10-25 12:38:10");
INSERT INTO views (viewer_id, viewed_id, view_date) VALUES ("65","85","2017-06-20 02:53:02");
INSERT INTO views (viewer_id, viewed_id, view_date) VALUES ("141","85","2017-06-20 06:58:47");
INSERT INTO views (viewer_id, viewed_id, view_date) VALUES ("340","85","2017-08-14 04:44:44");
INSERT INTO views (viewer_id, viewed_id, view_date) VALUES ("249","85","2017-10-09 08:05:54");


INSERT INTO user (id, first_name, last_name, username, email, password, birthdate, gender, orientation, bio, country, state, city, zip, file_1, file_2, file_3, file_4, file_5, score, token, token_date, active, register, created_at, updated_at) VALUES ("86","Jeremy","Bailey","patiencestrosin","salma.rolfson@parisian.org","$2y$10$Qq36Ncu5ovvo7K/NPVraKuArXUh3NNCKiUAEclxfgXUNvUtF2V8yW","1983-12-14 15:27:49","1","1","Ab debitis veniam repellat magnam a error laborum magni. Quia facilis minus nihil. Quasi id ducimus assumenda sunt minus. Magnam aut minima aut exercitationem. Dicta praesentium assumenda dolores fuga.","Cyprus","","South Fabiola","30895","../fixtures/male1.jpg","../fixtures/male3.jpg","../fixtures/male4.jpg","../fixtures/male2.jpg","","37","a420213799551443744eb67cd35fdc43","1973-12-04 08:28:10","1","1","1984-01-08 14:06:32","2017-01-05 08:26:43");
INSERT INTO user_tag (user_id, tag_id) VALUES ("86","5");

INSERT INTO connected (user_id, connect_date) VALUES ("86","2017-08-20 20:15:30");
INSERT INTO likes (like_id, liked_id, like_date) VALUES ("103","86","2017-04-13 09:14:35");
INSERT INTO likes (like_id, liked_id, like_date) VALUES ("449","86","2017-05-08 06:31:18");
INSERT INTO likes (like_id, liked_id, like_date) VALUES ("148","86","2017-11-22 10:32:32");
INSERT INTO likes (like_id, liked_id, like_date) VALUES ("218","86","2017-08-16 07:15:21");
INSERT INTO likes (like_id, liked_id, like_date) VALUES ("234","86","2018-02-05 17:59:25");
INSERT INTO likes (like_id, liked_id, like_date) VALUES ("359","86","2017-04-20 01:57:49");
INSERT INTO likes (like_id, liked_id, like_date) VALUES ("64","86","2017-10-19 05:49:25");
INSERT INTO likes (like_id, liked_id, like_date) VALUES ("257","86","2018-01-27 09:43:46");
INSERT INTO likes (like_id, liked_id, like_date) VALUES ("169","86","2017-05-12 00:38:02");
INSERT INTO views (viewer_id, viewed_id, view_date) VALUES ("15","86","2017-05-19 15:22:15");
INSERT INTO views (viewer_id, viewed_id, view_date) VALUES ("280","86","2017-05-20 18:46:29");
INSERT INTO views (viewer_id, viewed_id, view_date) VALUES ("253","86","2018-01-11 23:34:42");
INSERT INTO views (viewer_id, viewed_id, view_date) VALUES ("242","86","2017-02-19 06:38:13");
INSERT INTO views (viewer_id, viewed_id, view_date) VALUES ("400","86","2017-12-06 16:08:05");
INSERT INTO views (viewer_id, viewed_id, view_date) VALUES ("438","86","2017-04-30 21:04:03");
INSERT INTO views (viewer_id, viewed_id, view_date) VALUES ("410","86","2017-08-04 01:13:18");
INSERT INTO views (viewer_id, viewed_id, view_date) VALUES ("115","86","2017-06-17 19:45:04");
INSERT INTO views (viewer_id, viewed_id, view_date) VALUES ("97","86","2017-11-27 20:14:02");
INSERT INTO views (viewer_id, viewed_id, view_date) VALUES ("295","86","2017-12-12 13:14:04");
INSERT INTO views (viewer_id, viewed_id, view_date) VALUES ("173","86","2017-04-20 16:52:38");
INSERT INTO views (viewer_id, viewed_id, view_date) VALUES ("360","86","2017-09-17 05:01:38");
INSERT INTO views (viewer_id, viewed_id, view_date) VALUES ("326","86","2017-04-03 15:32:14");
INSERT INTO views (viewer_id, viewed_id, view_date) VALUES ("43","86","2017-11-21 10:34:11");
INSERT INTO views (viewer_id, viewed_id, view_date) VALUES ("55","86","2017-09-10 08:08:15");
INSERT INTO views (viewer_id, viewed_id, view_date) VALUES ("309","86","2017-10-01 23:53:02");
INSERT INTO views (viewer_id, viewed_id, view_date) VALUES ("132","86","2017-05-26 08:50:03");
INSERT INTO views (viewer_id, viewed_id, view_date) VALUES ("14","86","2017-07-20 11:14:26");
INSERT INTO views (viewer_id, viewed_id, view_date) VALUES ("303","86","2017-08-27 09:08:57");
INSERT INTO views (viewer_id, viewed_id, view_date) VALUES ("164","86","2017-12-16 05:28:35");
INSERT INTO views (viewer_id, viewed_id, view_date) VALUES ("36","86","2017-10-30 01:33:49");
INSERT INTO views (viewer_id, viewed_id, view_date) VALUES ("253","86","2017-02-25 09:31:20");


INSERT INTO user (id, first_name, last_name, username, email, password, birthdate, gender, orientation, bio, country, state, city, zip, file_1, file_2, file_3, file_4, file_5, score, token, token_date, active, register, created_at, updated_at) VALUES ("87","Davion","Graham","schuylerlegros","delpha.rutherford@cartwright.org","$2y$10$srKRuk2NnB6UhFUwiKgpV.RgXJTe4KvSW0emVTXJIjZDDbpMZzyJW","1981-02-08 05:57:58","2","2","Cupiditate rerum fuga aliquam. Molestias nobis officia eveniet facilis. Voluptatem praesentium asperiores distinctio fuga id alias. Sunt aut et corrupti non asperiores.","Costa Rica","","South Davon","10694","../fixtures/female6.jpg","../fixtures/female2.jpg","../fixtures/female8.jpg","","","69","9bd1c3d6fe48e94380d55c436b62d5eb","2016-04-21 15:01:22","1","1","1980-06-08 10:58:06","1986-02-14 13:03:52");
INSERT INTO user_tag (user_id, tag_id) VALUES ("87","32");
INSERT INTO user_tag (user_id, tag_id) VALUES ("87","15");
INSERT INTO user_tag (user_id, tag_id) VALUES ("87","33");
INSERT INTO user_tag (user_id, tag_id) VALUES ("87","21");
INSERT INTO user_tag (user_id, tag_id) VALUES ("87","25");
INSERT INTO user_tag (user_id, tag_id) VALUES ("87","34");
INSERT INTO user_tag (user_id, tag_id) VALUES ("87","44");
INSERT INTO user_tag (user_id, tag_id) VALUES ("87","39");
INSERT INTO user_tag (user_id, tag_id) VALUES ("87","33");
INSERT INTO user_tag (user_id, tag_id) VALUES ("87","2");
INSERT INTO user_tag (user_id, tag_id) VALUES ("87","15");
INSERT INTO user_tag (user_id, tag_id) VALUES ("87","35");
INSERT INTO user_tag (user_id, tag_id) VALUES ("87","15");

INSERT INTO connected (user_id, connect_date) VALUES ("87","2017-04-10 06:40:40");
INSERT INTO likes (like_id, liked_id, like_date) VALUES ("460","87","2017-06-17 01:42:34");
INSERT INTO likes (like_id, liked_id, like_date) VALUES ("275","87","2017-04-10 20:12:38");
INSERT INTO likes (like_id, liked_id, like_date) VALUES ("126","87","2017-08-20 13:07:26");
INSERT INTO likes (like_id, liked_id, like_date) VALUES ("23","87","2017-02-25 15:35:06");
INSERT INTO likes (like_id, liked_id, like_date) VALUES ("227","87","2017-04-17 14:21:25");
INSERT INTO likes (like_id, liked_id, like_date) VALUES ("331","87","2017-03-17 19:35:16");
INSERT INTO likes (like_id, liked_id, like_date) VALUES ("138","87","2017-10-23 20:42:41");
INSERT INTO likes (like_id, liked_id, like_date) VALUES ("234","87","2017-03-14 20:44:48");
INSERT INTO views (viewer_id, viewed_id, view_date) VALUES ("188","87","2017-05-14 16:42:56");
INSERT INTO views (viewer_id, viewed_id, view_date) VALUES ("291","87","2017-03-12 17:48:07");
INSERT INTO views (viewer_id, viewed_id, view_date) VALUES ("495","87","2017-07-08 00:08:25");
INSERT INTO views (viewer_id, viewed_id, view_date) VALUES ("110","87","2017-05-19 19:03:21");
INSERT INTO views (viewer_id, viewed_id, view_date) VALUES ("481","87","2017-12-12 22:28:32");
INSERT INTO views (viewer_id, viewed_id, view_date) VALUES ("443","87","2017-03-09 00:48:27");


INSERT INTO user (id, first_name, last_name, username, email, password, birthdate, gender, orientation, bio, country, state, city, zip, file_1, file_2, file_3, file_4, file_5, score, token, token_date, active, register, created_at, updated_at) VALUES ("88","Daniela","Waelchi","ratheula","gtremblay@emmerich.com","$2y$10$.M6/b2pk4bI1QQl7as5YRe0S5jbuLyOboDihlu6xWTRYP1pGFPl5e","1977-09-14 19:06:38","1","2","Expedita voluptates quis dolores ea. Cupiditate ut facilis quis magnam et sit. Quisquam quibusdam ut velit dolore atque optio accusamus. Quisquam et quo quam quisquam.","Bahamas","","Conroybury","19179","../fixtures/male4.jpg","../fixtures/male4.jpg","","","","85","229ef4d4ec9060f7a2ed0852950480c8","2012-07-11 01:58:57","0","0","2014-06-16 17:58:02","1993-12-04 23:56:26");
INSERT INTO user_tag (user_id, tag_id) VALUES ("88","28");
INSERT INTO user_tag (user_id, tag_id) VALUES ("88","41");
INSERT INTO user_tag (user_id, tag_id) VALUES ("88","45");
INSERT INTO user_tag (user_id, tag_id) VALUES ("88","40");

INSERT INTO connected (user_id, connect_date) VALUES ("88","2018-02-13 08:19:58");
INSERT INTO likes (like_id, liked_id, like_date) VALUES ("478","88","2018-01-04 17:07:53");
INSERT INTO likes (like_id, liked_id, like_date) VALUES ("149","88","2017-06-28 17:08:07");
INSERT INTO likes (like_id, liked_id, like_date) VALUES ("253","88","2017-02-18 01:24:14");
INSERT INTO likes (like_id, liked_id, like_date) VALUES ("276","88","2017-03-08 03:13:35");
INSERT INTO likes (like_id, liked_id, like_date) VALUES ("463","88","2018-01-12 13:52:42");
INSERT INTO likes (like_id, liked_id, like_date) VALUES ("282","88","2017-04-11 02:10:49");
INSERT INTO likes (like_id, liked_id, like_date) VALUES ("212","88","2017-08-31 12:17:08");
INSERT INTO likes (like_id, liked_id, like_date) VALUES ("259","88","2017-04-25 18:54:10");
INSERT INTO likes (like_id, liked_id, like_date) VALUES ("182","88","2017-05-04 20:55:51");
INSERT INTO likes (like_id, liked_id, like_date) VALUES ("118","88","2018-02-07 09:44:20");
INSERT INTO likes (like_id, liked_id, like_date) VALUES ("137","88","2018-01-06 07:43:45");
INSERT INTO likes (like_id, liked_id, like_date) VALUES ("268","88","2017-05-29 21:56:38");
INSERT INTO views (viewer_id, viewed_id, view_date) VALUES ("456","88","2017-10-15 09:06:27");
INSERT INTO views (viewer_id, viewed_id, view_date) VALUES ("396","88","2018-02-05 10:07:18");
INSERT INTO views (viewer_id, viewed_id, view_date) VALUES ("295","88","2018-01-12 17:23:32");
INSERT INTO views (viewer_id, viewed_id, view_date) VALUES ("260","88","2017-08-29 10:23:11");
INSERT INTO views (viewer_id, viewed_id, view_date) VALUES ("138","88","2017-03-11 09:24:22");
INSERT INTO views (viewer_id, viewed_id, view_date) VALUES ("282","88","2017-08-28 17:39:11");


INSERT INTO user (id, first_name, last_name, username, email, password, birthdate, gender, orientation, bio, country, state, city, zip, file_1, file_2, file_3, file_4, file_5, score, token, token_date, active, register, created_at, updated_at) VALUES ("89","Brice","Gislason","iharber","camila.ledner@yahoo.com","$2y$10$rD0gMqJSxHPG4AnEkQx7TOazSLsmUii4e2TiccijOEIcXN76jXIpW","1973-09-17 17:30:28","1","3","Autem et et eaque unde dolores neque eos. Delectus rerum quasi illo minima quia laboriosam quis. Quo ea velit ut tempore illo natus libero optio.","Latvia","","Olsonmouth","51725-3619","../fixtures/male8.jpg","../fixtures/male8.jpg","../fixtures/male6.jpg","","","3","ee4a9017f12fac552a0fdfa0d40f5dbe","1994-07-27 21:16:31","1","0","2014-12-04 04:17:29","1998-05-12 09:37:26");
INSERT INTO user_tag (user_id, tag_id) VALUES ("89","8");
INSERT INTO user_tag (user_id, tag_id) VALUES ("89","3");
INSERT INTO user_tag (user_id, tag_id) VALUES ("89","39");
INSERT INTO user_tag (user_id, tag_id) VALUES ("89","28");
INSERT INTO user_tag (user_id, tag_id) VALUES ("89","2");
INSERT INTO user_tag (user_id, tag_id) VALUES ("89","5");
INSERT INTO user_tag (user_id, tag_id) VALUES ("89","12");
INSERT INTO user_tag (user_id, tag_id) VALUES ("89","48");
INSERT INTO user_tag (user_id, tag_id) VALUES ("89","14");
INSERT INTO user_tag (user_id, tag_id) VALUES ("89","48");
INSERT INTO user_tag (user_id, tag_id) VALUES ("89","12");
INSERT INTO user_tag (user_id, tag_id) VALUES ("89","10");
INSERT INTO user_tag (user_id, tag_id) VALUES ("89","47");

INSERT INTO connected (user_id, connect_date) VALUES ("89","2017-09-18 06:00:02");
INSERT INTO likes (like_id, liked_id, like_date) VALUES ("150","89","2017-12-02 20:48:59");
INSERT INTO likes (like_id, liked_id, like_date) VALUES ("235","89","2017-11-10 06:32:12");
INSERT INTO likes (like_id, liked_id, like_date) VALUES ("341","89","2017-05-21 04:45:57");
INSERT INTO likes (like_id, liked_id, like_date) VALUES ("226","89","2017-08-18 09:00:29");
INSERT INTO likes (like_id, liked_id, like_date) VALUES ("448","89","2017-08-18 01:07:24");
INSERT INTO likes (like_id, liked_id, like_date) VALUES ("333","89","2017-06-11 09:24:59");
INSERT INTO likes (like_id, liked_id, like_date) VALUES ("402","89","2017-02-20 07:35:38");
INSERT INTO likes (like_id, liked_id, like_date) VALUES ("69","89","2017-03-11 08:50:41");
INSERT INTO likes (like_id, liked_id, like_date) VALUES ("445","89","2017-11-05 19:17:25");
INSERT INTO likes (like_id, liked_id, like_date) VALUES ("363","89","2017-12-09 22:17:51");
INSERT INTO likes (like_id, liked_id, like_date) VALUES ("99","89","2017-03-15 22:06:09");
INSERT INTO likes (like_id, liked_id, like_date) VALUES ("265","89","2017-11-07 02:17:55");
INSERT INTO likes (like_id, liked_id, like_date) VALUES ("82","89","2017-12-07 22:00:39");
INSERT INTO views (viewer_id, viewed_id, view_date) VALUES ("308","89","2018-01-02 10:16:51");
INSERT INTO views (viewer_id, viewed_id, view_date) VALUES ("298","89","2017-09-10 13:52:01");
INSERT INTO views (viewer_id, viewed_id, view_date) VALUES ("162","89","2017-06-27 13:34:46");
INSERT INTO views (viewer_id, viewed_id, view_date) VALUES ("149","89","2017-10-10 05:19:35");
INSERT INTO views (viewer_id, viewed_id, view_date) VALUES ("33","89","2017-02-16 19:15:19");
INSERT INTO views (viewer_id, viewed_id, view_date) VALUES ("6","89","2017-08-22 20:31:08");
INSERT INTO views (viewer_id, viewed_id, view_date) VALUES ("219","89","2017-05-10 22:28:35");
INSERT INTO views (viewer_id, viewed_id, view_date) VALUES ("70","89","2017-09-30 18:10:25");
INSERT INTO views (viewer_id, viewed_id, view_date) VALUES ("452","89","2017-02-18 10:43:41");
INSERT INTO views (viewer_id, viewed_id, view_date) VALUES ("244","89","2017-03-22 14:38:41");
INSERT INTO views (viewer_id, viewed_id, view_date) VALUES ("401","89","2018-02-05 22:20:16");
INSERT INTO views (viewer_id, viewed_id, view_date) VALUES ("301","89","2017-10-22 09:36:00");
INSERT INTO views (viewer_id, viewed_id, view_date) VALUES ("273","89","2017-08-23 20:39:04");
INSERT INTO views (viewer_id, viewed_id, view_date) VALUES ("211","89","2017-09-14 00:57:02");
INSERT INTO views (viewer_id, viewed_id, view_date) VALUES ("288","89","2017-08-01 14:46:49");
INSERT INTO views (viewer_id, viewed_id, view_date) VALUES ("367","89","2017-04-02 20:56:19");
INSERT INTO views (viewer_id, viewed_id, view_date) VALUES ("200","89","2017-04-22 04:25:16");
INSERT INTO views (viewer_id, viewed_id, view_date) VALUES ("252","89","2017-10-04 20:06:39");
INSERT INTO views (viewer_id, viewed_id, view_date) VALUES ("367","89","2017-11-17 01:04:41");
INSERT INTO views (viewer_id, viewed_id, view_date) VALUES ("331","89","2018-02-09 01:18:11");
INSERT INTO views (viewer_id, viewed_id, view_date) VALUES ("22","89","2017-07-22 04:38:14");
INSERT INTO views (viewer_id, viewed_id, view_date) VALUES ("164","89","2017-04-25 14:23:19");
INSERT INTO views (viewer_id, viewed_id, view_date) VALUES ("126","89","2017-12-02 20:51:05");
INSERT INTO views (viewer_id, viewed_id, view_date) VALUES ("496","89","2017-05-22 14:27:51");


INSERT INTO user (id, first_name, last_name, username, email, password, birthdate, gender, orientation, bio, country, state, city, zip, file_1, file_2, file_3, file_4, file_5, score, token, token_date, active, register, created_at, updated_at) VALUES ("90","Yvette","Ferry","lgrant","daugherty.remington@yahoo.com","$2y$10$Juu5Gmjyt7VdWOA20MW7BeQGvq0pfCDL.xIUPnToUkHmt4hAa2lV6","1961-05-24 00:37:49","2","1","Perspiciatis sapiente cum est nisi reiciendis vitae. Minima ea ex molestiae sunt vel tenetur accusantium. Doloribus deserunt tempore odit reprehenderit. Nisi hic rerum dignissimos aut officia voluptatem.","Niger","","South Gia","86602-9082","../fixtures/female1.jpg","../fixtures/female6.jpg","","","","38","a90c2e7b006afafa989dee2de6655b4b","1985-01-20 00:23:52","0","0","1975-02-03 01:31:41","1982-11-19 02:18:17");
INSERT INTO user_tag (user_id, tag_id) VALUES ("90","26");
INSERT INTO user_tag (user_id, tag_id) VALUES ("90","31");
INSERT INTO user_tag (user_id, tag_id) VALUES ("90","14");
INSERT INTO user_tag (user_id, tag_id) VALUES ("90","4");
INSERT INTO user_tag (user_id, tag_id) VALUES ("90","50");
INSERT INTO user_tag (user_id, tag_id) VALUES ("90","4");
INSERT INTO user_tag (user_id, tag_id) VALUES ("90","36");
INSERT INTO user_tag (user_id, tag_id) VALUES ("90","13");
INSERT INTO user_tag (user_id, tag_id) VALUES ("90","5");
INSERT INTO user_tag (user_id, tag_id) VALUES ("90","10");
INSERT INTO user_tag (user_id, tag_id) VALUES ("90","37");
INSERT INTO user_tag (user_id, tag_id) VALUES ("90","21");
INSERT INTO user_tag (user_id, tag_id) VALUES ("90","35");
INSERT INTO user_tag (user_id, tag_id) VALUES ("90","19");

INSERT INTO connected (user_id, connect_date) VALUES ("90","2017-12-19 09:29:39");
INSERT INTO likes (like_id, liked_id, like_date) VALUES ("429","90","2017-04-14 22:46:37");
INSERT INTO likes (like_id, liked_id, like_date) VALUES ("90","90","2017-11-01 11:42:09");
INSERT INTO likes (like_id, liked_id, like_date) VALUES ("416","90","2017-07-31 15:26:27");
INSERT INTO likes (like_id, liked_id, like_date) VALUES ("199","90","2017-07-22 03:58:58");
INSERT INTO likes (like_id, liked_id, like_date) VALUES ("105","90","2017-04-14 13:53:03");
INSERT INTO likes (like_id, liked_id, like_date) VALUES ("230","90","2017-06-26 07:36:27");
INSERT INTO likes (like_id, liked_id, like_date) VALUES ("68","90","2017-04-16 16:37:45");
INSERT INTO likes (like_id, liked_id, like_date) VALUES ("203","90","2018-01-01 18:58:48");
INSERT INTO likes (like_id, liked_id, like_date) VALUES ("92","90","2017-02-21 19:52:07");
INSERT INTO likes (like_id, liked_id, like_date) VALUES ("41","90","2017-05-09 08:04:02");
INSERT INTO likes (like_id, liked_id, like_date) VALUES ("152","90","2017-07-03 05:53:01");
INSERT INTO views (viewer_id, viewed_id, view_date) VALUES ("200","90","2017-09-26 10:53:57");
INSERT INTO views (viewer_id, viewed_id, view_date) VALUES ("342","90","2017-10-10 19:07:10");
INSERT INTO views (viewer_id, viewed_id, view_date) VALUES ("377","90","2017-05-10 17:22:17");
INSERT INTO views (viewer_id, viewed_id, view_date) VALUES ("497","90","2017-05-19 21:58:55");
INSERT INTO views (viewer_id, viewed_id, view_date) VALUES ("320","90","2017-12-25 13:37:01");
INSERT INTO views (viewer_id, viewed_id, view_date) VALUES ("272","90","2017-07-22 21:43:23");
INSERT INTO views (viewer_id, viewed_id, view_date) VALUES ("340","90","2017-11-05 17:38:59");
INSERT INTO views (viewer_id, viewed_id, view_date) VALUES ("436","90","2018-01-05 04:47:45");
INSERT INTO views (viewer_id, viewed_id, view_date) VALUES ("363","90","2017-10-30 23:52:54");
INSERT INTO views (viewer_id, viewed_id, view_date) VALUES ("320","90","2017-04-05 13:28:33");
INSERT INTO views (viewer_id, viewed_id, view_date) VALUES ("102","90","2017-11-15 13:57:11");
INSERT INTO views (viewer_id, viewed_id, view_date) VALUES ("267","90","2017-10-08 10:04:57");
INSERT INTO views (viewer_id, viewed_id, view_date) VALUES ("4","90","2017-04-12 01:47:23");
INSERT INTO views (viewer_id, viewed_id, view_date) VALUES ("354","90","2017-08-15 06:04:49");
INSERT INTO views (viewer_id, viewed_id, view_date) VALUES ("160","90","2017-03-17 10:16:10");
INSERT INTO views (viewer_id, viewed_id, view_date) VALUES ("67","90","2017-05-11 00:09:37");
INSERT INTO views (viewer_id, viewed_id, view_date) VALUES ("281","90","2017-06-05 19:07:36");
INSERT INTO views (viewer_id, viewed_id, view_date) VALUES ("88","90","2017-03-28 01:43:07");


INSERT INTO user (id, first_name, last_name, username, email, password, birthdate, gender, orientation, bio, country, state, city, zip, file_1, file_2, file_3, file_4, file_5, score, token, token_date, active, register, created_at, updated_at) VALUES ("91","Camille","Schaefer","janaeward","eda26@gmail.com","$2y$10$zoQELQgND/r0gTCDW0YI3.4JtOJshW/biVwqhA6m1Dfih2D01IckS","1981-02-07 12:35:03","1","1","Culpa omnis sit sint ut quos deserunt. Eos tenetur autem voluptas ut tempora rerum officiis. Sunt ipsam aut error minima nostrum. Id possimus quae dolores et. Exercitationem omnis nihil nulla eos consequatur possimus incidunt vel.","Jersey","","Imanistad","39078","../fixtures/male2.jpg","../fixtures/male10.jpg","../fixtures/male7.jpg","../fixtures/male5.jpg","","90","c174976798d25748ab1cfaf62cc90df3","1998-10-13 11:37:26","1","1","1984-07-18 14:52:34","2008-11-03 07:22:54");
INSERT INTO user_tag (user_id, tag_id) VALUES ("91","24");
INSERT INTO user_tag (user_id, tag_id) VALUES ("91","7");
INSERT INTO user_tag (user_id, tag_id) VALUES ("91","2");
INSERT INTO user_tag (user_id, tag_id) VALUES ("91","27");
INSERT INTO user_tag (user_id, tag_id) VALUES ("91","32");
INSERT INTO user_tag (user_id, tag_id) VALUES ("91","17");
INSERT INTO user_tag (user_id, tag_id) VALUES ("91","38");
INSERT INTO user_tag (user_id, tag_id) VALUES ("91","31");
INSERT INTO user_tag (user_id, tag_id) VALUES ("91","28");
INSERT INTO user_tag (user_id, tag_id) VALUES ("91","2");
INSERT INTO user_tag (user_id, tag_id) VALUES ("91","6");
INSERT INTO user_tag (user_id, tag_id) VALUES ("91","9");
INSERT INTO user_tag (user_id, tag_id) VALUES ("91","29");
INSERT INTO user_tag (user_id, tag_id) VALUES ("91","20");
INSERT INTO user_tag (user_id, tag_id) VALUES ("91","5");

INSERT INTO connected (user_id, connect_date) VALUES ("91","2017-04-08 00:20:48");
INSERT INTO likes (like_id, liked_id, like_date) VALUES ("153","91","2017-05-22 06:23:27");
INSERT INTO likes (like_id, liked_id, like_date) VALUES ("220","91","2017-09-20 06:54:28");
INSERT INTO likes (like_id, liked_id, like_date) VALUES ("207","91","2018-02-13 07:57:51");
INSERT INTO likes (like_id, liked_id, like_date) VALUES ("343","91","2017-07-02 23:33:18");
INSERT INTO likes (like_id, liked_id, like_date) VALUES ("306","91","2017-11-28 10:13:27");
INSERT INTO likes (like_id, liked_id, like_date) VALUES ("11","91","2017-08-15 11:58:22");
INSERT INTO likes (like_id, liked_id, like_date) VALUES ("69","91","2017-12-21 01:41:51");
INSERT INTO likes (like_id, liked_id, like_date) VALUES ("80","91","2017-02-24 12:35:25");
INSERT INTO likes (like_id, liked_id, like_date) VALUES ("211","91","2018-02-08 22:59:04");
INSERT INTO likes (like_id, liked_id, like_date) VALUES ("393","91","2017-10-01 14:05:18");
INSERT INTO likes (like_id, liked_id, like_date) VALUES ("405","91","2017-03-07 22:42:53");
INSERT INTO likes (like_id, liked_id, like_date) VALUES ("417","91","2017-06-18 20:42:52");
INSERT INTO likes (like_id, liked_id, like_date) VALUES ("160","91","2017-12-23 22:26:36");
INSERT INTO likes (like_id, liked_id, like_date) VALUES ("85","91","2017-03-05 07:16:57");
INSERT INTO likes (like_id, liked_id, like_date) VALUES ("253","91","2017-11-04 03:58:30");
INSERT INTO likes (like_id, liked_id, like_date) VALUES ("384","91","2017-10-11 00:41:09");
INSERT INTO views (viewer_id, viewed_id, view_date) VALUES ("261","91","2017-10-20 21:28:44");
INSERT INTO views (viewer_id, viewed_id, view_date) VALUES ("123","91","2017-06-03 03:20:33");
INSERT INTO views (viewer_id, viewed_id, view_date) VALUES ("211","91","2017-08-21 04:07:50");
INSERT INTO views (viewer_id, viewed_id, view_date) VALUES ("332","91","2017-07-28 13:24:25");
INSERT INTO views (viewer_id, viewed_id, view_date) VALUES ("86","91","2018-02-15 05:08:31");
INSERT INTO views (viewer_id, viewed_id, view_date) VALUES ("380","91","2017-03-15 11:05:11");
INSERT INTO views (viewer_id, viewed_id, view_date) VALUES ("93","91","2017-05-06 09:32:08");
INSERT INTO views (viewer_id, viewed_id, view_date) VALUES ("354","91","2017-12-13 15:10:03");


INSERT INTO user (id, first_name, last_name, username, email, password, birthdate, gender, orientation, bio, country, state, city, zip, file_1, file_2, file_3, file_4, file_5, score, token, token_date, active, register, created_at, updated_at) VALUES ("92","Betty","King","king84","kling.catherine@medhurst.biz","$2y$10$cRjVL5tRUGPk29KJWeM7Ru7zuU/66QLKQ3NK7.JR.Cxo69Ow.gF.K","2000-01-14 20:05:37","1","1","Omnis nisi quae deserunt exercitationem nihil dolores voluptatibus. Eveniet quasi dolorem ab ullam. Amet ea omnis in accusantium rerum. Necessitatibus earum perspiciatis illum ut et ex reprehenderit.","Niger","","Littleburgh","19428","../fixtures/male2.jpg","../fixtures/male9.jpg","../fixtures/male5.jpg","../fixtures/male1.jpg","","24","f6323726623383a295416dbfe18f73df","1992-08-11 22:43:15","1","0","1996-12-05 13:12:48","1984-07-26 10:30:45");
INSERT INTO user_tag (user_id, tag_id) VALUES ("92","6");
INSERT INTO user_tag (user_id, tag_id) VALUES ("92","39");
INSERT INTO user_tag (user_id, tag_id) VALUES ("92","48");
INSERT INTO user_tag (user_id, tag_id) VALUES ("92","32");
INSERT INTO user_tag (user_id, tag_id) VALUES ("92","11");
INSERT INTO user_tag (user_id, tag_id) VALUES ("92","9");
INSERT INTO user_tag (user_id, tag_id) VALUES ("92","11");
INSERT INTO user_tag (user_id, tag_id) VALUES ("92","13");
INSERT INTO user_tag (user_id, tag_id) VALUES ("92","32");
INSERT INTO user_tag (user_id, tag_id) VALUES ("92","6");
INSERT INTO user_tag (user_id, tag_id) VALUES ("92","14");
INSERT INTO user_tag (user_id, tag_id) VALUES ("92","33");
INSERT INTO user_tag (user_id, tag_id) VALUES ("92","3");
INSERT INTO user_tag (user_id, tag_id) VALUES ("92","31");

INSERT INTO connected (user_id, connect_date) VALUES ("92","2017-09-17 21:07:10");
INSERT INTO likes (like_id, liked_id, like_date) VALUES ("330","92","2017-10-10 16:20:40");
INSERT INTO likes (like_id, liked_id, like_date) VALUES ("375","92","2017-10-29 13:54:02");
INSERT INTO likes (like_id, liked_id, like_date) VALUES ("316","92","2017-12-04 21:15:46");
INSERT INTO likes (like_id, liked_id, like_date) VALUES ("436","92","2017-12-07 07:07:52");
INSERT INTO likes (like_id, liked_id, like_date) VALUES ("435","92","2017-03-01 06:18:58");
INSERT INTO likes (like_id, liked_id, like_date) VALUES ("463","92","2017-05-30 14:44:17");
INSERT INTO likes (like_id, liked_id, like_date) VALUES ("354","92","2017-08-28 19:36:27");
INSERT INTO likes (like_id, liked_id, like_date) VALUES ("444","92","2017-05-30 14:54:31");
INSERT INTO likes (like_id, liked_id, like_date) VALUES ("323","92","2017-12-09 12:56:36");
INSERT INTO likes (like_id, liked_id, like_date) VALUES ("198","92","2017-11-26 10:12:22");
INSERT INTO likes (like_id, liked_id, like_date) VALUES ("44","92","2018-01-03 01:55:30");
INSERT INTO likes (like_id, liked_id, like_date) VALUES ("333","92","2017-11-13 21:31:47");
INSERT INTO likes (like_id, liked_id, like_date) VALUES ("315","92","2017-09-27 10:56:13");
INSERT INTO likes (like_id, liked_id, like_date) VALUES ("448","92","2017-09-06 03:19:10");
INSERT INTO likes (like_id, liked_id, like_date) VALUES ("460","92","2017-03-24 07:15:59");
INSERT INTO likes (like_id, liked_id, like_date) VALUES ("109","92","2017-08-02 23:34:45");
INSERT INTO likes (like_id, liked_id, like_date) VALUES ("290","92","2017-10-17 10:17:41");
INSERT INTO likes (like_id, liked_id, like_date) VALUES ("487","92","2017-05-18 19:48:12");
INSERT INTO likes (like_id, liked_id, like_date) VALUES ("332","92","2017-05-20 00:43:56");
INSERT INTO likes (like_id, liked_id, like_date) VALUES ("99","92","2017-09-27 17:21:36");
INSERT INTO views (viewer_id, viewed_id, view_date) VALUES ("474","92","2017-12-02 09:19:19");
INSERT INTO views (viewer_id, viewed_id, view_date) VALUES ("500","92","2017-05-02 23:51:56");
INSERT INTO views (viewer_id, viewed_id, view_date) VALUES ("176","92","2017-06-17 02:08:19");
INSERT INTO views (viewer_id, viewed_id, view_date) VALUES ("490","92","2017-11-01 02:41:07");
INSERT INTO views (viewer_id, viewed_id, view_date) VALUES ("287","92","2017-05-30 07:43:31");
INSERT INTO views (viewer_id, viewed_id, view_date) VALUES ("499","92","2017-07-21 00:37:03");
INSERT INTO views (viewer_id, viewed_id, view_date) VALUES ("256","92","2017-12-23 04:27:45");
INSERT INTO views (viewer_id, viewed_id, view_date) VALUES ("224","92","2018-01-14 10:18:19");
INSERT INTO views (viewer_id, viewed_id, view_date) VALUES ("410","92","2017-03-21 16:52:22");


INSERT INTO user (id, first_name, last_name, username, email, password, birthdate, gender, orientation, bio, country, state, city, zip, file_1, file_2, file_3, file_4, file_5, score, token, token_date, active, register, created_at, updated_at) VALUES ("93","Lupe","Jacobi","malliearmstrong","johnathan14@yahoo.com","$2y$10$F/97eKrwcphpWjiE0pCWWOQ/YKv2kFQkvUCIRov3HGOcLUYmalt.a","1996-08-03 00:12:50","2","1","Soluta mollitia et est. Aut molestiae sed cupiditate quisquam quas ut. Quia nam dicta et quia sit. Consequatur eum assumenda consectetur sapiente.","Martinique","","East Kiraside","46546","../fixtures/female4.jpg","../fixtures/female5.jpg","../fixtures/female3.jpg","../fixtures/female2.jpg","../fixtures/female3.jpg","65","24fc6129cf953fb369c124245b3c395c","1990-10-01 20:14:36","0","0","1986-10-25 11:27:56","2000-09-22 01:32:31");
INSERT INTO user_tag (user_id, tag_id) VALUES ("93","20");
INSERT INTO user_tag (user_id, tag_id) VALUES ("93","15");
INSERT INTO user_tag (user_id, tag_id) VALUES ("93","7");
INSERT INTO user_tag (user_id, tag_id) VALUES ("93","39");
INSERT INTO user_tag (user_id, tag_id) VALUES ("93","48");
INSERT INTO user_tag (user_id, tag_id) VALUES ("93","26");
INSERT INTO user_tag (user_id, tag_id) VALUES ("93","8");
INSERT INTO user_tag (user_id, tag_id) VALUES ("93","40");

INSERT INTO connected (user_id, connect_date) VALUES ("93","2018-01-29 21:53:15");
INSERT INTO likes (like_id, liked_id, like_date) VALUES ("118","93","2017-12-13 21:49:25");
INSERT INTO likes (like_id, liked_id, like_date) VALUES ("31","93","2017-06-22 17:03:04");
INSERT INTO likes (like_id, liked_id, like_date) VALUES ("425","93","2017-04-27 09:49:32");
INSERT INTO likes (like_id, liked_id, like_date) VALUES ("292","93","2017-04-01 14:48:42");
INSERT INTO likes (like_id, liked_id, like_date) VALUES ("260","93","2017-02-17 22:05:41");
INSERT INTO likes (like_id, liked_id, like_date) VALUES ("437","93","2017-07-02 06:28:35");
INSERT INTO likes (like_id, liked_id, like_date) VALUES ("193","93","2017-12-23 07:43:49");
INSERT INTO likes (like_id, liked_id, like_date) VALUES ("72","93","2018-01-01 12:24:11");
INSERT INTO likes (like_id, liked_id, like_date) VALUES ("56","93","2017-09-05 22:01:24");
INSERT INTO likes (like_id, liked_id, like_date) VALUES ("454","93","2017-10-28 17:31:53");
INSERT INTO views (viewer_id, viewed_id, view_date) VALUES ("315","93","2017-08-21 16:12:02");
INSERT INTO views (viewer_id, viewed_id, view_date) VALUES ("136","93","2017-09-21 22:55:54");
INSERT INTO views (viewer_id, viewed_id, view_date) VALUES ("238","93","2017-05-04 16:03:18");
INSERT INTO views (viewer_id, viewed_id, view_date) VALUES ("252","93","2018-02-14 06:11:41");
INSERT INTO views (viewer_id, viewed_id, view_date) VALUES ("481","93","2017-08-14 02:32:14");
INSERT INTO views (viewer_id, viewed_id, view_date) VALUES ("420","93","2017-10-04 14:12:17");
INSERT INTO views (viewer_id, viewed_id, view_date) VALUES ("196","93","2017-12-20 18:56:17");
INSERT INTO views (viewer_id, viewed_id, view_date) VALUES ("134","93","2017-12-22 04:00:04");
INSERT INTO views (viewer_id, viewed_id, view_date) VALUES ("62","93","2018-02-02 08:46:45");
INSERT INTO views (viewer_id, viewed_id, view_date) VALUES ("371","93","2017-09-20 13:18:51");
INSERT INTO views (viewer_id, viewed_id, view_date) VALUES ("345","93","2017-06-21 04:30:18");
INSERT INTO views (viewer_id, viewed_id, view_date) VALUES ("34","93","2018-02-06 02:59:20");
INSERT INTO views (viewer_id, viewed_id, view_date) VALUES ("132","93","2017-10-20 06:04:46");
INSERT INTO views (viewer_id, viewed_id, view_date) VALUES ("47","93","2017-08-18 20:35:00");
INSERT INTO views (viewer_id, viewed_id, view_date) VALUES ("398","93","2017-12-21 18:37:10");


INSERT INTO user (id, first_name, last_name, username, email, password, birthdate, gender, orientation, bio, country, state, city, zip, file_1, file_2, file_3, file_4, file_5, score, token, token_date, active, register, created_at, updated_at) VALUES ("94","Dangelo","Kuvalis","kayli44","abshire.sadie@yahoo.com","$2y$10$eHDb9lyzeCqSNlcfFh0BteoSgi4ZNNzSJwquvYF228TrbZJOFe3km","1971-08-06 23:32:44","1","1","Saepe impedit maiores qui. Fugiat consectetur quae voluptas reprehenderit vitae. Vero quibusdam aspernatur ratione dicta voluptates. Et repellat nihil et illum.","Bermuda","","Colleenside","72129-9475","../fixtures/male1.jpg","../fixtures/male2.jpg","../fixtures/male3.jpg","../fixtures/male2.jpg","","5","732ba2b9003bc0d3f44fef057cc8427c","1973-03-08 08:32:17","1","1","2004-03-17 10:54:40","1995-01-22 18:41:12");
INSERT INTO user_tag (user_id, tag_id) VALUES ("94","43");
INSERT INTO user_tag (user_id, tag_id) VALUES ("94","18");
INSERT INTO user_tag (user_id, tag_id) VALUES ("94","12");
INSERT INTO user_tag (user_id, tag_id) VALUES ("94","26");
INSERT INTO user_tag (user_id, tag_id) VALUES ("94","33");
INSERT INTO user_tag (user_id, tag_id) VALUES ("94","25");
INSERT INTO user_tag (user_id, tag_id) VALUES ("94","39");
INSERT INTO user_tag (user_id, tag_id) VALUES ("94","35");
INSERT INTO user_tag (user_id, tag_id) VALUES ("94","50");
INSERT INTO user_tag (user_id, tag_id) VALUES ("94","37");
INSERT INTO user_tag (user_id, tag_id) VALUES ("94","12");

INSERT INTO connected (user_id, connect_date) VALUES ("94","2017-04-27 11:38:29");
INSERT INTO likes (like_id, liked_id, like_date) VALUES ("422","94","2017-11-01 21:28:28");
INSERT INTO likes (like_id, liked_id, like_date) VALUES ("496","94","2017-12-19 19:17:14");
INSERT INTO likes (like_id, liked_id, like_date) VALUES ("404","94","2017-05-09 01:04:10");
INSERT INTO likes (like_id, liked_id, like_date) VALUES ("140","94","2018-02-14 19:49:17");
INSERT INTO likes (like_id, liked_id, like_date) VALUES ("138","94","2017-05-24 20:19:23");
INSERT INTO likes (like_id, liked_id, like_date) VALUES ("164","94","2017-12-04 16:20:47");
INSERT INTO likes (like_id, liked_id, like_date) VALUES ("3","94","2017-05-09 10:29:27");
INSERT INTO likes (like_id, liked_id, like_date) VALUES ("499","94","2017-12-28 18:58:21");
INSERT INTO likes (like_id, liked_id, like_date) VALUES ("289","94","2017-08-11 00:26:57");
INSERT INTO views (viewer_id, viewed_id, view_date) VALUES ("108","94","2017-06-28 11:16:16");
INSERT INTO views (viewer_id, viewed_id, view_date) VALUES ("181","94","2017-06-09 22:03:44");


INSERT INTO user (id, first_name, last_name, username, email, password, birthdate, gender, orientation, bio, country, state, city, zip, file_1, file_2, file_3, file_4, file_5, score, token, token_date, active, register, created_at, updated_at) VALUES ("95","Lessie","Bartell","vbrown","eliza01@leannon.com","$2y$10$amcTn1zbDcMNYiI09dyAJOpvcVxTUjWdkR.HPLWtbjtXZNOUpxicC","1965-12-09 18:25:37","2","3","Deserunt reprehenderit et corrupti optio. Impedit dolorem molestias dolore dolorem. Asperiores iusto inventore aut voluptatibus alias minima.","Lebanon","","Dibbertmouth","43646-7615","../fixtures/female10.jpg","../fixtures/female3.jpg","../fixtures/female6.jpg","../fixtures/female8.jpg","","81","831055a639f99ce21e06a5a5acc0edaf","1993-08-02 00:18:03","0","0","2006-08-04 14:06:58","1996-10-05 09:01:34");
INSERT INTO user_tag (user_id, tag_id) VALUES ("95","12");
INSERT INTO user_tag (user_id, tag_id) VALUES ("95","42");

INSERT INTO connected (user_id, connect_date) VALUES ("95","2017-07-10 22:35:28");
INSERT INTO likes (like_id, liked_id, like_date) VALUES ("372","95","2018-01-20 20:25:00");
INSERT INTO likes (like_id, liked_id, like_date) VALUES ("104","95","2017-11-18 18:42:32");
INSERT INTO likes (like_id, liked_id, like_date) VALUES ("291","95","2017-08-26 03:02:15");
INSERT INTO likes (like_id, liked_id, like_date) VALUES ("377","95","2018-01-11 14:04:14");
INSERT INTO likes (like_id, liked_id, like_date) VALUES ("112","95","2017-11-07 11:24:40");
INSERT INTO likes (like_id, liked_id, like_date) VALUES ("268","95","2017-12-20 07:54:24");
INSERT INTO views (viewer_id, viewed_id, view_date) VALUES ("485","95","2017-08-16 23:49:01");
INSERT INTO views (viewer_id, viewed_id, view_date) VALUES ("410","95","2017-04-06 12:19:07");
INSERT INTO views (viewer_id, viewed_id, view_date) VALUES ("1","95","2017-07-13 20:16:38");
INSERT INTO views (viewer_id, viewed_id, view_date) VALUES ("262","95","2017-09-03 06:04:34");
INSERT INTO views (viewer_id, viewed_id, view_date) VALUES ("449","95","2017-11-08 19:05:20");
INSERT INTO views (viewer_id, viewed_id, view_date) VALUES ("499","95","2017-12-10 06:16:55");
INSERT INTO views (viewer_id, viewed_id, view_date) VALUES ("378","95","2017-08-30 13:34:37");
INSERT INTO views (viewer_id, viewed_id, view_date) VALUES ("392","95","2017-09-18 13:27:43");
INSERT INTO views (viewer_id, viewed_id, view_date) VALUES ("72","95","2017-05-19 18:37:45");
INSERT INTO views (viewer_id, viewed_id, view_date) VALUES ("272","95","2017-12-13 14:55:18");
INSERT INTO views (viewer_id, viewed_id, view_date) VALUES ("91","95","2017-12-19 01:40:18");
INSERT INTO views (viewer_id, viewed_id, view_date) VALUES ("495","95","2017-07-09 06:25:32");
INSERT INTO views (viewer_id, viewed_id, view_date) VALUES ("34","95","2017-05-18 14:56:05");
INSERT INTO views (viewer_id, viewed_id, view_date) VALUES ("392","95","2017-07-24 22:59:48");
INSERT INTO views (viewer_id, viewed_id, view_date) VALUES ("58","95","2017-10-15 22:27:10");
INSERT INTO views (viewer_id, viewed_id, view_date) VALUES ("296","95","2017-06-16 05:26:47");
INSERT INTO views (viewer_id, viewed_id, view_date) VALUES ("124","95","2017-02-24 11:46:33");
INSERT INTO views (viewer_id, viewed_id, view_date) VALUES ("335","95","2018-02-12 19:37:18");
INSERT INTO views (viewer_id, viewed_id, view_date) VALUES ("451","95","2017-06-21 23:04:53");
INSERT INTO views (viewer_id, viewed_id, view_date) VALUES ("356","95","2018-02-01 15:28:17");
INSERT INTO views (viewer_id, viewed_id, view_date) VALUES ("313","95","2017-02-22 10:42:42");
INSERT INTO views (viewer_id, viewed_id, view_date) VALUES ("333","95","2017-12-25 12:17:05");
INSERT INTO views (viewer_id, viewed_id, view_date) VALUES ("272","95","2017-04-09 07:59:22");
INSERT INTO views (viewer_id, viewed_id, view_date) VALUES ("126","95","2017-08-21 04:46:50");
INSERT INTO views (viewer_id, viewed_id, view_date) VALUES ("480","95","2017-08-20 03:53:36");
INSERT INTO views (viewer_id, viewed_id, view_date) VALUES ("27","95","2017-09-29 22:59:24");
INSERT INTO views (viewer_id, viewed_id, view_date) VALUES ("348","95","2017-08-27 20:02:37");
INSERT INTO views (viewer_id, viewed_id, view_date) VALUES ("196","95","2017-11-05 13:33:01");
INSERT INTO views (viewer_id, viewed_id, view_date) VALUES ("325","95","2017-11-02 08:53:11");
INSERT INTO views (viewer_id, viewed_id, view_date) VALUES ("249","95","2017-07-10 06:42:30");


INSERT INTO user (id, first_name, last_name, username, email, password, birthdate, gender, orientation, bio, country, state, city, zip, file_1, file_2, file_3, file_4, file_5, score, token, token_date, active, register, created_at, updated_at) VALUES ("96","Keely","Veum","breitenberglennie","runte.bonita@gmail.com","$2y$10$1KfVRRA8Cn4Z.168iu4pVOjcyxAWO8YrwOFXkBgmyX3gU0l1Sqzwy","1980-11-24 20:20:55","1","2","Iusto non optio placeat sequi exercitationem earum quibusdam. Debitis a enim voluptas quas error quia. Iusto debitis a ut.","Lithuania","","Leuschkeville","22873","../fixtures/male5.jpg","../fixtures/male10.jpg","../fixtures/male3.jpg","../fixtures/male4.jpg","../fixtures/male8.jpg","58","1d6eca629aeeeb73879710d8c317870c","1997-08-23 11:13:38","1","1","1982-03-04 18:33:02","1984-10-12 10:56:44");
INSERT INTO user_tag (user_id, tag_id) VALUES ("96","14");
INSERT INTO user_tag (user_id, tag_id) VALUES ("96","26");
INSERT INTO user_tag (user_id, tag_id) VALUES ("96","40");
INSERT INTO user_tag (user_id, tag_id) VALUES ("96","33");
INSERT INTO user_tag (user_id, tag_id) VALUES ("96","23");
INSERT INTO user_tag (user_id, tag_id) VALUES ("96","20");
INSERT INTO user_tag (user_id, tag_id) VALUES ("96","10");
INSERT INTO user_tag (user_id, tag_id) VALUES ("96","47");
INSERT INTO user_tag (user_id, tag_id) VALUES ("96","31");

INSERT INTO connected (user_id, connect_date) VALUES ("96","2017-06-14 11:57:20");
INSERT INTO likes (like_id, liked_id, like_date) VALUES ("269","96","2017-11-14 13:58:01");
INSERT INTO likes (like_id, liked_id, like_date) VALUES ("87","96","2018-01-04 18:02:16");
INSERT INTO likes (like_id, liked_id, like_date) VALUES ("368","96","2017-05-02 16:27:57");
INSERT INTO likes (like_id, liked_id, like_date) VALUES ("306","96","2017-11-08 19:12:44");
INSERT INTO likes (like_id, liked_id, like_date) VALUES ("496","96","2017-06-21 07:39:04");
INSERT INTO likes (like_id, liked_id, like_date) VALUES ("130","96","2017-06-20 14:02:10");
INSERT INTO likes (like_id, liked_id, like_date) VALUES ("178","96","2017-06-21 15:42:50");
INSERT INTO likes (like_id, liked_id, like_date) VALUES ("203","96","2017-12-27 17:36:42");
INSERT INTO likes (like_id, liked_id, like_date) VALUES ("279","96","2017-02-23 23:34:32");
INSERT INTO likes (like_id, liked_id, like_date) VALUES ("407","96","2017-07-29 06:25:24");
INSERT INTO likes (like_id, liked_id, like_date) VALUES ("89","96","2017-04-09 12:09:25");
INSERT INTO likes (like_id, liked_id, like_date) VALUES ("229","96","2017-03-02 19:49:06");
INSERT INTO likes (like_id, liked_id, like_date) VALUES ("111","96","2017-05-15 03:15:51");
INSERT INTO likes (like_id, liked_id, like_date) VALUES ("174","96","2017-11-07 13:00:15");
INSERT INTO likes (like_id, liked_id, like_date) VALUES ("245","96","2017-04-04 04:35:19");
INSERT INTO likes (like_id, liked_id, like_date) VALUES ("144","96","2017-09-08 03:12:42");
INSERT INTO likes (like_id, liked_id, like_date) VALUES ("324","96","2018-01-10 10:23:26");
INSERT INTO views (viewer_id, viewed_id, view_date) VALUES ("296","96","2017-11-29 13:36:51");
INSERT INTO views (viewer_id, viewed_id, view_date) VALUES ("372","96","2017-03-09 18:45:01");
INSERT INTO views (viewer_id, viewed_id, view_date) VALUES ("116","96","2017-10-19 21:28:39");
INSERT INTO views (viewer_id, viewed_id, view_date) VALUES ("119","96","2018-02-03 09:38:46");
INSERT INTO views (viewer_id, viewed_id, view_date) VALUES ("126","96","2018-02-06 12:11:31");
INSERT INTO views (viewer_id, viewed_id, view_date) VALUES ("75","96","2017-12-15 08:57:22");
INSERT INTO views (viewer_id, viewed_id, view_date) VALUES ("197","96","2017-07-02 12:14:54");
INSERT INTO views (viewer_id, viewed_id, view_date) VALUES ("118","96","2017-03-01 14:52:43");
INSERT INTO views (viewer_id, viewed_id, view_date) VALUES ("406","96","2017-11-04 15:03:56");


INSERT INTO user (id, first_name, last_name, username, email, password, birthdate, gender, orientation, bio, country, state, city, zip, file_1, file_2, file_3, file_4, file_5, score, token, token_date, active, register, created_at, updated_at) VALUES ("97","Dortha","Walter","maxie45","lowell50@gmail.com","$2y$10$SHVFy5ROB2eot1OEredzZequ5KhDPymc0e58IVeeCUwyL2UiIJ5RW","1958-04-11 02:04:46","2","3","Nemo quas dolorum omnis officia aspernatur repudiandae. Nisi totam dolorem eveniet. Atque suscipit sed dolores dolorum.","Bangladesh","","New Dimitriview","36683-5182","../fixtures/female10.jpg","","","","","24","8982de1c8a680cfd3e1ef31a220437bc","1987-07-28 18:33:01","0","0","2008-12-29 07:22:07","2009-11-02 06:08:06");
INSERT INTO user_tag (user_id, tag_id) VALUES ("97","4");
INSERT INTO user_tag (user_id, tag_id) VALUES ("97","1");
INSERT INTO user_tag (user_id, tag_id) VALUES ("97","17");
INSERT INTO user_tag (user_id, tag_id) VALUES ("97","4");
INSERT INTO user_tag (user_id, tag_id) VALUES ("97","7");
INSERT INTO user_tag (user_id, tag_id) VALUES ("97","24");
INSERT INTO user_tag (user_id, tag_id) VALUES ("97","41");
INSERT INTO user_tag (user_id, tag_id) VALUES ("97","47");
INSERT INTO user_tag (user_id, tag_id) VALUES ("97","14");
INSERT INTO user_tag (user_id, tag_id) VALUES ("97","26");

INSERT INTO connected (user_id, connect_date) VALUES ("97","2017-04-02 19:09:55");
INSERT INTO likes (like_id, liked_id, like_date) VALUES ("87","97","2017-06-28 17:31:56");
INSERT INTO likes (like_id, liked_id, like_date) VALUES ("262","97","2017-09-06 21:16:47");
INSERT INTO likes (like_id, liked_id, like_date) VALUES ("419","97","2018-02-15 06:40:23");
INSERT INTO likes (like_id, liked_id, like_date) VALUES ("111","97","2017-09-12 23:28:45");
INSERT INTO likes (like_id, liked_id, like_date) VALUES ("186","97","2017-08-11 07:19:59");
INSERT INTO likes (like_id, liked_id, like_date) VALUES ("37","97","2017-11-21 20:08:10");
INSERT INTO likes (like_id, liked_id, like_date) VALUES ("43","97","2017-11-16 11:28:05");
INSERT INTO likes (like_id, liked_id, like_date) VALUES ("497","97","2017-04-16 08:19:58");
INSERT INTO likes (like_id, liked_id, like_date) VALUES ("17","97","2018-01-10 05:02:24");
INSERT INTO likes (like_id, liked_id, like_date) VALUES ("204","97","2018-01-05 16:40:54");
INSERT INTO likes (like_id, liked_id, like_date) VALUES ("10","97","2017-05-04 00:59:49");
INSERT INTO likes (like_id, liked_id, like_date) VALUES ("497","97","2017-10-07 23:34:12");
INSERT INTO likes (like_id, liked_id, like_date) VALUES ("18","97","2017-03-14 15:47:35");
INSERT INTO likes (like_id, liked_id, like_date) VALUES ("161","97","2018-01-22 07:45:06");
INSERT INTO likes (like_id, liked_id, like_date) VALUES ("270","97","2017-05-07 10:36:15");
INSERT INTO likes (like_id, liked_id, like_date) VALUES ("89","97","2017-04-24 17:22:33");
INSERT INTO likes (like_id, liked_id, like_date) VALUES ("373","97","2017-02-16 19:38:44");
INSERT INTO likes (like_id, liked_id, like_date) VALUES ("431","97","2017-10-15 15:20:53");
INSERT INTO views (viewer_id, viewed_id, view_date) VALUES ("44","97","2017-10-13 10:41:58");
INSERT INTO views (viewer_id, viewed_id, view_date) VALUES ("330","97","2017-03-22 13:43:54");
INSERT INTO views (viewer_id, viewed_id, view_date) VALUES ("325","97","2018-01-20 21:46:22");
INSERT INTO views (viewer_id, viewed_id, view_date) VALUES ("53","97","2017-10-14 20:30:28");
INSERT INTO views (viewer_id, viewed_id, view_date) VALUES ("288","97","2017-03-12 13:48:18");
INSERT INTO views (viewer_id, viewed_id, view_date) VALUES ("172","97","2017-06-29 00:53:35");
INSERT INTO views (viewer_id, viewed_id, view_date) VALUES ("356","97","2018-02-07 01:42:50");
INSERT INTO views (viewer_id, viewed_id, view_date) VALUES ("471","97","2017-11-26 05:47:07");
INSERT INTO views (viewer_id, viewed_id, view_date) VALUES ("479","97","2017-11-05 16:10:56");
INSERT INTO views (viewer_id, viewed_id, view_date) VALUES ("106","97","2017-12-03 20:14:55");
INSERT INTO views (viewer_id, viewed_id, view_date) VALUES ("228","97","2017-08-30 16:15:37");
INSERT INTO views (viewer_id, viewed_id, view_date) VALUES ("239","97","2017-09-10 15:05:54");
INSERT INTO views (viewer_id, viewed_id, view_date) VALUES ("131","97","2017-04-27 04:50:48");
INSERT INTO views (viewer_id, viewed_id, view_date) VALUES ("106","97","2017-11-19 03:20:15");
INSERT INTO views (viewer_id, viewed_id, view_date) VALUES ("30","97","2018-01-20 22:12:37");
INSERT INTO views (viewer_id, viewed_id, view_date) VALUES ("432","97","2017-03-24 05:00:05");
INSERT INTO views (viewer_id, viewed_id, view_date) VALUES ("367","97","2017-08-30 06:13:35");
INSERT INTO views (viewer_id, viewed_id, view_date) VALUES ("182","97","2017-10-27 00:47:22");
INSERT INTO views (viewer_id, viewed_id, view_date) VALUES ("196","97","2017-07-08 00:03:14");
INSERT INTO views (viewer_id, viewed_id, view_date) VALUES ("126","97","2017-12-18 05:12:42");


INSERT INTO user (id, first_name, last_name, username, email, password, birthdate, gender, orientation, bio, country, state, city, zip, file_1, file_2, file_3, file_4, file_5, score, token, token_date, active, register, created_at, updated_at) VALUES ("98","Dina","Ryan","karley97","tlesch@hotmail.com","$2y$10$dWs70jFtKSg/Fv.PP9.wseZ.zeBkoG/oaI3rLsA9ufXfXXE19l4mm","1977-11-12 20:16:44","1","1","Voluptatem quia inventore sit aperiam delectus cumque vero. Non quo reprehenderit consectetur voluptas et repellendus ea. Quibusdam culpa saepe ut ut aut facilis quisquam harum.","Jordan","","Lake Bo","78639","../fixtures/male5.jpg","../fixtures/male2.jpg","../fixtures/male8.jpg","","","15","b7ff17e0734df6d9774d214086ac90c8","1970-01-30 06:20:21","0","0","1971-11-07 09:54:12","2010-04-26 03:27:08");
INSERT INTO user_tag (user_id, tag_id) VALUES ("98","27");
INSERT INTO user_tag (user_id, tag_id) VALUES ("98","5");
INSERT INTO user_tag (user_id, tag_id) VALUES ("98","27");
INSERT INTO user_tag (user_id, tag_id) VALUES ("98","26");
INSERT INTO user_tag (user_id, tag_id) VALUES ("98","26");
INSERT INTO user_tag (user_id, tag_id) VALUES ("98","21");
INSERT INTO user_tag (user_id, tag_id) VALUES ("98","38");
INSERT INTO user_tag (user_id, tag_id) VALUES ("98","10");

INSERT INTO connected (user_id, connect_date) VALUES ("98","2017-04-26 10:21:08");
INSERT INTO likes (like_id, liked_id, like_date) VALUES ("184","98","2017-11-07 20:45:51");
INSERT INTO likes (like_id, liked_id, like_date) VALUES ("71","98","2017-12-20 06:52:57");
INSERT INTO likes (like_id, liked_id, like_date) VALUES ("94","98","2017-04-18 11:26:14");
INSERT INTO likes (like_id, liked_id, like_date) VALUES ("283","98","2018-02-13 08:36:15");
INSERT INTO likes (like_id, liked_id, like_date) VALUES ("357","98","2017-04-24 18:35:45");
INSERT INTO likes (like_id, liked_id, like_date) VALUES ("224","98","2017-08-04 06:50:10");
INSERT INTO likes (like_id, liked_id, like_date) VALUES ("232","98","2017-03-02 03:00:30");
INSERT INTO likes (like_id, liked_id, like_date) VALUES ("60","98","2017-03-06 23:16:00");
INSERT INTO likes (like_id, liked_id, like_date) VALUES ("462","98","2017-05-22 13:44:19");
INSERT INTO likes (like_id, liked_id, like_date) VALUES ("25","98","2017-06-21 15:25:32");
INSERT INTO likes (like_id, liked_id, like_date) VALUES ("156","98","2017-09-25 03:40:27");
INSERT INTO views (viewer_id, viewed_id, view_date) VALUES ("6","98","2017-10-18 09:31:36");
INSERT INTO views (viewer_id, viewed_id, view_date) VALUES ("351","98","2017-05-26 16:57:39");
INSERT INTO views (viewer_id, viewed_id, view_date) VALUES ("37","98","2017-08-30 14:48:24");
INSERT INTO views (viewer_id, viewed_id, view_date) VALUES ("336","98","2017-02-24 00:47:49");
INSERT INTO views (viewer_id, viewed_id, view_date) VALUES ("42","98","2017-02-26 18:51:01");
INSERT INTO views (viewer_id, viewed_id, view_date) VALUES ("27","98","2017-08-19 09:10:26");
INSERT INTO views (viewer_id, viewed_id, view_date) VALUES ("323","98","2018-01-08 12:37:35");
INSERT INTO views (viewer_id, viewed_id, view_date) VALUES ("34","98","2017-07-08 07:31:31");
INSERT INTO views (viewer_id, viewed_id, view_date) VALUES ("298","98","2018-01-07 04:50:06");
INSERT INTO views (viewer_id, viewed_id, view_date) VALUES ("302","98","2017-09-29 12:41:53");
INSERT INTO views (viewer_id, viewed_id, view_date) VALUES ("226","98","2017-04-24 22:14:33");
INSERT INTO views (viewer_id, viewed_id, view_date) VALUES ("233","98","2017-05-15 13:26:42");
INSERT INTO views (viewer_id, viewed_id, view_date) VALUES ("444","98","2017-06-07 15:02:55");
INSERT INTO views (viewer_id, viewed_id, view_date) VALUES ("83","98","2017-10-10 18:43:21");
INSERT INTO views (viewer_id, viewed_id, view_date) VALUES ("151","98","2017-10-18 04:53:20");
INSERT INTO views (viewer_id, viewed_id, view_date) VALUES ("170","98","2017-08-27 06:02:42");
INSERT INTO views (viewer_id, viewed_id, view_date) VALUES ("193","98","2017-05-20 21:50:34");
INSERT INTO views (viewer_id, viewed_id, view_date) VALUES ("463","98","2017-04-26 01:21:44");
INSERT INTO views (viewer_id, viewed_id, view_date) VALUES ("236","98","2017-06-03 06:16:16");
INSERT INTO views (viewer_id, viewed_id, view_date) VALUES ("499","98","2018-01-20 03:52:19");
INSERT INTO views (viewer_id, viewed_id, view_date) VALUES ("325","98","2017-06-02 08:21:09");
INSERT INTO views (viewer_id, viewed_id, view_date) VALUES ("106","98","2017-03-20 21:06:15");
INSERT INTO views (viewer_id, viewed_id, view_date) VALUES ("253","98","2017-10-14 04:16:29");
INSERT INTO views (viewer_id, viewed_id, view_date) VALUES ("331","98","2017-12-22 05:43:48");
INSERT INTO views (viewer_id, viewed_id, view_date) VALUES ("282","98","2018-01-15 18:57:59");


INSERT INTO user (id, first_name, last_name, username, email, password, birthdate, gender, orientation, bio, country, state, city, zip, file_1, file_2, file_3, file_4, file_5, score, token, token_date, active, register, created_at, updated_at) VALUES ("99","Jaclyn","Mante","hnader","nitzsche.monte@hotmail.com","$2y$10$m9cxsX0v25wiTtpxQEJL6utLbLA2FogH364XuLimY2Q/FHG2WqDDG","1973-04-27 10:51:50","1","2","Rem voluptas nemo veniam sit. Dolorem ex sit modi dolorem sed recusandae et vero. Corporis cum non vel. Eos voluptates et cumque voluptates.","Liberia","","Kshlerinbury","65405-3065","../fixtures/male2.jpg","","","","","43","b895c55440dd0535d698a674e9eff2ad","1994-09-04 05:35:27","0","0","2014-10-19 16:49:24","2007-07-03 05:55:31");
INSERT INTO user_tag (user_id, tag_id) VALUES ("99","9");
INSERT INTO user_tag (user_id, tag_id) VALUES ("99","21");
INSERT INTO user_tag (user_id, tag_id) VALUES ("99","8");
INSERT INTO user_tag (user_id, tag_id) VALUES ("99","47");
INSERT INTO user_tag (user_id, tag_id) VALUES ("99","50");
INSERT INTO user_tag (user_id, tag_id) VALUES ("99","30");
INSERT INTO user_tag (user_id, tag_id) VALUES ("99","8");
INSERT INTO user_tag (user_id, tag_id) VALUES ("99","30");
INSERT INTO user_tag (user_id, tag_id) VALUES ("99","24");
INSERT INTO user_tag (user_id, tag_id) VALUES ("99","31");

INSERT INTO connected (user_id, connect_date) VALUES ("99","2017-09-30 04:56:34");
INSERT INTO likes (like_id, liked_id, like_date) VALUES ("168","99","2017-11-13 03:02:31");
INSERT INTO views (viewer_id, viewed_id, view_date) VALUES ("172","99","2018-01-28 16:15:45");
INSERT INTO views (viewer_id, viewed_id, view_date) VALUES ("366","99","2017-02-18 14:27:48");
INSERT INTO views (viewer_id, viewed_id, view_date) VALUES ("474","99","2017-12-13 10:17:14");
INSERT INTO views (viewer_id, viewed_id, view_date) VALUES ("130","99","2018-02-13 18:37:07");
INSERT INTO views (viewer_id, viewed_id, view_date) VALUES ("211","99","2017-07-28 23:51:00");
INSERT INTO views (viewer_id, viewed_id, view_date) VALUES ("41","99","2017-03-07 16:29:22");
INSERT INTO views (viewer_id, viewed_id, view_date) VALUES ("123","99","2017-06-19 11:54:45");
INSERT INTO views (viewer_id, viewed_id, view_date) VALUES ("380","99","2017-09-30 06:13:56");
INSERT INTO views (viewer_id, viewed_id, view_date) VALUES ("345","99","2018-01-19 07:28:35");
INSERT INTO views (viewer_id, viewed_id, view_date) VALUES ("219","99","2017-04-08 13:28:09");
INSERT INTO views (viewer_id, viewed_id, view_date) VALUES ("225","99","2017-07-31 12:07:13");
INSERT INTO views (viewer_id, viewed_id, view_date) VALUES ("347","99","2018-01-08 07:10:00");
INSERT INTO views (viewer_id, viewed_id, view_date) VALUES ("39","99","2017-09-01 09:20:44");
INSERT INTO views (viewer_id, viewed_id, view_date) VALUES ("499","99","2017-06-23 02:25:11");
INSERT INTO views (viewer_id, viewed_id, view_date) VALUES ("444","99","2017-04-05 04:46:32");
INSERT INTO views (viewer_id, viewed_id, view_date) VALUES ("84","99","2017-12-12 06:48:16");
INSERT INTO views (viewer_id, viewed_id, view_date) VALUES ("432","99","2017-06-16 17:52:20");
INSERT INTO views (viewer_id, viewed_id, view_date) VALUES ("313","99","2017-10-27 23:17:26");
INSERT INTO views (viewer_id, viewed_id, view_date) VALUES ("28","99","2017-07-14 23:34:22");
INSERT INTO views (viewer_id, viewed_id, view_date) VALUES ("306","99","2017-11-01 16:14:06");
INSERT INTO views (viewer_id, viewed_id, view_date) VALUES ("9","99","2017-03-05 16:00:47");
INSERT INTO views (viewer_id, viewed_id, view_date) VALUES ("247","99","2018-01-25 16:34:24");
INSERT INTO views (viewer_id, viewed_id, view_date) VALUES ("266","99","2017-08-24 10:17:30");
INSERT INTO views (viewer_id, viewed_id, view_date) VALUES ("13","99","2017-12-24 20:52:28");
INSERT INTO views (viewer_id, viewed_id, view_date) VALUES ("132","99","2017-11-17 14:56:44");
INSERT INTO views (viewer_id, viewed_id, view_date) VALUES ("194","99","2018-01-08 05:17:11");
INSERT INTO views (viewer_id, viewed_id, view_date) VALUES ("178","99","2018-01-17 08:57:29");
INSERT INTO views (viewer_id, viewed_id, view_date) VALUES ("454","99","2017-04-15 00:06:39");
INSERT INTO views (viewer_id, viewed_id, view_date) VALUES ("272","99","2017-03-21 22:42:34");
INSERT INTO views (viewer_id, viewed_id, view_date) VALUES ("129","99","2017-10-28 07:36:35");
INSERT INTO views (viewer_id, viewed_id, view_date) VALUES ("13","99","2017-10-12 23:22:53");
INSERT INTO views (viewer_id, viewed_id, view_date) VALUES ("351","99","2017-07-15 12:00:34");
INSERT INTO views (viewer_id, viewed_id, view_date) VALUES ("247","99","2017-04-15 11:01:25");
INSERT INTO views (viewer_id, viewed_id, view_date) VALUES ("346","99","2017-08-28 21:38:39");
INSERT INTO views (viewer_id, viewed_id, view_date) VALUES ("491","99","2017-04-05 21:47:23");
INSERT INTO views (viewer_id, viewed_id, view_date) VALUES ("203","99","2017-02-20 05:03:18");
INSERT INTO views (viewer_id, viewed_id, view_date) VALUES ("21","99","2017-07-19 07:20:48");
INSERT INTO views (viewer_id, viewed_id, view_date) VALUES ("307","99","2017-03-17 03:02:03");
INSERT INTO views (viewer_id, viewed_id, view_date) VALUES ("218","99","2017-12-11 19:00:06");


INSERT INTO user (id, first_name, last_name, username, email, password, birthdate, gender, orientation, bio, country, state, city, zip, file_1, file_2, file_3, file_4, file_5, score, token, token_date, active, register, created_at, updated_at) VALUES ("100","London","Krajcik","peyton68","monroe96@yahoo.com","$2y$10$AGjh5bUOFyA27YMrVWNUaeIjK2p74g6DOh2aGSqSMNDcjWyhQZw.y","1970-03-21 17:24:36","2","3","Sequi magnam vero ullam dolor tenetur odio. Tempora odit eius quia quisquam modi. Sed ipsam magni ipsam est voluptas.","Slovakia (Slovak Republic)","","Douglasview","65260","../fixtures/female6.jpg","../fixtures/female6.jpg","../fixtures/female3.jpg","../fixtures/female5.jpg","","74","14c860fc5c352d543bb872615e779716","2005-12-31 13:41:59","0","0","1982-09-19 12:32:14","1982-03-09 07:16:45");
INSERT INTO user_tag (user_id, tag_id) VALUES ("100","9");
INSERT INTO user_tag (user_id, tag_id) VALUES ("100","40");
INSERT INTO user_tag (user_id, tag_id) VALUES ("100","20");
INSERT INTO user_tag (user_id, tag_id) VALUES ("100","23");
INSERT INTO user_tag (user_id, tag_id) VALUES ("100","8");
INSERT INTO user_tag (user_id, tag_id) VALUES ("100","14");
INSERT INTO user_tag (user_id, tag_id) VALUES ("100","16");
INSERT INTO user_tag (user_id, tag_id) VALUES ("100","7");

INSERT INTO connected (user_id, connect_date) VALUES ("100","2017-12-02 10:20:08");
INSERT INTO likes (like_id, liked_id, like_date) VALUES ("412","100","2017-03-31 04:31:48");
INSERT INTO likes (like_id, liked_id, like_date) VALUES ("296","100","2018-02-03 10:37:00");
INSERT INTO likes (like_id, liked_id, like_date) VALUES ("127","100","2018-01-22 21:47:24");
INSERT INTO views (viewer_id, viewed_id, view_date) VALUES ("425","100","2017-04-28 18:27:55");
INSERT INTO views (viewer_id, viewed_id, view_date) VALUES ("386","100","2017-03-07 11:30:32");
INSERT INTO views (viewer_id, viewed_id, view_date) VALUES ("495","100","2017-10-07 10:33:42");
INSERT INTO views (viewer_id, viewed_id, view_date) VALUES ("490","100","2017-11-19 07:52:44");
INSERT INTO views (viewer_id, viewed_id, view_date) VALUES ("100","100","2017-04-02 12:21:31");
INSERT INTO views (viewer_id, viewed_id, view_date) VALUES ("478","100","2017-05-07 05:13:02");
INSERT INTO views (viewer_id, viewed_id, view_date) VALUES ("483","100","2017-05-12 00:53:47");
INSERT INTO views (viewer_id, viewed_id, view_date) VALUES ("144","100","2017-06-13 20:07:01");
INSERT INTO views (viewer_id, viewed_id, view_date) VALUES ("206","100","2017-06-19 16:54:45");
INSERT INTO views (viewer_id, viewed_id, view_date) VALUES ("277","100","2017-11-12 12:15:07");
INSERT INTO views (viewer_id, viewed_id, view_date) VALUES ("455","100","2018-01-29 22:43:35");
INSERT INTO views (viewer_id, viewed_id, view_date) VALUES ("35","100","2018-01-09 20:20:49");
INSERT INTO views (viewer_id, viewed_id, view_date) VALUES ("108","100","2017-07-10 05:44:21");
INSERT INTO views (viewer_id, viewed_id, view_date) VALUES ("358","100","2017-11-24 08:11:33");
INSERT INTO views (viewer_id, viewed_id, view_date) VALUES ("252","100","2017-11-02 02:39:13");
INSERT INTO views (viewer_id, viewed_id, view_date) VALUES ("238","100","2017-03-01 06:11:20");
INSERT INTO views (viewer_id, viewed_id, view_date) VALUES ("336","100","2017-12-28 17:49:58");
INSERT INTO views (viewer_id, viewed_id, view_date) VALUES ("165","100","2018-02-03 13:51:41");
INSERT INTO views (viewer_id, viewed_id, view_date) VALUES ("373","100","2017-03-24 05:20:50");
INSERT INTO views (viewer_id, viewed_id, view_date) VALUES ("278","100","2017-05-14 09:54:11");
INSERT INTO views (viewer_id, viewed_id, view_date) VALUES ("281","100","2017-10-06 06:36:38");
INSERT INTO views (viewer_id, viewed_id, view_date) VALUES ("262","100","2017-07-02 04:29:07");
INSERT INTO views (viewer_id, viewed_id, view_date) VALUES ("9","100","2017-09-01 09:13:49");
INSERT INTO views (viewer_id, viewed_id, view_date) VALUES ("266","100","2017-06-07 16:56:39");


INSERT INTO user (id, first_name, last_name, username, email, password, birthdate, gender, orientation, bio, country, state, city, zip, file_1, file_2, file_3, file_4, file_5, score, token, token_date, active, register, created_at, updated_at) VALUES ("101","Remington","Buckridge","rosenbaumarmani","olueilwitz@gmail.com","$2y$10$yUiy1oitq3.DowtZuAW4ROaWzGisYaDaIAlgKm6y1UILB.9FrFDMG","1997-07-15 20:39:04","2","2","Corporis sint dignissimos iste consequuntur corporis cupiditate sunt. Aspernatur consequatur omnis possimus dolor qui. Corrupti ducimus iure totam qui quisquam natus atque.","Iran","","West Virgiehaven","92703","../fixtures/female8.jpg","../fixtures/female7.jpg","../fixtures/female7.jpg","../fixtures/female6.jpg","../fixtures/female5.jpg","16","3617e0fd88aea7dfe90594e669aa5ddf","2003-05-02 16:43:14","1","0","1999-04-25 14:59:01","2014-06-22 17:59:42");
INSERT INTO user_tag (user_id, tag_id) VALUES ("101","25");
INSERT INTO user_tag (user_id, tag_id) VALUES ("101","16");
INSERT INTO user_tag (user_id, tag_id) VALUES ("101","33");
INSERT INTO user_tag (user_id, tag_id) VALUES ("101","12");
INSERT INTO user_tag (user_id, tag_id) VALUES ("101","28");
INSERT INTO user_tag (user_id, tag_id) VALUES ("101","7");
INSERT INTO user_tag (user_id, tag_id) VALUES ("101","5");
INSERT INTO user_tag (user_id, tag_id) VALUES ("101","45");
INSERT INTO user_tag (user_id, tag_id) VALUES ("101","45");
INSERT INTO user_tag (user_id, tag_id) VALUES ("101","28");
INSERT INTO user_tag (user_id, tag_id) VALUES ("101","17");

INSERT INTO connected (user_id, connect_date) VALUES ("101","2017-11-09 12:06:21");
INSERT INTO likes (like_id, liked_id, like_date) VALUES ("247","101","2017-03-08 13:03:50");
INSERT INTO likes (like_id, liked_id, like_date) VALUES ("149","101","2017-07-31 11:52:42");
INSERT INTO likes (like_id, liked_id, like_date) VALUES ("86","101","2017-07-01 01:28:13");
INSERT INTO likes (like_id, liked_id, like_date) VALUES ("468","101","2017-04-04 23:48:34");
INSERT INTO likes (like_id, liked_id, like_date) VALUES ("340","101","2017-03-03 08:48:16");
INSERT INTO likes (like_id, liked_id, like_date) VALUES ("474","101","2017-12-28 02:22:36");
INSERT INTO likes (like_id, liked_id, like_date) VALUES ("210","101","2017-05-15 10:32:32");
INSERT INTO likes (like_id, liked_id, like_date) VALUES ("319","101","2017-02-27 14:03:26");
INSERT INTO likes (like_id, liked_id, like_date) VALUES ("111","101","2017-11-05 17:09:24");
INSERT INTO likes (like_id, liked_id, like_date) VALUES ("189","101","2017-03-31 07:47:23");
INSERT INTO views (viewer_id, viewed_id, view_date) VALUES ("439","101","2017-11-06 15:58:21");
INSERT INTO views (viewer_id, viewed_id, view_date) VALUES ("73","101","2017-10-03 13:25:11");
INSERT INTO views (viewer_id, viewed_id, view_date) VALUES ("187","101","2017-12-17 23:44:02");
INSERT INTO views (viewer_id, viewed_id, view_date) VALUES ("490","101","2017-03-15 23:24:32");
INSERT INTO views (viewer_id, viewed_id, view_date) VALUES ("479","101","2017-11-30 20:20:14");
INSERT INTO views (viewer_id, viewed_id, view_date) VALUES ("239","101","2017-09-09 13:47:50");
INSERT INTO views (viewer_id, viewed_id, view_date) VALUES ("238","101","2017-03-16 07:05:18");
INSERT INTO views (viewer_id, viewed_id, view_date) VALUES ("131","101","2017-08-25 03:21:16");
INSERT INTO views (viewer_id, viewed_id, view_date) VALUES ("92","101","2017-11-15 13:47:47");
INSERT INTO views (viewer_id, viewed_id, view_date) VALUES ("493","101","2017-02-18 22:51:38");
INSERT INTO views (viewer_id, viewed_id, view_date) VALUES ("388","101","2017-08-31 20:05:31");


INSERT INTO user (id, first_name, last_name, username, email, password, birthdate, gender, orientation, bio, country, state, city, zip, file_1, file_2, file_3, file_4, file_5, score, token, token_date, active, register, created_at, updated_at) VALUES ("102","Elsa","Schuster","sunnymckenzie","bwisoky@tillman.com","$2y$10$ejCMjdgAO6tLXMgmxzfgGOci9GUHbLV6C2y5WFCXAa1HNyZ9ET4dW","1962-08-03 15:06:35","2","1","Ipsam repellat fugit harum natus ex molestiae voluptas exercitationem. Iusto exercitationem sed necessitatibus est.","Mongolia","","Sylvesterfort","00764","../fixtures/female7.jpg","../fixtures/female4.jpg","../fixtures/female3.jpg","../fixtures/female8.jpg","","91","21b198e9971ba5c81e73591d0da6dda7","1981-01-05 10:10:44","0","0","2018-01-27 21:59:18","1985-04-13 14:10:44");
INSERT INTO user_tag (user_id, tag_id) VALUES ("102","35");
INSERT INTO user_tag (user_id, tag_id) VALUES ("102","13");
INSERT INTO user_tag (user_id, tag_id) VALUES ("102","3");
INSERT INTO user_tag (user_id, tag_id) VALUES ("102","14");
INSERT INTO user_tag (user_id, tag_id) VALUES ("102","31");
INSERT INTO user_tag (user_id, tag_id) VALUES ("102","32");
INSERT INTO user_tag (user_id, tag_id) VALUES ("102","40");
INSERT INTO user_tag (user_id, tag_id) VALUES ("102","38");
INSERT INTO user_tag (user_id, tag_id) VALUES ("102","40");
INSERT INTO user_tag (user_id, tag_id) VALUES ("102","50");

INSERT INTO connected (user_id, connect_date) VALUES ("102","2017-02-26 01:05:59");
INSERT INTO likes (like_id, liked_id, like_date) VALUES ("42","102","2017-05-31 15:14:38");
INSERT INTO likes (like_id, liked_id, like_date) VALUES ("176","102","2017-11-20 11:21:12");
INSERT INTO likes (like_id, liked_id, like_date) VALUES ("356","102","2017-03-31 17:59:24");
INSERT INTO likes (like_id, liked_id, like_date) VALUES ("345","102","2017-10-07 03:14:29");
INSERT INTO likes (like_id, liked_id, like_date) VALUES ("225","102","2017-06-17 17:42:26");
INSERT INTO likes (like_id, liked_id, like_date) VALUES ("53","102","2017-11-09 20:19:06");
INSERT INTO likes (like_id, liked_id, like_date) VALUES ("402","102","2017-07-17 16:24:53");
INSERT INTO likes (like_id, liked_id, like_date) VALUES ("316","102","2018-01-14 03:17:16");
INSERT INTO likes (like_id, liked_id, like_date) VALUES ("432","102","2017-05-28 09:53:14");
INSERT INTO likes (like_id, liked_id, like_date) VALUES ("118","102","2017-08-10 21:17:01");
INSERT INTO likes (like_id, liked_id, like_date) VALUES ("102","102","2017-07-28 09:17:44");
INSERT INTO likes (like_id, liked_id, like_date) VALUES ("187","102","2017-12-18 07:15:36");
INSERT INTO likes (like_id, liked_id, like_date) VALUES ("187","102","2017-05-19 00:55:40");
INSERT INTO likes (like_id, liked_id, like_date) VALUES ("371","102","2017-06-15 10:34:19");
INSERT INTO likes (like_id, liked_id, like_date) VALUES ("225","102","2017-07-04 03:05:16");
INSERT INTO likes (like_id, liked_id, like_date) VALUES ("359","102","2017-07-23 01:58:14");
INSERT INTO likes (like_id, liked_id, like_date) VALUES ("382","102","2017-03-14 08:47:51");
INSERT INTO views (viewer_id, viewed_id, view_date) VALUES ("12","102","2017-10-29 02:01:57");
INSERT INTO views (viewer_id, viewed_id, view_date) VALUES ("327","102","2017-07-12 14:42:35");
INSERT INTO views (viewer_id, viewed_id, view_date) VALUES ("236","102","2017-12-05 10:12:05");
INSERT INTO views (viewer_id, viewed_id, view_date) VALUES ("211","102","2017-07-16 22:47:48");
INSERT INTO views (viewer_id, viewed_id, view_date) VALUES ("327","102","2017-04-11 12:12:48");
INSERT INTO views (viewer_id, viewed_id, view_date) VALUES ("301","102","2017-11-30 01:30:28");


INSERT INTO user (id, first_name, last_name, username, email, password, birthdate, gender, orientation, bio, country, state, city, zip, file_1, file_2, file_3, file_4, file_5, score, token, token_date, active, register, created_at, updated_at) VALUES ("103","Maritza","Bahringer","dullrich","fflatley@gmail.com","$2y$10$2AlDKZ76a2hCpNMgLceTc.BkKjklC6yLLafu.r99LyBbZyoVuwBGW","1949-07-05 01:14:36","1","3","Nam soluta ea consequatur. Voluptatibus quis voluptatem reprehenderit atque repellendus et. Enim cupiditate unde sed quo officia eum sunt ut. Saepe tempore est illo hic nisi dolorum qui.","South Africa","","Mayratown","77528","../fixtures/male6.jpg","../fixtures/male2.jpg","../fixtures/male2.jpg","../fixtures/male9.jpg","../fixtures/male7.jpg","91","360765da0735851e8d36c80807c211a4","2015-06-09 17:57:11","0","0","2004-12-31 08:30:32","1980-06-10 20:03:46");
INSERT INTO user_tag (user_id, tag_id) VALUES ("103","28");
INSERT INTO user_tag (user_id, tag_id) VALUES ("103","23");
INSERT INTO user_tag (user_id, tag_id) VALUES ("103","2");
INSERT INTO user_tag (user_id, tag_id) VALUES ("103","5");
INSERT INTO user_tag (user_id, tag_id) VALUES ("103","9");
INSERT INTO user_tag (user_id, tag_id) VALUES ("103","26");
INSERT INTO user_tag (user_id, tag_id) VALUES ("103","30");

INSERT INTO connected (user_id, connect_date) VALUES ("103","2017-04-30 20:22:23");
INSERT INTO likes (like_id, liked_id, like_date) VALUES ("483","103","2017-11-24 06:23:01");
INSERT INTO likes (like_id, liked_id, like_date) VALUES ("401","103","2017-09-16 13:36:30");
INSERT INTO views (viewer_id, viewed_id, view_date) VALUES ("193","103","2017-03-03 12:57:34");
INSERT INTO views (viewer_id, viewed_id, view_date) VALUES ("265","103","2017-06-06 15:20:39");
INSERT INTO views (viewer_id, viewed_id, view_date) VALUES ("171","103","2017-10-15 09:05:40");
INSERT INTO views (viewer_id, viewed_id, view_date) VALUES ("295","103","2017-09-03 01:00:57");
INSERT INTO views (viewer_id, viewed_id, view_date) VALUES ("122","103","2017-11-30 18:24:04");
INSERT INTO views (viewer_id, viewed_id, view_date) VALUES ("256","103","2017-11-12 09:02:09");
INSERT INTO views (viewer_id, viewed_id, view_date) VALUES ("71","103","2017-07-01 01:46:03");
INSERT INTO views (viewer_id, viewed_id, view_date) VALUES ("226","103","2017-09-30 16:34:09");
INSERT INTO views (viewer_id, viewed_id, view_date) VALUES ("354","103","2017-11-20 15:17:37");
INSERT INTO views (viewer_id, viewed_id, view_date) VALUES ("287","103","2017-08-02 22:59:17");
INSERT INTO views (viewer_id, viewed_id, view_date) VALUES ("79","103","2018-02-13 05:49:55");
INSERT INTO views (viewer_id, viewed_id, view_date) VALUES ("296","103","2017-06-08 05:20:06");
INSERT INTO views (viewer_id, viewed_id, view_date) VALUES ("136","103","2017-12-10 16:17:04");
INSERT INTO views (viewer_id, viewed_id, view_date) VALUES ("433","103","2017-08-25 18:41:09");
INSERT INTO views (viewer_id, viewed_id, view_date) VALUES ("341","103","2018-01-11 20:23:41");
INSERT INTO views (viewer_id, viewed_id, view_date) VALUES ("475","103","2017-03-03 15:43:13");
INSERT INTO views (viewer_id, viewed_id, view_date) VALUES ("309","103","2017-07-20 16:51:15");
INSERT INTO views (viewer_id, viewed_id, view_date) VALUES ("359","103","2017-06-01 04:52:41");
INSERT INTO views (viewer_id, viewed_id, view_date) VALUES ("283","103","2017-09-23 11:21:13");
INSERT INTO views (viewer_id, viewed_id, view_date) VALUES ("20","103","2017-06-28 10:54:42");
INSERT INTO views (viewer_id, viewed_id, view_date) VALUES ("279","103","2017-05-07 09:32:57");
INSERT INTO views (viewer_id, viewed_id, view_date) VALUES ("149","103","2018-01-12 18:10:46");
INSERT INTO views (viewer_id, viewed_id, view_date) VALUES ("243","103","2017-05-22 18:31:20");
INSERT INTO views (viewer_id, viewed_id, view_date) VALUES ("308","103","2018-02-12 05:11:19");
INSERT INTO views (viewer_id, viewed_id, view_date) VALUES ("253","103","2018-01-01 10:20:07");
INSERT INTO views (viewer_id, viewed_id, view_date) VALUES ("295","103","2017-09-07 05:42:33");
INSERT INTO views (viewer_id, viewed_id, view_date) VALUES ("199","103","2017-05-12 11:54:54");
INSERT INTO views (viewer_id, viewed_id, view_date) VALUES ("445","103","2017-09-26 21:52:21");
INSERT INTO views (viewer_id, viewed_id, view_date) VALUES ("344","103","2017-06-12 11:10:13");
INSERT INTO views (viewer_id, viewed_id, view_date) VALUES ("341","103","2017-04-01 16:30:11");
INSERT INTO views (viewer_id, viewed_id, view_date) VALUES ("274","103","2017-12-23 04:25:17");
INSERT INTO views (viewer_id, viewed_id, view_date) VALUES ("140","103","2017-05-30 13:31:40");


INSERT INTO user (id, first_name, last_name, username, email, password, birthdate, gender, orientation, bio, country, state, city, zip, file_1, file_2, file_3, file_4, file_5, score, token, token_date, active, register, created_at, updated_at) VALUES ("104","Miller","Cummerata","wbashirian","jess99@hotmail.com","$2y$10$U992LMW1HGD60J3V1dLi1uqs5Po/J6jbMKSCcZsEI0aXEjY.5sUH2","1957-01-09 00:56:06","1","2","Eius rerum sed voluptatum quos. Odio voluptatem velit et et minima. Voluptas dolor sit eaque reiciendis. Ad reiciendis voluptate doloremque ut optio voluptates culpa.","Guadeloupe","","Christiansenchester","62183-9833","../fixtures/male7.jpg","","","","","61","0a667ac59dc3f518ccc02a3f4ac5ed13","1993-11-30 06:21:06","0","0","1977-04-19 22:31:34","2004-02-14 13:01:18");
INSERT INTO user_tag (user_id, tag_id) VALUES ("104","9");
INSERT INTO user_tag (user_id, tag_id) VALUES ("104","12");
INSERT INTO user_tag (user_id, tag_id) VALUES ("104","11");
INSERT INTO user_tag (user_id, tag_id) VALUES ("104","29");
INSERT INTO user_tag (user_id, tag_id) VALUES ("104","2");
INSERT INTO user_tag (user_id, tag_id) VALUES ("104","35");
INSERT INTO user_tag (user_id, tag_id) VALUES ("104","31");
INSERT INTO user_tag (user_id, tag_id) VALUES ("104","27");
INSERT INTO user_tag (user_id, tag_id) VALUES ("104","40");
INSERT INTO user_tag (user_id, tag_id) VALUES ("104","50");
INSERT INTO user_tag (user_id, tag_id) VALUES ("104","13");
INSERT INTO user_tag (user_id, tag_id) VALUES ("104","39");
INSERT INTO user_tag (user_id, tag_id) VALUES ("104","12");
INSERT INTO user_tag (user_id, tag_id) VALUES ("104","30");

INSERT INTO connected (user_id, connect_date) VALUES ("104","2017-09-01 04:44:46");
INSERT INTO likes (like_id, liked_id, like_date) VALUES ("96","104","2017-03-31 18:22:35");
INSERT INTO likes (like_id, liked_id, like_date) VALUES ("375","104","2017-07-14 17:00:35");
INSERT INTO likes (like_id, liked_id, like_date) VALUES ("191","104","2018-01-04 22:33:04");
INSERT INTO likes (like_id, liked_id, like_date) VALUES ("23","104","2017-03-30 12:51:00");
INSERT INTO likes (like_id, liked_id, like_date) VALUES ("191","104","2017-07-10 13:08:46");
INSERT INTO likes (like_id, liked_id, like_date) VALUES ("161","104","2017-03-19 22:46:33");
INSERT INTO likes (like_id, liked_id, like_date) VALUES ("267","104","2017-03-02 08:52:46");
INSERT INTO likes (like_id, liked_id, like_date) VALUES ("213","104","2017-08-24 23:31:18");
INSERT INTO likes (like_id, liked_id, like_date) VALUES ("33","104","2017-03-08 09:31:41");
INSERT INTO likes (like_id, liked_id, like_date) VALUES ("337","104","2017-08-15 00:52:33");
INSERT INTO likes (like_id, liked_id, like_date) VALUES ("455","104","2018-01-02 19:48:13");
INSERT INTO likes (like_id, liked_id, like_date) VALUES ("40","104","2017-06-21 05:40:22");
INSERT INTO likes (like_id, liked_id, like_date) VALUES ("181","104","2017-11-25 06:57:25");
INSERT INTO likes (like_id, liked_id, like_date) VALUES ("473","104","2017-06-15 21:16:37");
INSERT INTO likes (like_id, liked_id, like_date) VALUES ("137","104","2017-05-23 15:02:30");
INSERT INTO likes (like_id, liked_id, like_date) VALUES ("54","104","2017-03-25 12:46:38");
INSERT INTO views (viewer_id, viewed_id, view_date) VALUES ("357","104","2018-02-04 05:06:50");
INSERT INTO views (viewer_id, viewed_id, view_date) VALUES ("58","104","2017-09-04 01:32:31");
INSERT INTO views (viewer_id, viewed_id, view_date) VALUES ("382","104","2017-04-15 07:46:46");
INSERT INTO views (viewer_id, viewed_id, view_date) VALUES ("319","104","2017-08-31 02:38:15");
INSERT INTO views (viewer_id, viewed_id, view_date) VALUES ("277","104","2017-09-17 02:03:19");
INSERT INTO views (viewer_id, viewed_id, view_date) VALUES ("302","104","2017-06-09 06:24:16");
INSERT INTO views (viewer_id, viewed_id, view_date) VALUES ("174","104","2017-09-16 21:06:04");
INSERT INTO views (viewer_id, viewed_id, view_date) VALUES ("491","104","2017-12-06 04:44:56");
INSERT INTO views (viewer_id, viewed_id, view_date) VALUES ("426","104","2017-03-11 23:12:29");
INSERT INTO views (viewer_id, viewed_id, view_date) VALUES ("122","104","2017-04-05 07:28:17");
INSERT INTO views (viewer_id, viewed_id, view_date) VALUES ("269","104","2017-11-02 15:33:47");
INSERT INTO views (viewer_id, viewed_id, view_date) VALUES ("202","104","2017-06-17 21:42:59");
INSERT INTO views (viewer_id, viewed_id, view_date) VALUES ("348","104","2017-04-16 20:42:59");
INSERT INTO views (viewer_id, viewed_id, view_date) VALUES ("371","104","2018-01-13 21:13:59");
INSERT INTO views (viewer_id, viewed_id, view_date) VALUES ("38","104","2017-05-26 09:45:26");
INSERT INTO views (viewer_id, viewed_id, view_date) VALUES ("352","104","2017-09-10 16:23:14");
INSERT INTO views (viewer_id, viewed_id, view_date) VALUES ("470","104","2017-12-12 08:55:30");
INSERT INTO views (viewer_id, viewed_id, view_date) VALUES ("116","104","2017-10-18 21:03:52");
INSERT INTO views (viewer_id, viewed_id, view_date) VALUES ("431","104","2017-04-13 08:33:43");
INSERT INTO views (viewer_id, viewed_id, view_date) VALUES ("378","104","2017-03-01 03:05:45");
INSERT INTO views (viewer_id, viewed_id, view_date) VALUES ("348","104","2017-12-28 20:18:42");


INSERT INTO user (id, first_name, last_name, username, email, password, birthdate, gender, orientation, bio, country, state, city, zip, file_1, file_2, file_3, file_4, file_5, score, token, token_date, active, register, created_at, updated_at) VALUES ("105","Ryley","Casper","vkuphal","natalia.robel@goldner.com","$2y$10$SBkA4.cpIaNjLOLBXAhbROqBWlM2CGX9wnpXFriZdjDx0VPHuVYNm","1962-11-14 13:42:11","1","2","Quia aliquid veniam et exercitationem accusantium modi veritatis. In pariatur doloribus ut molestias. Nihil sapiente doloremque illo voluptate. Ut nemo libero in.","Niue","","Port Cliffordside","97765-9978","../fixtures/male2.jpg","../fixtures/male4.jpg","","","","65","2334ef7b135df968e8f3a6492b9ea3a7","2011-10-16 18:33:14","0","0","1993-11-25 01:34:14","1982-02-24 03:06:49");
INSERT INTO user_tag (user_id, tag_id) VALUES ("105","29");
INSERT INTO user_tag (user_id, tag_id) VALUES ("105","31");
INSERT INTO user_tag (user_id, tag_id) VALUES ("105","18");
INSERT INTO user_tag (user_id, tag_id) VALUES ("105","33");

INSERT INTO connected (user_id, connect_date) VALUES ("105","2017-03-17 18:08:44");
INSERT INTO likes (like_id, liked_id, like_date) VALUES ("458","105","2017-04-15 16:38:59");
INSERT INTO likes (like_id, liked_id, like_date) VALUES ("89","105","2017-10-16 19:50:40");
INSERT INTO likes (like_id, liked_id, like_date) VALUES ("183","105","2017-09-02 18:58:06");
INSERT INTO likes (like_id, liked_id, like_date) VALUES ("470","105","2018-01-29 08:32:10");
INSERT INTO likes (like_id, liked_id, like_date) VALUES ("138","105","2017-04-07 15:28:40");
INSERT INTO likes (like_id, liked_id, like_date) VALUES ("298","105","2017-05-02 12:31:17");
INSERT INTO likes (like_id, liked_id, like_date) VALUES ("222","105","2017-08-30 03:58:14");
INSERT INTO likes (like_id, liked_id, like_date) VALUES ("499","105","2017-08-24 14:59:08");
INSERT INTO likes (like_id, liked_id, like_date) VALUES ("434","105","2017-12-21 23:45:11");
INSERT INTO likes (like_id, liked_id, like_date) VALUES ("232","105","2017-11-30 10:12:40");
INSERT INTO likes (like_id, liked_id, like_date) VALUES ("433","105","2017-06-23 17:13:47");
INSERT INTO likes (like_id, liked_id, like_date) VALUES ("172","105","2018-01-07 10:31:48");
INSERT INTO likes (like_id, liked_id, like_date) VALUES ("178","105","2017-12-05 16:07:22");
INSERT INTO likes (like_id, liked_id, like_date) VALUES ("139","105","2017-09-09 15:33:32");
INSERT INTO likes (like_id, liked_id, like_date) VALUES ("355","105","2017-06-28 14:50:14");
INSERT INTO views (viewer_id, viewed_id, view_date) VALUES ("489","105","2017-06-29 20:09:49");
INSERT INTO views (viewer_id, viewed_id, view_date) VALUES ("304","105","2017-03-08 08:57:28");
INSERT INTO views (viewer_id, viewed_id, view_date) VALUES ("333","105","2017-10-27 19:48:58");
INSERT INTO views (viewer_id, viewed_id, view_date) VALUES ("210","105","2017-02-19 11:57:43");
INSERT INTO views (viewer_id, viewed_id, view_date) VALUES ("303","105","2018-01-26 05:34:35");
INSERT INTO views (viewer_id, viewed_id, view_date) VALUES ("70","105","2017-02-23 21:21:33");
INSERT INTO views (viewer_id, viewed_id, view_date) VALUES ("239","105","2017-06-25 07:17:22");
INSERT INTO views (viewer_id, viewed_id, view_date) VALUES ("495","105","2018-01-25 01:40:19");
INSERT INTO views (viewer_id, viewed_id, view_date) VALUES ("52","105","2017-07-23 14:16:19");
INSERT INTO views (viewer_id, viewed_id, view_date) VALUES ("333","105","2018-02-12 17:38:55");
INSERT INTO views (viewer_id, viewed_id, view_date) VALUES ("329","105","2017-10-23 00:36:54");
INSERT INTO views (viewer_id, viewed_id, view_date) VALUES ("409","105","2017-09-02 13:24:25");
INSERT INTO views (viewer_id, viewed_id, view_date) VALUES ("158","105","2017-09-13 02:26:16");
INSERT INTO views (viewer_id, viewed_id, view_date) VALUES ("440","105","2018-01-23 07:59:08");
INSERT INTO views (viewer_id, viewed_id, view_date) VALUES ("485","105","2017-09-02 21:49:13");
INSERT INTO views (viewer_id, viewed_id, view_date) VALUES ("128","105","2017-08-27 02:46:26");
INSERT INTO views (viewer_id, viewed_id, view_date) VALUES ("230","105","2017-10-22 16:03:39");
INSERT INTO views (viewer_id, viewed_id, view_date) VALUES ("299","105","2017-06-18 15:15:29");
INSERT INTO views (viewer_id, viewed_id, view_date) VALUES ("268","105","2017-06-16 09:22:49");


INSERT INTO user (id, first_name, last_name, username, email, password, birthdate, gender, orientation, bio, country, state, city, zip, file_1, file_2, file_3, file_4, file_5, score, token, token_date, active, register, created_at, updated_at) VALUES ("106","Aletha","Kuhn","swaniawskimayra","blanda.eugenia@gmail.com","$2y$10$ADw3MOnJNsF62IDe6R1vyuenjD/CjeHm.FM8VzV2pugFPYsGCpnAK","1992-09-28 16:01:26","2","2","Ea impedit et in dignissimos inventore. Aut quis quam sed aspernatur at eveniet. Amet sit omnis illum dolorem perferendis.","Belarus","","Legrosview","05857","../fixtures/female10.jpg","../fixtures/female4.jpg","../fixtures/female2.jpg","","","25","b4404f0a20d8fa1402576e2ade3e4794","1978-10-09 16:38:41","0","0","1988-03-22 06:10:57","1979-03-03 13:55:53");
INSERT INTO user_tag (user_id, tag_id) VALUES ("106","6");
INSERT INTO user_tag (user_id, tag_id) VALUES ("106","13");
INSERT INTO user_tag (user_id, tag_id) VALUES ("106","42");
INSERT INTO user_tag (user_id, tag_id) VALUES ("106","26");
INSERT INTO user_tag (user_id, tag_id) VALUES ("106","35");
INSERT INTO user_tag (user_id, tag_id) VALUES ("106","42");

INSERT INTO connected (user_id, connect_date) VALUES ("106","2017-12-22 20:20:53");
INSERT INTO likes (like_id, liked_id, like_date) VALUES ("475","106","2018-01-13 16:55:11");
INSERT INTO likes (like_id, liked_id, like_date) VALUES ("5","106","2017-09-19 04:45:56");
INSERT INTO likes (like_id, liked_id, like_date) VALUES ("33","106","2017-05-23 14:20:37");
INSERT INTO likes (like_id, liked_id, like_date) VALUES ("232","106","2017-11-26 00:09:07");
INSERT INTO likes (like_id, liked_id, like_date) VALUES ("15","106","2017-08-26 18:24:38");
INSERT INTO likes (like_id, liked_id, like_date) VALUES ("240","106","2017-05-27 21:07:19");
INSERT INTO likes (like_id, liked_id, like_date) VALUES ("390","106","2017-10-01 03:22:08");
INSERT INTO likes (like_id, liked_id, like_date) VALUES ("13","106","2017-11-29 16:40:51");
INSERT INTO likes (like_id, liked_id, like_date) VALUES ("18","106","2017-12-25 10:30:43");
INSERT INTO views (viewer_id, viewed_id, view_date) VALUES ("24","106","2017-08-09 00:57:02");
INSERT INTO views (viewer_id, viewed_id, view_date) VALUES ("156","106","2017-08-08 08:29:51");
INSERT INTO views (viewer_id, viewed_id, view_date) VALUES ("122","106","2017-10-20 14:40:29");
INSERT INTO views (viewer_id, viewed_id, view_date) VALUES ("317","106","2018-02-07 01:49:37");
INSERT INTO views (viewer_id, viewed_id, view_date) VALUES ("455","106","2017-08-28 01:12:02");
INSERT INTO views (viewer_id, viewed_id, view_date) VALUES ("387","106","2017-08-01 21:33:44");
INSERT INTO views (viewer_id, viewed_id, view_date) VALUES ("206","106","2017-07-08 16:03:16");
INSERT INTO views (viewer_id, viewed_id, view_date) VALUES ("152","106","2017-05-26 21:04:40");
INSERT INTO views (viewer_id, viewed_id, view_date) VALUES ("127","106","2017-06-20 02:27:30");
INSERT INTO views (viewer_id, viewed_id, view_date) VALUES ("317","106","2017-05-31 13:24:30");
INSERT INTO views (viewer_id, viewed_id, view_date) VALUES ("21","106","2017-12-21 12:58:34");
INSERT INTO views (viewer_id, viewed_id, view_date) VALUES ("6","106","2017-04-01 12:58:27");
INSERT INTO views (viewer_id, viewed_id, view_date) VALUES ("369","106","2017-09-08 22:49:30");
INSERT INTO views (viewer_id, viewed_id, view_date) VALUES ("207","106","2017-11-21 08:59:50");
INSERT INTO views (viewer_id, viewed_id, view_date) VALUES ("355","106","2017-08-09 15:09:47");
INSERT INTO views (viewer_id, viewed_id, view_date) VALUES ("77","106","2017-04-17 09:39:39");
INSERT INTO views (viewer_id, viewed_id, view_date) VALUES ("366","106","2017-03-29 02:04:32");
INSERT INTO views (viewer_id, viewed_id, view_date) VALUES ("471","106","2017-03-04 07:02:37");


INSERT INTO user (id, first_name, last_name, username, email, password, birthdate, gender, orientation, bio, country, state, city, zip, file_1, file_2, file_3, file_4, file_5, score, token, token_date, active, register, created_at, updated_at) VALUES ("107","Magnus","Hammes","hcollier","murphy.norwood@gmail.com","$2y$10$UG/NVH8W6xn4epJKigdOB.oiXgig/TYEtAVUVN8Fd7OpPrndAvqSm","1949-09-19 03:32:51","2","1","Impedit et qui quae voluptate et. Veniam ad voluptatem et repellat. Voluptatem debitis ad voluptatem velit. Aperiam ipsa quod ducimus aut ea veritatis eligendi. Doloremque aut alias doloremque aut officia eius.","South Africa","","Fisherfurt","63974","../fixtures/female5.jpg","../fixtures/female6.jpg","","","","89","7962daa4c37dc990b950a282a5dc1e0e","2011-04-20 17:16:41","1","0","1989-02-04 20:10:03","1994-03-07 02:51:45");
INSERT INTO user_tag (user_id, tag_id) VALUES ("107","29");
INSERT INTO user_tag (user_id, tag_id) VALUES ("107","6");
INSERT INTO user_tag (user_id, tag_id) VALUES ("107","14");
INSERT INTO user_tag (user_id, tag_id) VALUES ("107","14");
INSERT INTO user_tag (user_id, tag_id) VALUES ("107","34");
INSERT INTO user_tag (user_id, tag_id) VALUES ("107","43");
INSERT INTO user_tag (user_id, tag_id) VALUES ("107","50");
INSERT INTO user_tag (user_id, tag_id) VALUES ("107","43");
INSERT INTO user_tag (user_id, tag_id) VALUES ("107","22");
INSERT INTO user_tag (user_id, tag_id) VALUES ("107","4");
INSERT INTO user_tag (user_id, tag_id) VALUES ("107","24");
INSERT INTO user_tag (user_id, tag_id) VALUES ("107","37");
INSERT INTO user_tag (user_id, tag_id) VALUES ("107","46");
INSERT INTO user_tag (user_id, tag_id) VALUES ("107","35");
INSERT INTO user_tag (user_id, tag_id) VALUES ("107","19");

INSERT INTO connected (user_id, connect_date) VALUES ("107","2017-04-14 04:44:10");
INSERT INTO likes (like_id, liked_id, like_date) VALUES ("370","107","2018-02-03 10:34:33");
INSERT INTO likes (like_id, liked_id, like_date) VALUES ("472","107","2017-06-19 09:33:48");
INSERT INTO likes (like_id, liked_id, like_date) VALUES ("250","107","2017-11-23 00:37:32");
INSERT INTO likes (like_id, liked_id, like_date) VALUES ("290","107","2018-01-12 01:59:31");
INSERT INTO likes (like_id, liked_id, like_date) VALUES ("104","107","2017-05-30 14:42:20");
INSERT INTO likes (like_id, liked_id, like_date) VALUES ("29","107","2017-03-15 21:28:27");
INSERT INTO likes (like_id, liked_id, like_date) VALUES ("303","107","2017-10-25 16:51:47");
INSERT INTO likes (like_id, liked_id, like_date) VALUES ("127","107","2017-07-27 02:16:44");
INSERT INTO likes (like_id, liked_id, like_date) VALUES ("370","107","2018-01-24 03:07:29");
INSERT INTO likes (like_id, liked_id, like_date) VALUES ("336","107","2018-01-01 16:26:48");
INSERT INTO likes (like_id, liked_id, like_date) VALUES ("210","107","2017-03-27 18:17:56");
INSERT INTO likes (like_id, liked_id, like_date) VALUES ("277","107","2017-09-11 13:15:34");
INSERT INTO likes (like_id, liked_id, like_date) VALUES ("391","107","2017-11-22 17:40:13");
INSERT INTO views (viewer_id, viewed_id, view_date) VALUES ("212","107","2017-05-26 12:34:36");
INSERT INTO views (viewer_id, viewed_id, view_date) VALUES ("144","107","2017-05-13 07:01:28");
INSERT INTO views (viewer_id, viewed_id, view_date) VALUES ("57","107","2017-03-16 20:44:38");
INSERT INTO views (viewer_id, viewed_id, view_date) VALUES ("344","107","2017-06-22 20:29:49");
INSERT INTO views (viewer_id, viewed_id, view_date) VALUES ("368","107","2017-06-15 06:38:29");
INSERT INTO views (viewer_id, viewed_id, view_date) VALUES ("209","107","2017-02-21 10:56:37");
INSERT INTO views (viewer_id, viewed_id, view_date) VALUES ("358","107","2017-06-30 05:37:47");
INSERT INTO views (viewer_id, viewed_id, view_date) VALUES ("204","107","2017-11-05 05:21:16");
INSERT INTO views (viewer_id, viewed_id, view_date) VALUES ("2","107","2017-06-20 06:06:24");
INSERT INTO views (viewer_id, viewed_id, view_date) VALUES ("459","107","2017-03-16 20:56:45");
INSERT INTO views (viewer_id, viewed_id, view_date) VALUES ("374","107","2017-11-30 08:53:25");
INSERT INTO views (viewer_id, viewed_id, view_date) VALUES ("79","107","2017-12-31 07:36:03");
INSERT INTO views (viewer_id, viewed_id, view_date) VALUES ("198","107","2017-06-25 20:08:34");
INSERT INTO views (viewer_id, viewed_id, view_date) VALUES ("284","107","2017-10-25 19:08:46");
INSERT INTO views (viewer_id, viewed_id, view_date) VALUES ("343","107","2017-03-25 16:57:22");
INSERT INTO views (viewer_id, viewed_id, view_date) VALUES ("261","107","2018-01-01 23:06:51");
INSERT INTO views (viewer_id, viewed_id, view_date) VALUES ("470","107","2017-07-23 16:30:49");
INSERT INTO views (viewer_id, viewed_id, view_date) VALUES ("74","107","2017-09-14 23:23:21");
INSERT INTO views (viewer_id, viewed_id, view_date) VALUES ("241","107","2017-09-08 14:06:34");
INSERT INTO views (viewer_id, viewed_id, view_date) VALUES ("435","107","2017-03-10 02:08:33");
INSERT INTO views (viewer_id, viewed_id, view_date) VALUES ("281","107","2017-09-08 00:59:41");
INSERT INTO views (viewer_id, viewed_id, view_date) VALUES ("499","107","2017-08-30 21:42:45");
INSERT INTO views (viewer_id, viewed_id, view_date) VALUES ("294","107","2017-08-30 10:11:33");
INSERT INTO views (viewer_id, viewed_id, view_date) VALUES ("300","107","2017-10-03 00:01:13");
INSERT INTO views (viewer_id, viewed_id, view_date) VALUES ("60","107","2017-02-15 20:58:20");


INSERT INTO user (id, first_name, last_name, username, email, password, birthdate, gender, orientation, bio, country, state, city, zip, file_1, file_2, file_3, file_4, file_5, score, token, token_date, active, register, created_at, updated_at) VALUES ("108","Greyson","Sawayn","marta57","arne04@hotmail.com","$2y$10$e1PgvCu1gZfxLKa330P/9OtXwZkfbpMbUtNJiwldciPnu2ka7zNr6","1992-08-18 04:17:35","2","3","Recusandae unde odio omnis ab praesentium iure unde. Ut laborum dolore incidunt dolores. Est deleniti pariatur impedit molestias assumenda deserunt aut.","Singapore","","West Rosetta","71675","../fixtures/female4.jpg","","","","","85","9413f603abe5b7c6edbef69eaa45f4b1","1979-12-15 17:12:45","0","0","2001-03-14 10:57:13","2011-12-25 14:55:17");
INSERT INTO user_tag (user_id, tag_id) VALUES ("108","48");
INSERT INTO user_tag (user_id, tag_id) VALUES ("108","23");
INSERT INTO user_tag (user_id, tag_id) VALUES ("108","48");
INSERT INTO user_tag (user_id, tag_id) VALUES ("108","6");
INSERT INTO user_tag (user_id, tag_id) VALUES ("108","47");

INSERT INTO connected (user_id, connect_date) VALUES ("108","2017-12-13 16:35:37");
INSERT INTO likes (like_id, liked_id, like_date) VALUES ("81","108","2017-03-29 03:18:22");
INSERT INTO likes (like_id, liked_id, like_date) VALUES ("172","108","2017-03-13 07:43:30");
INSERT INTO likes (like_id, liked_id, like_date) VALUES ("313","108","2017-12-18 20:14:53");
INSERT INTO likes (like_id, liked_id, like_date) VALUES ("500","108","2017-09-11 16:31:53");
INSERT INTO likes (like_id, liked_id, like_date) VALUES ("461","108","2017-11-30 04:57:30");
INSERT INTO likes (like_id, liked_id, like_date) VALUES ("59","108","2017-08-29 03:26:34");
INSERT INTO likes (like_id, liked_id, like_date) VALUES ("420","108","2017-11-16 14:35:11");
INSERT INTO likes (like_id, liked_id, like_date) VALUES ("54","108","2017-03-16 22:03:48");
INSERT INTO likes (like_id, liked_id, like_date) VALUES ("71","108","2017-07-24 06:16:13");
INSERT INTO likes (like_id, liked_id, like_date) VALUES ("87","108","2017-04-11 16:59:42");
INSERT INTO likes (like_id, liked_id, like_date) VALUES ("285","108","2017-10-30 21:39:00");
INSERT INTO likes (like_id, liked_id, like_date) VALUES ("487","108","2018-01-23 03:20:55");
INSERT INTO likes (like_id, liked_id, like_date) VALUES ("41","108","2017-03-11 13:29:44");
INSERT INTO likes (like_id, liked_id, like_date) VALUES ("29","108","2018-02-05 15:26:27");
INSERT INTO views (viewer_id, viewed_id, view_date) VALUES ("257","108","2018-01-08 05:40:20");
INSERT INTO views (viewer_id, viewed_id, view_date) VALUES ("236","108","2017-08-01 00:10:45");


INSERT INTO user (id, first_name, last_name, username, email, password, birthdate, gender, orientation, bio, country, state, city, zip, file_1, file_2, file_3, file_4, file_5, score, token, token_date, active, register, created_at, updated_at) VALUES ("109","Trycia","Hintz","walterethelyn","abbott.willard@hotmail.com","$2y$10$4qoAaMx6RHiRP8bKB5ebNeVe2LkJNzu.eLPwrNNZc6TApdZPBW.jG","1950-07-02 12:07:11","2","3","Repudiandae nisi nostrum neque. Voluptas repellendus dolor perferendis impedit ad sit eius. Accusantium neque velit reiciendis fuga voluptates.","Hong Kong","","Casperhaven","63391","../fixtures/female10.jpg","../fixtures/female10.jpg","","","","84","4b8da08f6442083fb980c904f872bc30","1979-12-22 11:44:06","1","1","2004-07-26 09:59:57","1996-03-15 02:46:11");
INSERT INTO user_tag (user_id, tag_id) VALUES ("109","49");
INSERT INTO user_tag (user_id, tag_id) VALUES ("109","25");
INSERT INTO user_tag (user_id, tag_id) VALUES ("109","24");
INSERT INTO user_tag (user_id, tag_id) VALUES ("109","14");
INSERT INTO user_tag (user_id, tag_id) VALUES ("109","43");
INSERT INTO user_tag (user_id, tag_id) VALUES ("109","40");

INSERT INTO connected (user_id, connect_date) VALUES ("109","2017-05-09 06:04:41");
INSERT INTO likes (like_id, liked_id, like_date) VALUES ("71","109","2018-01-07 11:33:50");
INSERT INTO likes (like_id, liked_id, like_date) VALUES ("275","109","2017-09-03 05:41:13");
INSERT INTO likes (like_id, liked_id, like_date) VALUES ("404","109","2018-01-11 05:17:21");
INSERT INTO likes (like_id, liked_id, like_date) VALUES ("408","109","2017-03-19 01:20:51");
INSERT INTO likes (like_id, liked_id, like_date) VALUES ("475","109","2017-05-11 08:12:26");
INSERT INTO likes (like_id, liked_id, like_date) VALUES ("306","109","2017-09-26 13:24:41");
INSERT INTO likes (like_id, liked_id, like_date) VALUES ("119","109","2017-10-23 18:01:36");
INSERT INTO likes (like_id, liked_id, like_date) VALUES ("314","109","2017-03-04 01:27:41");
INSERT INTO likes (like_id, liked_id, like_date) VALUES ("496","109","2017-02-26 06:12:10");
INSERT INTO likes (like_id, liked_id, like_date) VALUES ("285","109","2017-03-02 12:48:48");
INSERT INTO likes (like_id, liked_id, like_date) VALUES ("359","109","2017-06-26 04:23:07");
INSERT INTO likes (like_id, liked_id, like_date) VALUES ("308","109","2017-07-01 03:30:20");
INSERT INTO likes (like_id, liked_id, like_date) VALUES ("35","109","2017-11-23 11:35:48");
INSERT INTO views (viewer_id, viewed_id, view_date) VALUES ("307","109","2018-01-22 12:53:46");
INSERT INTO views (viewer_id, viewed_id, view_date) VALUES ("16","109","2017-12-30 11:48:21");
INSERT INTO views (viewer_id, viewed_id, view_date) VALUES ("246","109","2017-04-22 19:28:57");
INSERT INTO views (viewer_id, viewed_id, view_date) VALUES ("273","109","2018-02-07 23:15:02");
INSERT INTO views (viewer_id, viewed_id, view_date) VALUES ("414","109","2017-08-24 15:34:55");
INSERT INTO views (viewer_id, viewed_id, view_date) VALUES ("310","109","2017-06-03 20:12:03");
INSERT INTO views (viewer_id, viewed_id, view_date) VALUES ("238","109","2017-07-26 08:18:37");
INSERT INTO views (viewer_id, viewed_id, view_date) VALUES ("156","109","2018-02-01 19:54:44");
INSERT INTO views (viewer_id, viewed_id, view_date) VALUES ("261","109","2017-10-06 18:12:03");
INSERT INTO views (viewer_id, viewed_id, view_date) VALUES ("108","109","2017-06-18 07:09:34");
INSERT INTO views (viewer_id, viewed_id, view_date) VALUES ("70","109","2017-11-17 00:15:00");
INSERT INTO views (viewer_id, viewed_id, view_date) VALUES ("244","109","2017-05-14 06:13:01");
INSERT INTO views (viewer_id, viewed_id, view_date) VALUES ("386","109","2018-01-10 03:32:07");
INSERT INTO views (viewer_id, viewed_id, view_date) VALUES ("463","109","2017-12-08 02:08:24");
INSERT INTO views (viewer_id, viewed_id, view_date) VALUES ("6","109","2017-06-06 19:43:55");
INSERT INTO views (viewer_id, viewed_id, view_date) VALUES ("301","109","2017-03-12 20:55:43");
INSERT INTO views (viewer_id, viewed_id, view_date) VALUES ("223","109","2017-07-18 13:28:41");
INSERT INTO views (viewer_id, viewed_id, view_date) VALUES ("236","109","2017-04-15 12:28:35");
INSERT INTO views (viewer_id, viewed_id, view_date) VALUES ("146","109","2018-01-17 02:13:50");
INSERT INTO views (viewer_id, viewed_id, view_date) VALUES ("309","109","2017-08-16 23:33:19");
INSERT INTO views (viewer_id, viewed_id, view_date) VALUES ("96","109","2017-08-23 23:43:54");
INSERT INTO views (viewer_id, viewed_id, view_date) VALUES ("476","109","2017-09-12 08:44:41");
INSERT INTO views (viewer_id, viewed_id, view_date) VALUES ("207","109","2017-02-16 11:36:17");
INSERT INTO views (viewer_id, viewed_id, view_date) VALUES ("207","109","2017-03-17 11:50:43");
INSERT INTO views (viewer_id, viewed_id, view_date) VALUES ("211","109","2017-02-26 03:04:10");
INSERT INTO views (viewer_id, viewed_id, view_date) VALUES ("368","109","2017-02-18 15:08:32");


INSERT INTO user (id, first_name, last_name, username, email, password, birthdate, gender, orientation, bio, country, state, city, zip, file_1, file_2, file_3, file_4, file_5, score, token, token_date, active, register, created_at, updated_at) VALUES ("110","Esteban","Auer","stammmafalda","vaughn94@bernhard.com","$2y$10$mj5aoOdG64flJPQljeJeqeJIDiCzS7nCJ/ct8LzwIgNArrCHgJ5DG","1954-10-27 16:44:17","2","2","Accusantium et natus illum. Qui accusamus rerum eveniet incidunt. Voluptatem vel ea mollitia facilis. Eligendi temporibus aliquam cupiditate qui sint et ut.","Saint Barthelemy","","South Verdiefurt","04979","../fixtures/female4.jpg","","","","","42","746bc448848b514a2f59fe9425361fa6","1980-02-23 13:09:01","0","0","1995-10-08 18:25:24","1972-06-23 04:33:38");
INSERT INTO user_tag (user_id, tag_id) VALUES ("110","39");
INSERT INTO user_tag (user_id, tag_id) VALUES ("110","27");
INSERT INTO user_tag (user_id, tag_id) VALUES ("110","16");
INSERT INTO user_tag (user_id, tag_id) VALUES ("110","48");
INSERT INTO user_tag (user_id, tag_id) VALUES ("110","5");
INSERT INTO user_tag (user_id, tag_id) VALUES ("110","34");
INSERT INTO user_tag (user_id, tag_id) VALUES ("110","5");
INSERT INTO user_tag (user_id, tag_id) VALUES ("110","42");

INSERT INTO connected (user_id, connect_date) VALUES ("110","2017-07-04 11:23:24");
INSERT INTO likes (like_id, liked_id, like_date) VALUES ("394","110","2017-12-09 00:49:03");
INSERT INTO likes (like_id, liked_id, like_date) VALUES ("99","110","2017-02-28 17:44:04");
INSERT INTO likes (like_id, liked_id, like_date) VALUES ("12","110","2017-11-30 05:11:04");
INSERT INTO likes (like_id, liked_id, like_date) VALUES ("364","110","2017-06-05 17:18:16");
INSERT INTO likes (like_id, liked_id, like_date) VALUES ("27","110","2017-03-07 11:55:32");
INSERT INTO likes (like_id, liked_id, like_date) VALUES ("172","110","2017-10-07 08:51:48");
INSERT INTO views (viewer_id, viewed_id, view_date) VALUES ("478","110","2017-08-05 05:22:02");
INSERT INTO views (viewer_id, viewed_id, view_date) VALUES ("468","110","2017-03-11 02:53:23");
INSERT INTO views (viewer_id, viewed_id, view_date) VALUES ("330","110","2017-11-17 07:02:05");
INSERT INTO views (viewer_id, viewed_id, view_date) VALUES ("165","110","2017-06-03 15:27:44");
INSERT INTO views (viewer_id, viewed_id, view_date) VALUES ("171","110","2017-05-09 06:55:12");
INSERT INTO views (viewer_id, viewed_id, view_date) VALUES ("273","110","2018-02-06 06:03:21");
INSERT INTO views (viewer_id, viewed_id, view_date) VALUES ("295","110","2017-09-04 20:48:13");


INSERT INTO user (id, first_name, last_name, username, email, password, birthdate, gender, orientation, bio, country, state, city, zip, file_1, file_2, file_3, file_4, file_5, score, token, token_date, active, register, created_at, updated_at) VALUES ("111","Roderick","Cole","wizavalentine","pdickens@hirthe.com","$2y$10$l8z780Zx4v72Y3Xp1RCa/.9uClmZEn70mrQo8XnwEcnywGkd59zNG","1979-02-03 07:38:23","2","2","Omnis quia optio voluptas qui ut. Quo sit qui perspiciatis quam dolores tempora. Dolore et praesentium rerum error reprehenderit.","Lesotho","","Port Abbiefort","84552","../fixtures/female8.jpg","../fixtures/female4.jpg","","","","70","9bc33e73f95fe5ac36cacd76b151a325","1999-03-12 10:13:47","0","0","1989-05-07 15:16:33","2003-10-11 09:42:54");
INSERT INTO user_tag (user_id, tag_id) VALUES ("111","4");
INSERT INTO user_tag (user_id, tag_id) VALUES ("111","4");
INSERT INTO user_tag (user_id, tag_id) VALUES ("111","18");
INSERT INTO user_tag (user_id, tag_id) VALUES ("111","18");
INSERT INTO user_tag (user_id, tag_id) VALUES ("111","2");
INSERT INTO user_tag (user_id, tag_id) VALUES ("111","46");
INSERT INTO user_tag (user_id, tag_id) VALUES ("111","28");
INSERT INTO user_tag (user_id, tag_id) VALUES ("111","47");
INSERT INTO user_tag (user_id, tag_id) VALUES ("111","9");
INSERT INTO user_tag (user_id, tag_id) VALUES ("111","34");
INSERT INTO user_tag (user_id, tag_id) VALUES ("111","42");
INSERT INTO user_tag (user_id, tag_id) VALUES ("111","1");

INSERT INTO connected (user_id, connect_date) VALUES ("111","2017-08-14 20:11:22");
INSERT INTO likes (like_id, liked_id, like_date) VALUES ("236","111","2017-09-25 12:47:35");
INSERT INTO likes (like_id, liked_id, like_date) VALUES ("163","111","2017-03-01 11:00:56");
INSERT INTO likes (like_id, liked_id, like_date) VALUES ("127","111","2017-07-08 22:44:06");
INSERT INTO likes (like_id, liked_id, like_date) VALUES ("127","111","2018-02-12 13:46:16");
INSERT INTO likes (like_id, liked_id, like_date) VALUES ("401","111","2017-11-01 03:48:44");
INSERT INTO likes (like_id, liked_id, like_date) VALUES ("157","111","2017-08-12 23:03:05");
INSERT INTO likes (like_id, liked_id, like_date) VALUES ("269","111","2017-11-23 15:42:26");
INSERT INTO views (viewer_id, viewed_id, view_date) VALUES ("491","111","2017-06-16 00:42:37");
INSERT INTO views (viewer_id, viewed_id, view_date) VALUES ("482","111","2017-06-16 19:40:01");
INSERT INTO views (viewer_id, viewed_id, view_date) VALUES ("380","111","2017-04-08 13:11:14");
INSERT INTO views (viewer_id, viewed_id, view_date) VALUES ("397","111","2017-07-18 21:20:57");
INSERT INTO views (viewer_id, viewed_id, view_date) VALUES ("117","111","2017-07-12 16:59:18");
INSERT INTO views (viewer_id, viewed_id, view_date) VALUES ("222","111","2017-12-18 03:07:20");
INSERT INTO views (viewer_id, viewed_id, view_date) VALUES ("156","111","2017-12-07 12:00:14");
INSERT INTO views (viewer_id, viewed_id, view_date) VALUES ("7","111","2017-04-02 03:52:05");
INSERT INTO views (viewer_id, viewed_id, view_date) VALUES ("406","111","2017-11-23 12:58:19");


INSERT INTO user (id, first_name, last_name, username, email, password, birthdate, gender, orientation, bio, country, state, city, zip, file_1, file_2, file_3, file_4, file_5, score, token, token_date, active, register, created_at, updated_at) VALUES ("112","Milton","Weissnat","murraycydney","candida82@blanda.com","$2y$10$AArUxfYYwYU9GkivWkkY2OECW5pPahOckqGp5DHyQn3kWSWBRzj9y","1950-05-22 12:36:02","1","2","Ad rerum accusantium dolorum cupiditate quisquam. Eaque quia magni tempore distinctio facere veniam. Minima suscipit quod voluptas in nihil. Et nemo ea nam reprehenderit qui.","Reunion","","Howellbury","69482","../fixtures/male10.jpg","","","","","84","df106b18ca9628dda08d3b91d2758592","1994-11-04 08:32:23","1","1","1973-05-19 00:38:04","1988-09-17 02:59:26");
INSERT INTO user_tag (user_id, tag_id) VALUES ("112","31");
INSERT INTO user_tag (user_id, tag_id) VALUES ("112","33");
INSERT INTO user_tag (user_id, tag_id) VALUES ("112","24");
INSERT INTO user_tag (user_id, tag_id) VALUES ("112","6");
INSERT INTO user_tag (user_id, tag_id) VALUES ("112","24");
INSERT INTO user_tag (user_id, tag_id) VALUES ("112","39");
INSERT INTO user_tag (user_id, tag_id) VALUES ("112","27");
INSERT INTO user_tag (user_id, tag_id) VALUES ("112","29");
INSERT INTO user_tag (user_id, tag_id) VALUES ("112","48");
INSERT INTO user_tag (user_id, tag_id) VALUES ("112","39");
INSERT INTO user_tag (user_id, tag_id) VALUES ("112","32");
INSERT INTO user_tag (user_id, tag_id) VALUES ("112","14");
INSERT INTO user_tag (user_id, tag_id) VALUES ("112","31");
INSERT INTO user_tag (user_id, tag_id) VALUES ("112","43");

INSERT INTO connected (user_id, connect_date) VALUES ("112","2017-05-24 20:17:16");
INSERT INTO likes (like_id, liked_id, like_date) VALUES ("127","112","2018-02-06 23:56:18");
INSERT INTO likes (like_id, liked_id, like_date) VALUES ("456","112","2017-03-19 11:20:19");
INSERT INTO likes (like_id, liked_id, like_date) VALUES ("218","112","2018-02-04 11:23:42");
INSERT INTO likes (like_id, liked_id, like_date) VALUES ("187","112","2017-09-20 04:51:33");
INSERT INTO likes (like_id, liked_id, like_date) VALUES ("1","112","2017-06-25 03:45:29");
INSERT INTO likes (like_id, liked_id, like_date) VALUES ("81","112","2017-03-29 18:28:34");
INSERT INTO likes (like_id, liked_id, like_date) VALUES ("421","112","2018-02-09 04:14:15");
INSERT INTO likes (like_id, liked_id, like_date) VALUES ("268","112","2017-09-13 06:13:38");
INSERT INTO likes (like_id, liked_id, like_date) VALUES ("474","112","2017-10-19 12:13:30");
INSERT INTO views (viewer_id, viewed_id, view_date) VALUES ("255","112","2017-10-29 18:18:31");
INSERT INTO views (viewer_id, viewed_id, view_date) VALUES ("219","112","2017-07-05 04:04:28");
INSERT INTO views (viewer_id, viewed_id, view_date) VALUES ("270","112","2017-10-24 04:58:00");
INSERT INTO views (viewer_id, viewed_id, view_date) VALUES ("280","112","2017-12-01 19:29:51");
INSERT INTO views (viewer_id, viewed_id, view_date) VALUES ("466","112","2017-04-10 11:27:24");
INSERT INTO views (viewer_id, viewed_id, view_date) VALUES ("196","112","2017-03-04 02:14:49");
INSERT INTO views (viewer_id, viewed_id, view_date) VALUES ("137","112","2017-06-22 09:38:45");
INSERT INTO views (viewer_id, viewed_id, view_date) VALUES ("487","112","2017-03-02 02:29:40");
INSERT INTO views (viewer_id, viewed_id, view_date) VALUES ("94","112","2017-10-27 08:36:11");
INSERT INTO views (viewer_id, viewed_id, view_date) VALUES ("58","112","2018-02-12 13:45:41");


INSERT INTO user (id, first_name, last_name, username, email, password, birthdate, gender, orientation, bio, country, state, city, zip, file_1, file_2, file_3, file_4, file_5, score, token, token_date, active, register, created_at, updated_at) VALUES ("113","Esteban","Legros","mertzchloe","fkuhic@king.com","$2y$10$OloUuGX5gvDLwGydpgfVY.K1aIxlqX9xYwAOYxJOP4T7K5qjSynA.","1975-10-31 22:30:02","2","3","Dignissimos quia maiores maiores et quae esse. Illum hic ea saepe voluptatem.","Guernsey","","East Marinabury","14880-5818","../fixtures/female9.jpg","../fixtures/female10.jpg","../fixtures/female10.jpg","../fixtures/female7.jpg","../fixtures/female1.jpg","16","7671013c37f5829b9348c1665bfdcb4d","1995-11-15 17:55:34","0","0","1974-05-06 11:06:50","1988-07-27 15:02:11");
INSERT INTO user_tag (user_id, tag_id) VALUES ("113","6");
INSERT INTO user_tag (user_id, tag_id) VALUES ("113","44");
INSERT INTO user_tag (user_id, tag_id) VALUES ("113","32");
INSERT INTO user_tag (user_id, tag_id) VALUES ("113","4");
INSERT INTO user_tag (user_id, tag_id) VALUES ("113","31");
INSERT INTO user_tag (user_id, tag_id) VALUES ("113","4");
INSERT INTO user_tag (user_id, tag_id) VALUES ("113","38");
INSERT INTO user_tag (user_id, tag_id) VALUES ("113","9");
INSERT INTO user_tag (user_id, tag_id) VALUES ("113","27");
INSERT INTO user_tag (user_id, tag_id) VALUES ("113","36");
INSERT INTO user_tag (user_id, tag_id) VALUES ("113","20");
INSERT INTO user_tag (user_id, tag_id) VALUES ("113","3");
INSERT INTO user_tag (user_id, tag_id) VALUES ("113","49");

INSERT INTO connected (user_id, connect_date) VALUES ("113","2017-09-17 17:33:36");
INSERT INTO likes (like_id, liked_id, like_date) VALUES ("353","113","2017-05-08 17:06:05");
INSERT INTO likes (like_id, liked_id, like_date) VALUES ("93","113","2017-04-09 07:25:54");
INSERT INTO likes (like_id, liked_id, like_date) VALUES ("423","113","2017-10-09 02:48:05");
INSERT INTO likes (like_id, liked_id, like_date) VALUES ("346","113","2017-09-11 07:10:36");
INSERT INTO likes (like_id, liked_id, like_date) VALUES ("122","113","2017-11-10 18:55:26");
INSERT INTO likes (like_id, liked_id, like_date) VALUES ("366","113","2017-11-02 01:16:34");
INSERT INTO likes (like_id, liked_id, like_date) VALUES ("52","113","2018-01-06 09:42:52");
INSERT INTO likes (like_id, liked_id, like_date) VALUES ("467","113","2017-02-27 14:42:05");
INSERT INTO likes (like_id, liked_id, like_date) VALUES ("159","113","2017-12-20 04:28:03");
INSERT INTO views (viewer_id, viewed_id, view_date) VALUES ("395","113","2018-01-11 14:28:11");
INSERT INTO views (viewer_id, viewed_id, view_date) VALUES ("29","113","2018-01-27 15:28:21");
INSERT INTO views (viewer_id, viewed_id, view_date) VALUES ("237","113","2017-04-16 00:39:48");
INSERT INTO views (viewer_id, viewed_id, view_date) VALUES ("348","113","2017-03-04 22:00:20");
INSERT INTO views (viewer_id, viewed_id, view_date) VALUES ("193","113","2017-04-24 12:50:57");
INSERT INTO views (viewer_id, viewed_id, view_date) VALUES ("248","113","2018-01-03 10:58:40");
INSERT INTO views (viewer_id, viewed_id, view_date) VALUES ("346","113","2017-06-12 01:24:12");
INSERT INTO views (viewer_id, viewed_id, view_date) VALUES ("492","113","2017-07-12 23:17:19");
INSERT INTO views (viewer_id, viewed_id, view_date) VALUES ("37","113","2017-06-09 03:17:58");
INSERT INTO views (viewer_id, viewed_id, view_date) VALUES ("443","113","2018-01-17 17:34:50");
INSERT INTO views (viewer_id, viewed_id, view_date) VALUES ("344","113","2018-01-16 23:34:26");
INSERT INTO views (viewer_id, viewed_id, view_date) VALUES ("418","113","2017-09-17 02:34:35");
INSERT INTO views (viewer_id, viewed_id, view_date) VALUES ("121","113","2017-12-30 15:51:22");
INSERT INTO views (viewer_id, viewed_id, view_date) VALUES ("293","113","2017-10-26 13:42:34");
INSERT INTO views (viewer_id, viewed_id, view_date) VALUES ("419","113","2017-08-24 02:21:22");
INSERT INTO views (viewer_id, viewed_id, view_date) VALUES ("441","113","2017-04-22 08:22:18");
INSERT INTO views (viewer_id, viewed_id, view_date) VALUES ("150","113","2018-02-07 08:13:23");
INSERT INTO views (viewer_id, viewed_id, view_date) VALUES ("373","113","2017-04-15 02:45:04");
INSERT INTO views (viewer_id, viewed_id, view_date) VALUES ("133","113","2017-10-02 17:12:11");
INSERT INTO views (viewer_id, viewed_id, view_date) VALUES ("57","113","2017-02-18 18:02:36");
INSERT INTO views (viewer_id, viewed_id, view_date) VALUES ("354","113","2017-12-20 08:56:14");


INSERT INTO user (id, first_name, last_name, username, email, password, birthdate, gender, orientation, bio, country, state, city, zip, file_1, file_2, file_3, file_4, file_5, score, token, token_date, active, register, created_at, updated_at) VALUES ("114","Eleanore","Brown","ggraham","deanna02@yahoo.com","$2y$10$uBKzjj9d3SxNfjuFKhe2aeRHhaYzD0vry4nAXqcLVWszL12Un0TCC","1971-02-03 09:38:31","1","2","Ut impedit iusto voluptatum beatae mollitia nobis necessitatibus. Aut quas voluptatem et sit quo ipsam nostrum. Voluptatem ut vel sunt debitis ex recusandae velit corrupti.","Macedonia","","Rociochester","99343-9273","../fixtures/male8.jpg","../fixtures/male10.jpg","","","","50","f10e22568279fa97dc63616b7b1fa150","2002-09-29 16:57:10","1","1","1994-02-21 23:33:34","1995-04-20 16:55:23");
INSERT INTO user_tag (user_id, tag_id) VALUES ("114","6");
INSERT INTO user_tag (user_id, tag_id) VALUES ("114","40");
INSERT INTO user_tag (user_id, tag_id) VALUES ("114","40");
INSERT INTO user_tag (user_id, tag_id) VALUES ("114","10");
INSERT INTO user_tag (user_id, tag_id) VALUES ("114","3");
INSERT INTO user_tag (user_id, tag_id) VALUES ("114","36");
INSERT INTO user_tag (user_id, tag_id) VALUES ("114","9");
INSERT INTO user_tag (user_id, tag_id) VALUES ("114","42");
INSERT INTO user_tag (user_id, tag_id) VALUES ("114","27");
INSERT INTO user_tag (user_id, tag_id) VALUES ("114","5");
INSERT INTO user_tag (user_id, tag_id) VALUES ("114","23");
INSERT INTO user_tag (user_id, tag_id) VALUES ("114","28");

INSERT INTO connected (user_id, connect_date) VALUES ("114","2017-10-29 23:39:13");
INSERT INTO likes (like_id, liked_id, like_date) VALUES ("212","114","2017-11-07 02:21:44");
INSERT INTO likes (like_id, liked_id, like_date) VALUES ("423","114","2018-01-30 05:09:41");
INSERT INTO likes (like_id, liked_id, like_date) VALUES ("240","114","2017-08-15 08:20:22");
INSERT INTO likes (like_id, liked_id, like_date) VALUES ("272","114","2017-08-28 19:43:32");
INSERT INTO likes (like_id, liked_id, like_date) VALUES ("52","114","2017-12-16 00:40:29");
INSERT INTO likes (like_id, liked_id, like_date) VALUES ("130","114","2017-02-27 10:38:30");
INSERT INTO likes (like_id, liked_id, like_date) VALUES ("37","114","2017-08-31 09:19:08");
INSERT INTO likes (like_id, liked_id, like_date) VALUES ("22","114","2017-09-28 22:45:43");
INSERT INTO likes (like_id, liked_id, like_date) VALUES ("78","114","2017-02-20 00:45:46");
INSERT INTO likes (like_id, liked_id, like_date) VALUES ("199","114","2018-01-01 12:27:07");
INSERT INTO likes (like_id, liked_id, like_date) VALUES ("323","114","2018-01-06 11:34:46");
INSERT INTO likes (like_id, liked_id, like_date) VALUES ("20","114","2017-09-14 05:33:53");
INSERT INTO likes (like_id, liked_id, like_date) VALUES ("377","114","2017-04-19 05:07:21");
INSERT INTO likes (like_id, liked_id, like_date) VALUES ("229","114","2017-05-02 18:43:20");
INSERT INTO views (viewer_id, viewed_id, view_date) VALUES ("288","114","2017-12-01 13:36:24");
INSERT INTO views (viewer_id, viewed_id, view_date) VALUES ("93","114","2017-07-01 15:47:56");
INSERT INTO views (viewer_id, viewed_id, view_date) VALUES ("426","114","2018-01-02 19:57:23");
INSERT INTO views (viewer_id, viewed_id, view_date) VALUES ("436","114","2017-07-07 14:20:02");
INSERT INTO views (viewer_id, viewed_id, view_date) VALUES ("236","114","2017-11-30 16:46:13");
INSERT INTO views (viewer_id, viewed_id, view_date) VALUES ("232","114","2017-04-11 15:42:12");
INSERT INTO views (viewer_id, viewed_id, view_date) VALUES ("385","114","2017-08-27 18:28:36");
INSERT INTO views (viewer_id, viewed_id, view_date) VALUES ("117","114","2017-12-06 14:28:17");
INSERT INTO views (viewer_id, viewed_id, view_date) VALUES ("347","114","2018-01-20 13:16:05");
INSERT INTO views (viewer_id, viewed_id, view_date) VALUES ("404","114","2017-04-30 13:15:40");
INSERT INTO views (viewer_id, viewed_id, view_date) VALUES ("178","114","2017-02-22 15:15:17");
INSERT INTO views (viewer_id, viewed_id, view_date) VALUES ("246","114","2018-01-29 00:32:55");
INSERT INTO views (viewer_id, viewed_id, view_date) VALUES ("46","114","2017-06-19 05:35:50");
INSERT INTO views (viewer_id, viewed_id, view_date) VALUES ("414","114","2017-07-25 04:16:39");


INSERT INTO user (id, first_name, last_name, username, email, password, birthdate, gender, orientation, bio, country, state, city, zip, file_1, file_2, file_3, file_4, file_5, score, token, token_date, active, register, created_at, updated_at) VALUES ("115","Sienna","Padberg","jacobibernita","botsford.whitney@paucek.com","$2y$10$zZfWYhQ92pi3CCULrofjAeA4SUFesL77WZnbSM2eRUTk9wcfBlUr.","1994-09-14 01:09:42","1","2","Corporis ea culpa quis. Corporis quis impedit expedita quo rem. Voluptatibus fugiat et esse distinctio odit et. Perferendis minima provident deserunt explicabo ut nemo.","Libyan Arab Jamahiriya","","South Alfonzofort","82209","../fixtures/male4.jpg","../fixtures/male1.jpg","../fixtures/male9.jpg","../fixtures/male2.jpg","","74","5fe183cb19391a6c3fadb4fef1e37c60","1973-02-19 05:18:58","0","0","2007-09-08 20:10:12","1978-11-14 01:21:15");
INSERT INTO user_tag (user_id, tag_id) VALUES ("115","11");

INSERT INTO connected (user_id, connect_date) VALUES ("115","2017-04-21 09:56:21");
INSERT INTO likes (like_id, liked_id, like_date) VALUES ("483","115","2017-10-04 18:56:13");
INSERT INTO likes (like_id, liked_id, like_date) VALUES ("442","115","2017-05-25 01:52:14");
INSERT INTO likes (like_id, liked_id, like_date) VALUES ("324","115","2017-12-21 20:03:00");
INSERT INTO likes (like_id, liked_id, like_date) VALUES ("415","115","2017-02-20 15:40:18");
INSERT INTO likes (like_id, liked_id, like_date) VALUES ("26","115","2017-07-21 08:03:43");
INSERT INTO likes (like_id, liked_id, like_date) VALUES ("295","115","2017-04-17 12:30:32");
INSERT INTO likes (like_id, liked_id, like_date) VALUES ("206","115","2017-06-17 12:54:56");
INSERT INTO likes (like_id, liked_id, like_date) VALUES ("117","115","2017-12-05 02:40:26");
INSERT INTO likes (like_id, liked_id, like_date) VALUES ("51","115","2017-08-14 17:25:37");
INSERT INTO likes (like_id, liked_id, like_date) VALUES ("30","115","2017-10-15 00:21:28");
INSERT INTO likes (like_id, liked_id, like_date) VALUES ("315","115","2017-09-04 08:32:54");
INSERT INTO likes (like_id, liked_id, like_date) VALUES ("255","115","2017-05-31 06:08:49");
INSERT INTO likes (like_id, liked_id, like_date) VALUES ("22","115","2017-03-16 23:43:44");
INSERT INTO likes (like_id, liked_id, like_date) VALUES ("413","115","2017-07-29 03:05:59");
INSERT INTO likes (like_id, liked_id, like_date) VALUES ("365","115","2018-01-14 22:14:33");
INSERT INTO likes (like_id, liked_id, like_date) VALUES ("349","115","2017-12-19 10:33:58");
INSERT INTO likes (like_id, liked_id, like_date) VALUES ("409","115","2017-06-08 22:37:17");
INSERT INTO likes (like_id, liked_id, like_date) VALUES ("365","115","2017-05-01 16:00:26");
INSERT INTO likes (like_id, liked_id, like_date) VALUES ("375","115","2017-03-06 04:40:39");
INSERT INTO views (viewer_id, viewed_id, view_date) VALUES ("45","115","2017-06-24 17:03:07");
INSERT INTO views (viewer_id, viewed_id, view_date) VALUES ("372","115","2017-06-06 05:02:05");
INSERT INTO views (viewer_id, viewed_id, view_date) VALUES ("60","115","2017-10-29 03:50:33");
INSERT INTO views (viewer_id, viewed_id, view_date) VALUES ("395","115","2018-01-03 09:14:33");
INSERT INTO views (viewer_id, viewed_id, view_date) VALUES ("281","115","2017-04-10 13:12:29");
INSERT INTO views (viewer_id, viewed_id, view_date) VALUES ("485","115","2017-10-30 08:04:41");
INSERT INTO views (viewer_id, viewed_id, view_date) VALUES ("37","115","2017-04-07 04:59:02");
INSERT INTO views (viewer_id, viewed_id, view_date) VALUES ("347","115","2017-11-16 14:37:46");
INSERT INTO views (viewer_id, viewed_id, view_date) VALUES ("225","115","2018-02-09 10:40:42");
INSERT INTO views (viewer_id, viewed_id, view_date) VALUES ("68","115","2017-06-22 20:06:18");
INSERT INTO views (viewer_id, viewed_id, view_date) VALUES ("97","115","2018-01-27 07:00:50");
INSERT INTO views (viewer_id, viewed_id, view_date) VALUES ("87","115","2017-08-13 13:56:28");
INSERT INTO views (viewer_id, viewed_id, view_date) VALUES ("127","115","2017-04-13 22:58:08");
INSERT INTO views (viewer_id, viewed_id, view_date) VALUES ("181","115","2017-07-24 18:43:25");
INSERT INTO views (viewer_id, viewed_id, view_date) VALUES ("128","115","2017-06-04 23:53:53");
INSERT INTO views (viewer_id, viewed_id, view_date) VALUES ("416","115","2018-01-16 02:35:21");


INSERT INTO user (id, first_name, last_name, username, email, password, birthdate, gender, orientation, bio, country, state, city, zip, file_1, file_2, file_3, file_4, file_5, score, token, token_date, active, register, created_at, updated_at) VALUES ("116","Monica","Rau","cyril20","nya.dooley@lang.org","$2y$10$NbzmK7azYDkmo9i/68/ireKQ6/MoVv0GF8.SodXNAwTo/VV8sjJJy","1973-02-18 16:01:23","1","3","Est et blanditiis assumenda qui. Dolor ea quibusdam fugiat nulla odio recusandae mollitia. Accusamus rerum possimus sunt aut ut maiores. Suscipit omnis ut nemo doloribus maiores.","Uruguay","","Bryceside","31100-8705","../fixtures/male10.jpg","../fixtures/male3.jpg","../fixtures/male1.jpg","../fixtures/male9.jpg","","1","9d9e5ed9f048799bcbbd4a918bddec01","1992-12-25 01:34:40","0","0","1976-07-07 23:12:01","1998-08-15 13:51:32");
INSERT INTO user_tag (user_id, tag_id) VALUES ("116","13");
INSERT INTO user_tag (user_id, tag_id) VALUES ("116","35");
INSERT INTO user_tag (user_id, tag_id) VALUES ("116","32");
INSERT INTO user_tag (user_id, tag_id) VALUES ("116","37");
INSERT INTO user_tag (user_id, tag_id) VALUES ("116","33");
INSERT INTO user_tag (user_id, tag_id) VALUES ("116","27");
INSERT INTO user_tag (user_id, tag_id) VALUES ("116","25");
INSERT INTO user_tag (user_id, tag_id) VALUES ("116","12");
INSERT INTO user_tag (user_id, tag_id) VALUES ("116","14");
INSERT INTO user_tag (user_id, tag_id) VALUES ("116","40");

INSERT INTO connected (user_id, connect_date) VALUES ("116","2017-04-07 08:47:40");
INSERT INTO likes (like_id, liked_id, like_date) VALUES ("204","116","2017-12-29 08:08:17");
INSERT INTO likes (like_id, liked_id, like_date) VALUES ("403","116","2017-03-06 02:08:53");
INSERT INTO likes (like_id, liked_id, like_date) VALUES ("115","116","2017-03-20 06:31:14");
INSERT INTO likes (like_id, liked_id, like_date) VALUES ("259","116","2017-02-26 02:37:40");
INSERT INTO likes (like_id, liked_id, like_date) VALUES ("197","116","2017-08-27 18:49:12");
INSERT INTO likes (like_id, liked_id, like_date) VALUES ("148","116","2017-02-28 12:08:08");
INSERT INTO likes (like_id, liked_id, like_date) VALUES ("213","116","2017-07-06 02:44:10");
INSERT INTO likes (like_id, liked_id, like_date) VALUES ("388","116","2017-11-04 04:41:16");
INSERT INTO likes (like_id, liked_id, like_date) VALUES ("30","116","2017-05-22 05:33:38");
INSERT INTO likes (like_id, liked_id, like_date) VALUES ("139","116","2018-01-20 09:26:15");
INSERT INTO likes (like_id, liked_id, like_date) VALUES ("94","116","2017-11-05 12:05:19");
INSERT INTO likes (like_id, liked_id, like_date) VALUES ("417","116","2017-03-29 03:10:20");
INSERT INTO likes (like_id, liked_id, like_date) VALUES ("75","116","2017-11-20 01:23:49");
INSERT INTO likes (like_id, liked_id, like_date) VALUES ("255","116","2017-10-09 13:43:00");
INSERT INTO likes (like_id, liked_id, like_date) VALUES ("275","116","2017-10-11 08:56:51");
INSERT INTO likes (like_id, liked_id, like_date) VALUES ("42","116","2017-08-20 14:53:15");
INSERT INTO views (viewer_id, viewed_id, view_date) VALUES ("32","116","2017-07-30 18:03:07");
INSERT INTO views (viewer_id, viewed_id, view_date) VALUES ("480","116","2017-09-21 20:31:16");
INSERT INTO views (viewer_id, viewed_id, view_date) VALUES ("211","116","2017-04-09 02:00:21");
INSERT INTO views (viewer_id, viewed_id, view_date) VALUES ("91","116","2018-01-30 07:45:29");
INSERT INTO views (viewer_id, viewed_id, view_date) VALUES ("203","116","2017-11-17 21:46:01");
INSERT INTO views (viewer_id, viewed_id, view_date) VALUES ("339","116","2017-03-31 06:09:20");


INSERT INTO user (id, first_name, last_name, username, email, password, birthdate, gender, orientation, bio, country, state, city, zip, file_1, file_2, file_3, file_4, file_5, score, token, token_date, active, register, created_at, updated_at) VALUES ("117","Keanu","Graham","elwin43","fausto.durgan@gmail.com","$2y$10$E/Qz7QASRemnzTEP86jm7OrkWMRR7Bxeg4x3Le9Qd.vsMWbEwSeeK","1964-10-04 22:50:45","1","1","Voluptas occaecati voluptas ut quam aperiam et. Harum repellat est omnis dignissimos optio voluptatem ratione. Autem eaque est rem. Accusantium minus error omnis totam numquam similique repellendus.","Samoa","","Boylestad","73196","../fixtures/male6.jpg","","","","","79","45077cd78ed9d0743bc18a35cafb7a33","1988-09-07 11:25:30","1","0","1995-03-15 18:04:11","1980-02-21 20:45:45");
INSERT INTO user_tag (user_id, tag_id) VALUES ("117","31");
INSERT INTO user_tag (user_id, tag_id) VALUES ("117","43");
INSERT INTO user_tag (user_id, tag_id) VALUES ("117","38");
INSERT INTO user_tag (user_id, tag_id) VALUES ("117","11");
INSERT INTO user_tag (user_id, tag_id) VALUES ("117","25");
INSERT INTO user_tag (user_id, tag_id) VALUES ("117","24");
INSERT INTO user_tag (user_id, tag_id) VALUES ("117","8");
INSERT INTO user_tag (user_id, tag_id) VALUES ("117","33");
INSERT INTO user_tag (user_id, tag_id) VALUES ("117","36");
INSERT INTO user_tag (user_id, tag_id) VALUES ("117","1");

INSERT INTO connected (user_id, connect_date) VALUES ("117","2017-11-13 01:19:48");
INSERT INTO likes (like_id, liked_id, like_date) VALUES ("393","117","2017-02-28 13:39:11");
INSERT INTO likes (like_id, liked_id, like_date) VALUES ("173","117","2017-04-24 18:57:37");
INSERT INTO likes (like_id, liked_id, like_date) VALUES ("484","117","2017-08-20 12:58:03");
INSERT INTO likes (like_id, liked_id, like_date) VALUES ("471","117","2017-02-16 09:49:14");
INSERT INTO likes (like_id, liked_id, like_date) VALUES ("200","117","2017-05-01 09:40:51");
INSERT INTO likes (like_id, liked_id, like_date) VALUES ("153","117","2017-03-18 15:58:32");
INSERT INTO likes (like_id, liked_id, like_date) VALUES ("291","117","2017-08-20 22:46:11");
INSERT INTO likes (like_id, liked_id, like_date) VALUES ("37","117","2017-08-11 23:34:21");
INSERT INTO likes (like_id, liked_id, like_date) VALUES ("272","117","2018-01-08 18:21:24");
INSERT INTO likes (like_id, liked_id, like_date) VALUES ("411","117","2017-04-04 09:00:27");
INSERT INTO likes (like_id, liked_id, like_date) VALUES ("28","117","2017-06-20 14:28:24");
INSERT INTO views (viewer_id, viewed_id, view_date) VALUES ("267","117","2017-08-24 12:32:19");
INSERT INTO views (viewer_id, viewed_id, view_date) VALUES ("458","117","2017-04-30 22:18:02");
INSERT INTO views (viewer_id, viewed_id, view_date) VALUES ("367","117","2017-03-12 00:46:45");
INSERT INTO views (viewer_id, viewed_id, view_date) VALUES ("97","117","2017-05-28 04:31:24");
INSERT INTO views (viewer_id, viewed_id, view_date) VALUES ("391","117","2017-09-17 07:14:38");
INSERT INTO views (viewer_id, viewed_id, view_date) VALUES ("96","117","2017-04-26 03:30:21");
INSERT INTO views (viewer_id, viewed_id, view_date) VALUES ("433","117","2017-09-24 03:26:32");
INSERT INTO views (viewer_id, viewed_id, view_date) VALUES ("293","117","2017-10-02 21:27:24");
INSERT INTO views (viewer_id, viewed_id, view_date) VALUES ("249","117","2017-05-02 03:42:57");
INSERT INTO views (viewer_id, viewed_id, view_date) VALUES ("446","117","2017-06-28 19:37:30");
INSERT INTO views (viewer_id, viewed_id, view_date) VALUES ("287","117","2017-09-17 06:33:45");
INSERT INTO views (viewer_id, viewed_id, view_date) VALUES ("413","117","2017-11-06 13:41:29");
INSERT INTO views (viewer_id, viewed_id, view_date) VALUES ("442","117","2017-02-25 16:43:11");
INSERT INTO views (viewer_id, viewed_id, view_date) VALUES ("477","117","2017-10-07 05:04:30");
INSERT INTO views (viewer_id, viewed_id, view_date) VALUES ("448","117","2017-11-28 10:25:22");
INSERT INTO views (viewer_id, viewed_id, view_date) VALUES ("133","117","2017-09-09 21:43:38");
INSERT INTO views (viewer_id, viewed_id, view_date) VALUES ("128","117","2018-01-17 00:29:53");
INSERT INTO views (viewer_id, viewed_id, view_date) VALUES ("140","117","2017-12-16 22:15:46");
INSERT INTO views (viewer_id, viewed_id, view_date) VALUES ("192","117","2017-07-12 14:46:34");
INSERT INTO views (viewer_id, viewed_id, view_date) VALUES ("5","117","2017-08-17 15:51:32");
INSERT INTO views (viewer_id, viewed_id, view_date) VALUES ("198","117","2017-12-25 00:48:03");
INSERT INTO views (viewer_id, viewed_id, view_date) VALUES ("433","117","2017-07-17 12:12:08");


INSERT INTO user (id, first_name, last_name, username, email, password, birthdate, gender, orientation, bio, country, state, city, zip, file_1, file_2, file_3, file_4, file_5, score, token, token_date, active, register, created_at, updated_at) VALUES ("118","Bennie","Kunze","abbeyhirthe","hnicolas@yahoo.com","$2y$10$.SHOIy2llqyu.rOV2q0er.5muFj..gskclhWgc5ArZ3Et9oZsvrba","1960-04-23 18:13:47","1","3","Quibusdam debitis fuga non eaque dolore ut dolore. Animi accusantium iure nam officia. Sunt voluptatibus nostrum itaque soluta quos saepe. Nesciunt sed perspiciatis ipsa necessitatibus commodi.","Australia","","Bergestad","69420","../fixtures/male2.jpg","../fixtures/male4.jpg","../fixtures/male4.jpg","../fixtures/male1.jpg","","91","d9fea9fe023139675c9e802a5c56918a","1984-01-05 21:02:05","1","1","1974-05-19 23:18:24","1979-03-09 09:21:03");
INSERT INTO user_tag (user_id, tag_id) VALUES ("118","21");
INSERT INTO user_tag (user_id, tag_id) VALUES ("118","26");
INSERT INTO user_tag (user_id, tag_id) VALUES ("118","6");
INSERT INTO user_tag (user_id, tag_id) VALUES ("118","3");
INSERT INTO user_tag (user_id, tag_id) VALUES ("118","2");
INSERT INTO user_tag (user_id, tag_id) VALUES ("118","24");
INSERT INTO user_tag (user_id, tag_id) VALUES ("118","9");
INSERT INTO user_tag (user_id, tag_id) VALUES ("118","42");
INSERT INTO user_tag (user_id, tag_id) VALUES ("118","5");

INSERT INTO connected (user_id, connect_date) VALUES ("118","2017-03-26 07:28:31");
INSERT INTO likes (like_id, liked_id, like_date) VALUES ("414","118","2017-11-24 17:13:09");
INSERT INTO likes (like_id, liked_id, like_date) VALUES ("318","118","2017-03-17 05:36:28");
INSERT INTO likes (like_id, liked_id, like_date) VALUES ("336","118","2017-10-08 19:05:53");
INSERT INTO likes (like_id, liked_id, like_date) VALUES ("24","118","2017-08-24 06:35:37");
INSERT INTO likes (like_id, liked_id, like_date) VALUES ("264","118","2017-06-09 04:50:07");
INSERT INTO likes (like_id, liked_id, like_date) VALUES ("428","118","2017-04-15 15:38:02");
INSERT INTO likes (like_id, liked_id, like_date) VALUES ("18","118","2017-07-02 05:37:26");
INSERT INTO likes (like_id, liked_id, like_date) VALUES ("152","118","2017-06-09 18:41:32");
INSERT INTO likes (like_id, liked_id, like_date) VALUES ("335","118","2017-05-21 00:09:00");
INSERT INTO likes (like_id, liked_id, like_date) VALUES ("305","118","2017-05-06 10:58:14");
INSERT INTO likes (like_id, liked_id, like_date) VALUES ("391","118","2017-05-29 14:42:32");
INSERT INTO likes (like_id, liked_id, like_date) VALUES ("101","118","2017-12-24 23:45:32");
INSERT INTO likes (like_id, liked_id, like_date) VALUES ("368","118","2017-09-16 07:19:32");
INSERT INTO likes (like_id, liked_id, like_date) VALUES ("50","118","2017-11-01 00:34:30");
INSERT INTO likes (like_id, liked_id, like_date) VALUES ("254","118","2017-11-16 00:54:47");
INSERT INTO likes (like_id, liked_id, like_date) VALUES ("459","118","2017-05-08 00:34:11");
INSERT INTO likes (like_id, liked_id, like_date) VALUES ("406","118","2017-11-13 08:02:50");
INSERT INTO likes (like_id, liked_id, like_date) VALUES ("282","118","2017-12-26 09:11:11");
INSERT INTO likes (like_id, liked_id, like_date) VALUES ("73","118","2017-10-27 17:30:42");
INSERT INTO likes (like_id, liked_id, like_date) VALUES ("193","118","2017-04-16 02:35:32");
INSERT INTO views (viewer_id, viewed_id, view_date) VALUES ("442","118","2017-09-24 05:09:44");
INSERT INTO views (viewer_id, viewed_id, view_date) VALUES ("261","118","2017-06-02 21:19:04");
INSERT INTO views (viewer_id, viewed_id, view_date) VALUES ("351","118","2017-11-12 08:32:33");
INSERT INTO views (viewer_id, viewed_id, view_date) VALUES ("52","118","2017-09-09 00:09:47");
INSERT INTO views (viewer_id, viewed_id, view_date) VALUES ("92","118","2017-11-28 22:01:17");
INSERT INTO views (viewer_id, viewed_id, view_date) VALUES ("121","118","2017-09-25 20:41:03");
INSERT INTO views (viewer_id, viewed_id, view_date) VALUES ("159","118","2017-11-12 03:28:19");
INSERT INTO views (viewer_id, viewed_id, view_date) VALUES ("92","118","2017-03-12 02:51:18");
INSERT INTO views (viewer_id, viewed_id, view_date) VALUES ("129","118","2017-11-07 03:08:09");
INSERT INTO views (viewer_id, viewed_id, view_date) VALUES ("126","118","2017-08-26 06:16:12");
INSERT INTO views (viewer_id, viewed_id, view_date) VALUES ("209","118","2017-06-14 01:46:16");
INSERT INTO views (viewer_id, viewed_id, view_date) VALUES ("95","118","2017-03-09 18:37:08");
INSERT INTO views (viewer_id, viewed_id, view_date) VALUES ("346","118","2017-11-16 17:42:45");
INSERT INTO views (viewer_id, viewed_id, view_date) VALUES ("448","118","2017-08-28 20:15:48");
INSERT INTO views (viewer_id, viewed_id, view_date) VALUES ("249","118","2018-01-17 12:29:07");
INSERT INTO views (viewer_id, viewed_id, view_date) VALUES ("372","118","2017-07-25 08:50:42");
INSERT INTO views (viewer_id, viewed_id, view_date) VALUES ("350","118","2017-03-23 10:52:44");
INSERT INTO views (viewer_id, viewed_id, view_date) VALUES ("80","118","2017-06-21 14:59:04");


INSERT INTO user (id, first_name, last_name, username, email, password, birthdate, gender, orientation, bio, country, state, city, zip, file_1, file_2, file_3, file_4, file_5, score, token, token_date, active, register, created_at, updated_at) VALUES ("119","Delphine","Torphy","nettie37","marian79@kshlerin.com","$2y$10$tI8shQ9nNQ.ILkfVhQBXg.qCbtaEmpW22FBLVENagEX58WNWBPLru","1998-04-27 20:40:00","2","3","Hic laudantium sint laudantium. Dolorem omnis a nihil et nihil voluptatem. Quod aliquam ea officiis fugit molestias ipsam autem labore. Enim repudiandae corrupti illum voluptatem.","Botswana","","South Josuehaven","44311","../fixtures/female3.jpg","../fixtures/female9.jpg","../fixtures/female6.jpg","","","44","70bee4ac2b4a398b2607660edb567485","1976-11-18 02:31:50","0","0","1990-07-13 20:44:13","1991-01-20 23:06:12");
INSERT INTO user_tag (user_id, tag_id) VALUES ("119","49");
INSERT INTO user_tag (user_id, tag_id) VALUES ("119","4");
INSERT INTO user_tag (user_id, tag_id) VALUES ("119","26");
INSERT INTO user_tag (user_id, tag_id) VALUES ("119","8");
INSERT INTO user_tag (user_id, tag_id) VALUES ("119","41");
INSERT INTO user_tag (user_id, tag_id) VALUES ("119","45");
INSERT INTO user_tag (user_id, tag_id) VALUES ("119","3");
INSERT INTO user_tag (user_id, tag_id) VALUES ("119","25");
INSERT INTO user_tag (user_id, tag_id) VALUES ("119","25");
INSERT INTO user_tag (user_id, tag_id) VALUES ("119","9");
INSERT INTO user_tag (user_id, tag_id) VALUES ("119","2");
INSERT INTO user_tag (user_id, tag_id) VALUES ("119","50");
INSERT INTO user_tag (user_id, tag_id) VALUES ("119","30");
INSERT INTO user_tag (user_id, tag_id) VALUES ("119","6");

INSERT INTO connected (user_id, connect_date) VALUES ("119","2017-08-05 09:13:30");
INSERT INTO likes (like_id, liked_id, like_date) VALUES ("104","119","2017-05-21 14:22:20");
INSERT INTO views (viewer_id, viewed_id, view_date) VALUES ("458","119","2017-07-12 04:56:47");
INSERT INTO views (viewer_id, viewed_id, view_date) VALUES ("264","119","2017-06-15 10:43:55");
INSERT INTO views (viewer_id, viewed_id, view_date) VALUES ("450","119","2017-03-30 23:04:06");
INSERT INTO views (viewer_id, viewed_id, view_date) VALUES ("217","119","2017-04-17 11:56:50");
INSERT INTO views (viewer_id, viewed_id, view_date) VALUES ("226","119","2018-01-27 22:44:07");
INSERT INTO views (viewer_id, viewed_id, view_date) VALUES ("67","119","2017-03-27 05:31:52");
INSERT INTO views (viewer_id, viewed_id, view_date) VALUES ("58","119","2018-01-29 23:30:11");
INSERT INTO views (viewer_id, viewed_id, view_date) VALUES ("133","119","2018-02-14 10:07:21");
INSERT INTO views (viewer_id, viewed_id, view_date) VALUES ("446","119","2017-10-03 18:42:49");
INSERT INTO views (viewer_id, viewed_id, view_date) VALUES ("469","119","2017-08-11 10:26:44");
INSERT INTO views (viewer_id, viewed_id, view_date) VALUES ("448","119","2017-08-02 01:01:54");
INSERT INTO views (viewer_id, viewed_id, view_date) VALUES ("396","119","2017-08-15 18:55:03");
INSERT INTO views (viewer_id, viewed_id, view_date) VALUES ("367","119","2017-03-30 12:16:02");
INSERT INTO views (viewer_id, viewed_id, view_date) VALUES ("193","119","2017-11-10 14:03:54");
INSERT INTO views (viewer_id, viewed_id, view_date) VALUES ("56","119","2018-01-17 07:10:56");
INSERT INTO views (viewer_id, viewed_id, view_date) VALUES ("465","119","2017-02-28 15:32:18");
INSERT INTO views (viewer_id, viewed_id, view_date) VALUES ("457","119","2017-05-23 10:16:14");
INSERT INTO views (viewer_id, viewed_id, view_date) VALUES ("431","119","2017-05-21 06:20:36");
INSERT INTO views (viewer_id, viewed_id, view_date) VALUES ("303","119","2017-11-16 00:12:58");
INSERT INTO views (viewer_id, viewed_id, view_date) VALUES ("376","119","2018-02-04 18:19:14");
INSERT INTO views (viewer_id, viewed_id, view_date) VALUES ("497","119","2017-03-19 17:15:56");
INSERT INTO views (viewer_id, viewed_id, view_date) VALUES ("88","119","2017-05-28 12:31:21");
INSERT INTO views (viewer_id, viewed_id, view_date) VALUES ("85","119","2017-11-15 21:48:51");


INSERT INTO user (id, first_name, last_name, username, email, password, birthdate, gender, orientation, bio, country, state, city, zip, file_1, file_2, file_3, file_4, file_5, score, token, token_date, active, register, created_at, updated_at) VALUES ("120","Mortimer","Parker","alfonsofranecki","rashawn.lind@harris.com","$2y$10$roS4g4wuqbSrVu/a5ixqXO.PFborU1cwTycyrr.ERpmEi13.Mu1n.","1958-10-08 23:36:39","1","2","Tempora eaque dicta dicta. Ut sunt enim non nihil fuga. Repellendus non sed quia exercitationem qui rerum.","Saint Vincent and the Grenadines","","Rodrigueztown","74260-7905","../fixtures/male8.jpg","../fixtures/male4.jpg","../fixtures/male1.jpg","","","91","4088af15118808d85497426133b1b688","2016-08-07 11:02:27","0","0","2012-08-24 02:56:58","2014-11-19 05:53:14");
INSERT INTO user_tag (user_id, tag_id) VALUES ("120","50");
INSERT INTO user_tag (user_id, tag_id) VALUES ("120","36");
INSERT INTO user_tag (user_id, tag_id) VALUES ("120","42");
INSERT INTO user_tag (user_id, tag_id) VALUES ("120","39");
INSERT INTO user_tag (user_id, tag_id) VALUES ("120","2");
INSERT INTO user_tag (user_id, tag_id) VALUES ("120","16");
INSERT INTO user_tag (user_id, tag_id) VALUES ("120","47");
INSERT INTO user_tag (user_id, tag_id) VALUES ("120","42");
INSERT INTO user_tag (user_id, tag_id) VALUES ("120","5");
INSERT INTO user_tag (user_id, tag_id) VALUES ("120","27");
INSERT INTO user_tag (user_id, tag_id) VALUES ("120","42");
INSERT INTO user_tag (user_id, tag_id) VALUES ("120","23");

INSERT INTO connected (user_id, connect_date) VALUES ("120","2017-07-14 01:22:03");
INSERT INTO likes (like_id, liked_id, like_date) VALUES ("1","120","2017-09-05 00:59:40");
INSERT INTO likes (like_id, liked_id, like_date) VALUES ("434","120","2017-06-24 00:45:33");
INSERT INTO likes (like_id, liked_id, like_date) VALUES ("80","120","2017-12-17 12:40:00");
INSERT INTO likes (like_id, liked_id, like_date) VALUES ("96","120","2017-05-19 10:21:33");
INSERT INTO likes (like_id, liked_id, like_date) VALUES ("40","120","2017-06-17 05:29:26");
INSERT INTO likes (like_id, liked_id, like_date) VALUES ("41","120","2017-08-28 13:36:17");
INSERT INTO likes (like_id, liked_id, like_date) VALUES ("286","120","2017-11-02 16:44:44");
INSERT INTO views (viewer_id, viewed_id, view_date) VALUES ("116","120","2017-08-13 10:50:16");
INSERT INTO views (viewer_id, viewed_id, view_date) VALUES ("146","120","2017-03-18 05:38:04");
INSERT INTO views (viewer_id, viewed_id, view_date) VALUES ("446","120","2017-02-19 02:21:01");
INSERT INTO views (viewer_id, viewed_id, view_date) VALUES ("447","120","2017-06-02 23:39:30");
INSERT INTO views (viewer_id, viewed_id, view_date) VALUES ("329","120","2017-06-22 20:44:19");
INSERT INTO views (viewer_id, viewed_id, view_date) VALUES ("62","120","2017-06-21 16:24:42");
INSERT INTO views (viewer_id, viewed_id, view_date) VALUES ("60","120","2017-12-03 22:30:37");
INSERT INTO views (viewer_id, viewed_id, view_date) VALUES ("194","120","2017-06-04 14:46:20");
INSERT INTO views (viewer_id, viewed_id, view_date) VALUES ("310","120","2017-04-14 23:51:49");
INSERT INTO views (viewer_id, viewed_id, view_date) VALUES ("335","120","2017-10-26 02:21:36");
INSERT INTO views (viewer_id, viewed_id, view_date) VALUES ("466","120","2017-06-20 08:38:19");
INSERT INTO views (viewer_id, viewed_id, view_date) VALUES ("402","120","2017-12-04 02:33:57");
INSERT INTO views (viewer_id, viewed_id, view_date) VALUES ("148","120","2017-12-02 00:14:16");
INSERT INTO views (viewer_id, viewed_id, view_date) VALUES ("46","120","2017-05-24 23:39:10");
INSERT INTO views (viewer_id, viewed_id, view_date) VALUES ("347","120","2017-05-17 18:14:30");
INSERT INTO views (viewer_id, viewed_id, view_date) VALUES ("73","120","2017-11-24 07:10:04");
INSERT INTO views (viewer_id, viewed_id, view_date) VALUES ("115","120","2017-11-28 18:27:17");
INSERT INTO views (viewer_id, viewed_id, view_date) VALUES ("424","120","2017-02-24 11:35:31");
INSERT INTO views (viewer_id, viewed_id, view_date) VALUES ("79","120","2017-11-26 11:13:46");
INSERT INTO views (viewer_id, viewed_id, view_date) VALUES ("38","120","2017-05-03 13:43:48");
INSERT INTO views (viewer_id, viewed_id, view_date) VALUES ("352","120","2017-03-31 17:57:45");


INSERT INTO user (id, first_name, last_name, username, email, password, birthdate, gender, orientation, bio, country, state, city, zip, file_1, file_2, file_3, file_4, file_5, score, token, token_date, active, register, created_at, updated_at) VALUES ("121","Elsa","Herman","gabriellaschumm","godfrey.haley@yahoo.com","$2y$10$9281PYtlPUbr9B6PGY78VeRs10pl/Ncun.vClS3RbI8NrOOshkzo2","1963-05-19 17:14:22","2","2","Accusantium similique perferendis inventore nam est. In consequatur tempore illum voluptatem est non possimus. Non aut magni ut voluptas tempora. Aut unde qui illum et ea saepe.","Mongolia","","North Kathryneberg","01066-6960","../fixtures/female2.jpg","","","","","10","39b06605b2aaf670caf785ac285c1fc6","2007-12-26 05:09:06","1","1","1970-01-05 09:49:57","2005-11-24 18:51:51");
INSERT INTO user_tag (user_id, tag_id) VALUES ("121","40");
INSERT INTO user_tag (user_id, tag_id) VALUES ("121","26");
INSERT INTO user_tag (user_id, tag_id) VALUES ("121","29");
INSERT INTO user_tag (user_id, tag_id) VALUES ("121","31");
INSERT INTO user_tag (user_id, tag_id) VALUES ("121","42");
INSERT INTO user_tag (user_id, tag_id) VALUES ("121","34");
INSERT INTO user_tag (user_id, tag_id) VALUES ("121","24");
INSERT INTO user_tag (user_id, tag_id) VALUES ("121","10");

INSERT INTO connected (user_id, connect_date) VALUES ("121","2017-07-22 10:55:24");
INSERT INTO likes (like_id, liked_id, like_date) VALUES ("71","121","2017-12-12 11:25:00");
INSERT INTO likes (like_id, liked_id, like_date) VALUES ("381","121","2018-01-10 13:44:25");
INSERT INTO likes (like_id, liked_id, like_date) VALUES ("450","121","2018-01-19 00:59:18");
INSERT INTO likes (like_id, liked_id, like_date) VALUES ("235","121","2017-05-06 08:33:50");
INSERT INTO likes (like_id, liked_id, like_date) VALUES ("81","121","2017-07-03 02:58:47");
INSERT INTO likes (like_id, liked_id, like_date) VALUES ("121","121","2017-07-24 03:06:01");
INSERT INTO likes (like_id, liked_id, like_date) VALUES ("265","121","2017-02-17 13:59:57");
INSERT INTO likes (like_id, liked_id, like_date) VALUES ("10","121","2017-05-12 09:16:20");
INSERT INTO likes (like_id, liked_id, like_date) VALUES ("470","121","2017-03-24 18:38:47");
INSERT INTO likes (like_id, liked_id, like_date) VALUES ("115","121","2017-06-23 13:33:09");
INSERT INTO likes (like_id, liked_id, like_date) VALUES ("48","121","2017-04-13 22:02:08");
INSERT INTO likes (like_id, liked_id, like_date) VALUES ("1","121","2017-11-26 03:21:38");
INSERT INTO likes (like_id, liked_id, like_date) VALUES ("5","121","2017-10-26 19:58:33");
INSERT INTO likes (like_id, liked_id, like_date) VALUES ("274","121","2018-01-22 18:24:28");
INSERT INTO likes (like_id, liked_id, like_date) VALUES ("300","121","2017-04-18 02:47:23");
INSERT INTO likes (like_id, liked_id, like_date) VALUES ("442","121","2018-02-03 07:32:04");
INSERT INTO likes (like_id, liked_id, like_date) VALUES ("477","121","2018-01-04 23:14:56");
INSERT INTO likes (like_id, liked_id, like_date) VALUES ("317","121","2018-02-07 06:09:55");
INSERT INTO views (viewer_id, viewed_id, view_date) VALUES ("397","121","2017-03-12 09:56:57");
INSERT INTO views (viewer_id, viewed_id, view_date) VALUES ("80","121","2017-11-26 11:28:57");
INSERT INTO views (viewer_id, viewed_id, view_date) VALUES ("321","121","2017-09-21 00:26:29");
INSERT INTO views (viewer_id, viewed_id, view_date) VALUES ("218","121","2017-06-10 20:48:57");
INSERT INTO views (viewer_id, viewed_id, view_date) VALUES ("257","121","2017-12-18 23:11:37");
INSERT INTO views (viewer_id, viewed_id, view_date) VALUES ("280","121","2017-07-26 08:23:07");
INSERT INTO views (viewer_id, viewed_id, view_date) VALUES ("375","121","2017-12-16 13:03:25");
INSERT INTO views (viewer_id, viewed_id, view_date) VALUES ("41","121","2017-12-20 01:08:07");
INSERT INTO views (viewer_id, viewed_id, view_date) VALUES ("344","121","2017-02-27 07:15:53");
INSERT INTO views (viewer_id, viewed_id, view_date) VALUES ("433","121","2017-08-13 08:32:24");
INSERT INTO views (viewer_id, viewed_id, view_date) VALUES ("137","121","2017-12-25 05:27:12");
INSERT INTO views (viewer_id, viewed_id, view_date) VALUES ("315","121","2017-08-14 02:55:39");
INSERT INTO views (viewer_id, viewed_id, view_date) VALUES ("40","121","2018-02-13 01:59:31");
INSERT INTO views (viewer_id, viewed_id, view_date) VALUES ("210","121","2017-12-01 08:04:39");


INSERT INTO user (id, first_name, last_name, username, email, password, birthdate, gender, orientation, bio, country, state, city, zip, file_1, file_2, file_3, file_4, file_5, score, token, token_date, active, register, created_at, updated_at) VALUES ("122","Maynard","Wyman","krisbrionna","christa.gutmann@hotmail.com","$2y$10$ya2frlDojNrtdfAIVWyR2.Kd9jZUdl4ZgEfGWxr5.PnodCEG0ZQ.W","1969-06-16 03:55:19","1","1","Ad cumque vel enim et unde itaque. Totam at nihil totam et iste tempora ullam. Consectetur unde modi consectetur cupiditate optio et.","Malaysia","","Hellerhaven","18892-6497","../fixtures/male6.jpg","","","","","48","3e75be9a05fc046a8b8dad462a3ce6b8","1998-10-02 20:12:25","1","0","1985-07-03 15:52:39","2016-09-18 19:30:54");
INSERT INTO user_tag (user_id, tag_id) VALUES ("122","29");
INSERT INTO user_tag (user_id, tag_id) VALUES ("122","33");
INSERT INTO user_tag (user_id, tag_id) VALUES ("122","35");
INSERT INTO user_tag (user_id, tag_id) VALUES ("122","32");
INSERT INTO user_tag (user_id, tag_id) VALUES ("122","40");
INSERT INTO user_tag (user_id, tag_id) VALUES ("122","1");
INSERT INTO user_tag (user_id, tag_id) VALUES ("122","22");
INSERT INTO user_tag (user_id, tag_id) VALUES ("122","22");
INSERT INTO user_tag (user_id, tag_id) VALUES ("122","42");
INSERT INTO user_tag (user_id, tag_id) VALUES ("122","35");
INSERT INTO user_tag (user_id, tag_id) VALUES ("122","31");
INSERT INTO user_tag (user_id, tag_id) VALUES ("122","30");

INSERT INTO connected (user_id, connect_date) VALUES ("122","2017-05-18 18:38:07");
INSERT INTO likes (like_id, liked_id, like_date) VALUES ("389","122","2017-08-22 22:02:31");
INSERT INTO likes (like_id, liked_id, like_date) VALUES ("419","122","2018-01-10 18:22:42");
INSERT INTO likes (like_id, liked_id, like_date) VALUES ("148","122","2017-04-29 11:56:53");
INSERT INTO likes (like_id, liked_id, like_date) VALUES ("452","122","2017-09-02 15:24:08");
INSERT INTO likes (like_id, liked_id, like_date) VALUES ("255","122","2017-11-02 10:07:37");
INSERT INTO likes (like_id, liked_id, like_date) VALUES ("426","122","2017-08-03 23:00:57");
INSERT INTO likes (like_id, liked_id, like_date) VALUES ("414","122","2017-09-22 03:37:39");
INSERT INTO likes (like_id, liked_id, like_date) VALUES ("257","122","2017-06-26 09:55:29");
INSERT INTO likes (like_id, liked_id, like_date) VALUES ("282","122","2017-11-24 19:03:15");
INSERT INTO likes (like_id, liked_id, like_date) VALUES ("312","122","2017-09-15 18:46:26");
INSERT INTO likes (like_id, liked_id, like_date) VALUES ("295","122","2018-01-01 04:40:50");
INSERT INTO likes (like_id, liked_id, like_date) VALUES ("48","122","2017-05-19 08:20:28");
INSERT INTO likes (like_id, liked_id, like_date) VALUES ("277","122","2017-08-15 04:08:46");
INSERT INTO likes (like_id, liked_id, like_date) VALUES ("48","122","2018-01-21 16:31:48");
INSERT INTO likes (like_id, liked_id, like_date) VALUES ("459","122","2017-03-29 09:07:04");
INSERT INTO likes (like_id, liked_id, like_date) VALUES ("12","122","2017-10-09 20:19:43");
INSERT INTO likes (like_id, liked_id, like_date) VALUES ("386","122","2017-05-11 17:22:54");
INSERT INTO likes (like_id, liked_id, like_date) VALUES ("384","122","2017-02-16 16:14:29");
INSERT INTO views (viewer_id, viewed_id, view_date) VALUES ("98","122","2018-02-06 02:28:01");
INSERT INTO views (viewer_id, viewed_id, view_date) VALUES ("209","122","2017-11-06 05:29:20");
INSERT INTO views (viewer_id, viewed_id, view_date) VALUES ("345","122","2017-07-31 21:11:52");
INSERT INTO views (viewer_id, viewed_id, view_date) VALUES ("407","122","2017-03-25 11:19:50");
INSERT INTO views (viewer_id, viewed_id, view_date) VALUES ("59","122","2017-10-15 05:22:53");
INSERT INTO views (viewer_id, viewed_id, view_date) VALUES ("61","122","2017-08-27 21:36:26");
INSERT INTO views (viewer_id, viewed_id, view_date) VALUES ("275","122","2017-10-05 18:25:36");
INSERT INTO views (viewer_id, viewed_id, view_date) VALUES ("158","122","2017-05-02 23:32:33");
INSERT INTO views (viewer_id, viewed_id, view_date) VALUES ("281","122","2017-06-10 03:32:00");


INSERT INTO user (id, first_name, last_name, username, email, password, birthdate, gender, orientation, bio, country, state, city, zip, file_1, file_2, file_3, file_4, file_5, score, token, token_date, active, register, created_at, updated_at) VALUES ("123","Devan","Rath","lexus82","hledner@ortiz.biz","$2y$10$drYXX0W6eFCFYqrPnlcjNuNq4l3/2sOxQ2529sSvzFFl0smXIh87.","1974-08-05 06:13:38","1","3","Autem amet qui modi. Sit molestiae qui vitae omnis. Nesciunt inventore ad iste cumque reiciendis ullam. Ea illum mollitia voluptas fugiat.","Sweden","","Batzmouth","94104","../fixtures/male9.jpg","../fixtures/male10.jpg","../fixtures/male1.jpg","","","78","31ced2c47560cd710089eb29dbe2b33a","1988-01-09 08:02:46","0","0","1970-02-28 13:28:11","1985-06-13 02:01:42");
INSERT INTO user_tag (user_id, tag_id) VALUES ("123","17");
INSERT INTO user_tag (user_id, tag_id) VALUES ("123","43");
INSERT INTO user_tag (user_id, tag_id) VALUES ("123","7");
INSERT INTO user_tag (user_id, tag_id) VALUES ("123","15");

INSERT INTO connected (user_id, connect_date) VALUES ("123","2017-08-12 16:29:11");
INSERT INTO likes (like_id, liked_id, like_date) VALUES ("489","123","2017-08-10 20:07:19");
INSERT INTO likes (like_id, liked_id, like_date) VALUES ("358","123","2017-07-15 05:51:21");
INSERT INTO likes (like_id, liked_id, like_date) VALUES ("274","123","2017-04-26 08:10:54");
INSERT INTO likes (like_id, liked_id, like_date) VALUES ("357","123","2017-02-23 06:57:45");
INSERT INTO likes (like_id, liked_id, like_date) VALUES ("247","123","2018-01-10 22:31:54");
INSERT INTO likes (like_id, liked_id, like_date) VALUES ("358","123","2017-10-13 01:25:53");
INSERT INTO views (viewer_id, viewed_id, view_date) VALUES ("283","123","2017-08-05 11:00:18");
INSERT INTO views (viewer_id, viewed_id, view_date) VALUES ("456","123","2017-05-28 13:18:29");
INSERT INTO views (viewer_id, viewed_id, view_date) VALUES ("41","123","2017-02-20 15:56:19");
INSERT INTO views (viewer_id, viewed_id, view_date) VALUES ("112","123","2017-06-20 00:23:24");
INSERT INTO views (viewer_id, viewed_id, view_date) VALUES ("355","123","2017-06-30 14:48:13");
INSERT INTO views (viewer_id, viewed_id, view_date) VALUES ("26","123","2017-04-13 09:27:26");
INSERT INTO views (viewer_id, viewed_id, view_date) VALUES ("69","123","2017-09-03 16:31:42");
INSERT INTO views (viewer_id, viewed_id, view_date) VALUES ("225","123","2017-08-31 00:31:46");
INSERT INTO views (viewer_id, viewed_id, view_date) VALUES ("232","123","2017-10-22 09:15:36");
INSERT INTO views (viewer_id, viewed_id, view_date) VALUES ("33","123","2017-06-05 10:34:09");
INSERT INTO views (viewer_id, viewed_id, view_date) VALUES ("264","123","2017-10-10 03:14:43");
INSERT INTO views (viewer_id, viewed_id, view_date) VALUES ("241","123","2017-02-28 12:13:13");
INSERT INTO views (viewer_id, viewed_id, view_date) VALUES ("32","123","2017-08-14 20:21:14");
INSERT INTO views (viewer_id, viewed_id, view_date) VALUES ("444","123","2017-12-07 00:54:04");
INSERT INTO views (viewer_id, viewed_id, view_date) VALUES ("240","123","2017-12-07 11:57:47");
INSERT INTO views (viewer_id, viewed_id, view_date) VALUES ("221","123","2017-08-02 14:49:08");
INSERT INTO views (viewer_id, viewed_id, view_date) VALUES ("247","123","2017-03-30 06:24:15");
INSERT INTO views (viewer_id, viewed_id, view_date) VALUES ("48","123","2017-08-25 08:30:39");
INSERT INTO views (viewer_id, viewed_id, view_date) VALUES ("165","123","2017-06-23 14:50:12");
INSERT INTO views (viewer_id, viewed_id, view_date) VALUES ("199","123","2018-01-26 20:56:50");
INSERT INTO views (viewer_id, viewed_id, view_date) VALUES ("307","123","2017-05-29 11:42:42");
INSERT INTO views (viewer_id, viewed_id, view_date) VALUES ("239","123","2017-10-19 08:55:54");
INSERT INTO views (viewer_id, viewed_id, view_date) VALUES ("50","123","2018-01-19 02:30:58");
INSERT INTO views (viewer_id, viewed_id, view_date) VALUES ("359","123","2017-10-09 03:22:27");
INSERT INTO views (viewer_id, viewed_id, view_date) VALUES ("253","123","2018-01-10 14:22:57");
INSERT INTO views (viewer_id, viewed_id, view_date) VALUES ("476","123","2018-02-11 12:39:13");
INSERT INTO views (viewer_id, viewed_id, view_date) VALUES ("379","123","2017-04-23 17:07:18");
INSERT INTO views (viewer_id, viewed_id, view_date) VALUES ("135","123","2017-06-10 12:30:11");
INSERT INTO views (viewer_id, viewed_id, view_date) VALUES ("434","123","2017-09-30 22:58:38");
INSERT INTO views (viewer_id, viewed_id, view_date) VALUES ("110","123","2017-05-05 06:15:19");


INSERT INTO user (id, first_name, last_name, username, email, password, birthdate, gender, orientation, bio, country, state, city, zip, file_1, file_2, file_3, file_4, file_5, score, token, token_date, active, register, created_at, updated_at) VALUES ("124","Elsa","Rohan","dkshlerin","elwyn.prosacco@yahoo.com","$2y$10$esjNK.3RlqmAhuD0niGKneJ5j2Be6yDV0WpnaAO7xuScvfs8AgV.m","1995-07-19 16:40:43","1","2","Omnis repellendus est aut magnam qui sunt impedit sed. Voluptates quia ea aliquid sint. Ut mollitia natus dolores hic saepe consequatur est.","Korea","","West Britneyton","34415-2915","../fixtures/male1.jpg","../fixtures/male8.jpg","../fixtures/male5.jpg","../fixtures/male9.jpg","","65","3120e741dad987d7a4a0de74ef4c926b","1976-09-20 13:20:14","1","0","2014-07-25 08:54:52","1980-11-12 18:58:39");
INSERT INTO user_tag (user_id, tag_id) VALUES ("124","26");
INSERT INTO user_tag (user_id, tag_id) VALUES ("124","12");
INSERT INTO user_tag (user_id, tag_id) VALUES ("124","7");
INSERT INTO user_tag (user_id, tag_id) VALUES ("124","8");
INSERT INTO user_tag (user_id, tag_id) VALUES ("124","28");
INSERT INTO user_tag (user_id, tag_id) VALUES ("124","1");
INSERT INTO user_tag (user_id, tag_id) VALUES ("124","11");
INSERT INTO user_tag (user_id, tag_id) VALUES ("124","46");
INSERT INTO user_tag (user_id, tag_id) VALUES ("124","9");
INSERT INTO user_tag (user_id, tag_id) VALUES ("124","3");

INSERT INTO connected (user_id, connect_date) VALUES ("124","2017-04-26 20:18:22");
INSERT INTO likes (like_id, liked_id, like_date) VALUES ("356","124","2017-08-03 12:08:44");
INSERT INTO likes (like_id, liked_id, like_date) VALUES ("46","124","2017-11-25 08:00:14");
INSERT INTO likes (like_id, liked_id, like_date) VALUES ("226","124","2017-08-28 10:48:36");
INSERT INTO likes (like_id, liked_id, like_date) VALUES ("439","124","2017-12-16 21:47:06");
INSERT INTO likes (like_id, liked_id, like_date) VALUES ("180","124","2017-03-02 16:24:44");
INSERT INTO likes (like_id, liked_id, like_date) VALUES ("84","124","2018-01-31 02:41:20");
INSERT INTO likes (like_id, liked_id, like_date) VALUES ("334","124","2017-09-19 09:34:12");
INSERT INTO likes (like_id, liked_id, like_date) VALUES ("456","124","2017-04-09 07:39:01");
INSERT INTO views (viewer_id, viewed_id, view_date) VALUES ("119","124","2017-03-16 08:00:24");
INSERT INTO views (viewer_id, viewed_id, view_date) VALUES ("171","124","2017-06-07 16:49:18");
INSERT INTO views (viewer_id, viewed_id, view_date) VALUES ("103","124","2017-08-25 11:56:34");
INSERT INTO views (viewer_id, viewed_id, view_date) VALUES ("351","124","2017-08-07 04:39:35");
INSERT INTO views (viewer_id, viewed_id, view_date) VALUES ("90","124","2017-02-20 03:30:16");
INSERT INTO views (viewer_id, viewed_id, view_date) VALUES ("217","124","2017-08-15 06:12:32");
INSERT INTO views (viewer_id, viewed_id, view_date) VALUES ("78","124","2017-12-07 15:37:02");
INSERT INTO views (viewer_id, viewed_id, view_date) VALUES ("244","124","2017-12-15 22:42:41");
INSERT INTO views (viewer_id, viewed_id, view_date) VALUES ("65","124","2017-10-20 23:35:51");
INSERT INTO views (viewer_id, viewed_id, view_date) VALUES ("57","124","2017-09-08 20:53:47");
INSERT INTO views (viewer_id, viewed_id, view_date) VALUES ("226","124","2017-08-16 08:53:11");
INSERT INTO views (viewer_id, viewed_id, view_date) VALUES ("388","124","2017-02-17 07:39:48");
INSERT INTO views (viewer_id, viewed_id, view_date) VALUES ("258","124","2017-12-02 16:09:34");
INSERT INTO views (viewer_id, viewed_id, view_date) VALUES ("382","124","2017-12-14 22:18:06");
INSERT INTO views (viewer_id, viewed_id, view_date) VALUES ("252","124","2017-09-01 11:44:05");
INSERT INTO views (viewer_id, viewed_id, view_date) VALUES ("499","124","2017-07-11 21:33:04");
INSERT INTO views (viewer_id, viewed_id, view_date) VALUES ("172","124","2017-05-29 01:35:02");
INSERT INTO views (viewer_id, viewed_id, view_date) VALUES ("174","124","2017-02-28 20:12:18");
INSERT INTO views (viewer_id, viewed_id, view_date) VALUES ("111","124","2017-07-11 12:00:09");
INSERT INTO views (viewer_id, viewed_id, view_date) VALUES ("231","124","2017-07-10 12:01:41");
INSERT INTO views (viewer_id, viewed_id, view_date) VALUES ("104","124","2018-01-09 06:21:28");
INSERT INTO views (viewer_id, viewed_id, view_date) VALUES ("97","124","2017-05-06 06:24:39");
INSERT INTO views (viewer_id, viewed_id, view_date) VALUES ("51","124","2017-12-25 10:14:44");
INSERT INTO views (viewer_id, viewed_id, view_date) VALUES ("58","124","2017-07-06 06:42:26");
INSERT INTO views (viewer_id, viewed_id, view_date) VALUES ("301","124","2018-02-05 10:15:59");
INSERT INTO views (viewer_id, viewed_id, view_date) VALUES ("27","124","2017-07-29 16:11:42");
INSERT INTO views (viewer_id, viewed_id, view_date) VALUES ("71","124","2017-07-19 13:19:24");
INSERT INTO views (viewer_id, viewed_id, view_date) VALUES ("42","124","2018-01-27 00:41:29");
INSERT INTO views (viewer_id, viewed_id, view_date) VALUES ("475","124","2017-09-15 16:45:35");


INSERT INTO user (id, first_name, last_name, username, email, password, birthdate, gender, orientation, bio, country, state, city, zip, file_1, file_2, file_3, file_4, file_5, score, token, token_date, active, register, created_at, updated_at) VALUES ("125","Demetrius","Koelpin","kokon","olson.jeremie@auer.com","$2y$10$H5sIOcySLhAfHEjm3mLZ6ejpeA0ft0U8YDNWL8suTEN/YNYy2SOUu","1998-05-14 10:08:41","1","3","Illo praesentium ut in. Labore illum asperiores ipsa harum consequatur. Consequatur fugit et sit aliquid. Rem fuga a quisquam in dolores perspiciatis esse.","Niue","","South Tyrashire","08800","../fixtures/male5.jpg","../fixtures/male7.jpg","../fixtures/male3.jpg","../fixtures/male4.jpg","../fixtures/male5.jpg","53","0a28dfeee7c6f94093ff57aa76e7bb72","2014-04-12 20:41:26","0","0","1980-05-12 23:09:58","2017-07-06 18:25:28");
INSERT INTO user_tag (user_id, tag_id) VALUES ("125","44");
INSERT INTO user_tag (user_id, tag_id) VALUES ("125","48");
INSERT INTO user_tag (user_id, tag_id) VALUES ("125","12");
INSERT INTO user_tag (user_id, tag_id) VALUES ("125","2");
INSERT INTO user_tag (user_id, tag_id) VALUES ("125","25");
INSERT INTO user_tag (user_id, tag_id) VALUES ("125","45");
INSERT INTO user_tag (user_id, tag_id) VALUES ("125","9");
INSERT INTO user_tag (user_id, tag_id) VALUES ("125","15");
INSERT INTO user_tag (user_id, tag_id) VALUES ("125","1");

INSERT INTO connected (user_id, connect_date) VALUES ("125","2017-11-12 18:57:10");
INSERT INTO likes (like_id, liked_id, like_date) VALUES ("423","125","2017-02-19 16:39:03");
INSERT INTO likes (like_id, liked_id, like_date) VALUES ("460","125","2017-06-22 09:40:54");
INSERT INTO likes (like_id, liked_id, like_date) VALUES ("245","125","2017-09-16 14:24:34");
INSERT INTO likes (like_id, liked_id, like_date) VALUES ("186","125","2018-02-03 00:43:17");
INSERT INTO likes (like_id, liked_id, like_date) VALUES ("314","125","2017-04-25 09:40:37");
INSERT INTO likes (like_id, liked_id, like_date) VALUES ("50","125","2017-11-26 02:26:13");
INSERT INTO likes (like_id, liked_id, like_date) VALUES ("492","125","2017-06-02 07:58:37");
INSERT INTO likes (like_id, liked_id, like_date) VALUES ("306","125","2017-08-15 05:19:40");
INSERT INTO likes (like_id, liked_id, like_date) VALUES ("276","125","2017-07-04 02:42:39");
INSERT INTO likes (like_id, liked_id, like_date) VALUES ("488","125","2017-06-11 12:14:50");
INSERT INTO likes (like_id, liked_id, like_date) VALUES ("87","125","2018-01-16 06:14:59");
INSERT INTO likes (like_id, liked_id, like_date) VALUES ("89","125","2017-09-29 03:46:49");
INSERT INTO likes (like_id, liked_id, like_date) VALUES ("137","125","2017-04-21 17:38:31");
INSERT INTO likes (like_id, liked_id, like_date) VALUES ("21","125","2017-03-28 03:55:37");
INSERT INTO likes (like_id, liked_id, like_date) VALUES ("71","125","2017-04-19 17:52:55");
INSERT INTO likes (like_id, liked_id, like_date) VALUES ("386","125","2017-11-06 23:12:35");
INSERT INTO likes (like_id, liked_id, like_date) VALUES ("65","125","2018-02-10 00:55:40");
INSERT INTO likes (like_id, liked_id, like_date) VALUES ("205","125","2017-06-08 21:04:16");
INSERT INTO likes (like_id, liked_id, like_date) VALUES ("298","125","2018-01-25 19:28:57");
INSERT INTO likes (like_id, liked_id, like_date) VALUES ("41","125","2017-04-25 07:00:31");
INSERT INTO views (viewer_id, viewed_id, view_date) VALUES ("225","125","2017-07-29 13:32:38");
INSERT INTO views (viewer_id, viewed_id, view_date) VALUES ("444","125","2017-08-13 20:45:19");
INSERT INTO views (viewer_id, viewed_id, view_date) VALUES ("499","125","2018-02-10 10:37:54");
INSERT INTO views (viewer_id, viewed_id, view_date) VALUES ("321","125","2017-07-20 11:04:17");
INSERT INTO views (viewer_id, viewed_id, view_date) VALUES ("406","125","2018-01-15 20:29:43");
INSERT INTO views (viewer_id, viewed_id, view_date) VALUES ("71","125","2017-03-18 16:28:02");
INSERT INTO views (viewer_id, viewed_id, view_date) VALUES ("424","125","2017-10-06 22:58:11");
INSERT INTO views (viewer_id, viewed_id, view_date) VALUES ("457","125","2017-11-02 07:44:39");
INSERT INTO views (viewer_id, viewed_id, view_date) VALUES ("113","125","2017-06-23 17:11:28");
INSERT INTO views (viewer_id, viewed_id, view_date) VALUES ("171","125","2017-05-11 11:47:12");
INSERT INTO views (viewer_id, viewed_id, view_date) VALUES ("479","125","2018-01-20 15:04:28");
INSERT INTO views (viewer_id, viewed_id, view_date) VALUES ("229","125","2017-06-13 18:37:26");
INSERT INTO views (viewer_id, viewed_id, view_date) VALUES ("189","125","2017-09-20 01:34:42");
INSERT INTO views (viewer_id, viewed_id, view_date) VALUES ("255","125","2017-03-09 10:34:33");
INSERT INTO views (viewer_id, viewed_id, view_date) VALUES ("476","125","2017-04-22 16:32:38");


INSERT INTO user (id, first_name, last_name, username, email, password, birthdate, gender, orientation, bio, country, state, city, zip, file_1, file_2, file_3, file_4, file_5, score, token, token_date, active, register, created_at, updated_at) VALUES ("126","Annalise","Kiehn","leorahaley","daron.gaylord@tremblay.com","$2y$10$gotWfhriTfP8PV8rKfjRM.elQnSokmKCnfJjviYkeBlIUhKY1j80S","1989-10-09 22:36:27","2","1","Molestiae officia minima vel quibusdam inventore et. Facilis maiores et magnam id doloremque non. Totam qui et et qui et odio. Rerum voluptatibus architecto vel cum. Quidem atque autem corporis quia facere adipisci sunt.","Cook Islands","","Meganetown","35404","../fixtures/female1.jpg","../fixtures/female9.jpg","../fixtures/female2.jpg","","","76","765ccb7ed30c49e2df3ff1d8096614eb","1970-08-29 04:12:40","0","0","1975-03-12 22:48:08","2016-09-12 07:18:04");
INSERT INTO user_tag (user_id, tag_id) VALUES ("126","44");
INSERT INTO user_tag (user_id, tag_id) VALUES ("126","32");

INSERT INTO connected (user_id, connect_date) VALUES ("126","2018-01-24 00:06:10");
INSERT INTO likes (like_id, liked_id, like_date) VALUES ("139","126","2018-02-06 03:37:38");
INSERT INTO likes (like_id, liked_id, like_date) VALUES ("464","126","2017-07-06 07:14:43");
INSERT INTO views (viewer_id, viewed_id, view_date) VALUES ("363","126","2018-01-13 08:29:17");
INSERT INTO views (viewer_id, viewed_id, view_date) VALUES ("421","126","2017-03-30 05:49:40");
INSERT INTO views (viewer_id, viewed_id, view_date) VALUES ("470","126","2017-02-19 14:12:47");
INSERT INTO views (viewer_id, viewed_id, view_date) VALUES ("493","126","2017-10-07 03:41:19");
INSERT INTO views (viewer_id, viewed_id, view_date) VALUES ("17","126","2017-10-21 14:21:05");
INSERT INTO views (viewer_id, viewed_id, view_date) VALUES ("461","126","2017-02-20 20:03:17");
INSERT INTO views (viewer_id, viewed_id, view_date) VALUES ("31","126","2017-06-02 08:10:32");
INSERT INTO views (viewer_id, viewed_id, view_date) VALUES ("109","126","2017-06-17 15:59:36");
INSERT INTO views (viewer_id, viewed_id, view_date) VALUES ("274","126","2017-07-29 04:46:50");
INSERT INTO views (viewer_id, viewed_id, view_date) VALUES ("222","126","2017-09-25 13:59:09");
INSERT INTO views (viewer_id, viewed_id, view_date) VALUES ("469","126","2018-01-10 05:08:09");
INSERT INTO views (viewer_id, viewed_id, view_date) VALUES ("358","126","2018-01-23 22:32:16");
INSERT INTO views (viewer_id, viewed_id, view_date) VALUES ("250","126","2017-06-12 21:49:11");
INSERT INTO views (viewer_id, viewed_id, view_date) VALUES ("53","126","2017-02-16 22:32:43");
INSERT INTO views (viewer_id, viewed_id, view_date) VALUES ("273","126","2018-01-28 16:45:12");
INSERT INTO views (viewer_id, viewed_id, view_date) VALUES ("250","126","2017-03-25 19:49:53");
INSERT INTO views (viewer_id, viewed_id, view_date) VALUES ("335","126","2017-12-08 07:04:40");
INSERT INTO views (viewer_id, viewed_id, view_date) VALUES ("303","126","2017-05-28 02:59:13");
INSERT INTO views (viewer_id, viewed_id, view_date) VALUES ("369","126","2017-11-06 05:39:42");
INSERT INTO views (viewer_id, viewed_id, view_date) VALUES ("259","126","2017-12-14 12:23:17");
INSERT INTO views (viewer_id, viewed_id, view_date) VALUES ("476","126","2017-04-15 15:09:45");
INSERT INTO views (viewer_id, viewed_id, view_date) VALUES ("308","126","2018-02-14 00:13:24");
INSERT INTO views (viewer_id, viewed_id, view_date) VALUES ("388","126","2017-12-19 01:31:08");
INSERT INTO views (viewer_id, viewed_id, view_date) VALUES ("243","126","2018-01-07 05:57:46");
INSERT INTO views (viewer_id, viewed_id, view_date) VALUES ("83","126","2017-12-06 19:07:02");
INSERT INTO views (viewer_id, viewed_id, view_date) VALUES ("206","126","2017-04-07 08:27:19");
INSERT INTO views (viewer_id, viewed_id, view_date) VALUES ("125","126","2017-11-10 00:56:01");
INSERT INTO views (viewer_id, viewed_id, view_date) VALUES ("80","126","2017-10-26 21:54:08");
INSERT INTO views (viewer_id, viewed_id, view_date) VALUES ("108","126","2018-02-06 23:38:21");


INSERT INTO user (id, first_name, last_name, username, email, password, birthdate, gender, orientation, bio, country, state, city, zip, file_1, file_2, file_3, file_4, file_5, score, token, token_date, active, register, created_at, updated_at) VALUES ("127","Sarina","Nikolaus","wavamurazik","remington.huels@hotmail.com","$2y$10$7XYFXUuVsMpWddq6XJJQzeoXixaw9P8FYvpz22PtooeDCQmqnnR3K","1977-07-25 19:42:53","2","1","Dolor voluptas id laborum voluptas. Eum ut maiores iste ut.","Barbados","","Lake Alenefort","26250","../fixtures/female10.jpg","../fixtures/female8.jpg","../fixtures/female2.jpg","../fixtures/female2.jpg","../fixtures/female8.jpg","27","0b083def41215b6d1e3168843fd5bf1b","1974-04-18 04:24:08","1","1","1988-06-21 14:05:22","1976-04-11 07:07:31");
INSERT INTO user_tag (user_id, tag_id) VALUES ("127","40");
INSERT INTO user_tag (user_id, tag_id) VALUES ("127","31");
INSERT INTO user_tag (user_id, tag_id) VALUES ("127","14");

INSERT INTO connected (user_id, connect_date) VALUES ("127","2017-05-22 21:27:20");
INSERT INTO likes (like_id, liked_id, like_date) VALUES ("63","127","2017-04-19 23:22:34");
INSERT INTO likes (like_id, liked_id, like_date) VALUES ("289","127","2017-08-01 17:47:29");
INSERT INTO likes (like_id, liked_id, like_date) VALUES ("105","127","2017-12-05 20:27:27");
INSERT INTO views (viewer_id, viewed_id, view_date) VALUES ("286","127","2017-04-18 06:53:09");
INSERT INTO views (viewer_id, viewed_id, view_date) VALUES ("450","127","2017-06-06 23:41:52");
INSERT INTO views (viewer_id, viewed_id, view_date) VALUES ("152","127","2017-03-06 00:36:58");
INSERT INTO views (viewer_id, viewed_id, view_date) VALUES ("145","127","2017-09-11 00:02:13");
INSERT INTO views (viewer_id, viewed_id, view_date) VALUES ("239","127","2017-05-01 01:56:57");
INSERT INTO views (viewer_id, viewed_id, view_date) VALUES ("275","127","2018-01-27 18:40:05");
INSERT INTO views (viewer_id, viewed_id, view_date) VALUES ("417","127","2017-03-15 06:05:48");
INSERT INTO views (viewer_id, viewed_id, view_date) VALUES ("422","127","2017-10-04 20:47:58");
INSERT INTO views (viewer_id, viewed_id, view_date) VALUES ("474","127","2017-09-08 08:58:32");
INSERT INTO views (viewer_id, viewed_id, view_date) VALUES ("436","127","2017-07-20 03:30:45");
INSERT INTO views (viewer_id, viewed_id, view_date) VALUES ("288","127","2018-02-05 22:17:12");
INSERT INTO views (viewer_id, viewed_id, view_date) VALUES ("251","127","2017-06-15 07:24:47");
INSERT INTO views (viewer_id, viewed_id, view_date) VALUES ("14","127","2017-06-01 20:10:31");
INSERT INTO views (viewer_id, viewed_id, view_date) VALUES ("56","127","2017-09-27 00:49:33");
INSERT INTO views (viewer_id, viewed_id, view_date) VALUES ("58","127","2017-05-23 13:41:15");
INSERT INTO views (viewer_id, viewed_id, view_date) VALUES ("315","127","2017-08-20 01:41:43");
INSERT INTO views (viewer_id, viewed_id, view_date) VALUES ("238","127","2017-09-25 08:00:51");
INSERT INTO views (viewer_id, viewed_id, view_date) VALUES ("260","127","2018-02-07 12:28:58");
INSERT INTO views (viewer_id, viewed_id, view_date) VALUES ("229","127","2017-04-15 02:49:08");
INSERT INTO views (viewer_id, viewed_id, view_date) VALUES ("44","127","2017-03-05 16:28:00");
INSERT INTO views (viewer_id, viewed_id, view_date) VALUES ("113","127","2018-01-06 21:34:08");
INSERT INTO views (viewer_id, viewed_id, view_date) VALUES ("168","127","2017-09-14 20:13:55");
INSERT INTO views (viewer_id, viewed_id, view_date) VALUES ("436","127","2018-02-07 20:00:12");


INSERT INTO user (id, first_name, last_name, username, email, password, birthdate, gender, orientation, bio, country, state, city, zip, file_1, file_2, file_3, file_4, file_5, score, token, token_date, active, register, created_at, updated_at) VALUES ("128","Rhiannon","Leuschke","croninleon","mconroy@yahoo.com","$2y$10$nTC9/fz7z9dk335cTpdMneRgGiMmgpvJ0xolghthON7CBQjWbweO.","1948-11-12 04:57:12","2","1","Nesciunt tempore omnis iusto veritatis maiores. Omnis qui velit voluptates quas. Illum nihil dolore ullam.","Slovakia (Slovak Republic)","","Kubtown","61300","../fixtures/female6.jpg","../fixtures/female7.jpg","../fixtures/female5.jpg","../fixtures/female8.jpg","../fixtures/female4.jpg","98","2ddb8cdc4b2819617ed9b8b4b9e0fa15","2002-05-10 11:51:18","0","0","1997-11-03 22:30:07","2005-10-24 15:09:06");
INSERT INTO user_tag (user_id, tag_id) VALUES ("128","9");
INSERT INTO user_tag (user_id, tag_id) VALUES ("128","18");
INSERT INTO user_tag (user_id, tag_id) VALUES ("128","44");
INSERT INTO user_tag (user_id, tag_id) VALUES ("128","24");
INSERT INTO user_tag (user_id, tag_id) VALUES ("128","50");
INSERT INTO user_tag (user_id, tag_id) VALUES ("128","7");
INSERT INTO user_tag (user_id, tag_id) VALUES ("128","50");
INSERT INTO user_tag (user_id, tag_id) VALUES ("128","46");
INSERT INTO user_tag (user_id, tag_id) VALUES ("128","40");
INSERT INTO user_tag (user_id, tag_id) VALUES ("128","47");

INSERT INTO connected (user_id, connect_date) VALUES ("128","2017-07-13 05:27:26");
INSERT INTO likes (like_id, liked_id, like_date) VALUES ("248","128","2018-02-02 22:18:17");
INSERT INTO likes (like_id, liked_id, like_date) VALUES ("95","128","2017-10-04 18:48:42");
INSERT INTO views (viewer_id, viewed_id, view_date) VALUES ("237","128","2018-01-16 16:03:07");
INSERT INTO views (viewer_id, viewed_id, view_date) VALUES ("212","128","2017-02-24 04:18:40");
INSERT INTO views (viewer_id, viewed_id, view_date) VALUES ("61","128","2017-08-23 11:50:28");


INSERT INTO user (id, first_name, last_name, username, email, password, birthdate, gender, orientation, bio, country, state, city, zip, file_1, file_2, file_3, file_4, file_5, score, token, token_date, active, register, created_at, updated_at) VALUES ("129","Shanelle","Ruecker","christiansenkaden","lexi89@hotmail.com","$2y$10$NsctrAnlwyix5yXi46IoMOCap9KajG5QXcBydcopavfrcl0pabEhK","1986-06-07 09:27:48","2","3","Fuga minima quos illo consequatur explicabo. Adipisci est aliquam laborum eaque rerum consectetur. Cum occaecati culpa voluptate in.","Saint Lucia","","Port Corbinton","19398","../fixtures/female9.jpg","../fixtures/female2.jpg","","","","33","2e419f4593c61b73615990f7a8c8b0e6","2005-07-05 23:02:38","0","0","1978-12-07 03:08:23","1976-02-04 06:42:09");
INSERT INTO user_tag (user_id, tag_id) VALUES ("129","10");
INSERT INTO user_tag (user_id, tag_id) VALUES ("129","3");
INSERT INTO user_tag (user_id, tag_id) VALUES ("129","34");
INSERT INTO user_tag (user_id, tag_id) VALUES ("129","48");
INSERT INTO user_tag (user_id, tag_id) VALUES ("129","1");
INSERT INTO user_tag (user_id, tag_id) VALUES ("129","26");
INSERT INTO user_tag (user_id, tag_id) VALUES ("129","20");
INSERT INTO user_tag (user_id, tag_id) VALUES ("129","11");
INSERT INTO user_tag (user_id, tag_id) VALUES ("129","22");

INSERT INTO connected (user_id, connect_date) VALUES ("129","2017-06-15 09:06:47");
INSERT INTO likes (like_id, liked_id, like_date) VALUES ("171","129","2017-08-05 11:36:10");
INSERT INTO likes (like_id, liked_id, like_date) VALUES ("178","129","2017-11-17 07:49:57");
INSERT INTO likes (like_id, liked_id, like_date) VALUES ("184","129","2017-06-10 05:08:07");
INSERT INTO likes (like_id, liked_id, like_date) VALUES ("480","129","2017-09-05 19:31:41");
INSERT INTO likes (like_id, liked_id, like_date) VALUES ("299","129","2017-07-19 18:49:16");
INSERT INTO views (viewer_id, viewed_id, view_date) VALUES ("423","129","2017-03-27 12:48:59");
INSERT INTO views (viewer_id, viewed_id, view_date) VALUES ("262","129","2017-07-11 06:14:04");
INSERT INTO views (viewer_id, viewed_id, view_date) VALUES ("292","129","2017-05-18 00:00:49");
INSERT INTO views (viewer_id, viewed_id, view_date) VALUES ("143","129","2017-10-19 00:03:28");
INSERT INTO views (viewer_id, viewed_id, view_date) VALUES ("213","129","2017-12-16 01:52:54");
INSERT INTO views (viewer_id, viewed_id, view_date) VALUES ("103","129","2018-01-26 22:14:30");
INSERT INTO views (viewer_id, viewed_id, view_date) VALUES ("421","129","2017-04-08 12:14:12");
INSERT INTO views (viewer_id, viewed_id, view_date) VALUES ("187","129","2017-02-18 22:20:18");
INSERT INTO views (viewer_id, viewed_id, view_date) VALUES ("310","129","2017-12-06 11:33:59");
INSERT INTO views (viewer_id, viewed_id, view_date) VALUES ("33","129","2017-12-02 19:07:26");
INSERT INTO views (viewer_id, viewed_id, view_date) VALUES ("464","129","2017-08-01 13:43:40");
INSERT INTO views (viewer_id, viewed_id, view_date) VALUES ("346","129","2017-02-26 21:26:41");
INSERT INTO views (viewer_id, viewed_id, view_date) VALUES ("338","129","2017-10-04 05:06:46");
INSERT INTO views (viewer_id, viewed_id, view_date) VALUES ("60","129","2017-09-17 05:20:33");
INSERT INTO views (viewer_id, viewed_id, view_date) VALUES ("215","129","2017-06-08 20:15:05");


INSERT INTO user (id, first_name, last_name, username, email, password, birthdate, gender, orientation, bio, country, state, city, zip, file_1, file_2, file_3, file_4, file_5, score, token, token_date, active, register, created_at, updated_at) VALUES ("130","Brook","Flatley","ukunze","mariane.wolf@hotmail.com","$2y$10$GHfCPNzeAPUKD59X6HCTP./NV3171K667WvcYRGj1SsT18UKdYMb.","1968-05-28 06:30:06","1","3","Velit est doloribus expedita consequuntur rem ipsam. Laboriosam velit fugit eaque accusamus veritatis a dicta recusandae.","Bosnia and Herzegovina","","Harberburgh","49182","../fixtures/male1.jpg","../fixtures/male1.jpg","../fixtures/male9.jpg","../fixtures/male8.jpg","","24","223b26264a205acebde4b5ef58365b09","1992-05-29 07:12:12","1","0","2006-01-25 17:52:08","1970-09-24 16:14:13");
INSERT INTO user_tag (user_id, tag_id) VALUES ("130","5");
INSERT INTO user_tag (user_id, tag_id) VALUES ("130","32");
INSERT INTO user_tag (user_id, tag_id) VALUES ("130","27");

INSERT INTO connected (user_id, connect_date) VALUES ("130","2017-09-09 11:50:57");
INSERT INTO likes (like_id, liked_id, like_date) VALUES ("79","130","2017-06-30 18:19:04");
INSERT INTO likes (like_id, liked_id, like_date) VALUES ("241","130","2017-12-15 01:07:39");
INSERT INTO likes (like_id, liked_id, like_date) VALUES ("373","130","2017-08-11 19:13:04");
INSERT INTO likes (like_id, liked_id, like_date) VALUES ("134","130","2017-03-16 02:31:13");
INSERT INTO likes (like_id, liked_id, like_date) VALUES ("26","130","2017-08-06 03:17:42");
INSERT INTO likes (like_id, liked_id, like_date) VALUES ("336","130","2017-10-01 22:50:30");
INSERT INTO likes (like_id, liked_id, like_date) VALUES ("414","130","2017-09-29 06:08:32");
INSERT INTO likes (like_id, liked_id, like_date) VALUES ("84","130","2018-02-02 13:51:15");
INSERT INTO likes (like_id, liked_id, like_date) VALUES ("375","130","2017-09-18 13:22:05");
INSERT INTO likes (like_id, liked_id, like_date) VALUES ("313","130","2017-08-17 05:48:27");
INSERT INTO likes (like_id, liked_id, like_date) VALUES ("274","130","2017-04-24 17:33:54");
INSERT INTO views (viewer_id, viewed_id, view_date) VALUES ("287","130","2017-10-15 15:10:40");
INSERT INTO views (viewer_id, viewed_id, view_date) VALUES ("453","130","2017-02-27 14:59:06");
INSERT INTO views (viewer_id, viewed_id, view_date) VALUES ("258","130","2017-12-22 06:48:12");
INSERT INTO views (viewer_id, viewed_id, view_date) VALUES ("215","130","2017-09-10 06:05:22");
INSERT INTO views (viewer_id, viewed_id, view_date) VALUES ("358","130","2017-09-25 22:47:46");
INSERT INTO views (viewer_id, viewed_id, view_date) VALUES ("232","130","2017-04-22 17:45:04");
INSERT INTO views (viewer_id, viewed_id, view_date) VALUES ("377","130","2017-07-15 17:22:15");
INSERT INTO views (viewer_id, viewed_id, view_date) VALUES ("218","130","2017-11-16 14:21:52");
INSERT INTO views (viewer_id, viewed_id, view_date) VALUES ("28","130","2017-06-08 07:20:14");
INSERT INTO views (viewer_id, viewed_id, view_date) VALUES ("213","130","2017-10-31 20:19:28");
INSERT INTO views (viewer_id, viewed_id, view_date) VALUES ("54","130","2017-08-01 08:41:39");
INSERT INTO views (viewer_id, viewed_id, view_date) VALUES ("134","130","2017-11-26 01:50:30");
INSERT INTO views (viewer_id, viewed_id, view_date) VALUES ("163","130","2018-01-15 14:48:41");
INSERT INTO views (viewer_id, viewed_id, view_date) VALUES ("123","130","2017-12-03 09:58:18");
INSERT INTO views (viewer_id, viewed_id, view_date) VALUES ("122","130","2017-03-24 14:24:29");
INSERT INTO views (viewer_id, viewed_id, view_date) VALUES ("297","130","2017-09-27 19:37:13");
INSERT INTO views (viewer_id, viewed_id, view_date) VALUES ("295","130","2018-01-01 00:48:37");
INSERT INTO views (viewer_id, viewed_id, view_date) VALUES ("131","130","2017-06-17 08:17:33");
INSERT INTO views (viewer_id, viewed_id, view_date) VALUES ("71","130","2017-03-13 21:57:35");
INSERT INTO views (viewer_id, viewed_id, view_date) VALUES ("460","130","2017-06-30 05:10:33");
INSERT INTO views (viewer_id, viewed_id, view_date) VALUES ("463","130","2017-05-23 08:54:26");
INSERT INTO views (viewer_id, viewed_id, view_date) VALUES ("192","130","2017-06-05 18:47:28");
INSERT INTO views (viewer_id, viewed_id, view_date) VALUES ("282","130","2017-05-31 21:17:29");


INSERT INTO user (id, first_name, last_name, username, email, password, birthdate, gender, orientation, bio, country, state, city, zip, file_1, file_2, file_3, file_4, file_5, score, token, token_date, active, register, created_at, updated_at) VALUES ("131","Clement","Harris","tremayne13","elaina89@hotmail.com","$2y$10$VaJJcuBftyqjNdnOVn7bBOoJvnyHYboX/.RtwVF9WZOHRE81qkh8.","1967-06-24 19:46:19","1","1","Consequatur recusandae consectetur possimus quo est. Explicabo nobis esse totam iusto quae animi ut. Error modi explicabo quia. Ipsa ipsa qui veniam numquam reprehenderit molestiae.","Togo","","Dareshire","71025","../fixtures/male6.jpg","../fixtures/male6.jpg","../fixtures/male3.jpg","../fixtures/male8.jpg","","97","8b5a17ad1052759dbc90492d20041c84","2015-10-07 14:01:21","0","0","1982-04-06 13:20:15","1996-02-18 03:16:40");
INSERT INTO user_tag (user_id, tag_id) VALUES ("131","50");
INSERT INTO user_tag (user_id, tag_id) VALUES ("131","18");
INSERT INTO user_tag (user_id, tag_id) VALUES ("131","5");
INSERT INTO user_tag (user_id, tag_id) VALUES ("131","32");
INSERT INTO user_tag (user_id, tag_id) VALUES ("131","29");
INSERT INTO user_tag (user_id, tag_id) VALUES ("131","20");
INSERT INTO user_tag (user_id, tag_id) VALUES ("131","40");
INSERT INTO user_tag (user_id, tag_id) VALUES ("131","35");

INSERT INTO connected (user_id, connect_date) VALUES ("131","2017-06-13 20:35:07");
INSERT INTO likes (like_id, liked_id, like_date) VALUES ("435","131","2017-07-12 06:23:30");
INSERT INTO likes (like_id, liked_id, like_date) VALUES ("368","131","2017-10-31 16:30:56");
INSERT INTO likes (like_id, liked_id, like_date) VALUES ("80","131","2017-11-27 11:02:12");
INSERT INTO likes (like_id, liked_id, like_date) VALUES ("138","131","2017-06-23 16:13:27");
INSERT INTO likes (like_id, liked_id, like_date) VALUES ("316","131","2017-07-22 00:50:56");
INSERT INTO likes (like_id, liked_id, like_date) VALUES ("267","131","2017-06-04 22:06:49");
INSERT INTO likes (like_id, liked_id, like_date) VALUES ("188","131","2017-12-21 04:49:50");
INSERT INTO likes (like_id, liked_id, like_date) VALUES ("404","131","2017-04-25 22:40:06");
INSERT INTO likes (like_id, liked_id, like_date) VALUES ("423","131","2017-08-08 00:56:52");
INSERT INTO likes (like_id, liked_id, like_date) VALUES ("288","131","2018-02-04 21:43:03");
INSERT INTO likes (like_id, liked_id, like_date) VALUES ("463","131","2017-12-26 08:56:01");
INSERT INTO likes (like_id, liked_id, like_date) VALUES ("141","131","2017-04-30 04:03:03");
INSERT INTO views (viewer_id, viewed_id, view_date) VALUES ("337","131","2017-11-24 18:55:40");
INSERT INTO views (viewer_id, viewed_id, view_date) VALUES ("214","131","2017-10-25 13:46:33");
INSERT INTO views (viewer_id, viewed_id, view_date) VALUES ("125","131","2017-12-03 23:54:31");


INSERT INTO user (id, first_name, last_name, username, email, password, birthdate, gender, orientation, bio, country, state, city, zip, file_1, file_2, file_3, file_4, file_5, score, token, token_date, active, register, created_at, updated_at) VALUES ("132","Isobel","Parker","lspinka","usatterfield@yahoo.com","$2y$10$K4WlxXOANlb53Vo.2PqUIOXOcqSsg2A0m0tkkli8ELuIorcK.9wTu","1972-02-01 11:33:15","1","2","Autem rerum ut in. In eveniet quia ut. Quibusdam dignissimos ratione sed aspernatur voluptatem dolore enim delectus.","Maldives","","South Elouisestad","70028-4347","../fixtures/male2.jpg","","","","","84","69f9dd081b3891756fe8f20f32786da8","1987-08-26 16:24:54","0","0","1983-02-25 10:02:53","1970-07-04 13:28:27");
INSERT INTO user_tag (user_id, tag_id) VALUES ("132","16");
INSERT INTO user_tag (user_id, tag_id) VALUES ("132","49");
INSERT INTO user_tag (user_id, tag_id) VALUES ("132","37");
INSERT INTO user_tag (user_id, tag_id) VALUES ("132","18");

INSERT INTO connected (user_id, connect_date) VALUES ("132","2017-06-21 19:47:06");
INSERT INTO likes (like_id, liked_id, like_date) VALUES ("198","132","2018-02-06 04:35:22");
INSERT INTO likes (like_id, liked_id, like_date) VALUES ("462","132","2017-06-25 16:06:50");
INSERT INTO likes (like_id, liked_id, like_date) VALUES ("364","132","2017-05-06 16:47:47");
INSERT INTO likes (like_id, liked_id, like_date) VALUES ("317","132","2018-02-08 07:05:07");
INSERT INTO likes (like_id, liked_id, like_date) VALUES ("160","132","2017-06-17 02:19:51");
INSERT INTO views (viewer_id, viewed_id, view_date) VALUES ("158","132","2017-12-17 01:35:51");
INSERT INTO views (viewer_id, viewed_id, view_date) VALUES ("179","132","2017-07-25 23:28:20");
INSERT INTO views (viewer_id, viewed_id, view_date) VALUES ("156","132","2017-10-23 21:24:32");
INSERT INTO views (viewer_id, viewed_id, view_date) VALUES ("179","132","2017-10-05 18:58:04");
INSERT INTO views (viewer_id, viewed_id, view_date) VALUES ("372","132","2017-04-08 18:39:15");
INSERT INTO views (viewer_id, viewed_id, view_date) VALUES ("468","132","2017-11-11 05:54:15");
INSERT INTO views (viewer_id, viewed_id, view_date) VALUES ("320","132","2017-06-08 21:05:22");
INSERT INTO views (viewer_id, viewed_id, view_date) VALUES ("381","132","2017-05-21 13:22:19");
INSERT INTO views (viewer_id, viewed_id, view_date) VALUES ("128","132","2017-07-16 08:09:05");
INSERT INTO views (viewer_id, viewed_id, view_date) VALUES ("404","132","2017-07-01 03:13:41");
INSERT INTO views (viewer_id, viewed_id, view_date) VALUES ("112","132","2017-11-30 11:55:24");
INSERT INTO views (viewer_id, viewed_id, view_date) VALUES ("419","132","2017-10-15 03:17:11");
INSERT INTO views (viewer_id, viewed_id, view_date) VALUES ("464","132","2017-03-04 10:11:27");
INSERT INTO views (viewer_id, viewed_id, view_date) VALUES ("499","132","2017-07-03 07:45:08");
INSERT INTO views (viewer_id, viewed_id, view_date) VALUES ("333","132","2017-03-07 18:37:54");
INSERT INTO views (viewer_id, viewed_id, view_date) VALUES ("20","132","2017-05-16 01:16:50");
INSERT INTO views (viewer_id, viewed_id, view_date) VALUES ("44","132","2017-11-26 14:49:59");
INSERT INTO views (viewer_id, viewed_id, view_date) VALUES ("65","132","2017-09-02 20:53:23");
INSERT INTO views (viewer_id, viewed_id, view_date) VALUES ("131","132","2018-01-17 19:47:24");
INSERT INTO views (viewer_id, viewed_id, view_date) VALUES ("377","132","2017-11-22 17:04:10");
INSERT INTO views (viewer_id, viewed_id, view_date) VALUES ("223","132","2017-08-03 00:13:59");


INSERT INTO user (id, first_name, last_name, username, email, password, birthdate, gender, orientation, bio, country, state, city, zip, file_1, file_2, file_3, file_4, file_5, score, token, token_date, active, register, created_at, updated_at) VALUES ("133","Jermey","Leffler","alene23","herzog.magnus@yahoo.com","$2y$10$zyItQW0WIjwNaeT1nz8z2eE1rVxRsmJm42sIYK8DMbGlqc0kRByD.","1949-08-02 21:00:13","2","3","Sequi non maiores sapiente consequatur sunt vitae ea. Maxime fugit placeat nam soluta aut in. Minima totam eius a facilis voluptas minima. Ratione facilis quod quas magnam placeat provident.","Mexico","","Cloydchester","57817-4687","../fixtures/female5.jpg","../fixtures/female6.jpg","","","","25","f2962a1dbf1fa73294dade6f14f56624","1983-06-07 01:50:33","0","0","2016-02-18 04:00:53","1996-08-10 20:29:44");
INSERT INTO user_tag (user_id, tag_id) VALUES ("133","18");
INSERT INTO user_tag (user_id, tag_id) VALUES ("133","6");
INSERT INTO user_tag (user_id, tag_id) VALUES ("133","23");
INSERT INTO user_tag (user_id, tag_id) VALUES ("133","7");

INSERT INTO connected (user_id, connect_date) VALUES ("133","2017-09-27 03:29:49");
INSERT INTO likes (like_id, liked_id, like_date) VALUES ("204","133","2018-02-10 01:17:32");
INSERT INTO likes (like_id, liked_id, like_date) VALUES ("302","133","2017-02-25 21:44:58");
INSERT INTO likes (like_id, liked_id, like_date) VALUES ("404","133","2018-02-03 10:31:17");
INSERT INTO likes (like_id, liked_id, like_date) VALUES ("134","133","2017-07-06 07:34:48");
INSERT INTO likes (like_id, liked_id, like_date) VALUES ("369","133","2018-01-05 13:38:14");
INSERT INTO likes (like_id, liked_id, like_date) VALUES ("34","133","2017-03-20 20:04:04");
INSERT INTO likes (like_id, liked_id, like_date) VALUES ("426","133","2017-03-04 03:56:14");
INSERT INTO likes (like_id, liked_id, like_date) VALUES ("316","133","2017-10-29 17:53:30");
INSERT INTO likes (like_id, liked_id, like_date) VALUES ("455","133","2018-01-25 06:49:38");
INSERT INTO likes (like_id, liked_id, like_date) VALUES ("17","133","2017-10-05 17:29:16");
INSERT INTO likes (like_id, liked_id, like_date) VALUES ("278","133","2017-04-22 01:49:11");
INSERT INTO likes (like_id, liked_id, like_date) VALUES ("16","133","2017-05-30 23:59:36");
INSERT INTO likes (like_id, liked_id, like_date) VALUES ("384","133","2017-08-03 17:05:03");
INSERT INTO likes (like_id, liked_id, like_date) VALUES ("488","133","2017-05-12 19:22:36");
INSERT INTO likes (like_id, liked_id, like_date) VALUES ("318","133","2017-10-06 02:25:34");
INSERT INTO likes (like_id, liked_id, like_date) VALUES ("78","133","2017-05-22 03:34:09");
INSERT INTO likes (like_id, liked_id, like_date) VALUES ("110","133","2017-02-27 21:02:51");
INSERT INTO views (viewer_id, viewed_id, view_date) VALUES ("487","133","2017-11-15 17:35:48");
INSERT INTO views (viewer_id, viewed_id, view_date) VALUES ("308","133","2017-03-19 03:57:30");
INSERT INTO views (viewer_id, viewed_id, view_date) VALUES ("307","133","2017-04-11 09:04:22");
INSERT INTO views (viewer_id, viewed_id, view_date) VALUES ("226","133","2017-04-30 22:04:22");
INSERT INTO views (viewer_id, viewed_id, view_date) VALUES ("265","133","2017-09-14 15:34:33");


INSERT INTO user (id, first_name, last_name, username, email, password, birthdate, gender, orientation, bio, country, state, city, zip, file_1, file_2, file_3, file_4, file_5, score, token, token_date, active, register, created_at, updated_at) VALUES ("134","Karson","King","schmidtkaycee","lgutmann@hotmail.com","$2y$10$suCSQEB7Rrb4dT7RRBzFjuFC6qGOEeAoF52dpAL3SqLNqGjBqVcAG","1965-07-27 08:17:25","1","2","Earum blanditiis omnis iure voluptatem. Hic nisi sit qui temporibus eius molestias. Tempore deserunt rerum quae nam soluta.","Burundi","","Pollichshire","80470-5815","../fixtures/male10.jpg","../fixtures/male3.jpg","../fixtures/male8.jpg","","","99","4bc52a5884cf5d9081116a0faca57576","1983-11-15 04:20:24","0","0","2016-01-04 06:03:26","1979-06-25 21:39:19");
INSERT INTO user_tag (user_id, tag_id) VALUES ("134","21");
INSERT INTO user_tag (user_id, tag_id) VALUES ("134","14");
INSERT INTO user_tag (user_id, tag_id) VALUES ("134","9");
INSERT INTO user_tag (user_id, tag_id) VALUES ("134","26");
INSERT INTO user_tag (user_id, tag_id) VALUES ("134","45");
INSERT INTO user_tag (user_id, tag_id) VALUES ("134","42");
INSERT INTO user_tag (user_id, tag_id) VALUES ("134","31");
INSERT INTO user_tag (user_id, tag_id) VALUES ("134","26");
INSERT INTO user_tag (user_id, tag_id) VALUES ("134","38");
INSERT INTO user_tag (user_id, tag_id) VALUES ("134","35");
INSERT INTO user_tag (user_id, tag_id) VALUES ("134","31");
INSERT INTO user_tag (user_id, tag_id) VALUES ("134","31");
INSERT INTO user_tag (user_id, tag_id) VALUES ("134","49");
INSERT INTO user_tag (user_id, tag_id) VALUES ("134","15");
INSERT INTO user_tag (user_id, tag_id) VALUES ("134","37");

INSERT INTO connected (user_id, connect_date) VALUES ("134","2017-10-17 02:33:48");
INSERT INTO likes (like_id, liked_id, like_date) VALUES ("467","134","2017-08-13 01:34:59");
INSERT INTO likes (like_id, liked_id, like_date) VALUES ("100","134","2017-07-17 19:16:59");
INSERT INTO likes (like_id, liked_id, like_date) VALUES ("347","134","2017-12-29 11:59:13");
INSERT INTO likes (like_id, liked_id, like_date) VALUES ("148","134","2017-06-29 23:16:53");
INSERT INTO likes (like_id, liked_id, like_date) VALUES ("225","134","2017-03-28 12:05:05");
INSERT INTO likes (like_id, liked_id, like_date) VALUES ("89","134","2017-04-04 05:45:18");
INSERT INTO views (viewer_id, viewed_id, view_date) VALUES ("356","134","2017-04-07 21:11:04");
INSERT INTO views (viewer_id, viewed_id, view_date) VALUES ("289","134","2017-02-24 05:38:16");
INSERT INTO views (viewer_id, viewed_id, view_date) VALUES ("345","134","2017-02-24 03:10:24");
INSERT INTO views (viewer_id, viewed_id, view_date) VALUES ("361","134","2017-07-25 10:08:18");
INSERT INTO views (viewer_id, viewed_id, view_date) VALUES ("35","134","2017-12-16 14:45:03");
INSERT INTO views (viewer_id, viewed_id, view_date) VALUES ("351","134","2017-11-30 18:46:39");
INSERT INTO views (viewer_id, viewed_id, view_date) VALUES ("296","134","2017-04-15 08:13:28");
INSERT INTO views (viewer_id, viewed_id, view_date) VALUES ("11","134","2017-11-12 18:37:36");
INSERT INTO views (viewer_id, viewed_id, view_date) VALUES ("52","134","2017-05-09 05:11:32");
INSERT INTO views (viewer_id, viewed_id, view_date) VALUES ("223","134","2017-05-03 16:40:57");
INSERT INTO views (viewer_id, viewed_id, view_date) VALUES ("86","134","2017-06-04 13:19:26");
INSERT INTO views (viewer_id, viewed_id, view_date) VALUES ("213","134","2018-01-28 11:46:40");
INSERT INTO views (viewer_id, viewed_id, view_date) VALUES ("17","134","2017-05-01 06:11:51");
INSERT INTO views (viewer_id, viewed_id, view_date) VALUES ("4","134","2017-06-25 06:21:06");
INSERT INTO views (viewer_id, viewed_id, view_date) VALUES ("251","134","2017-12-27 20:18:33");
INSERT INTO views (viewer_id, viewed_id, view_date) VALUES ("276","134","2017-03-27 23:03:51");
INSERT INTO views (viewer_id, viewed_id, view_date) VALUES ("348","134","2017-10-26 09:13:37");
INSERT INTO views (viewer_id, viewed_id, view_date) VALUES ("87","134","2017-12-23 13:51:16");
INSERT INTO views (viewer_id, viewed_id, view_date) VALUES ("278","134","2018-02-02 16:25:59");
INSERT INTO views (viewer_id, viewed_id, view_date) VALUES ("433","134","2017-12-24 15:43:56");
INSERT INTO views (viewer_id, viewed_id, view_date) VALUES ("340","134","2017-06-21 17:23:00");
INSERT INTO views (viewer_id, viewed_id, view_date) VALUES ("246","134","2018-01-01 01:59:08");
INSERT INTO views (viewer_id, viewed_id, view_date) VALUES ("338","134","2018-01-24 20:39:54");
INSERT INTO views (viewer_id, viewed_id, view_date) VALUES ("98","134","2017-04-26 02:25:35");


INSERT INTO user (id, first_name, last_name, username, email, password, birthdate, gender, orientation, bio, country, state, city, zip, file_1, file_2, file_3, file_4, file_5, score, token, token_date, active, register, created_at, updated_at) VALUES ("135","Lorenz","Torphy","ahilll","tbrekke@treutel.biz","$2y$10$ZwHHD6NQZE6RCUZQvTRh5u.skob2wn/W2V4nmdT/Yu7ViGeuJt7.e","1955-01-04 11:00:05","1","1","Consequatur rerum et non rem. Sint eum corrupti nihil non maxime. Voluptatum velit esse unde nesciunt tempore praesentium dicta. Maiores qui officiis et minima aut.","Bosnia and Herzegovina","","Lake Markusberg","23963-5618","../fixtures/male4.jpg","../fixtures/male9.jpg","../fixtures/male5.jpg","","","2","deed7ad5e58a608b43bb452d3140edbe","1998-04-06 19:26:59","0","0","1978-01-02 00:14:32","2000-11-01 14:35:11");
INSERT INTO user_tag (user_id, tag_id) VALUES ("135","14");
INSERT INTO user_tag (user_id, tag_id) VALUES ("135","29");
INSERT INTO user_tag (user_id, tag_id) VALUES ("135","47");
INSERT INTO user_tag (user_id, tag_id) VALUES ("135","20");
INSERT INTO user_tag (user_id, tag_id) VALUES ("135","28");
INSERT INTO user_tag (user_id, tag_id) VALUES ("135","6");
INSERT INTO user_tag (user_id, tag_id) VALUES ("135","42");
INSERT INTO user_tag (user_id, tag_id) VALUES ("135","19");
INSERT INTO user_tag (user_id, tag_id) VALUES ("135","1");
INSERT INTO user_tag (user_id, tag_id) VALUES ("135","15");
INSERT INTO user_tag (user_id, tag_id) VALUES ("135","27");
INSERT INTO user_tag (user_id, tag_id) VALUES ("135","41");
INSERT INTO user_tag (user_id, tag_id) VALUES ("135","29");

INSERT INTO connected (user_id, connect_date) VALUES ("135","2017-08-31 09:29:01");
INSERT INTO likes (like_id, liked_id, like_date) VALUES ("361","135","2017-09-11 11:23:32");
INSERT INTO likes (like_id, liked_id, like_date) VALUES ("67","135","2017-10-12 07:12:33");
INSERT INTO likes (like_id, liked_id, like_date) VALUES ("79","135","2017-04-24 22:57:39");
INSERT INTO likes (like_id, liked_id, like_date) VALUES ("346","135","2017-05-12 21:52:29");
INSERT INTO likes (like_id, liked_id, like_date) VALUES ("347","135","2017-12-05 16:33:08");
INSERT INTO likes (like_id, liked_id, like_date) VALUES ("500","135","2017-03-01 21:57:20");
INSERT INTO likes (like_id, liked_id, like_date) VALUES ("233","135","2017-08-27 13:49:27");
INSERT INTO likes (like_id, liked_id, like_date) VALUES ("299","135","2017-05-28 15:39:09");
INSERT INTO likes (like_id, liked_id, like_date) VALUES ("84","135","2017-08-31 15:46:08");
INSERT INTO views (viewer_id, viewed_id, view_date) VALUES ("110","135","2017-09-16 08:12:42");
INSERT INTO views (viewer_id, viewed_id, view_date) VALUES ("324","135","2017-06-06 14:42:20");
INSERT INTO views (viewer_id, viewed_id, view_date) VALUES ("63","135","2017-12-17 20:23:46");
INSERT INTO views (viewer_id, viewed_id, view_date) VALUES ("418","135","2017-12-22 16:50:25");
INSERT INTO views (viewer_id, viewed_id, view_date) VALUES ("379","135","2017-05-06 11:23:27");
INSERT INTO views (viewer_id, viewed_id, view_date) VALUES ("42","135","2017-09-20 13:56:48");
INSERT INTO views (viewer_id, viewed_id, view_date) VALUES ("33","135","2017-03-06 11:40:32");
INSERT INTO views (viewer_id, viewed_id, view_date) VALUES ("380","135","2017-06-01 22:02:17");
INSERT INTO views (viewer_id, viewed_id, view_date) VALUES ("156","135","2017-09-01 06:11:43");
INSERT INTO views (viewer_id, viewed_id, view_date) VALUES ("295","135","2017-11-11 14:17:15");
INSERT INTO views (viewer_id, viewed_id, view_date) VALUES ("80","135","2017-07-20 12:18:02");


INSERT INTO user (id, first_name, last_name, username, email, password, birthdate, gender, orientation, bio, country, state, city, zip, file_1, file_2, file_3, file_4, file_5, score, token, token_date, active, register, created_at, updated_at) VALUES ("136","Chaya","Beahan","emmett58","litzy.mante@willms.com","$2y$10$Bn/5MpyOxgDSNYrzquTqfeato.WCI4CI6NztP8LSJzLpcVPCq7NUe","1972-04-20 07:34:04","1","1","Et facilis voluptas sint id. Qui a aperiam in cupiditate impedit. Possimus dicta aperiam voluptatem non minima. Numquam fuga id provident. Consequuntur impedit similique ut excepturi modi dicta ullam sint.","Guam","","Maxburgh","37770","../fixtures/male6.jpg","../fixtures/male3.jpg","../fixtures/male3.jpg","","","47","055e8506a4044893706dd293b6351119","2014-11-23 13:57:13","1","1","2008-10-11 15:11:06","1994-03-27 21:53:55");
INSERT INTO user_tag (user_id, tag_id) VALUES ("136","35");
INSERT INTO user_tag (user_id, tag_id) VALUES ("136","42");
INSERT INTO user_tag (user_id, tag_id) VALUES ("136","37");

INSERT INTO connected (user_id, connect_date) VALUES ("136","2017-11-14 20:05:35");
INSERT INTO likes (like_id, liked_id, like_date) VALUES ("300","136","2017-07-22 11:39:11");
INSERT INTO likes (like_id, liked_id, like_date) VALUES ("158","136","2017-08-03 15:21:03");
INSERT INTO likes (like_id, liked_id, like_date) VALUES ("498","136","2017-03-28 11:18:37");
INSERT INTO likes (like_id, liked_id, like_date) VALUES ("338","136","2017-10-27 09:00:49");
INSERT INTO likes (like_id, liked_id, like_date) VALUES ("477","136","2017-09-12 02:56:42");
INSERT INTO likes (like_id, liked_id, like_date) VALUES ("242","136","2017-08-27 05:22:08");
INSERT INTO likes (like_id, liked_id, like_date) VALUES ("467","136","2017-03-11 01:22:46");
INSERT INTO likes (like_id, liked_id, like_date) VALUES ("150","136","2018-02-06 20:42:36");
INSERT INTO likes (like_id, liked_id, like_date) VALUES ("346","136","2017-10-15 10:24:22");
INSERT INTO likes (like_id, liked_id, like_date) VALUES ("138","136","2017-04-08 13:56:34");
INSERT INTO views (viewer_id, viewed_id, view_date) VALUES ("474","136","2017-04-12 11:32:09");
INSERT INTO views (viewer_id, viewed_id, view_date) VALUES ("158","136","2017-05-01 14:16:04");
INSERT INTO views (viewer_id, viewed_id, view_date) VALUES ("437","136","2017-08-18 15:37:01");
INSERT INTO views (viewer_id, viewed_id, view_date) VALUES ("290","136","2017-11-03 05:35:23");
INSERT INTO views (viewer_id, viewed_id, view_date) VALUES ("316","136","2018-01-19 14:53:41");
INSERT INTO views (viewer_id, viewed_id, view_date) VALUES ("459","136","2017-10-20 15:25:42");
INSERT INTO views (viewer_id, viewed_id, view_date) VALUES ("60","136","2017-06-11 18:55:39");
INSERT INTO views (viewer_id, viewed_id, view_date) VALUES ("89","136","2017-10-31 21:38:46");
INSERT INTO views (viewer_id, viewed_id, view_date) VALUES ("271","136","2017-07-02 17:41:18");
INSERT INTO views (viewer_id, viewed_id, view_date) VALUES ("289","136","2017-07-23 12:38:26");
INSERT INTO views (viewer_id, viewed_id, view_date) VALUES ("233","136","2017-10-02 20:20:54");
INSERT INTO views (viewer_id, viewed_id, view_date) VALUES ("21","136","2017-09-26 09:38:07");
INSERT INTO views (viewer_id, viewed_id, view_date) VALUES ("28","136","2017-04-10 04:27:36");
INSERT INTO views (viewer_id, viewed_id, view_date) VALUES ("95","136","2017-12-17 08:34:32");
INSERT INTO views (viewer_id, viewed_id, view_date) VALUES ("82","136","2017-05-18 13:14:29");
INSERT INTO views (viewer_id, viewed_id, view_date) VALUES ("151","136","2018-02-03 23:10:43");
INSERT INTO views (viewer_id, viewed_id, view_date) VALUES ("138","136","2017-10-19 16:26:46");
INSERT INTO views (viewer_id, viewed_id, view_date) VALUES ("431","136","2017-05-12 07:39:52");
INSERT INTO views (viewer_id, viewed_id, view_date) VALUES ("458","136","2017-09-08 16:25:59");


INSERT INTO user (id, first_name, last_name, username, email, password, birthdate, gender, orientation, bio, country, state, city, zip, file_1, file_2, file_3, file_4, file_5, score, token, token_date, active, register, created_at, updated_at) VALUES ("137","Vanessa","Hammes","owenwillms","daugherty.bridie@hotmail.com","$2y$10$9sUfqbEoPvLNd1E8Law7C.IMJOcxVxucwNozQvId/tlp5UvH1Ev.m","1966-02-20 09:14:49","1","2","Deserunt et id qui aliquid modi optio. Ullam et voluptatem nesciunt ea veritatis temporibus dolor. Quia dignissimos cupiditate voluptatem quas.","Bhutan","","West Ebbaport","29309-5804","../fixtures/male4.jpg","../fixtures/male2.jpg","","","","100","9bccd85b2f0daeaa89839cd8eb94c512","1971-10-28 18:50:25","1","0","2001-04-06 06:16:32","1979-09-22 07:40:33");
INSERT INTO user_tag (user_id, tag_id) VALUES ("137","50");
INSERT INTO user_tag (user_id, tag_id) VALUES ("137","46");
INSERT INTO user_tag (user_id, tag_id) VALUES ("137","10");
INSERT INTO user_tag (user_id, tag_id) VALUES ("137","30");
INSERT INTO user_tag (user_id, tag_id) VALUES ("137","48");
INSERT INTO user_tag (user_id, tag_id) VALUES ("137","7");
INSERT INTO user_tag (user_id, tag_id) VALUES ("137","30");
INSERT INTO user_tag (user_id, tag_id) VALUES ("137","37");
INSERT INTO user_tag (user_id, tag_id) VALUES ("137","50");
INSERT INTO user_tag (user_id, tag_id) VALUES ("137","31");
INSERT INTO user_tag (user_id, tag_id) VALUES ("137","15");
INSERT INTO user_tag (user_id, tag_id) VALUES ("137","48");

INSERT INTO connected (user_id, connect_date) VALUES ("137","2017-07-14 20:22:36");
INSERT INTO likes (like_id, liked_id, like_date) VALUES ("408","137","2017-03-25 11:41:46");
INSERT INTO likes (like_id, liked_id, like_date) VALUES ("135","137","2017-04-04 18:11:09");
INSERT INTO likes (like_id, liked_id, like_date) VALUES ("115","137","2017-03-04 21:02:36");
INSERT INTO likes (like_id, liked_id, like_date) VALUES ("485","137","2017-12-08 07:14:17");
INSERT INTO likes (like_id, liked_id, like_date) VALUES ("488","137","2018-01-24 19:10:43");
INSERT INTO views (viewer_id, viewed_id, view_date) VALUES ("311","137","2017-07-13 19:41:17");
INSERT INTO views (viewer_id, viewed_id, view_date) VALUES ("114","137","2017-08-20 04:12:01");
INSERT INTO views (viewer_id, viewed_id, view_date) VALUES ("174","137","2017-05-07 21:40:47");
INSERT INTO views (viewer_id, viewed_id, view_date) VALUES ("43","137","2017-09-16 22:57:06");
INSERT INTO views (viewer_id, viewed_id, view_date) VALUES ("49","137","2017-03-19 02:01:12");
INSERT INTO views (viewer_id, viewed_id, view_date) VALUES ("436","137","2017-05-23 05:14:11");
INSERT INTO views (viewer_id, viewed_id, view_date) VALUES ("312","137","2017-07-27 16:33:08");
INSERT INTO views (viewer_id, viewed_id, view_date) VALUES ("362","137","2017-04-11 04:16:27");
INSERT INTO views (viewer_id, viewed_id, view_date) VALUES ("9","137","2017-06-14 18:23:05");
INSERT INTO views (viewer_id, viewed_id, view_date) VALUES ("436","137","2017-11-26 10:36:42");
INSERT INTO views (viewer_id, viewed_id, view_date) VALUES ("478","137","2017-10-22 13:49:30");
INSERT INTO views (viewer_id, viewed_id, view_date) VALUES ("419","137","2017-04-17 14:53:49");
INSERT INTO views (viewer_id, viewed_id, view_date) VALUES ("22","137","2017-10-12 01:11:13");
INSERT INTO views (viewer_id, viewed_id, view_date) VALUES ("373","137","2017-04-25 08:26:46");
INSERT INTO views (viewer_id, viewed_id, view_date) VALUES ("70","137","2017-05-26 22:57:00");
INSERT INTO views (viewer_id, viewed_id, view_date) VALUES ("331","137","2017-02-25 18:38:08");
INSERT INTO views (viewer_id, viewed_id, view_date) VALUES ("53","137","2017-11-07 22:45:20");
INSERT INTO views (viewer_id, viewed_id, view_date) VALUES ("180","137","2017-07-30 17:45:04");
INSERT INTO views (viewer_id, viewed_id, view_date) VALUES ("250","137","2017-12-25 02:31:44");
INSERT INTO views (viewer_id, viewed_id, view_date) VALUES ("360","137","2017-12-21 12:08:54");
INSERT INTO views (viewer_id, viewed_id, view_date) VALUES ("323","137","2017-02-27 12:17:50");
INSERT INTO views (viewer_id, viewed_id, view_date) VALUES ("136","137","2017-07-09 12:14:56");


INSERT INTO user (id, first_name, last_name, username, email, password, birthdate, gender, orientation, bio, country, state, city, zip, file_1, file_2, file_3, file_4, file_5, score, token, token_date, active, register, created_at, updated_at) VALUES ("138","Karianne","Stroman","shanie98","bbeier@hotmail.com","$2y$10$NFWIHFiIrNOJhx4SDJ5B0eKCKScywxl7KvjhWI1cmVuSQpF/bgtVW","1964-07-05 02:09:06","1","1","Voluptatem nihil modi cum aut in consequatur enim. Suscipit porro eaque ut sit illum at. Vero dignissimos consequatur asperiores sed fuga voluptatum.","Cocos (Keeling) Islands","","Langworthtown","18696-4589","../fixtures/male3.jpg","../fixtures/male6.jpg","","","","59","b9e1596c0009f932c1688c4611652dab","1970-06-01 08:37:04","1","0","1986-09-26 06:36:29","1995-03-13 11:42:56");
INSERT INTO user_tag (user_id, tag_id) VALUES ("138","21");
INSERT INTO user_tag (user_id, tag_id) VALUES ("138","5");

INSERT INTO connected (user_id, connect_date) VALUES ("138","2017-10-25 03:55:38");
INSERT INTO likes (like_id, liked_id, like_date) VALUES ("375","138","2017-11-05 11:25:54");
INSERT INTO likes (like_id, liked_id, like_date) VALUES ("74","138","2017-09-03 13:56:46");
INSERT INTO likes (like_id, liked_id, like_date) VALUES ("379","138","2017-09-16 01:14:10");
INSERT INTO likes (like_id, liked_id, like_date) VALUES ("132","138","2017-07-10 06:11:28");
INSERT INTO likes (like_id, liked_id, like_date) VALUES ("86","138","2017-03-04 05:23:35");
INSERT INTO views (viewer_id, viewed_id, view_date) VALUES ("176","138","2017-03-24 04:32:19");
INSERT INTO views (viewer_id, viewed_id, view_date) VALUES ("74","138","2017-10-25 23:37:00");
INSERT INTO views (viewer_id, viewed_id, view_date) VALUES ("329","138","2017-05-28 04:50:46");
INSERT INTO views (viewer_id, viewed_id, view_date) VALUES ("123","138","2018-01-13 18:41:16");
INSERT INTO views (viewer_id, viewed_id, view_date) VALUES ("351","138","2018-02-05 13:19:10");
INSERT INTO views (viewer_id, viewed_id, view_date) VALUES ("28","138","2017-04-21 23:18:12");
INSERT INTO views (viewer_id, viewed_id, view_date) VALUES ("341","138","2018-02-09 08:58:25");
INSERT INTO views (viewer_id, viewed_id, view_date) VALUES ("360","138","2017-07-22 09:53:16");
INSERT INTO views (viewer_id, viewed_id, view_date) VALUES ("259","138","2018-01-10 23:31:37");
INSERT INTO views (viewer_id, viewed_id, view_date) VALUES ("17","138","2017-09-19 20:56:11");
INSERT INTO views (viewer_id, viewed_id, view_date) VALUES ("498","138","2017-06-24 08:21:30");
INSERT INTO views (viewer_id, viewed_id, view_date) VALUES ("269","138","2017-06-20 08:08:16");
INSERT INTO views (viewer_id, viewed_id, view_date) VALUES ("487","138","2017-09-28 01:09:07");
INSERT INTO views (viewer_id, viewed_id, view_date) VALUES ("7","138","2017-08-14 13:58:40");
INSERT INTO views (viewer_id, viewed_id, view_date) VALUES ("266","138","2017-06-11 18:52:10");
INSERT INTO views (viewer_id, viewed_id, view_date) VALUES ("364","138","2017-06-09 07:42:12");
INSERT INTO views (viewer_id, viewed_id, view_date) VALUES ("8","138","2017-10-13 20:24:40");
INSERT INTO views (viewer_id, viewed_id, view_date) VALUES ("1","138","2017-03-22 22:18:49");
INSERT INTO views (viewer_id, viewed_id, view_date) VALUES ("298","138","2018-01-15 00:12:24");
INSERT INTO views (viewer_id, viewed_id, view_date) VALUES ("234","138","2017-09-08 22:01:03");
INSERT INTO views (viewer_id, viewed_id, view_date) VALUES ("271","138","2017-10-15 23:22:28");
INSERT INTO views (viewer_id, viewed_id, view_date) VALUES ("383","138","2017-08-01 01:40:24");
INSERT INTO views (viewer_id, viewed_id, view_date) VALUES ("438","138","2017-05-06 14:51:59");
INSERT INTO views (viewer_id, viewed_id, view_date) VALUES ("79","138","2017-04-23 01:02:49");
INSERT INTO views (viewer_id, viewed_id, view_date) VALUES ("390","138","2017-10-29 11:47:36");
INSERT INTO views (viewer_id, viewed_id, view_date) VALUES ("350","138","2018-01-13 06:50:32");
INSERT INTO views (viewer_id, viewed_id, view_date) VALUES ("388","138","2017-07-16 04:51:34");
INSERT INTO views (viewer_id, viewed_id, view_date) VALUES ("104","138","2018-02-01 00:22:43");
INSERT INTO views (viewer_id, viewed_id, view_date) VALUES ("59","138","2017-08-04 09:30:47");
INSERT INTO views (viewer_id, viewed_id, view_date) VALUES ("256","138","2017-06-15 10:11:38");
INSERT INTO views (viewer_id, viewed_id, view_date) VALUES ("429","138","2017-11-05 04:27:03");
INSERT INTO views (viewer_id, viewed_id, view_date) VALUES ("132","138","2017-12-23 06:01:04");
INSERT INTO views (viewer_id, viewed_id, view_date) VALUES ("258","138","2017-07-16 23:37:46");
INSERT INTO views (viewer_id, viewed_id, view_date) VALUES ("156","138","2017-08-30 02:49:52");


INSERT INTO user (id, first_name, last_name, username, email, password, birthdate, gender, orientation, bio, country, state, city, zip, file_1, file_2, file_3, file_4, file_5, score, token, token_date, active, register, created_at, updated_at) VALUES ("139","Virgil","Turcotte","eshields","gerlach.norma@mayert.info","$2y$10$NPxqPYOoHSphrmTBf/v4q.SitnKaQCaKB5ampmFHOWGVU3zyHLcr2","1982-04-07 09:09:29","1","2","Labore et itaque enim dolor. Quis voluptatem sed voluptatibus fugit. Quia tempora voluptatibus eos reiciendis qui.","Lao People's Democratic Republic","","Emmaland","52941-8541","../fixtures/male6.jpg","../fixtures/male10.jpg","../fixtures/male1.jpg","","","2","4158a2a98ce502954eba6fe86eb28311","1997-08-12 22:59:03","1","0","1996-03-24 02:19:09","2004-03-13 03:49:30");
INSERT INTO user_tag (user_id, tag_id) VALUES ("139","27");
INSERT INTO user_tag (user_id, tag_id) VALUES ("139","46");
INSERT INTO user_tag (user_id, tag_id) VALUES ("139","12");
INSERT INTO user_tag (user_id, tag_id) VALUES ("139","6");
INSERT INTO user_tag (user_id, tag_id) VALUES ("139","49");
INSERT INTO user_tag (user_id, tag_id) VALUES ("139","11");
INSERT INTO user_tag (user_id, tag_id) VALUES ("139","30");
INSERT INTO user_tag (user_id, tag_id) VALUES ("139","19");
INSERT INTO user_tag (user_id, tag_id) VALUES ("139","19");
INSERT INTO user_tag (user_id, tag_id) VALUES ("139","30");
INSERT INTO user_tag (user_id, tag_id) VALUES ("139","27");
INSERT INTO user_tag (user_id, tag_id) VALUES ("139","33");
INSERT INTO user_tag (user_id, tag_id) VALUES ("139","1");
INSERT INTO user_tag (user_id, tag_id) VALUES ("139","13");
INSERT INTO user_tag (user_id, tag_id) VALUES ("139","2");

INSERT INTO connected (user_id, connect_date) VALUES ("139","2017-07-02 00:11:40");
INSERT INTO likes (like_id, liked_id, like_date) VALUES ("411","139","2017-04-01 07:35:15");
INSERT INTO likes (like_id, liked_id, like_date) VALUES ("444","139","2017-03-03 01:51:58");
INSERT INTO likes (like_id, liked_id, like_date) VALUES ("212","139","2017-04-26 01:54:46");
INSERT INTO likes (like_id, liked_id, like_date) VALUES ("122","139","2017-07-09 05:22:05");
INSERT INTO likes (like_id, liked_id, like_date) VALUES ("121","139","2017-03-29 02:20:54");
INSERT INTO likes (like_id, liked_id, like_date) VALUES ("122","139","2017-10-27 00:58:32");
INSERT INTO likes (like_id, liked_id, like_date) VALUES ("16","139","2017-06-27 20:22:19");
INSERT INTO likes (like_id, liked_id, like_date) VALUES ("342","139","2017-07-23 17:02:06");
INSERT INTO likes (like_id, liked_id, like_date) VALUES ("430","139","2018-01-06 19:58:22");
INSERT INTO likes (like_id, liked_id, like_date) VALUES ("56","139","2017-04-17 03:51:01");
INSERT INTO views (viewer_id, viewed_id, view_date) VALUES ("131","139","2017-09-09 02:58:00");
INSERT INTO views (viewer_id, viewed_id, view_date) VALUES ("183","139","2018-01-28 22:20:55");
INSERT INTO views (viewer_id, viewed_id, view_date) VALUES ("62","139","2017-03-08 05:20:57");
INSERT INTO views (viewer_id, viewed_id, view_date) VALUES ("223","139","2017-09-06 11:26:19");
INSERT INTO views (viewer_id, viewed_id, view_date) VALUES ("192","139","2017-04-27 01:29:14");
INSERT INTO views (viewer_id, viewed_id, view_date) VALUES ("89","139","2018-01-02 22:53:19");
INSERT INTO views (viewer_id, viewed_id, view_date) VALUES ("259","139","2017-09-24 14:14:46");
INSERT INTO views (viewer_id, viewed_id, view_date) VALUES ("47","139","2018-01-12 17:36:34");
INSERT INTO views (viewer_id, viewed_id, view_date) VALUES ("218","139","2017-06-19 23:06:34");
INSERT INTO views (viewer_id, viewed_id, view_date) VALUES ("76","139","2017-09-09 19:32:55");
INSERT INTO views (viewer_id, viewed_id, view_date) VALUES ("4","139","2017-12-25 18:18:10");
INSERT INTO views (viewer_id, viewed_id, view_date) VALUES ("383","139","2017-04-07 22:56:35");
INSERT INTO views (viewer_id, viewed_id, view_date) VALUES ("204","139","2017-09-10 00:09:15");
INSERT INTO views (viewer_id, viewed_id, view_date) VALUES ("392","139","2017-10-03 06:35:31");
INSERT INTO views (viewer_id, viewed_id, view_date) VALUES ("205","139","2017-08-17 03:02:59");
INSERT INTO views (viewer_id, viewed_id, view_date) VALUES ("307","139","2017-04-11 09:45:36");
INSERT INTO views (viewer_id, viewed_id, view_date) VALUES ("38","139","2017-02-17 23:43:42");
INSERT INTO views (viewer_id, viewed_id, view_date) VALUES ("12","139","2017-03-17 09:16:29");
INSERT INTO views (viewer_id, viewed_id, view_date) VALUES ("66","139","2017-11-09 01:15:45");
INSERT INTO views (viewer_id, viewed_id, view_date) VALUES ("393","139","2017-12-15 16:31:49");
INSERT INTO views (viewer_id, viewed_id, view_date) VALUES ("267","139","2017-11-07 01:28:52");
INSERT INTO views (viewer_id, viewed_id, view_date) VALUES ("366","139","2017-12-26 00:38:59");
INSERT INTO views (viewer_id, viewed_id, view_date) VALUES ("500","139","2017-10-14 00:32:29");
INSERT INTO views (viewer_id, viewed_id, view_date) VALUES ("228","139","2017-03-13 15:16:29");
INSERT INTO views (viewer_id, viewed_id, view_date) VALUES ("16","139","2018-01-14 10:45:59");
INSERT INTO views (viewer_id, viewed_id, view_date) VALUES ("417","139","2018-01-23 23:22:20");
INSERT INTO views (viewer_id, viewed_id, view_date) VALUES ("91","139","2017-09-17 12:01:56");
INSERT INTO views (viewer_id, viewed_id, view_date) VALUES ("197","139","2018-01-21 18:17:04");


INSERT INTO user (id, first_name, last_name, username, email, password, birthdate, gender, orientation, bio, country, state, city, zip, file_1, file_2, file_3, file_4, file_5, score, token, token_date, active, register, created_at, updated_at) VALUES ("140","Kailyn","Dach","isacrowe","gislason.esta@hotmail.com","$2y$10$DnbO/RrRpoHrLv/S0Y.q5.ic3XDvpsikqON67nnxljAP0GQRTcZRu","1979-06-12 23:23:29","1","1","Reprehenderit non ipsa excepturi quod libero sunt pariatur. Sint ex velit tempore a libero.","United Arab Emirates","","Gaylordberg","83585-7528","../fixtures/male2.jpg","../fixtures/male7.jpg","","","","72","8893ec6c865c9836dca77a2ae41e352e","2002-08-15 04:58:16","1","1","1995-01-11 09:28:50","1994-11-21 22:51:29");
INSERT INTO user_tag (user_id, tag_id) VALUES ("140","10");
INSERT INTO user_tag (user_id, tag_id) VALUES ("140","37");
INSERT INTO user_tag (user_id, tag_id) VALUES ("140","4");
INSERT INTO user_tag (user_id, tag_id) VALUES ("140","12");
INSERT INTO user_tag (user_id, tag_id) VALUES ("140","16");
INSERT INTO user_tag (user_id, tag_id) VALUES ("140","18");
INSERT INTO user_tag (user_id, tag_id) VALUES ("140","37");
INSERT INTO user_tag (user_id, tag_id) VALUES ("140","33");
INSERT INTO user_tag (user_id, tag_id) VALUES ("140","25");
INSERT INTO user_tag (user_id, tag_id) VALUES ("140","40");

INSERT INTO connected (user_id, connect_date) VALUES ("140","2017-07-24 12:03:03");
INSERT INTO likes (like_id, liked_id, like_date) VALUES ("339","140","2017-04-21 19:42:20");
INSERT INTO likes (like_id, liked_id, like_date) VALUES ("479","140","2017-03-31 05:17:47");
INSERT INTO likes (like_id, liked_id, like_date) VALUES ("53","140","2017-10-07 11:49:22");
INSERT INTO likes (like_id, liked_id, like_date) VALUES ("89","140","2017-07-08 00:23:25");
INSERT INTO likes (like_id, liked_id, like_date) VALUES ("286","140","2017-11-12 13:23:53");
INSERT INTO likes (like_id, liked_id, like_date) VALUES ("86","140","2017-10-11 11:13:57");
INSERT INTO likes (like_id, liked_id, like_date) VALUES ("303","140","2017-03-16 09:56:36");
INSERT INTO likes (like_id, liked_id, like_date) VALUES ("244","140","2017-06-28 01:35:32");
INSERT INTO likes (like_id, liked_id, like_date) VALUES ("200","140","2017-04-01 09:44:10");
INSERT INTO likes (like_id, liked_id, like_date) VALUES ("106","140","2017-02-21 19:48:12");
INSERT INTO views (viewer_id, viewed_id, view_date) VALUES ("186","140","2017-04-30 05:50:18");
INSERT INTO views (viewer_id, viewed_id, view_date) VALUES ("336","140","2017-06-29 11:15:23");
INSERT INTO views (viewer_id, viewed_id, view_date) VALUES ("404","140","2017-04-18 07:22:00");
INSERT INTO views (viewer_id, viewed_id, view_date) VALUES ("348","140","2017-04-03 19:53:07");
INSERT INTO views (viewer_id, viewed_id, view_date) VALUES ("438","140","2017-08-01 07:35:12");
INSERT INTO views (viewer_id, viewed_id, view_date) VALUES ("475","140","2017-05-02 23:27:47");
INSERT INTO views (viewer_id, viewed_id, view_date) VALUES ("146","140","2018-02-13 17:48:11");
INSERT INTO views (viewer_id, viewed_id, view_date) VALUES ("221","140","2017-11-29 14:10:27");
INSERT INTO views (viewer_id, viewed_id, view_date) VALUES ("151","140","2017-05-20 04:53:42");


INSERT INTO user (id, first_name, last_name, username, email, password, birthdate, gender, orientation, bio, country, state, city, zip, file_1, file_2, file_3, file_4, file_5, score, token, token_date, active, register, created_at, updated_at) VALUES ("141","Diamond","O'Connell","salliekoch","leannon.mabel@hotmail.com","$2y$10$muzmH9HbNvPAtn8QB/uaruRqR/2inJKD/6/8Jg6h6e/hAuABBLuPi","1978-01-03 10:06:17","1","3","Consequatur ut non aut sint eum optio voluptatem. Excepturi accusantium distinctio saepe. Autem sunt qui nemo et eligendi pariatur ratione consequatur. In unde tempore neque ipsa magnam pariatur eos.","Guernsey","","O'Connerstad","79265-6133","../fixtures/male9.jpg","../fixtures/male3.jpg","../fixtures/male4.jpg","../fixtures/male10.jpg","../fixtures/male5.jpg","75","e039e69a9abab18a116874dc6a1c336c","1976-02-03 00:49:04","0","0","2017-07-02 07:01:24","1991-08-20 23:20:14");
INSERT INTO user_tag (user_id, tag_id) VALUES ("141","49");
INSERT INTO user_tag (user_id, tag_id) VALUES ("141","6");
INSERT INTO user_tag (user_id, tag_id) VALUES ("141","7");
INSERT INTO user_tag (user_id, tag_id) VALUES ("141","37");
INSERT INTO user_tag (user_id, tag_id) VALUES ("141","21");
INSERT INTO user_tag (user_id, tag_id) VALUES ("141","19");
INSERT INTO user_tag (user_id, tag_id) VALUES ("141","29");
INSERT INTO user_tag (user_id, tag_id) VALUES ("141","3");
INSERT INTO user_tag (user_id, tag_id) VALUES ("141","14");
INSERT INTO user_tag (user_id, tag_id) VALUES ("141","30");
INSERT INTO user_tag (user_id, tag_id) VALUES ("141","42");
INSERT INTO user_tag (user_id, tag_id) VALUES ("141","3");

INSERT INTO connected (user_id, connect_date) VALUES ("141","2017-06-26 14:13:11");
INSERT INTO likes (like_id, liked_id, like_date) VALUES ("6","141","2017-11-23 15:02:28");
INSERT INTO likes (like_id, liked_id, like_date) VALUES ("242","141","2018-01-16 02:30:25");
INSERT INTO views (viewer_id, viewed_id, view_date) VALUES ("280","141","2018-02-15 10:03:58");
INSERT INTO views (viewer_id, viewed_id, view_date) VALUES ("429","141","2017-09-24 04:20:46");
INSERT INTO views (viewer_id, viewed_id, view_date) VALUES ("331","141","2018-02-11 19:27:18");
INSERT INTO views (viewer_id, viewed_id, view_date) VALUES ("4","141","2017-09-02 01:10:19");
INSERT INTO views (viewer_id, viewed_id, view_date) VALUES ("385","141","2017-10-19 09:56:28");
INSERT INTO views (viewer_id, viewed_id, view_date) VALUES ("478","141","2017-10-05 17:47:31");
INSERT INTO views (viewer_id, viewed_id, view_date) VALUES ("470","141","2017-12-06 03:26:10");
INSERT INTO views (viewer_id, viewed_id, view_date) VALUES ("368","141","2018-01-04 00:28:50");
INSERT INTO views (viewer_id, viewed_id, view_date) VALUES ("98","141","2017-04-09 20:17:07");
INSERT INTO views (viewer_id, viewed_id, view_date) VALUES ("18","141","2017-05-17 20:30:06");
INSERT INTO views (viewer_id, viewed_id, view_date) VALUES ("120","141","2017-09-26 00:18:00");
INSERT INTO views (viewer_id, viewed_id, view_date) VALUES ("208","141","2017-09-11 16:22:40");
INSERT INTO views (viewer_id, viewed_id, view_date) VALUES ("167","141","2017-07-02 03:59:56");
INSERT INTO views (viewer_id, viewed_id, view_date) VALUES ("448","141","2018-01-14 09:04:14");
INSERT INTO views (viewer_id, viewed_id, view_date) VALUES ("424","141","2017-12-20 00:25:58");
INSERT INTO views (viewer_id, viewed_id, view_date) VALUES ("1","141","2017-11-19 23:18:48");
INSERT INTO views (viewer_id, viewed_id, view_date) VALUES ("109","141","2017-10-18 05:12:36");
INSERT INTO views (viewer_id, viewed_id, view_date) VALUES ("253","141","2017-09-08 12:51:43");
INSERT INTO views (viewer_id, viewed_id, view_date) VALUES ("440","141","2017-08-15 19:14:46");


INSERT INTO user (id, first_name, last_name, username, email, password, birthdate, gender, orientation, bio, country, state, city, zip, file_1, file_2, file_3, file_4, file_5, score, token, token_date, active, register, created_at, updated_at) VALUES ("142","Emma","Morar","thurman72","lgislason@gmail.com","$2y$10$2P.CVM.oCz0BMm.fOiXuXeBPgS9WpwsgCboCUiBBn1Vo06brGzcyC","1954-06-08 18:47:22","1","3","Quos et expedita corrupti rem. Iusto qui rerum ut aliquam est facere vero. Expedita non nulla eligendi nobis. Sunt fugiat iusto quas incidunt at. Aut consectetur et architecto ipsa eos deleniti et.","Mongolia","","South Watson","62143-1417","../fixtures/male3.jpg","../fixtures/male1.jpg","","","","93","c68cabb125bb56a6e89a9e70ad67b7f6","2002-04-13 20:15:02","0","0","1986-10-31 15:06:17","1992-11-24 07:40:07");
INSERT INTO user_tag (user_id, tag_id) VALUES ("142","4");
INSERT INTO user_tag (user_id, tag_id) VALUES ("142","37");
INSERT INTO user_tag (user_id, tag_id) VALUES ("142","49");
INSERT INTO user_tag (user_id, tag_id) VALUES ("142","19");
INSERT INTO user_tag (user_id, tag_id) VALUES ("142","31");
INSERT INTO user_tag (user_id, tag_id) VALUES ("142","19");
INSERT INTO user_tag (user_id, tag_id) VALUES ("142","34");
INSERT INTO user_tag (user_id, tag_id) VALUES ("142","5");
INSERT INTO user_tag (user_id, tag_id) VALUES ("142","8");
INSERT INTO user_tag (user_id, tag_id) VALUES ("142","36");
INSERT INTO user_tag (user_id, tag_id) VALUES ("142","15");
INSERT INTO user_tag (user_id, tag_id) VALUES ("142","1");
INSERT INTO user_tag (user_id, tag_id) VALUES ("142","38");

INSERT INTO connected (user_id, connect_date) VALUES ("142","2017-11-02 16:11:42");
INSERT INTO likes (like_id, liked_id, like_date) VALUES ("309","142","2017-05-10 10:25:26");
INSERT INTO likes (like_id, liked_id, like_date) VALUES ("70","142","2017-12-14 12:14:16");
INSERT INTO likes (like_id, liked_id, like_date) VALUES ("112","142","2017-02-18 22:11:36");
INSERT INTO views (viewer_id, viewed_id, view_date) VALUES ("227","142","2017-11-18 15:28:36");
INSERT INTO views (viewer_id, viewed_id, view_date) VALUES ("75","142","2018-02-02 23:20:11");
INSERT INTO views (viewer_id, viewed_id, view_date) VALUES ("2","142","2017-02-22 11:56:18");
INSERT INTO views (viewer_id, viewed_id, view_date) VALUES ("429","142","2017-03-28 11:28:46");
INSERT INTO views (viewer_id, viewed_id, view_date) VALUES ("369","142","2017-12-21 06:27:07");
INSERT INTO views (viewer_id, viewed_id, view_date) VALUES ("188","142","2017-02-19 01:55:38");
INSERT INTO views (viewer_id, viewed_id, view_date) VALUES ("419","142","2017-09-21 08:13:46");
INSERT INTO views (viewer_id, viewed_id, view_date) VALUES ("207","142","2017-11-02 19:34:24");
INSERT INTO views (viewer_id, viewed_id, view_date) VALUES ("101","142","2018-01-09 19:19:56");
INSERT INTO views (viewer_id, viewed_id, view_date) VALUES ("359","142","2017-05-31 02:35:18");
INSERT INTO views (viewer_id, viewed_id, view_date) VALUES ("364","142","2017-08-29 04:27:21");
INSERT INTO views (viewer_id, viewed_id, view_date) VALUES ("95","142","2017-10-10 04:57:03");
INSERT INTO views (viewer_id, viewed_id, view_date) VALUES ("446","142","2017-09-30 19:03:58");
INSERT INTO views (viewer_id, viewed_id, view_date) VALUES ("345","142","2017-11-20 11:11:01");
INSERT INTO views (viewer_id, viewed_id, view_date) VALUES ("49","142","2017-11-18 19:54:31");
INSERT INTO views (viewer_id, viewed_id, view_date) VALUES ("156","142","2017-06-12 14:53:02");
INSERT INTO views (viewer_id, viewed_id, view_date) VALUES ("208","142","2017-10-18 21:39:06");
INSERT INTO views (viewer_id, viewed_id, view_date) VALUES ("185","142","2017-12-06 09:31:03");
INSERT INTO views (viewer_id, viewed_id, view_date) VALUES ("427","142","2018-01-22 18:36:52");


INSERT INTO user (id, first_name, last_name, username, email, password, birthdate, gender, orientation, bio, country, state, city, zip, file_1, file_2, file_3, file_4, file_5, score, token, token_date, active, register, created_at, updated_at) VALUES ("143","Godfrey","Denesik","oharapearl","lind.dana@williamson.info","$2y$10$H31yRY6O/x/g/hj6o.aJZeCaQfxjca7tYACvIeAWQthimkY.ByyS6","1953-09-06 22:46:43","2","2","Ducimus facere illum quas ducimus est qui. Voluptas repellendus et non fugit nisi recusandae qui. Ad voluptas voluptatum aut omnis. Tenetur voluptatibus ea quis velit voluptas.","Saint Vincent and the Grenadines","","Darenland","39977","../fixtures/female9.jpg","","","","","38","91d526e3ca0c0c5605a4e395c09f3e39","1989-11-04 14:05:04","0","0","1996-03-20 07:17:55","1975-07-31 06:56:26");
INSERT INTO user_tag (user_id, tag_id) VALUES ("143","6");
INSERT INTO user_tag (user_id, tag_id) VALUES ("143","28");
INSERT INTO user_tag (user_id, tag_id) VALUES ("143","45");
INSERT INTO user_tag (user_id, tag_id) VALUES ("143","1");
INSERT INTO user_tag (user_id, tag_id) VALUES ("143","29");
INSERT INTO user_tag (user_id, tag_id) VALUES ("143","12");
INSERT INTO user_tag (user_id, tag_id) VALUES ("143","42");
INSERT INTO user_tag (user_id, tag_id) VALUES ("143","9");
INSERT INTO user_tag (user_id, tag_id) VALUES ("143","30");
INSERT INTO user_tag (user_id, tag_id) VALUES ("143","12");
INSERT INTO user_tag (user_id, tag_id) VALUES ("143","11");

INSERT INTO connected (user_id, connect_date) VALUES ("143","2017-04-03 02:48:23");
INSERT INTO likes (like_id, liked_id, like_date) VALUES ("353","143","2017-07-31 21:31:13");
INSERT INTO views (viewer_id, viewed_id, view_date) VALUES ("269","143","2017-04-18 09:21:49");
INSERT INTO views (viewer_id, viewed_id, view_date) VALUES ("60","143","2017-08-24 07:37:43");
INSERT INTO views (viewer_id, viewed_id, view_date) VALUES ("414","143","2017-10-04 09:40:21");
INSERT INTO views (viewer_id, viewed_id, view_date) VALUES ("38","143","2017-06-17 16:55:07");
INSERT INTO views (viewer_id, viewed_id, view_date) VALUES ("2","143","2017-04-30 09:41:24");
INSERT INTO views (viewer_id, viewed_id, view_date) VALUES ("92","143","2017-06-04 17:17:41");
INSERT INTO views (viewer_id, viewed_id, view_date) VALUES ("109","143","2017-08-21 09:59:28");
INSERT INTO views (viewer_id, viewed_id, view_date) VALUES ("312","143","2017-03-03 21:44:00");
INSERT INTO views (viewer_id, viewed_id, view_date) VALUES ("438","143","2017-12-12 08:17:45");
INSERT INTO views (viewer_id, viewed_id, view_date) VALUES ("275","143","2017-05-26 17:25:08");
INSERT INTO views (viewer_id, viewed_id, view_date) VALUES ("287","143","2017-07-17 22:58:06");
INSERT INTO views (viewer_id, viewed_id, view_date) VALUES ("130","143","2017-09-24 19:38:08");
INSERT INTO views (viewer_id, viewed_id, view_date) VALUES ("484","143","2018-02-14 02:06:45");
INSERT INTO views (viewer_id, viewed_id, view_date) VALUES ("11","143","2017-12-30 21:19:50");
INSERT INTO views (viewer_id, viewed_id, view_date) VALUES ("2","143","2017-04-28 07:04:33");
INSERT INTO views (viewer_id, viewed_id, view_date) VALUES ("417","143","2018-02-05 01:34:54");
INSERT INTO views (viewer_id, viewed_id, view_date) VALUES ("235","143","2017-07-04 10:16:27");
INSERT INTO views (viewer_id, viewed_id, view_date) VALUES ("89","143","2017-06-20 09:09:36");
INSERT INTO views (viewer_id, viewed_id, view_date) VALUES ("31","143","2017-05-02 04:03:22");
INSERT INTO views (viewer_id, viewed_id, view_date) VALUES ("223","143","2017-10-14 02:47:58");
INSERT INTO views (viewer_id, viewed_id, view_date) VALUES ("378","143","2017-08-01 13:47:04");


INSERT INTO user (id, first_name, last_name, username, email, password, birthdate, gender, orientation, bio, country, state, city, zip, file_1, file_2, file_3, file_4, file_5, score, token, token_date, active, register, created_at, updated_at) VALUES ("144","Isabell","Kling","zboncakconsuelo","dillon.carroll@hotmail.com","$2y$10$uorVn65G.tdaz6UUfcy0de4Ct932U3I7XncSwDLMyp3T.Cbj7PINa","1992-03-12 00:16:39","2","3","Consequatur numquam quos iusto non aut optio. Et et aspernatur deserunt ab aut. Et ut adipisci repellendus alias. Maiores tempora officiis provident omnis autem est voluptatum voluptatem.","Nicaragua","","North Naomie","90525","../fixtures/female7.jpg","../fixtures/female5.jpg","","","","66","f0f131c1cd7b4461015fdbc2fdde2677","2005-10-18 15:31:25","1","1","2014-03-10 16:37:05","2008-12-19 07:31:55");
INSERT INTO user_tag (user_id, tag_id) VALUES ("144","42");
INSERT INTO user_tag (user_id, tag_id) VALUES ("144","33");
INSERT INTO user_tag (user_id, tag_id) VALUES ("144","9");

INSERT INTO connected (user_id, connect_date) VALUES ("144","2017-10-30 23:45:35");
INSERT INTO likes (like_id, liked_id, like_date) VALUES ("173","144","2017-11-06 05:46:17");
INSERT INTO likes (like_id, liked_id, like_date) VALUES ("113","144","2018-02-01 20:00:44");
INSERT INTO likes (like_id, liked_id, like_date) VALUES ("173","144","2017-05-15 13:15:02");
INSERT INTO likes (like_id, liked_id, like_date) VALUES ("229","144","2017-06-12 15:07:04");
INSERT INTO views (viewer_id, viewed_id, view_date) VALUES ("351","144","2017-04-28 07:11:02");
INSERT INTO views (viewer_id, viewed_id, view_date) VALUES ("54","144","2017-07-14 16:05:49");
INSERT INTO views (viewer_id, viewed_id, view_date) VALUES ("450","144","2017-10-13 16:47:15");
INSERT INTO views (viewer_id, viewed_id, view_date) VALUES ("67","144","2018-01-24 22:27:34");
INSERT INTO views (viewer_id, viewed_id, view_date) VALUES ("355","144","2017-04-08 14:12:10");
INSERT INTO views (viewer_id, viewed_id, view_date) VALUES ("37","144","2017-10-13 20:19:18");
INSERT INTO views (viewer_id, viewed_id, view_date) VALUES ("471","144","2017-08-30 15:24:07");
INSERT INTO views (viewer_id, viewed_id, view_date) VALUES ("135","144","2018-01-06 10:32:58");
INSERT INTO views (viewer_id, viewed_id, view_date) VALUES ("362","144","2017-03-18 03:15:52");
INSERT INTO views (viewer_id, viewed_id, view_date) VALUES ("142","144","2017-06-09 15:03:01");
INSERT INTO views (viewer_id, viewed_id, view_date) VALUES ("190","144","2017-12-23 18:44:58");
INSERT INTO views (viewer_id, viewed_id, view_date) VALUES ("407","144","2017-07-23 06:09:26");
INSERT INTO views (viewer_id, viewed_id, view_date) VALUES ("464","144","2017-03-26 04:41:42");
INSERT INTO views (viewer_id, viewed_id, view_date) VALUES ("382","144","2017-12-12 15:02:56");
INSERT INTO views (viewer_id, viewed_id, view_date) VALUES ("315","144","2017-03-21 22:27:03");
INSERT INTO views (viewer_id, viewed_id, view_date) VALUES ("349","144","2017-11-08 21:42:32");
INSERT INTO views (viewer_id, viewed_id, view_date) VALUES ("122","144","2017-09-09 03:48:27");
INSERT INTO views (viewer_id, viewed_id, view_date) VALUES ("492","144","2017-09-08 20:09:14");
INSERT INTO views (viewer_id, viewed_id, view_date) VALUES ("152","144","2017-11-07 21:52:41");
INSERT INTO views (viewer_id, viewed_id, view_date) VALUES ("36","144","2017-07-30 05:50:58");
INSERT INTO views (viewer_id, viewed_id, view_date) VALUES ("434","144","2017-06-19 01:18:13");
INSERT INTO views (viewer_id, viewed_id, view_date) VALUES ("207","144","2017-03-24 02:19:54");
INSERT INTO views (viewer_id, viewed_id, view_date) VALUES ("338","144","2017-08-24 02:55:12");


INSERT INTO user (id, first_name, last_name, username, email, password, birthdate, gender, orientation, bio, country, state, city, zip, file_1, file_2, file_3, file_4, file_5, score, token, token_date, active, register, created_at, updated_at) VALUES ("145","Deja","Roberts","wunschrudy","dvolkman@yahoo.com","$2y$10$gjXBjyd7DjV/LRmAwGQ7iO8xsZu4xrYh0l9McbGg5KP/Et7BAmFxW","1954-07-13 10:51:40","1","3","Eius rerum id modi ipsum odio aut facilis laborum. Excepturi quibusdam velit quia earum. Reiciendis voluptatem repellendus minima et eos dolorum. Dolorum saepe excepturi odio voluptatem velit debitis sapiente.","Turkey","","Lake Elsie","08272","../fixtures/male5.jpg","../fixtures/male2.jpg","../fixtures/male8.jpg","../fixtures/male8.jpg","../fixtures/male3.jpg","37","19f993fc03d33a540b3ab6fea77840d5","2000-02-11 06:57:32","0","0","2011-01-20 08:15:21","1988-09-15 23:31:04");
INSERT INTO user_tag (user_id, tag_id) VALUES ("145","5");
INSERT INTO user_tag (user_id, tag_id) VALUES ("145","39");
INSERT INTO user_tag (user_id, tag_id) VALUES ("145","21");
INSERT INTO user_tag (user_id, tag_id) VALUES ("145","43");
INSERT INTO user_tag (user_id, tag_id) VALUES ("145","33");
INSERT INTO user_tag (user_id, tag_id) VALUES ("145","17");
INSERT INTO user_tag (user_id, tag_id) VALUES ("145","27");
INSERT INTO user_tag (user_id, tag_id) VALUES ("145","42");
INSERT INTO user_tag (user_id, tag_id) VALUES ("145","8");
INSERT INTO user_tag (user_id, tag_id) VALUES ("145","42");
INSERT INTO user_tag (user_id, tag_id) VALUES ("145","25");
INSERT INTO user_tag (user_id, tag_id) VALUES ("145","19");
INSERT INTO user_tag (user_id, tag_id) VALUES ("145","11");
INSERT INTO user_tag (user_id, tag_id) VALUES ("145","29");
INSERT INTO user_tag (user_id, tag_id) VALUES ("145","35");

INSERT INTO connected (user_id, connect_date) VALUES ("145","2017-03-30 00:00:10");
INSERT INTO likes (like_id, liked_id, like_date) VALUES ("166","145","2018-01-12 20:28:35");
INSERT INTO likes (like_id, liked_id, like_date) VALUES ("269","145","2017-06-23 18:04:41");
INSERT INTO likes (like_id, liked_id, like_date) VALUES ("31","145","2017-05-22 04:03:42");
INSERT INTO likes (like_id, liked_id, like_date) VALUES ("457","145","2017-03-06 04:25:57");
INSERT INTO likes (like_id, liked_id, like_date) VALUES ("171","145","2018-02-14 09:49:43");
INSERT INTO views (viewer_id, viewed_id, view_date) VALUES ("46","145","2017-09-22 22:22:43");
INSERT INTO views (viewer_id, viewed_id, view_date) VALUES ("195","145","2017-06-15 19:00:19");
INSERT INTO views (viewer_id, viewed_id, view_date) VALUES ("164","145","2017-05-25 13:13:44");
INSERT INTO views (viewer_id, viewed_id, view_date) VALUES ("39","145","2018-01-22 10:51:39");
INSERT INTO views (viewer_id, viewed_id, view_date) VALUES ("450","145","2017-07-13 19:03:22");
INSERT INTO views (viewer_id, viewed_id, view_date) VALUES ("492","145","2017-02-28 23:55:29");
INSERT INTO views (viewer_id, viewed_id, view_date) VALUES ("228","145","2017-12-29 11:31:04");
INSERT INTO views (viewer_id, viewed_id, view_date) VALUES ("269","145","2017-05-03 09:54:48");
INSERT INTO views (viewer_id, viewed_id, view_date) VALUES ("49","145","2017-12-12 02:20:41");
INSERT INTO views (viewer_id, viewed_id, view_date) VALUES ("312","145","2017-07-25 18:44:55");
INSERT INTO views (viewer_id, viewed_id, view_date) VALUES ("307","145","2017-05-07 12:41:16");
INSERT INTO views (viewer_id, viewed_id, view_date) VALUES ("4","145","2017-03-10 01:26:11");
INSERT INTO views (viewer_id, viewed_id, view_date) VALUES ("160","145","2017-06-13 22:27:51");
INSERT INTO views (viewer_id, viewed_id, view_date) VALUES ("417","145","2017-05-03 02:35:09");
INSERT INTO views (viewer_id, viewed_id, view_date) VALUES ("119","145","2017-04-23 03:23:20");
INSERT INTO views (viewer_id, viewed_id, view_date) VALUES ("206","145","2017-08-22 00:35:27");
INSERT INTO views (viewer_id, viewed_id, view_date) VALUES ("296","145","2017-08-29 08:08:22");
INSERT INTO views (viewer_id, viewed_id, view_date) VALUES ("197","145","2017-07-25 23:56:37");
INSERT INTO views (viewer_id, viewed_id, view_date) VALUES ("395","145","2017-07-10 15:46:07");


INSERT INTO user (id, first_name, last_name, username, email, password, birthdate, gender, orientation, bio, country, state, city, zip, file_1, file_2, file_3, file_4, file_5, score, token, token_date, active, register, created_at, updated_at) VALUES ("146","Britney","Ankunding","nturner","oberbrunner.van@prosacco.com","$2y$10$RlF3NseSQiCih9YVJpcdF.N87MJpnHku06pI5esSFUUbUkukEJrze","1974-03-21 12:01:23","1","3","Illum provident sint soluta ea ad. Eius aut ut nam fugiat doloribus voluptatem quos. Ipsam rem tempore sint et. Ab aut magnam ut delectus sint.","Central African Republic","","Warrenmouth","40136","../fixtures/male4.jpg","../fixtures/male8.jpg","../fixtures/male9.jpg","../fixtures/male7.jpg","../fixtures/male5.jpg","10","f570f93e556adebd77d820788c76344f","1978-08-06 09:48:31","0","0","2004-01-07 20:59:52","2003-08-21 02:14:45");
INSERT INTO user_tag (user_id, tag_id) VALUES ("146","27");
INSERT INTO user_tag (user_id, tag_id) VALUES ("146","19");
INSERT INTO user_tag (user_id, tag_id) VALUES ("146","13");

INSERT INTO connected (user_id, connect_date) VALUES ("146","2017-10-10 08:35:58");
INSERT INTO likes (like_id, liked_id, like_date) VALUES ("112","146","2017-03-14 02:00:59");
INSERT INTO likes (like_id, liked_id, like_date) VALUES ("481","146","2017-09-25 19:11:23");
INSERT INTO likes (like_id, liked_id, like_date) VALUES ("117","146","2017-02-21 15:17:08");
INSERT INTO likes (like_id, liked_id, like_date) VALUES ("28","146","2017-08-09 10:33:07");
INSERT INTO likes (like_id, liked_id, like_date) VALUES ("270","146","2017-03-18 01:27:01");
INSERT INTO likes (like_id, liked_id, like_date) VALUES ("212","146","2017-09-25 00:26:56");
INSERT INTO likes (like_id, liked_id, like_date) VALUES ("269","146","2017-05-16 11:00:37");
INSERT INTO likes (like_id, liked_id, like_date) VALUES ("290","146","2017-12-05 21:53:38");
INSERT INTO likes (like_id, liked_id, like_date) VALUES ("69","146","2017-06-12 23:35:32");
INSERT INTO likes (like_id, liked_id, like_date) VALUES ("291","146","2017-09-27 16:02:18");
INSERT INTO likes (like_id, liked_id, like_date) VALUES ("409","146","2017-06-04 16:10:59");
INSERT INTO likes (like_id, liked_id, like_date) VALUES ("368","146","2017-12-03 15:04:22");
INSERT INTO likes (like_id, liked_id, like_date) VALUES ("432","146","2017-04-16 12:12:22");
INSERT INTO likes (like_id, liked_id, like_date) VALUES ("27","146","2017-03-08 11:47:44");
INSERT INTO likes (like_id, liked_id, like_date) VALUES ("192","146","2017-08-11 01:05:20");
INSERT INTO likes (like_id, liked_id, like_date) VALUES ("252","146","2017-11-21 01:38:18");
INSERT INTO views (viewer_id, viewed_id, view_date) VALUES ("437","146","2017-11-28 10:40:08");
INSERT INTO views (viewer_id, viewed_id, view_date) VALUES ("138","146","2017-07-20 14:46:42");
INSERT INTO views (viewer_id, viewed_id, view_date) VALUES ("460","146","2017-06-16 13:27:25");
INSERT INTO views (viewer_id, viewed_id, view_date) VALUES ("378","146","2017-10-16 07:55:42");
INSERT INTO views (viewer_id, viewed_id, view_date) VALUES ("307","146","2017-05-21 23:09:08");
INSERT INTO views (viewer_id, viewed_id, view_date) VALUES ("457","146","2017-08-20 17:32:30");
INSERT INTO views (viewer_id, viewed_id, view_date) VALUES ("328","146","2018-02-15 09:08:22");
INSERT INTO views (viewer_id, viewed_id, view_date) VALUES ("39","146","2017-12-31 17:36:55");
INSERT INTO views (viewer_id, viewed_id, view_date) VALUES ("252","146","2017-04-17 12:23:38");
INSERT INTO views (viewer_id, viewed_id, view_date) VALUES ("6","146","2017-06-09 03:21:16");


INSERT INTO user (id, first_name, last_name, username, email, password, birthdate, gender, orientation, bio, country, state, city, zip, file_1, file_2, file_3, file_4, file_5, score, token, token_date, active, register, created_at, updated_at) VALUES ("147","Sherman","Crona","hackettmyles","karine06@yahoo.com","$2y$10$ew9rLLDFi8HX0DaBuiNubu2YRXfMIYtstlFpPVJn0o0BdlBNZ7ZrG","1965-12-10 08:35:48","1","2","Vero tempora ipsum atque eveniet. Ad qui tempore quia. Sed voluptates quis sed unde et et nobis.","Peru","","East Sonya","65721-6248","../fixtures/male3.jpg","","","","","26","49ff09ff773e877a7935f800677d0116","1983-03-13 00:20:16","1","0","1999-07-01 16:39:42","1995-12-20 18:41:47");
INSERT INTO user_tag (user_id, tag_id) VALUES ("147","23");
INSERT INTO user_tag (user_id, tag_id) VALUES ("147","43");
INSERT INTO user_tag (user_id, tag_id) VALUES ("147","6");
INSERT INTO user_tag (user_id, tag_id) VALUES ("147","5");
INSERT INTO user_tag (user_id, tag_id) VALUES ("147","13");
INSERT INTO user_tag (user_id, tag_id) VALUES ("147","28");
INSERT INTO user_tag (user_id, tag_id) VALUES ("147","21");
INSERT INTO user_tag (user_id, tag_id) VALUES ("147","26");
INSERT INTO user_tag (user_id, tag_id) VALUES ("147","16");
INSERT INTO user_tag (user_id, tag_id) VALUES ("147","40");

INSERT INTO connected (user_id, connect_date) VALUES ("147","2017-12-28 04:47:54");
INSERT INTO likes (like_id, liked_id, like_date) VALUES ("232","147","2017-11-14 10:22:38");
INSERT INTO likes (like_id, liked_id, like_date) VALUES ("149","147","2017-08-04 21:37:47");
INSERT INTO likes (like_id, liked_id, like_date) VALUES ("205","147","2017-08-26 02:56:06");
INSERT INTO views (viewer_id, viewed_id, view_date) VALUES ("40","147","2018-01-25 02:07:30");
INSERT INTO views (viewer_id, viewed_id, view_date) VALUES ("192","147","2017-07-28 14:53:19");
INSERT INTO views (viewer_id, viewed_id, view_date) VALUES ("120","147","2017-07-19 08:25:12");
INSERT INTO views (viewer_id, viewed_id, view_date) VALUES ("353","147","2017-07-02 05:41:31");
INSERT INTO views (viewer_id, viewed_id, view_date) VALUES ("453","147","2017-12-17 13:42:02");
INSERT INTO views (viewer_id, viewed_id, view_date) VALUES ("132","147","2017-07-30 11:07:04");
INSERT INTO views (viewer_id, viewed_id, view_date) VALUES ("226","147","2017-05-18 13:55:49");
INSERT INTO views (viewer_id, viewed_id, view_date) VALUES ("366","147","2017-11-06 00:25:57");
INSERT INTO views (viewer_id, viewed_id, view_date) VALUES ("334","147","2017-08-12 17:43:27");
INSERT INTO views (viewer_id, viewed_id, view_date) VALUES ("27","147","2018-01-12 04:05:38");
INSERT INTO views (viewer_id, viewed_id, view_date) VALUES ("196","147","2017-04-29 05:01:47");
INSERT INTO views (viewer_id, viewed_id, view_date) VALUES ("189","147","2017-10-20 11:58:22");
INSERT INTO views (viewer_id, viewed_id, view_date) VALUES ("241","147","2017-11-08 15:28:37");
INSERT INTO views (viewer_id, viewed_id, view_date) VALUES ("487","147","2017-06-14 12:54:34");
INSERT INTO views (viewer_id, viewed_id, view_date) VALUES ("98","147","2017-12-17 16:32:21");


INSERT INTO user (id, first_name, last_name, username, email, password, birthdate, gender, orientation, bio, country, state, city, zip, file_1, file_2, file_3, file_4, file_5, score, token, token_date, active, register, created_at, updated_at) VALUES ("148","Nick","Goyette","hicklegrayce","maiya43@hotmail.com","$2y$10$IrUhs5ZTkFn6yY/wD33hpe/pl5pzxgqxl8uk/ZgjKXKx87lFXojJ.","1970-06-27 15:56:41","2","3","Itaque corrupti et veritatis earum a quo quos doloremque. Et ut hic in culpa porro. Sunt pariatur quaerat et dolorem. Beatae quae exercitationem saepe consequatur. Vel aut commodi fugiat dolor.","Estonia","","Jacintheport","30957-5034","../fixtures/female1.jpg","../fixtures/female7.jpg","../fixtures/female9.jpg","../fixtures/female1.jpg","","39","87e33cd50a2a1bb4c0b1decae1751dcd","2000-03-21 09:58:11","0","0","1988-12-09 23:33:30","1989-06-10 09:57:33");
INSERT INTO user_tag (user_id, tag_id) VALUES ("148","33");
INSERT INTO user_tag (user_id, tag_id) VALUES ("148","2");
INSERT INTO user_tag (user_id, tag_id) VALUES ("148","40");
INSERT INTO user_tag (user_id, tag_id) VALUES ("148","44");
INSERT INTO user_tag (user_id, tag_id) VALUES ("148","32");
INSERT INTO user_tag (user_id, tag_id) VALUES ("148","13");
INSERT INTO user_tag (user_id, tag_id) VALUES ("148","31");
INSERT INTO user_tag (user_id, tag_id) VALUES ("148","14");
INSERT INTO user_tag (user_id, tag_id) VALUES ("148","26");
INSERT INTO user_tag (user_id, tag_id) VALUES ("148","50");
INSERT INTO user_tag (user_id, tag_id) VALUES ("148","14");

INSERT INTO connected (user_id, connect_date) VALUES ("148","2018-02-05 20:00:17");
INSERT INTO likes (like_id, liked_id, like_date) VALUES ("441","148","2017-12-14 23:20:07");
INSERT INTO likes (like_id, liked_id, like_date) VALUES ("220","148","2017-02-19 05:45:15");
INSERT INTO likes (like_id, liked_id, like_date) VALUES ("236","148","2017-09-11 18:38:39");
INSERT INTO likes (like_id, liked_id, like_date) VALUES ("424","148","2017-08-11 12:29:33");
INSERT INTO views (viewer_id, viewed_id, view_date) VALUES ("25","148","2017-05-13 12:50:17");
INSERT INTO views (viewer_id, viewed_id, view_date) VALUES ("262","148","2017-06-21 02:25:58");
INSERT INTO views (viewer_id, viewed_id, view_date) VALUES ("87","148","2017-03-04 23:58:39");
INSERT INTO views (viewer_id, viewed_id, view_date) VALUES ("262","148","2017-12-13 21:12:28");
INSERT INTO views (viewer_id, viewed_id, view_date) VALUES ("99","148","2017-07-16 00:37:30");
INSERT INTO views (viewer_id, viewed_id, view_date) VALUES ("412","148","2017-09-18 12:59:51");
INSERT INTO views (viewer_id, viewed_id, view_date) VALUES ("412","148","2017-12-07 04:23:03");
INSERT INTO views (viewer_id, viewed_id, view_date) VALUES ("370","148","2017-05-24 17:09:50");
INSERT INTO views (viewer_id, viewed_id, view_date) VALUES ("316","148","2017-11-08 03:50:10");
INSERT INTO views (viewer_id, viewed_id, view_date) VALUES ("481","148","2017-06-18 12:04:35");
INSERT INTO views (viewer_id, viewed_id, view_date) VALUES ("45","148","2017-04-25 06:24:00");
INSERT INTO views (viewer_id, viewed_id, view_date) VALUES ("318","148","2017-12-04 18:21:45");
INSERT INTO views (viewer_id, viewed_id, view_date) VALUES ("196","148","2017-11-30 09:12:33");
INSERT INTO views (viewer_id, viewed_id, view_date) VALUES ("356","148","2018-02-14 10:03:38");
INSERT INTO views (viewer_id, viewed_id, view_date) VALUES ("189","148","2017-10-29 07:10:09");
INSERT INTO views (viewer_id, viewed_id, view_date) VALUES ("495","148","2017-03-03 22:31:32");
INSERT INTO views (viewer_id, viewed_id, view_date) VALUES ("242","148","2017-03-22 20:49:46");
INSERT INTO views (viewer_id, viewed_id, view_date) VALUES ("300","148","2018-01-04 12:14:28");
INSERT INTO views (viewer_id, viewed_id, view_date) VALUES ("114","148","2018-01-18 03:39:50");
INSERT INTO views (viewer_id, viewed_id, view_date) VALUES ("479","148","2017-03-11 18:20:33");
INSERT INTO views (viewer_id, viewed_id, view_date) VALUES ("497","148","2017-10-06 17:58:06");
INSERT INTO views (viewer_id, viewed_id, view_date) VALUES ("138","148","2017-08-27 14:33:14");
INSERT INTO views (viewer_id, viewed_id, view_date) VALUES ("182","148","2017-07-07 00:05:08");
INSERT INTO views (viewer_id, viewed_id, view_date) VALUES ("312","148","2017-09-07 01:27:04");
INSERT INTO views (viewer_id, viewed_id, view_date) VALUES ("280","148","2018-02-05 04:57:39");
INSERT INTO views (viewer_id, viewed_id, view_date) VALUES ("219","148","2017-09-28 07:30:48");


INSERT INTO user (id, first_name, last_name, username, email, password, birthdate, gender, orientation, bio, country, state, city, zip, file_1, file_2, file_3, file_4, file_5, score, token, token_date, active, register, created_at, updated_at) VALUES ("149","Royce","Brown","tomasfeest","larson.laurence@lindgren.com","$2y$10$WdJ6tpyfAPsZ/vX8pBnwjuMOQVsT3ExMHu8U0dp/HdI2yuaInFME6","1964-10-04 02:16:15","1","2","Sint tenetur iusto qui illo eveniet ut. Asperiores perspiciatis ex dolores et explicabo. Quod et iusto reprehenderit eos.","Jordan","","Kesslerview","08796-7519","../fixtures/male1.jpg","../fixtures/male8.jpg","../fixtures/male9.jpg","../fixtures/male4.jpg","","70","acb87e3a7716b326eec8e93af49c0ebd","2012-07-08 20:57:37","1","0","2014-05-21 09:09:05","1990-09-23 03:58:48");
INSERT INTO user_tag (user_id, tag_id) VALUES ("149","29");
INSERT INTO user_tag (user_id, tag_id) VALUES ("149","7");
INSERT INTO user_tag (user_id, tag_id) VALUES ("149","6");
INSERT INTO user_tag (user_id, tag_id) VALUES ("149","23");
INSERT INTO user_tag (user_id, tag_id) VALUES ("149","14");
INSERT INTO user_tag (user_id, tag_id) VALUES ("149","43");
INSERT INTO user_tag (user_id, tag_id) VALUES ("149","31");
INSERT INTO user_tag (user_id, tag_id) VALUES ("149","9");
INSERT INTO user_tag (user_id, tag_id) VALUES ("149","25");
INSERT INTO user_tag (user_id, tag_id) VALUES ("149","21");
INSERT INTO user_tag (user_id, tag_id) VALUES ("149","39");
INSERT INTO user_tag (user_id, tag_id) VALUES ("149","7");

INSERT INTO connected (user_id, connect_date) VALUES ("149","2017-03-01 05:32:35");
INSERT INTO likes (like_id, liked_id, like_date) VALUES ("314","149","2017-10-21 09:08:46");
INSERT INTO likes (like_id, liked_id, like_date) VALUES ("452","149","2017-03-06 05:43:29");
INSERT INTO likes (like_id, liked_id, like_date) VALUES ("88","149","2017-09-12 02:22:12");
INSERT INTO likes (like_id, liked_id, like_date) VALUES ("405","149","2017-10-01 17:37:12");
INSERT INTO likes (like_id, liked_id, like_date) VALUES ("339","149","2017-10-20 01:10:35");
INSERT INTO likes (like_id, liked_id, like_date) VALUES ("396","149","2017-07-05 04:34:45");
INSERT INTO likes (like_id, liked_id, like_date) VALUES ("227","149","2017-08-03 11:25:32");
INSERT INTO likes (like_id, liked_id, like_date) VALUES ("241","149","2017-08-30 16:12:10");
INSERT INTO likes (like_id, liked_id, like_date) VALUES ("71","149","2017-12-26 15:00:09");
INSERT INTO likes (like_id, liked_id, like_date) VALUES ("364","149","2017-04-04 00:36:18");
INSERT INTO likes (like_id, liked_id, like_date) VALUES ("267","149","2017-07-28 13:02:16");
INSERT INTO likes (like_id, liked_id, like_date) VALUES ("198","149","2017-06-19 20:06:21");
INSERT INTO views (viewer_id, viewed_id, view_date) VALUES ("455","149","2017-12-09 21:01:40");
INSERT INTO views (viewer_id, viewed_id, view_date) VALUES ("174","149","2017-04-02 17:55:46");
INSERT INTO views (viewer_id, viewed_id, view_date) VALUES ("20","149","2017-07-08 00:07:58");
INSERT INTO views (viewer_id, viewed_id, view_date) VALUES ("170","149","2017-12-25 22:32:36");
INSERT INTO views (viewer_id, viewed_id, view_date) VALUES ("255","149","2017-08-15 00:30:59");
INSERT INTO views (viewer_id, viewed_id, view_date) VALUES ("82","149","2017-07-28 09:48:48");
INSERT INTO views (viewer_id, viewed_id, view_date) VALUES ("131","149","2017-12-18 00:19:24");
INSERT INTO views (viewer_id, viewed_id, view_date) VALUES ("407","149","2017-12-02 00:50:21");
INSERT INTO views (viewer_id, viewed_id, view_date) VALUES ("434","149","2017-10-14 03:31:38");
INSERT INTO views (viewer_id, viewed_id, view_date) VALUES ("406","149","2017-09-01 14:39:51");
INSERT INTO views (viewer_id, viewed_id, view_date) VALUES ("31","149","2017-09-11 01:44:51");
INSERT INTO views (viewer_id, viewed_id, view_date) VALUES ("414","149","2018-01-06 01:16:57");


INSERT INTO user (id, first_name, last_name, username, email, password, birthdate, gender, orientation, bio, country, state, city, zip, file_1, file_2, file_3, file_4, file_5, score, token, token_date, active, register, created_at, updated_at) VALUES ("150","Beryl","Paucek","harmonycremin","wunsch.tyrique@quitzon.com","$2y$10$lhEXdgmdCqdyIyxNa8IFoeE4MMjuKH2ZQLFhpaxXO9VdW.VveoN3W","1952-11-28 04:05:15","2","3","Veritatis eum repellat quae est molestiae. Facilis perspiciatis unde consequatur. Quasi laboriosam consequatur modi deserunt sunt.","Japan","","Rollintown","93077","../fixtures/female8.jpg","../fixtures/female10.jpg","../fixtures/female9.jpg","../fixtures/female8.jpg","","43","e461766ccbe61be14cb4f1b6693feea7","1993-07-25 03:26:02","0","0","1984-11-04 06:32:44","1990-11-06 23:12:43");
INSERT INTO user_tag (user_id, tag_id) VALUES ("150","27");
INSERT INTO user_tag (user_id, tag_id) VALUES ("150","15");
INSERT INTO user_tag (user_id, tag_id) VALUES ("150","15");
INSERT INTO user_tag (user_id, tag_id) VALUES ("150","40");
INSERT INTO user_tag (user_id, tag_id) VALUES ("150","4");
INSERT INTO user_tag (user_id, tag_id) VALUES ("150","13");

INSERT INTO connected (user_id, connect_date) VALUES ("150","2017-03-07 14:54:02");
INSERT INTO likes (like_id, liked_id, like_date) VALUES ("465","150","2017-08-06 02:36:27");
INSERT INTO likes (like_id, liked_id, like_date) VALUES ("69","150","2017-06-30 03:32:54");
INSERT INTO likes (like_id, liked_id, like_date) VALUES ("60","150","2017-09-17 09:24:12");
INSERT INTO likes (like_id, liked_id, like_date) VALUES ("180","150","2018-01-03 15:56:57");
INSERT INTO views (viewer_id, viewed_id, view_date) VALUES ("470","150","2017-03-12 10:06:26");
INSERT INTO views (viewer_id, viewed_id, view_date) VALUES ("167","150","2018-02-01 13:34:21");
INSERT INTO views (viewer_id, viewed_id, view_date) VALUES ("168","150","2017-02-19 18:37:02");
INSERT INTO views (viewer_id, viewed_id, view_date) VALUES ("409","150","2017-05-29 05:51:51");
INSERT INTO views (viewer_id, viewed_id, view_date) VALUES ("237","150","2017-11-30 16:38:58");
INSERT INTO views (viewer_id, viewed_id, view_date) VALUES ("55","150","2017-06-07 17:44:48");
INSERT INTO views (viewer_id, viewed_id, view_date) VALUES ("308","150","2017-07-22 05:44:55");


INSERT INTO user (id, first_name, last_name, username, email, password, birthdate, gender, orientation, bio, country, state, city, zip, file_1, file_2, file_3, file_4, file_5, score, token, token_date, active, register, created_at, updated_at) VALUES ("151","Garrick","Greenholt","qschmidt","trinity30@yahoo.com","$2y$10$2W.3wWvQFqDawO/ftbZFVuXlhUW9AM4kixIV6MoEE/TR9nM1411xq","1963-01-06 16:39:25","2","1","Enim minima totam sed ullam harum repellendus est. Maxime ex velit vel repudiandae aut accusantium voluptatem. Eum ad voluptatem cupiditate sed vel.","Mayotte","","Lonzomouth","91824-6783","../fixtures/female4.jpg","../fixtures/female2.jpg","../fixtures/female5.jpg","../fixtures/female10.jpg","","51","47a778516fba2c2985b0206120ea2671","1970-03-14 06:35:26","0","0","1996-07-31 19:31:08","1970-02-25 19:28:00");
INSERT INTO user_tag (user_id, tag_id) VALUES ("151","45");
INSERT INTO user_tag (user_id, tag_id) VALUES ("151","4");
INSERT INTO user_tag (user_id, tag_id) VALUES ("151","24");
INSERT INTO user_tag (user_id, tag_id) VALUES ("151","42");
INSERT INTO user_tag (user_id, tag_id) VALUES ("151","7");
INSERT INTO user_tag (user_id, tag_id) VALUES ("151","30");
INSERT INTO user_tag (user_id, tag_id) VALUES ("151","10");
INSERT INTO user_tag (user_id, tag_id) VALUES ("151","46");
INSERT INTO user_tag (user_id, tag_id) VALUES ("151","13");

INSERT INTO connected (user_id, connect_date) VALUES ("151","2017-12-01 06:30:55");
INSERT INTO likes (like_id, liked_id, like_date) VALUES ("469","151","2018-02-07 18:05:51");
INSERT INTO likes (like_id, liked_id, like_date) VALUES ("466","151","2018-02-06 02:41:41");
INSERT INTO likes (like_id, liked_id, like_date) VALUES ("46","151","2017-11-05 06:59:59");
INSERT INTO likes (like_id, liked_id, like_date) VALUES ("483","151","2017-11-29 02:37:57");
INSERT INTO likes (like_id, liked_id, like_date) VALUES ("367","151","2017-08-24 21:20:39");
INSERT INTO likes (like_id, liked_id, like_date) VALUES ("3","151","2017-02-17 04:26:09");
INSERT INTO likes (like_id, liked_id, like_date) VALUES ("256","151","2017-11-08 12:36:26");
INSERT INTO likes (like_id, liked_id, like_date) VALUES ("382","151","2017-11-23 19:23:42");
INSERT INTO likes (like_id, liked_id, like_date) VALUES ("263","151","2017-11-05 10:38:33");
INSERT INTO likes (like_id, liked_id, like_date) VALUES ("134","151","2018-01-08 22:36:35");
INSERT INTO likes (like_id, liked_id, like_date) VALUES ("466","151","2017-11-08 17:23:55");
INSERT INTO likes (like_id, liked_id, like_date) VALUES ("455","151","2017-08-01 11:12:10");
INSERT INTO likes (like_id, liked_id, like_date) VALUES ("399","151","2017-12-15 16:13:11");
INSERT INTO likes (like_id, liked_id, like_date) VALUES ("30","151","2017-12-26 12:08:44");
INSERT INTO likes (like_id, liked_id, like_date) VALUES ("14","151","2017-10-28 13:55:20");
INSERT INTO views (viewer_id, viewed_id, view_date) VALUES ("242","151","2017-06-01 04:57:44");
INSERT INTO views (viewer_id, viewed_id, view_date) VALUES ("359","151","2017-11-28 15:03:36");
INSERT INTO views (viewer_id, viewed_id, view_date) VALUES ("177","151","2017-08-12 02:36:06");
INSERT INTO views (viewer_id, viewed_id, view_date) VALUES ("260","151","2017-04-01 13:59:53");
INSERT INTO views (viewer_id, viewed_id, view_date) VALUES ("28","151","2017-08-09 22:07:58");
INSERT INTO views (viewer_id, viewed_id, view_date) VALUES ("328","151","2017-05-16 06:17:37");
INSERT INTO views (viewer_id, viewed_id, view_date) VALUES ("247","151","2017-10-17 14:40:48");
INSERT INTO views (viewer_id, viewed_id, view_date) VALUES ("485","151","2017-10-07 18:02:38");
INSERT INTO views (viewer_id, viewed_id, view_date) VALUES ("225","151","2017-10-11 21:51:11");
INSERT INTO views (viewer_id, viewed_id, view_date) VALUES ("463","151","2017-06-22 15:20:29");


INSERT INTO user (id, first_name, last_name, username, email, password, birthdate, gender, orientation, bio, country, state, city, zip, file_1, file_2, file_3, file_4, file_5, score, token, token_date, active, register, created_at, updated_at) VALUES ("152","Cecil","Purdy","yharris","kherzog@schiller.org","$2y$10$toBGmwfXYfZmkh9bHI80IufbgEg2/.kbij8SjRyfCKMIkF6GgV.bC","1998-05-14 09:22:35","1","2","Est placeat voluptate necessitatibus eos. Libero quam quibusdam occaecati sint aut deserunt. Eaque officia velit occaecati minus nisi. Non voluptatem doloremque sint.","Tanzania","","Port Randi","19273-9838","../fixtures/male1.jpg","../fixtures/male8.jpg","../fixtures/male3.jpg","","","76","7ce0704d71e4c0f4b960a06049b0a229","2011-09-22 13:15:37","0","0","2008-12-04 12:02:10","2008-07-26 23:59:33");
INSERT INTO user_tag (user_id, tag_id) VALUES ("152","22");
INSERT INTO user_tag (user_id, tag_id) VALUES ("152","49");
INSERT INTO user_tag (user_id, tag_id) VALUES ("152","48");
INSERT INTO user_tag (user_id, tag_id) VALUES ("152","7");
INSERT INTO user_tag (user_id, tag_id) VALUES ("152","32");
INSERT INTO user_tag (user_id, tag_id) VALUES ("152","43");
INSERT INTO user_tag (user_id, tag_id) VALUES ("152","27");
INSERT INTO user_tag (user_id, tag_id) VALUES ("152","30");
INSERT INTO user_tag (user_id, tag_id) VALUES ("152","14");
INSERT INTO user_tag (user_id, tag_id) VALUES ("152","12");
INSERT INTO user_tag (user_id, tag_id) VALUES ("152","50");
INSERT INTO user_tag (user_id, tag_id) VALUES ("152","38");
INSERT INTO user_tag (user_id, tag_id) VALUES ("152","50");

INSERT INTO connected (user_id, connect_date) VALUES ("152","2018-02-02 22:11:32");
INSERT INTO likes (like_id, liked_id, like_date) VALUES ("355","152","2017-03-14 23:17:55");
INSERT INTO likes (like_id, liked_id, like_date) VALUES ("485","152","2018-01-16 04:12:39");
INSERT INTO likes (like_id, liked_id, like_date) VALUES ("132","152","2017-06-28 04:56:01");
INSERT INTO likes (like_id, liked_id, like_date) VALUES ("121","152","2017-07-19 08:46:39");
INSERT INTO likes (like_id, liked_id, like_date) VALUES ("148","152","2017-05-13 08:01:45");
INSERT INTO likes (like_id, liked_id, like_date) VALUES ("301","152","2017-12-12 21:12:08");
INSERT INTO likes (like_id, liked_id, like_date) VALUES ("63","152","2017-12-09 03:08:28");
INSERT INTO likes (like_id, liked_id, like_date) VALUES ("243","152","2017-06-30 18:19:09");
INSERT INTO likes (like_id, liked_id, like_date) VALUES ("145","152","2018-02-01 14:51:21");
INSERT INTO views (viewer_id, viewed_id, view_date) VALUES ("38","152","2017-03-30 11:21:43");
INSERT INTO views (viewer_id, viewed_id, view_date) VALUES ("318","152","2017-03-31 22:45:05");
INSERT INTO views (viewer_id, viewed_id, view_date) VALUES ("41","152","2017-04-19 01:41:53");
INSERT INTO views (viewer_id, viewed_id, view_date) VALUES ("318","152","2017-07-17 04:18:58");
INSERT INTO views (viewer_id, viewed_id, view_date) VALUES ("276","152","2017-07-20 10:56:38");
INSERT INTO views (viewer_id, viewed_id, view_date) VALUES ("406","152","2017-02-16 20:56:00");
INSERT INTO views (viewer_id, viewed_id, view_date) VALUES ("48","152","2017-07-04 17:29:18");
INSERT INTO views (viewer_id, viewed_id, view_date) VALUES ("470","152","2017-09-19 17:50:25");
INSERT INTO views (viewer_id, viewed_id, view_date) VALUES ("432","152","2017-03-30 06:21:48");
INSERT INTO views (viewer_id, viewed_id, view_date) VALUES ("186","152","2018-01-06 12:28:56");
INSERT INTO views (viewer_id, viewed_id, view_date) VALUES ("306","152","2017-05-09 20:13:52");
INSERT INTO views (viewer_id, viewed_id, view_date) VALUES ("80","152","2017-11-18 14:49:58");


INSERT INTO user (id, first_name, last_name, username, email, password, birthdate, gender, orientation, bio, country, state, city, zip, file_1, file_2, file_3, file_4, file_5, score, token, token_date, active, register, created_at, updated_at) VALUES ("153","Celestine","Spencer","schneideralayna","hilll.mitchel@gmail.com","$2y$10$Go7tfwUAoEIRM/z56mF1sO5hndMSAuirL7xkrv4iQejSXniefzj.a","1955-02-24 13:03:28","1","3","Occaecati quia ipsam provident magni dolor. Sint deleniti sed aspernatur rem sint. Dicta assumenda quaerat ut repellendus dolorem sunt mollitia.","Saint Martin","","Kobyview","40395-1865","../fixtures/male3.jpg","","","","","15","68f6177ce7ec908eaada77df047bba5e","1992-02-17 10:54:18","0","0","1982-12-11 02:11:13","1984-06-11 10:02:48");
INSERT INTO user_tag (user_id, tag_id) VALUES ("153","23");

INSERT INTO connected (user_id, connect_date) VALUES ("153","2018-02-03 15:58:28");
INSERT INTO likes (like_id, liked_id, like_date) VALUES ("487","153","2017-07-20 12:45:15");
INSERT INTO likes (like_id, liked_id, like_date) VALUES ("260","153","2017-12-09 09:06:13");
INSERT INTO likes (like_id, liked_id, like_date) VALUES ("213","153","2017-03-22 07:18:29");
INSERT INTO likes (like_id, liked_id, like_date) VALUES ("343","153","2017-08-23 07:34:59");
INSERT INTO likes (like_id, liked_id, like_date) VALUES ("446","153","2017-04-26 09:05:11");
INSERT INTO views (viewer_id, viewed_id, view_date) VALUES ("211","153","2017-07-27 02:47:38");
INSERT INTO views (viewer_id, viewed_id, view_date) VALUES ("277","153","2018-01-15 22:16:17");
INSERT INTO views (viewer_id, viewed_id, view_date) VALUES ("71","153","2017-07-09 15:14:52");
INSERT INTO views (viewer_id, viewed_id, view_date) VALUES ("234","153","2017-06-25 15:43:07");
INSERT INTO views (viewer_id, viewed_id, view_date) VALUES ("58","153","2017-11-12 17:24:32");
INSERT INTO views (viewer_id, viewed_id, view_date) VALUES ("137","153","2017-05-14 17:38:55");
INSERT INTO views (viewer_id, viewed_id, view_date) VALUES ("181","153","2017-12-10 18:38:09");
INSERT INTO views (viewer_id, viewed_id, view_date) VALUES ("117","153","2017-11-29 03:23:39");
INSERT INTO views (viewer_id, viewed_id, view_date) VALUES ("124","153","2017-04-16 04:45:50");
INSERT INTO views (viewer_id, viewed_id, view_date) VALUES ("327","153","2017-03-22 18:47:48");
INSERT INTO views (viewer_id, viewed_id, view_date) VALUES ("115","153","2017-09-17 09:43:16");
INSERT INTO views (viewer_id, viewed_id, view_date) VALUES ("118","153","2017-11-20 22:09:38");
INSERT INTO views (viewer_id, viewed_id, view_date) VALUES ("271","153","2017-11-17 21:18:41");
INSERT INTO views (viewer_id, viewed_id, view_date) VALUES ("142","153","2018-02-10 10:04:23");
INSERT INTO views (viewer_id, viewed_id, view_date) VALUES ("287","153","2017-10-01 02:22:13");
INSERT INTO views (viewer_id, viewed_id, view_date) VALUES ("401","153","2017-05-26 20:43:27");
INSERT INTO views (viewer_id, viewed_id, view_date) VALUES ("369","153","2017-11-14 10:47:20");
INSERT INTO views (viewer_id, viewed_id, view_date) VALUES ("198","153","2017-06-18 02:32:58");
INSERT INTO views (viewer_id, viewed_id, view_date) VALUES ("386","153","2017-07-09 16:05:02");
INSERT INTO views (viewer_id, viewed_id, view_date) VALUES ("348","153","2017-09-17 20:35:14");
INSERT INTO views (viewer_id, viewed_id, view_date) VALUES ("296","153","2017-03-20 15:13:06");
INSERT INTO views (viewer_id, viewed_id, view_date) VALUES ("242","153","2017-06-01 00:51:32");
INSERT INTO views (viewer_id, viewed_id, view_date) VALUES ("451","153","2018-02-05 00:03:41");
INSERT INTO views (viewer_id, viewed_id, view_date) VALUES ("464","153","2017-03-11 08:28:00");


INSERT INTO user (id, first_name, last_name, username, email, password, birthdate, gender, orientation, bio, country, state, city, zip, file_1, file_2, file_3, file_4, file_5, score, token, token_date, active, register, created_at, updated_at) VALUES ("154","Rosella","Kessler","rolfsoncletus","swaniawski.napoleon@schroeder.net","$2y$10$fKdw4nix76aMowKiJ2Pk..Ksd1atGNlvRJEzWFnFzCcP1ka5Qs1hm","1992-01-10 05:35:57","2","1","Eligendi dolore qui cupiditate optio. Dolores eum dolores doloremque et magnam voluptas et blanditiis. Dolore alias magni tempora aut.","Armenia","","Emmanuelleburgh","13177-1935","../fixtures/female2.jpg","","","","","10","7ff8b722583a4b276bd8651ce95ec6b8","1973-11-16 15:22:25","1","0","1976-11-28 15:13:32","1976-09-11 04:24:05");
INSERT INTO user_tag (user_id, tag_id) VALUES ("154","24");
INSERT INTO user_tag (user_id, tag_id) VALUES ("154","35");
INSERT INTO user_tag (user_id, tag_id) VALUES ("154","36");
INSERT INTO user_tag (user_id, tag_id) VALUES ("154","47");
INSERT INTO user_tag (user_id, tag_id) VALUES ("154","7");
INSERT INTO user_tag (user_id, tag_id) VALUES ("154","35");
INSERT INTO user_tag (user_id, tag_id) VALUES ("154","27");
INSERT INTO user_tag (user_id, tag_id) VALUES ("154","11");
INSERT INTO user_tag (user_id, tag_id) VALUES ("154","2");
INSERT INTO user_tag (user_id, tag_id) VALUES ("154","7");

INSERT INTO connected (user_id, connect_date) VALUES ("154","2018-01-31 02:17:38");
INSERT INTO likes (like_id, liked_id, like_date) VALUES ("120","154","2018-01-15 02:53:43");
INSERT INTO likes (like_id, liked_id, like_date) VALUES ("442","154","2017-10-05 20:17:38");
INSERT INTO likes (like_id, liked_id, like_date) VALUES ("232","154","2017-04-17 09:37:19");
INSERT INTO likes (like_id, liked_id, like_date) VALUES ("87","154","2017-11-16 06:47:59");
INSERT INTO likes (like_id, liked_id, like_date) VALUES ("76","154","2017-10-30 05:16:37");
INSERT INTO likes (like_id, liked_id, like_date) VALUES ("156","154","2017-09-14 07:53:52");
INSERT INTO likes (like_id, liked_id, like_date) VALUES ("147","154","2017-11-07 13:24:15");
INSERT INTO likes (like_id, liked_id, like_date) VALUES ("469","154","2017-06-15 21:46:30");
INSERT INTO likes (like_id, liked_id, like_date) VALUES ("169","154","2017-04-12 03:37:39");
INSERT INTO likes (like_id, liked_id, like_date) VALUES ("83","154","2018-01-11 18:52:35");
INSERT INTO views (viewer_id, viewed_id, view_date) VALUES ("25","154","2017-08-18 23:49:01");
INSERT INTO views (viewer_id, viewed_id, view_date) VALUES ("48","154","2017-11-04 02:57:12");
INSERT INTO views (viewer_id, viewed_id, view_date) VALUES ("20","154","2017-05-09 00:28:41");
INSERT INTO views (viewer_id, viewed_id, view_date) VALUES ("462","154","2017-06-06 10:51:53");
INSERT INTO views (viewer_id, viewed_id, view_date) VALUES ("286","154","2017-05-21 13:48:40");
INSERT INTO views (viewer_id, viewed_id, view_date) VALUES ("156","154","2017-11-12 17:03:34");
INSERT INTO views (viewer_id, viewed_id, view_date) VALUES ("49","154","2017-06-19 04:09:19");
INSERT INTO views (viewer_id, viewed_id, view_date) VALUES ("31","154","2017-11-04 02:53:32");


INSERT INTO user (id, first_name, last_name, username, email, password, birthdate, gender, orientation, bio, country, state, city, zip, file_1, file_2, file_3, file_4, file_5, score, token, token_date, active, register, created_at, updated_at) VALUES ("155","Neal","Flatley","dooleyollie","okeefe.nathaniel@hotmail.com","$2y$10$5JGWJu507bCJW.bQLAfGzOXNgHAP9FUtLkK6oTzIYRgsnf9MLwXzu","1992-02-17 01:52:34","1","3","Ut numquam voluptas aut architecto eum eligendi. Neque rerum ea nemo alias dolore. Iste quidem incidunt optio vitae nostrum maiores blanditiis.","Grenada","","Bahringerbury","35106-8309","../fixtures/male7.jpg","","","","","84","1c416bbcb2f927b7263beda145aba41f","1991-08-08 19:28:40","1","1","1988-09-29 02:27:11","1988-07-21 20:42:03");
INSERT INTO user_tag (user_id, tag_id) VALUES ("155","37");
INSERT INTO user_tag (user_id, tag_id) VALUES ("155","18");
INSERT INTO user_tag (user_id, tag_id) VALUES ("155","26");
INSERT INTO user_tag (user_id, tag_id) VALUES ("155","2");
INSERT INTO user_tag (user_id, tag_id) VALUES ("155","49");
INSERT INTO user_tag (user_id, tag_id) VALUES ("155","18");
INSERT INTO user_tag (user_id, tag_id) VALUES ("155","1");
INSERT INTO user_tag (user_id, tag_id) VALUES ("155","45");
INSERT INTO user_tag (user_id, tag_id) VALUES ("155","24");
INSERT INTO user_tag (user_id, tag_id) VALUES ("155","21");
INSERT INTO user_tag (user_id, tag_id) VALUES ("155","7");

INSERT INTO connected (user_id, connect_date) VALUES ("155","2017-11-03 02:31:14");
INSERT INTO likes (like_id, liked_id, like_date) VALUES ("411","155","2017-08-03 06:38:05");
INSERT INTO likes (like_id, liked_id, like_date) VALUES ("458","155","2017-03-23 03:21:32");
INSERT INTO likes (like_id, liked_id, like_date) VALUES ("302","155","2017-09-10 19:51:50");
INSERT INTO likes (like_id, liked_id, like_date) VALUES ("116","155","2017-06-08 10:22:12");
INSERT INTO views (viewer_id, viewed_id, view_date) VALUES ("212","155","2017-03-02 14:08:50");
INSERT INTO views (viewer_id, viewed_id, view_date) VALUES ("148","155","2017-07-13 10:43:40");
INSERT INTO views (viewer_id, viewed_id, view_date) VALUES ("69","155","2017-10-23 21:27:10");
INSERT INTO views (viewer_id, viewed_id, view_date) VALUES ("24","155","2017-04-11 10:55:14");
INSERT INTO views (viewer_id, viewed_id, view_date) VALUES ("452","155","2017-04-25 08:30:12");
INSERT INTO views (viewer_id, viewed_id, view_date) VALUES ("288","155","2017-12-22 22:32:09");
INSERT INTO views (viewer_id, viewed_id, view_date) VALUES ("195","155","2017-05-27 18:37:18");
INSERT INTO views (viewer_id, viewed_id, view_date) VALUES ("493","155","2017-08-02 07:36:49");
INSERT INTO views (viewer_id, viewed_id, view_date) VALUES ("25","155","2017-05-19 03:59:56");
INSERT INTO views (viewer_id, viewed_id, view_date) VALUES ("420","155","2017-07-27 12:12:04");
INSERT INTO views (viewer_id, viewed_id, view_date) VALUES ("202","155","2017-08-21 14:18:42");
INSERT INTO views (viewer_id, viewed_id, view_date) VALUES ("170","155","2017-04-09 10:13:44");
INSERT INTO views (viewer_id, viewed_id, view_date) VALUES ("49","155","2017-10-24 23:48:53");
INSERT INTO views (viewer_id, viewed_id, view_date) VALUES ("415","155","2017-12-06 09:01:20");
INSERT INTO views (viewer_id, viewed_id, view_date) VALUES ("451","155","2017-05-12 11:40:49");
INSERT INTO views (viewer_id, viewed_id, view_date) VALUES ("485","155","2017-08-09 17:05:55");
INSERT INTO views (viewer_id, viewed_id, view_date) VALUES ("133","155","2017-12-15 23:51:13");
INSERT INTO views (viewer_id, viewed_id, view_date) VALUES ("103","155","2017-02-21 17:21:59");
INSERT INTO views (viewer_id, viewed_id, view_date) VALUES ("391","155","2017-05-02 02:11:25");
INSERT INTO views (viewer_id, viewed_id, view_date) VALUES ("48","155","2017-04-05 10:45:34");
INSERT INTO views (viewer_id, viewed_id, view_date) VALUES ("233","155","2017-06-15 05:13:42");
INSERT INTO views (viewer_id, viewed_id, view_date) VALUES ("385","155","2017-07-27 12:32:22");
INSERT INTO views (viewer_id, viewed_id, view_date) VALUES ("46","155","2017-05-19 23:34:14");
INSERT INTO views (viewer_id, viewed_id, view_date) VALUES ("411","155","2017-08-01 19:40:24");
INSERT INTO views (viewer_id, viewed_id, view_date) VALUES ("128","155","2017-12-22 22:28:36");
INSERT INTO views (viewer_id, viewed_id, view_date) VALUES ("486","155","2017-09-30 13:50:31");
INSERT INTO views (viewer_id, viewed_id, view_date) VALUES ("436","155","2017-07-10 17:00:02");
INSERT INTO views (viewer_id, viewed_id, view_date) VALUES ("57","155","2018-01-24 03:23:30");


INSERT INTO user (id, first_name, last_name, username, email, password, birthdate, gender, orientation, bio, country, state, city, zip, file_1, file_2, file_3, file_4, file_5, score, token, token_date, active, register, created_at, updated_at) VALUES ("156","Florine","Price","kristoffer87","arne73@wuckert.com","$2y$10$/EZHtJTeW/PNfbLD1.mnseoFd7z87HHjjVP.hCjuABvJxxCUWDq8W","1997-09-01 05:11:43","1","2","Quia pariatur nostrum quae culpa eum. Assumenda quod voluptas omnis ut recusandae eaque. Aut iusto animi qui delectus iusto.","Uruguay","","South Maciside","56346","../fixtures/male6.jpg","../fixtures/male7.jpg","../fixtures/male3.jpg","","","94","a876a308c3f9509cbed5bcb83f8aaa6c","2011-06-13 01:15:27","1","1","1981-11-05 13:47:22","1996-05-17 22:37:48");
INSERT INTO user_tag (user_id, tag_id) VALUES ("156","3");
INSERT INTO user_tag (user_id, tag_id) VALUES ("156","25");
INSERT INTO user_tag (user_id, tag_id) VALUES ("156","27");
INSERT INTO user_tag (user_id, tag_id) VALUES ("156","23");
INSERT INTO user_tag (user_id, tag_id) VALUES ("156","19");
INSERT INTO user_tag (user_id, tag_id) VALUES ("156","29");
INSERT INTO user_tag (user_id, tag_id) VALUES ("156","13");
INSERT INTO user_tag (user_id, tag_id) VALUES ("156","1");
INSERT INTO user_tag (user_id, tag_id) VALUES ("156","27");
INSERT INTO user_tag (user_id, tag_id) VALUES ("156","11");

INSERT INTO connected (user_id, connect_date) VALUES ("156","2017-08-11 14:49:43");
INSERT INTO likes (like_id, liked_id, like_date) VALUES ("358","156","2017-11-22 04:03:09");
INSERT INTO likes (like_id, liked_id, like_date) VALUES ("259","156","2017-12-23 17:39:40");
INSERT INTO likes (like_id, liked_id, like_date) VALUES ("294","156","2017-04-16 20:12:48");
INSERT INTO likes (like_id, liked_id, like_date) VALUES ("279","156","2017-05-22 02:07:43");
INSERT INTO likes (like_id, liked_id, like_date) VALUES ("360","156","2017-09-18 15:33:49");
INSERT INTO likes (like_id, liked_id, like_date) VALUES ("210","156","2017-08-14 14:19:50");
INSERT INTO likes (like_id, liked_id, like_date) VALUES ("150","156","2017-05-14 00:08:50");
INSERT INTO likes (like_id, liked_id, like_date) VALUES ("453","156","2017-10-03 12:01:21");
INSERT INTO likes (like_id, liked_id, like_date) VALUES ("208","156","2017-12-31 17:05:12");
INSERT INTO likes (like_id, liked_id, like_date) VALUES ("405","156","2018-01-19 06:07:03");
INSERT INTO likes (like_id, liked_id, like_date) VALUES ("137","156","2018-01-10 05:55:37");
INSERT INTO likes (like_id, liked_id, like_date) VALUES ("344","156","2018-01-15 19:20:25");
INSERT INTO likes (like_id, liked_id, like_date) VALUES ("486","156","2017-05-10 16:54:22");
INSERT INTO likes (like_id, liked_id, like_date) VALUES ("283","156","2017-08-18 17:42:24");
INSERT INTO likes (like_id, liked_id, like_date) VALUES ("378","156","2017-09-18 11:47:34");
INSERT INTO likes (like_id, liked_id, like_date) VALUES ("497","156","2017-05-01 10:31:43");
INSERT INTO likes (like_id, liked_id, like_date) VALUES ("477","156","2017-12-30 02:51:57");
INSERT INTO views (viewer_id, viewed_id, view_date) VALUES ("159","156","2017-04-05 05:05:59");
INSERT INTO views (viewer_id, viewed_id, view_date) VALUES ("165","156","2017-10-28 23:57:03");
INSERT INTO views (viewer_id, viewed_id, view_date) VALUES ("488","156","2017-03-16 02:58:02");
INSERT INTO views (viewer_id, viewed_id, view_date) VALUES ("175","156","2017-02-28 19:51:46");
INSERT INTO views (viewer_id, viewed_id, view_date) VALUES ("411","156","2017-08-26 12:58:36");
INSERT INTO views (viewer_id, viewed_id, view_date) VALUES ("290","156","2017-08-06 15:04:55");
INSERT INTO views (viewer_id, viewed_id, view_date) VALUES ("244","156","2017-04-12 06:31:31");
INSERT INTO views (viewer_id, viewed_id, view_date) VALUES ("373","156","2017-08-13 14:30:21");


INSERT INTO user (id, first_name, last_name, username, email, password, birthdate, gender, orientation, bio, country, state, city, zip, file_1, file_2, file_3, file_4, file_5, score, token, token_date, active, register, created_at, updated_at) VALUES ("157","Vilma","Reinger","qadams","jayde99@trantow.net","$2y$10$KGAG1.U8vkXZxWNKYvPQfOF9cR715pWp/ppmuzGe9iT9q284BSKSa","1986-05-21 22:55:59","2","3","Distinctio qui sint esse asperiores accusantium quis eum. Nostrum pariatur tempora nihil placeat beatae. Enim aliquam iusto ipsam inventore quia. Sit saepe ea nemo dolorum in mollitia.","Martinique","","Lake Edwardoland","32529-7362","../fixtures/female5.jpg","../fixtures/female2.jpg","../fixtures/female6.jpg","../fixtures/female9.jpg","../fixtures/female6.jpg","24","74814d066039307f3a0a346cd7d4eb75","1995-12-17 17:15:20","0","0","2001-05-07 03:23:39","2005-01-19 00:36:04");
INSERT INTO user_tag (user_id, tag_id) VALUES ("157","32");
INSERT INTO user_tag (user_id, tag_id) VALUES ("157","6");
INSERT INTO user_tag (user_id, tag_id) VALUES ("157","7");
INSERT INTO user_tag (user_id, tag_id) VALUES ("157","46");
INSERT INTO user_tag (user_id, tag_id) VALUES ("157","41");
INSERT INTO user_tag (user_id, tag_id) VALUES ("157","11");
INSERT INTO user_tag (user_id, tag_id) VALUES ("157","36");
INSERT INTO user_tag (user_id, tag_id) VALUES ("157","16");
INSERT INTO user_tag (user_id, tag_id) VALUES ("157","41");
INSERT INTO user_tag (user_id, tag_id) VALUES ("157","46");
INSERT INTO user_tag (user_id, tag_id) VALUES ("157","2");
INSERT INTO user_tag (user_id, tag_id) VALUES ("157","15");
INSERT INTO user_tag (user_id, tag_id) VALUES ("157","27");
INSERT INTO user_tag (user_id, tag_id) VALUES ("157","22");

INSERT INTO connected (user_id, connect_date) VALUES ("157","2017-04-22 04:41:09");
INSERT INTO likes (like_id, liked_id, like_date) VALUES ("380","157","2017-03-26 05:38:04");
INSERT INTO likes (like_id, liked_id, like_date) VALUES ("337","157","2017-11-25 13:02:44");
INSERT INTO likes (like_id, liked_id, like_date) VALUES ("6","157","2017-04-05 07:02:10");
INSERT INTO likes (like_id, liked_id, like_date) VALUES ("233","157","2017-05-21 12:12:17");
INSERT INTO likes (like_id, liked_id, like_date) VALUES ("446","157","2017-10-20 02:47:38");
INSERT INTO likes (like_id, liked_id, like_date) VALUES ("489","157","2017-04-27 11:57:30");
INSERT INTO views (viewer_id, viewed_id, view_date) VALUES ("416","157","2017-08-07 16:28:22");
INSERT INTO views (viewer_id, viewed_id, view_date) VALUES ("153","157","2017-02-19 17:45:26");
INSERT INTO views (viewer_id, viewed_id, view_date) VALUES ("359","157","2017-07-20 13:29:43");
INSERT INTO views (viewer_id, viewed_id, view_date) VALUES ("142","157","2018-01-12 04:36:55");
INSERT INTO views (viewer_id, viewed_id, view_date) VALUES ("423","157","2017-05-22 19:24:08");
INSERT INTO views (viewer_id, viewed_id, view_date) VALUES ("317","157","2017-02-20 04:37:59");
INSERT INTO views (viewer_id, viewed_id, view_date) VALUES ("115","157","2017-06-28 02:04:03");
INSERT INTO views (viewer_id, viewed_id, view_date) VALUES ("214","157","2017-09-09 13:31:44");
INSERT INTO views (viewer_id, viewed_id, view_date) VALUES ("385","157","2017-09-04 03:18:35");
INSERT INTO views (viewer_id, viewed_id, view_date) VALUES ("41","157","2017-07-28 11:11:28");
INSERT INTO views (viewer_id, viewed_id, view_date) VALUES ("84","157","2017-03-03 09:39:18");
INSERT INTO views (viewer_id, viewed_id, view_date) VALUES ("354","157","2017-07-30 08:42:23");
INSERT INTO views (viewer_id, viewed_id, view_date) VALUES ("106","157","2017-04-28 18:51:40");
INSERT INTO views (viewer_id, viewed_id, view_date) VALUES ("77","157","2017-05-11 00:29:48");
INSERT INTO views (viewer_id, viewed_id, view_date) VALUES ("114","157","2017-05-05 17:23:39");
INSERT INTO views (viewer_id, viewed_id, view_date) VALUES ("50","157","2017-08-28 06:25:44");
INSERT INTO views (viewer_id, viewed_id, view_date) VALUES ("268","157","2017-07-06 16:42:37");
INSERT INTO views (viewer_id, viewed_id, view_date) VALUES ("46","157","2017-03-30 04:17:55");
INSERT INTO views (viewer_id, viewed_id, view_date) VALUES ("258","157","2017-10-21 18:57:00");
INSERT INTO views (viewer_id, viewed_id, view_date) VALUES ("172","157","2017-08-25 06:23:46");
INSERT INTO views (viewer_id, viewed_id, view_date) VALUES ("473","157","2017-08-15 04:57:24");
INSERT INTO views (viewer_id, viewed_id, view_date) VALUES ("272","157","2017-04-10 13:31:13");
INSERT INTO views (viewer_id, viewed_id, view_date) VALUES ("254","157","2017-05-02 11:15:07");


INSERT INTO user (id, first_name, last_name, username, email, password, birthdate, gender, orientation, bio, country, state, city, zip, file_1, file_2, file_3, file_4, file_5, score, token, token_date, active, register, created_at, updated_at) VALUES ("158","Jasen","Harris","kerluketyreek","bogan.leora@yahoo.com","$2y$10$j4vknhFXstpQyg5XSxW2ouqiXviPtMDUbDaa2FicS2vO8rhyUFkRy","1967-01-21 20:13:03","2","1","Unde a dolorem aspernatur sit tempore dolores eum. Molestiae officia nihil et temporibus. Laudantium deleniti minima eos est.","Afghanistan","","Port Gagestad","75926","../fixtures/female5.jpg","../fixtures/female4.jpg","../fixtures/female8.jpg","../fixtures/female4.jpg","../fixtures/female7.jpg","22","ae73ebc709de9ad5b5d97265360b6bbd","2016-04-27 03:44:10","0","0","1977-11-26 17:43:18","1984-07-31 09:17:01");
INSERT INTO user_tag (user_id, tag_id) VALUES ("158","9");
INSERT INTO user_tag (user_id, tag_id) VALUES ("158","39");
INSERT INTO user_tag (user_id, tag_id) VALUES ("158","24");
INSERT INTO user_tag (user_id, tag_id) VALUES ("158","20");
INSERT INTO user_tag (user_id, tag_id) VALUES ("158","30");
INSERT INTO user_tag (user_id, tag_id) VALUES ("158","28");
INSERT INTO user_tag (user_id, tag_id) VALUES ("158","1");
INSERT INTO user_tag (user_id, tag_id) VALUES ("158","5");
INSERT INTO user_tag (user_id, tag_id) VALUES ("158","25");
INSERT INTO user_tag (user_id, tag_id) VALUES ("158","16");

INSERT INTO connected (user_id, connect_date) VALUES ("158","2017-11-30 00:51:15");
INSERT INTO likes (like_id, liked_id, like_date) VALUES ("133","158","2017-04-06 19:01:26");
INSERT INTO likes (like_id, liked_id, like_date) VALUES ("414","158","2017-12-22 08:29:25");
INSERT INTO likes (like_id, liked_id, like_date) VALUES ("108","158","2017-11-21 08:08:25");
INSERT INTO likes (like_id, liked_id, like_date) VALUES ("294","158","2017-11-30 19:29:32");
INSERT INTO likes (like_id, liked_id, like_date) VALUES ("368","158","2017-09-23 02:23:55");
INSERT INTO likes (like_id, liked_id, like_date) VALUES ("124","158","2017-04-16 20:06:57");
INSERT INTO likes (like_id, liked_id, like_date) VALUES ("371","158","2017-07-23 09:30:07");
INSERT INTO likes (like_id, liked_id, like_date) VALUES ("8","158","2017-09-10 02:52:17");
INSERT INTO likes (like_id, liked_id, like_date) VALUES ("5","158","2017-05-29 07:56:18");
INSERT INTO views (viewer_id, viewed_id, view_date) VALUES ("351","158","2018-01-31 16:18:02");
INSERT INTO views (viewer_id, viewed_id, view_date) VALUES ("2","158","2017-09-15 02:18:56");
INSERT INTO views (viewer_id, viewed_id, view_date) VALUES ("27","158","2017-12-24 05:43:22");
INSERT INTO views (viewer_id, viewed_id, view_date) VALUES ("122","158","2017-10-30 22:50:22");
INSERT INTO views (viewer_id, viewed_id, view_date) VALUES ("102","158","2017-03-07 15:09:46");
INSERT INTO views (viewer_id, viewed_id, view_date) VALUES ("206","158","2017-10-08 11:12:30");
INSERT INTO views (viewer_id, viewed_id, view_date) VALUES ("325","158","2017-12-23 18:12:52");
INSERT INTO views (viewer_id, viewed_id, view_date) VALUES ("190","158","2017-12-11 07:58:26");
INSERT INTO views (viewer_id, viewed_id, view_date) VALUES ("55","158","2018-01-20 14:20:15");
INSERT INTO views (viewer_id, viewed_id, view_date) VALUES ("120","158","2017-09-14 14:55:22");


INSERT INTO user (id, first_name, last_name, username, email, password, birthdate, gender, orientation, bio, country, state, city, zip, file_1, file_2, file_3, file_4, file_5, score, token, token_date, active, register, created_at, updated_at) VALUES ("159","Javon","Von","delphiabailey","chaim.quitzon@hotmail.com","$2y$10$CNR/7hag/Nlda.Cj34JMA.MrNVScV2ZUyTOL9s1JP4rLPNijrn3Hq","1951-02-17 05:02:24","1","3","Voluptatem sit totam natus placeat rerum. Cumque et inventore blanditiis illum nobis. Est maiores sit provident consequatur reiciendis.","Saint Helena","","South Dangelo","35454-9873","../fixtures/male4.jpg","../fixtures/male10.jpg","","","","29","df008185b95bf6a252d9d1b208e3b7ee","1998-04-26 00:38:03","1","0","1984-08-02 16:25:13","2008-02-08 01:26:38");
INSERT INTO user_tag (user_id, tag_id) VALUES ("159","21");
INSERT INTO user_tag (user_id, tag_id) VALUES ("159","8");
INSERT INTO user_tag (user_id, tag_id) VALUES ("159","37");
INSERT INTO user_tag (user_id, tag_id) VALUES ("159","7");
INSERT INTO user_tag (user_id, tag_id) VALUES ("159","33");
INSERT INTO user_tag (user_id, tag_id) VALUES ("159","36");
INSERT INTO user_tag (user_id, tag_id) VALUES ("159","12");
INSERT INTO user_tag (user_id, tag_id) VALUES ("159","16");
INSERT INTO user_tag (user_id, tag_id) VALUES ("159","49");
INSERT INTO user_tag (user_id, tag_id) VALUES ("159","20");
INSERT INTO user_tag (user_id, tag_id) VALUES ("159","23");

INSERT INTO connected (user_id, connect_date) VALUES ("159","2017-06-16 19:23:25");
INSERT INTO likes (like_id, liked_id, like_date) VALUES ("186","159","2017-08-18 15:56:41");
INSERT INTO likes (like_id, liked_id, like_date) VALUES ("206","159","2017-08-09 06:30:03");
INSERT INTO likes (like_id, liked_id, like_date) VALUES ("447","159","2017-04-09 21:17:17");
INSERT INTO likes (like_id, liked_id, like_date) VALUES ("335","159","2017-05-21 01:22:56");
INSERT INTO likes (like_id, liked_id, like_date) VALUES ("420","159","2017-04-02 01:56:12");
INSERT INTO likes (like_id, liked_id, like_date) VALUES ("138","159","2017-10-30 12:28:25");
INSERT INTO likes (like_id, liked_id, like_date) VALUES ("148","159","2018-02-03 03:38:58");
INSERT INTO likes (like_id, liked_id, like_date) VALUES ("32","159","2018-02-06 06:42:58");
INSERT INTO likes (like_id, liked_id, like_date) VALUES ("233","159","2018-01-05 08:55:22");
INSERT INTO likes (like_id, liked_id, like_date) VALUES ("71","159","2017-04-27 07:46:14");
INSERT INTO likes (like_id, liked_id, like_date) VALUES ("369","159","2017-08-10 19:05:54");
INSERT INTO likes (like_id, liked_id, like_date) VALUES ("294","159","2017-09-28 05:47:56");
INSERT INTO likes (like_id, liked_id, like_date) VALUES ("127","159","2017-12-27 20:22:05");
INSERT INTO likes (like_id, liked_id, like_date) VALUES ("469","159","2017-09-17 17:05:47");
INSERT INTO likes (like_id, liked_id, like_date) VALUES ("329","159","2017-08-18 23:11:25");
INSERT INTO likes (like_id, liked_id, like_date) VALUES ("100","159","2017-09-27 07:36:49");
INSERT INTO likes (like_id, liked_id, like_date) VALUES ("136","159","2017-03-01 16:25:01");
INSERT INTO views (viewer_id, viewed_id, view_date) VALUES ("415","159","2017-02-17 17:31:53");
INSERT INTO views (viewer_id, viewed_id, view_date) VALUES ("371","159","2017-10-09 00:24:45");
INSERT INTO views (viewer_id, viewed_id, view_date) VALUES ("5","159","2017-10-16 12:03:40");
INSERT INTO views (viewer_id, viewed_id, view_date) VALUES ("393","159","2017-05-04 23:21:54");
INSERT INTO views (viewer_id, viewed_id, view_date) VALUES ("337","159","2017-05-01 16:15:21");
INSERT INTO views (viewer_id, viewed_id, view_date) VALUES ("70","159","2017-08-09 23:37:45");
INSERT INTO views (viewer_id, viewed_id, view_date) VALUES ("134","159","2017-05-16 04:10:03");
INSERT INTO views (viewer_id, viewed_id, view_date) VALUES ("437","159","2017-07-03 14:42:24");
INSERT INTO views (viewer_id, viewed_id, view_date) VALUES ("382","159","2017-06-16 21:04:24");
INSERT INTO views (viewer_id, viewed_id, view_date) VALUES ("32","159","2018-02-07 23:24:01");
INSERT INTO views (viewer_id, viewed_id, view_date) VALUES ("300","159","2017-07-16 00:38:37");
INSERT INTO views (viewer_id, viewed_id, view_date) VALUES ("193","159","2017-09-30 10:43:47");
INSERT INTO views (viewer_id, viewed_id, view_date) VALUES ("258","159","2017-10-02 18:22:06");
INSERT INTO views (viewer_id, viewed_id, view_date) VALUES ("286","159","2017-06-20 05:56:55");
INSERT INTO views (viewer_id, viewed_id, view_date) VALUES ("489","159","2017-11-10 04:43:06");
INSERT INTO views (viewer_id, viewed_id, view_date) VALUES ("40","159","2017-10-07 11:04:40");
INSERT INTO views (viewer_id, viewed_id, view_date) VALUES ("175","159","2017-12-03 03:42:26");
INSERT INTO views (viewer_id, viewed_id, view_date) VALUES ("355","159","2017-07-30 15:19:49");
INSERT INTO views (viewer_id, viewed_id, view_date) VALUES ("69","159","2017-10-31 06:16:38");
INSERT INTO views (viewer_id, viewed_id, view_date) VALUES ("175","159","2018-01-26 07:54:31");
INSERT INTO views (viewer_id, viewed_id, view_date) VALUES ("140","159","2017-07-31 14:41:44");
INSERT INTO views (viewer_id, viewed_id, view_date) VALUES ("66","159","2018-02-04 12:15:56");


INSERT INTO user (id, first_name, last_name, username, email, password, birthdate, gender, orientation, bio, country, state, city, zip, file_1, file_2, file_3, file_4, file_5, score, token, token_date, active, register, created_at, updated_at) VALUES ("160","Lysanne","Bergnaum","tiarastanton","ratke.ardith@hotmail.com","$2y$10$aUmilb0ID7NLa5kYZkoRWuDA9t1rjj8Bf0kpEIY6NnbgN80jCM5Ke","1958-10-14 09:15:10","1","1","Tempora id soluta sunt modi omnis autem. Beatae suscipit illo qui.","Faroe Islands","","Danielland","31888","../fixtures/male1.jpg","","","","","5","0b9c59d91266cf6c6be9566d0ce30cbd","2006-04-02 19:23:58","1","1","1978-01-06 02:07:51","2003-11-04 19:05:58");
INSERT INTO user_tag (user_id, tag_id) VALUES ("160","38");
INSERT INTO user_tag (user_id, tag_id) VALUES ("160","33");
INSERT INTO user_tag (user_id, tag_id) VALUES ("160","20");

INSERT INTO connected (user_id, connect_date) VALUES ("160","2017-10-03 22:52:06");
INSERT INTO likes (like_id, liked_id, like_date) VALUES ("405","160","2017-12-16 10:32:35");
INSERT INTO likes (like_id, liked_id, like_date) VALUES ("296","160","2017-06-09 18:16:59");
INSERT INTO likes (like_id, liked_id, like_date) VALUES ("300","160","2017-02-26 02:24:43");
INSERT INTO likes (like_id, liked_id, like_date) VALUES ("6","160","2017-10-07 12:12:39");
INSERT INTO likes (like_id, liked_id, like_date) VALUES ("230","160","2018-02-08 06:48:11");
INSERT INTO likes (like_id, liked_id, like_date) VALUES ("273","160","2017-05-10 21:20:12");
INSERT INTO likes (like_id, liked_id, like_date) VALUES ("17","160","2018-02-15 15:09:10");
INSERT INTO likes (like_id, liked_id, like_date) VALUES ("363","160","2017-05-19 18:33:28");
INSERT INTO likes (like_id, liked_id, like_date) VALUES ("455","160","2017-12-08 19:18:35");
INSERT INTO likes (like_id, liked_id, like_date) VALUES ("412","160","2017-02-22 00:39:19");
INSERT INTO likes (like_id, liked_id, like_date) VALUES ("183","160","2017-12-17 05:09:39");
INSERT INTO likes (like_id, liked_id, like_date) VALUES ("146","160","2017-06-05 23:28:47");
INSERT INTO likes (like_id, liked_id, like_date) VALUES ("148","160","2017-10-15 13:58:24");
INSERT INTO likes (like_id, liked_id, like_date) VALUES ("104","160","2017-06-19 01:06:47");
INSERT INTO likes (like_id, liked_id, like_date) VALUES ("286","160","2017-03-18 03:39:59");
INSERT INTO likes (like_id, liked_id, like_date) VALUES ("108","160","2017-07-05 03:34:12");
INSERT INTO likes (like_id, liked_id, like_date) VALUES ("74","160","2017-07-31 23:40:08");
INSERT INTO likes (like_id, liked_id, like_date) VALUES ("69","160","2018-01-13 22:55:59");
INSERT INTO likes (like_id, liked_id, like_date) VALUES ("194","160","2017-04-02 07:29:10");
INSERT INTO views (viewer_id, viewed_id, view_date) VALUES ("289","160","2018-02-15 04:42:25");
INSERT INTO views (viewer_id, viewed_id, view_date) VALUES ("54","160","2017-05-07 06:04:53");
INSERT INTO views (viewer_id, viewed_id, view_date) VALUES ("83","160","2017-10-05 20:42:35");
INSERT INTO views (viewer_id, viewed_id, view_date) VALUES ("172","160","2017-03-09 22:34:15");
INSERT INTO views (viewer_id, viewed_id, view_date) VALUES ("144","160","2017-07-05 14:34:45");
INSERT INTO views (viewer_id, viewed_id, view_date) VALUES ("299","160","2018-01-11 20:57:39");
INSERT INTO views (viewer_id, viewed_id, view_date) VALUES ("298","160","2017-09-22 01:02:16");
INSERT INTO views (viewer_id, viewed_id, view_date) VALUES ("237","160","2017-11-28 02:21:25");


INSERT INTO user (id, first_name, last_name, username, email, password, birthdate, gender, orientation, bio, country, state, city, zip, file_1, file_2, file_3, file_4, file_5, score, token, token_date, active, register, created_at, updated_at) VALUES ("161","Samanta","Koelpin","nhilpert","thaddeus40@mohr.com","$2y$10$5rc7TDC2b/8p2y2B9AIU/ugY9Ctf/elL9LtGwSXD7zcQHKuQPsRQu","1965-10-21 09:57:48","2","2","Autem optio voluptas at suscipit. Dicta in optio cumque qui quas. Inventore praesentium incidunt aut eos recusandae asperiores possimus. Officia tenetur est vitae qui sed nesciunt.","United States of America","","Eichmannville","67517-3186","../fixtures/female1.jpg","../fixtures/female9.jpg","../fixtures/female6.jpg","../fixtures/female6.jpg","","27","e717dcd8ecf10cceb457dde7bfd5f7b9","1996-06-02 20:31:51","0","0","1990-06-26 02:53:17","1987-10-17 10:35:09");
INSERT INTO user_tag (user_id, tag_id) VALUES ("161","39");
INSERT INTO user_tag (user_id, tag_id) VALUES ("161","49");
INSERT INTO user_tag (user_id, tag_id) VALUES ("161","41");
INSERT INTO user_tag (user_id, tag_id) VALUES ("161","10");
INSERT INTO user_tag (user_id, tag_id) VALUES ("161","37");
INSERT INTO user_tag (user_id, tag_id) VALUES ("161","7");
INSERT INTO user_tag (user_id, tag_id) VALUES ("161","24");
INSERT INTO user_tag (user_id, tag_id) VALUES ("161","41");

INSERT INTO connected (user_id, connect_date) VALUES ("161","2017-04-16 21:24:33");
INSERT INTO likes (like_id, liked_id, like_date) VALUES ("470","161","2017-06-22 07:05:08");
INSERT INTO likes (like_id, liked_id, like_date) VALUES ("33","161","2017-11-30 18:06:13");
INSERT INTO likes (like_id, liked_id, like_date) VALUES ("427","161","2017-10-25 13:16:18");
INSERT INTO likes (like_id, liked_id, like_date) VALUES ("28","161","2017-03-23 15:45:43");
INSERT INTO likes (like_id, liked_id, like_date) VALUES ("42","161","2017-05-27 03:01:40");
INSERT INTO views (viewer_id, viewed_id, view_date) VALUES ("44","161","2017-11-22 21:48:03");
INSERT INTO views (viewer_id, viewed_id, view_date) VALUES ("398","161","2017-12-26 12:13:41");
INSERT INTO views (viewer_id, viewed_id, view_date) VALUES ("322","161","2017-12-19 05:32:49");
INSERT INTO views (viewer_id, viewed_id, view_date) VALUES ("265","161","2017-08-09 18:25:05");
INSERT INTO views (viewer_id, viewed_id, view_date) VALUES ("185","161","2017-06-03 02:05:19");
INSERT INTO views (viewer_id, viewed_id, view_date) VALUES ("449","161","2017-05-07 18:12:46");
INSERT INTO views (viewer_id, viewed_id, view_date) VALUES ("377","161","2018-01-11 09:43:04");
INSERT INTO views (viewer_id, viewed_id, view_date) VALUES ("411","161","2017-09-25 19:12:22");
INSERT INTO views (viewer_id, viewed_id, view_date) VALUES ("25","161","2017-06-14 11:47:19");
INSERT INTO views (viewer_id, viewed_id, view_date) VALUES ("443","161","2017-09-25 13:31:44");
INSERT INTO views (viewer_id, viewed_id, view_date) VALUES ("253","161","2017-08-02 06:28:51");
INSERT INTO views (viewer_id, viewed_id, view_date) VALUES ("306","161","2017-03-24 23:05:16");
INSERT INTO views (viewer_id, viewed_id, view_date) VALUES ("272","161","2017-09-17 16:46:37");
INSERT INTO views (viewer_id, viewed_id, view_date) VALUES ("138","161","2017-06-18 14:32:28");
INSERT INTO views (viewer_id, viewed_id, view_date) VALUES ("286","161","2017-11-22 12:33:48");
INSERT INTO views (viewer_id, viewed_id, view_date) VALUES ("47","161","2017-08-22 02:42:37");
INSERT INTO views (viewer_id, viewed_id, view_date) VALUES ("248","161","2017-05-28 13:27:44");
INSERT INTO views (viewer_id, viewed_id, view_date) VALUES ("279","161","2017-04-03 22:17:44");
INSERT INTO views (viewer_id, viewed_id, view_date) VALUES ("418","161","2017-08-13 18:25:11");
INSERT INTO views (viewer_id, viewed_id, view_date) VALUES ("142","161","2017-05-08 23:18:17");


INSERT INTO user (id, first_name, last_name, username, email, password, birthdate, gender, orientation, bio, country, state, city, zip, file_1, file_2, file_3, file_4, file_5, score, token, token_date, active, register, created_at, updated_at) VALUES ("162","Ocie","Green","lowekenya","rbaumbach@yahoo.com","$2y$10$X7mi3y2n0b7.41QpwYNmFegL51x9TeSLr52nzh9xS6yRz5/OD6gF2","1994-08-04 10:30:40","1","2","Aut est fuga mollitia mollitia molestias autem vel eum. Perspiciatis natus et voluptatibus qui quasi qui numquam. Nam molestiae doloremque possimus. Dolor et alias placeat voluptas aliquam ipsam.","Dominica","","New Caleigh","58263","../fixtures/male2.jpg","../fixtures/male4.jpg","../fixtures/male5.jpg","","","5","1739828b1022088b4d94ae5cec55d7e7","1981-05-11 04:28:33","1","1","1978-03-24 09:23:11","2009-07-21 03:16:11");
INSERT INTO user_tag (user_id, tag_id) VALUES ("162","38");
INSERT INTO user_tag (user_id, tag_id) VALUES ("162","38");
INSERT INTO user_tag (user_id, tag_id) VALUES ("162","9");
INSERT INTO user_tag (user_id, tag_id) VALUES ("162","35");
INSERT INTO user_tag (user_id, tag_id) VALUES ("162","48");
INSERT INTO user_tag (user_id, tag_id) VALUES ("162","24");
INSERT INTO user_tag (user_id, tag_id) VALUES ("162","8");
INSERT INTO user_tag (user_id, tag_id) VALUES ("162","48");

INSERT INTO connected (user_id, connect_date) VALUES ("162","2017-09-10 21:20:49");
INSERT INTO likes (like_id, liked_id, like_date) VALUES ("328","162","2017-12-24 11:11:25");
INSERT INTO likes (like_id, liked_id, like_date) VALUES ("378","162","2017-11-26 14:57:37");
INSERT INTO likes (like_id, liked_id, like_date) VALUES ("328","162","2017-08-18 12:24:36");
INSERT INTO likes (like_id, liked_id, like_date) VALUES ("422","162","2017-03-06 16:04:17");
INSERT INTO likes (like_id, liked_id, like_date) VALUES ("263","162","2017-09-16 04:30:27");
INSERT INTO likes (like_id, liked_id, like_date) VALUES ("489","162","2017-11-10 12:58:32");
INSERT INTO likes (like_id, liked_id, like_date) VALUES ("336","162","2017-02-27 21:32:46");
INSERT INTO views (viewer_id, viewed_id, view_date) VALUES ("206","162","2017-06-21 19:21:45");
INSERT INTO views (viewer_id, viewed_id, view_date) VALUES ("253","162","2017-03-04 15:46:16");
INSERT INTO views (viewer_id, viewed_id, view_date) VALUES ("206","162","2017-08-03 20:46:33");
INSERT INTO views (viewer_id, viewed_id, view_date) VALUES ("129","162","2018-01-14 06:38:24");
INSERT INTO views (viewer_id, viewed_id, view_date) VALUES ("185","162","2017-04-23 15:45:23");
INSERT INTO views (viewer_id, viewed_id, view_date) VALUES ("360","162","2017-08-11 20:35:39");
INSERT INTO views (viewer_id, viewed_id, view_date) VALUES ("388","162","2017-11-22 08:51:31");
INSERT INTO views (viewer_id, viewed_id, view_date) VALUES ("265","162","2017-03-17 19:53:25");
INSERT INTO views (viewer_id, viewed_id, view_date) VALUES ("2","162","2017-03-16 11:01:22");
INSERT INTO views (viewer_id, viewed_id, view_date) VALUES ("346","162","2018-02-08 03:59:57");
INSERT INTO views (viewer_id, viewed_id, view_date) VALUES ("390","162","2017-03-19 15:29:04");
INSERT INTO views (viewer_id, viewed_id, view_date) VALUES ("466","162","2017-04-01 01:20:00");
INSERT INTO views (viewer_id, viewed_id, view_date) VALUES ("313","162","2017-09-18 09:14:51");
INSERT INTO views (viewer_id, viewed_id, view_date) VALUES ("183","162","2017-03-03 13:17:27");
INSERT INTO views (viewer_id, viewed_id, view_date) VALUES ("372","162","2017-12-25 09:26:44");
INSERT INTO views (viewer_id, viewed_id, view_date) VALUES ("247","162","2017-11-11 09:30:49");
INSERT INTO views (viewer_id, viewed_id, view_date) VALUES ("460","162","2017-03-22 02:52:10");
INSERT INTO views (viewer_id, viewed_id, view_date) VALUES ("166","162","2018-01-25 16:50:29");


INSERT INTO user (id, first_name, last_name, username, email, password, birthdate, gender, orientation, bio, country, state, city, zip, file_1, file_2, file_3, file_4, file_5, score, token, token_date, active, register, created_at, updated_at) VALUES ("163","Lenora","Crona","kirlintressie","gleason.jed@corkery.com","$2y$10$S.5XjSP3Om/DKZxzcxJrOO3ns8Y8yhmvxP1MI0B0AdVUdhPaJybWe","1949-04-27 22:39:30","1","2","Voluptatem deserunt occaecati sit sapiente nulla ducimus illum. Quasi temporibus pariatur delectus est.","Faroe Islands","","Frederiquetown","28578-8869","../fixtures/male4.jpg","../fixtures/male9.jpg","../fixtures/male6.jpg","","","27","807d4b14fee661c588b68cef2538c581","1988-07-09 03:10:43","0","0","1973-07-13 16:24:26","1998-01-08 02:24:39");
INSERT INTO user_tag (user_id, tag_id) VALUES ("163","14");
INSERT INTO user_tag (user_id, tag_id) VALUES ("163","32");
INSERT INTO user_tag (user_id, tag_id) VALUES ("163","11");

INSERT INTO connected (user_id, connect_date) VALUES ("163","2017-03-10 14:42:10");
INSERT INTO likes (like_id, liked_id, like_date) VALUES ("348","163","2017-03-23 05:25:02");
INSERT INTO likes (like_id, liked_id, like_date) VALUES ("340","163","2018-02-08 16:03:21");
INSERT INTO likes (like_id, liked_id, like_date) VALUES ("499","163","2017-11-02 14:19:40");
INSERT INTO likes (like_id, liked_id, like_date) VALUES ("232","163","2017-10-01 17:16:18");
INSERT INTO likes (like_id, liked_id, like_date) VALUES ("282","163","2017-04-13 06:49:19");
INSERT INTO likes (like_id, liked_id, like_date) VALUES ("229","163","2017-09-11 04:31:24");
INSERT INTO likes (like_id, liked_id, like_date) VALUES ("65","163","2018-01-28 02:30:35");
INSERT INTO likes (like_id, liked_id, like_date) VALUES ("176","163","2018-02-02 14:00:32");
INSERT INTO likes (like_id, liked_id, like_date) VALUES ("407","163","2017-10-29 03:49:36");
INSERT INTO likes (like_id, liked_id, like_date) VALUES ("87","163","2017-11-11 22:15:14");
INSERT INTO likes (like_id, liked_id, like_date) VALUES ("450","163","2017-03-27 23:02:42");
INSERT INTO likes (like_id, liked_id, like_date) VALUES ("268","163","2018-01-26 09:13:40");
INSERT INTO likes (like_id, liked_id, like_date) VALUES ("363","163","2017-06-18 08:07:54");
INSERT INTO likes (like_id, liked_id, like_date) VALUES ("108","163","2017-11-17 04:41:55");
INSERT INTO likes (like_id, liked_id, like_date) VALUES ("99","163","2018-01-15 04:23:29");
INSERT INTO likes (like_id, liked_id, like_date) VALUES ("224","163","2017-05-25 21:41:22");
INSERT INTO views (viewer_id, viewed_id, view_date) VALUES ("284","163","2017-12-26 23:41:57");
INSERT INTO views (viewer_id, viewed_id, view_date) VALUES ("186","163","2017-11-24 20:41:42");
INSERT INTO views (viewer_id, viewed_id, view_date) VALUES ("87","163","2017-04-18 06:38:14");
INSERT INTO views (viewer_id, viewed_id, view_date) VALUES ("233","163","2017-10-12 11:03:40");
INSERT INTO views (viewer_id, viewed_id, view_date) VALUES ("478","163","2017-07-13 03:54:26");
INSERT INTO views (viewer_id, viewed_id, view_date) VALUES ("251","163","2017-12-11 12:57:10");
INSERT INTO views (viewer_id, viewed_id, view_date) VALUES ("164","163","2017-07-26 12:25:56");
INSERT INTO views (viewer_id, viewed_id, view_date) VALUES ("358","163","2017-11-11 09:16:53");
INSERT INTO views (viewer_id, viewed_id, view_date) VALUES ("105","163","2017-03-27 07:50:01");
INSERT INTO views (viewer_id, viewed_id, view_date) VALUES ("319","163","2017-07-24 23:04:19");
INSERT INTO views (viewer_id, viewed_id, view_date) VALUES ("424","163","2017-07-04 03:13:02");
INSERT INTO views (viewer_id, viewed_id, view_date) VALUES ("148","163","2017-02-27 02:09:22");
INSERT INTO views (viewer_id, viewed_id, view_date) VALUES ("353","163","2017-09-30 06:56:41");
INSERT INTO views (viewer_id, viewed_id, view_date) VALUES ("10","163","2017-12-06 12:43:18");
INSERT INTO views (viewer_id, viewed_id, view_date) VALUES ("192","163","2017-12-30 14:18:24");
INSERT INTO views (viewer_id, viewed_id, view_date) VALUES ("24","163","2017-11-27 17:13:38");
INSERT INTO views (viewer_id, viewed_id, view_date) VALUES ("117","163","2017-07-16 00:58:26");
INSERT INTO views (viewer_id, viewed_id, view_date) VALUES ("104","163","2017-08-17 15:47:26");
INSERT INTO views (viewer_id, viewed_id, view_date) VALUES ("36","163","2018-01-11 18:19:00");
INSERT INTO views (viewer_id, viewed_id, view_date) VALUES ("156","163","2017-12-16 14:21:52");
INSERT INTO views (viewer_id, viewed_id, view_date) VALUES ("371","163","2017-07-26 11:05:06");
INSERT INTO views (viewer_id, viewed_id, view_date) VALUES ("323","163","2017-06-22 12:04:36");
INSERT INTO views (viewer_id, viewed_id, view_date) VALUES ("237","163","2018-01-27 11:52:58");


INSERT INTO user (id, first_name, last_name, username, email, password, birthdate, gender, orientation, bio, country, state, city, zip, file_1, file_2, file_3, file_4, file_5, score, token, token_date, active, register, created_at, updated_at) VALUES ("164","Randy","Carter","awisoky","qmorar@lowe.org","$2y$10$qwCu6DU45NGubGsBeF8jlukMgBJ0QgklIxw0qETsxY7LD3TCoY8/e","1950-02-09 21:20:00","1","1","Non ut tempora et est nobis dolorum. Laborum magni occaecati deserunt voluptatem sed. Provident iusto voluptates temporibus commodi exercitationem delectus et ut. Eos ut voluptas veritatis omnis modi.","French Polynesia","","Claudiamouth","24207","../fixtures/male10.jpg","","","","","82","766ce4e7bcbb9c93fa7375791a8b0ae7","1970-02-17 07:10:42","1","0","1975-12-28 13:43:10","2003-03-16 21:44:47");
INSERT INTO user_tag (user_id, tag_id) VALUES ("164","43");
INSERT INTO user_tag (user_id, tag_id) VALUES ("164","27");
INSERT INTO user_tag (user_id, tag_id) VALUES ("164","50");
INSERT INTO user_tag (user_id, tag_id) VALUES ("164","33");
INSERT INTO user_tag (user_id, tag_id) VALUES ("164","25");
INSERT INTO user_tag (user_id, tag_id) VALUES ("164","22");
INSERT INTO user_tag (user_id, tag_id) VALUES ("164","19");
INSERT INTO user_tag (user_id, tag_id) VALUES ("164","31");

INSERT INTO connected (user_id, connect_date) VALUES ("164","2017-10-03 14:31:03");
INSERT INTO likes (like_id, liked_id, like_date) VALUES ("236","164","2017-11-24 03:11:18");
INSERT INTO likes (like_id, liked_id, like_date) VALUES ("137","164","2017-12-12 03:35:16");
INSERT INTO likes (like_id, liked_id, like_date) VALUES ("257","164","2017-04-07 16:48:36");
INSERT INTO likes (like_id, liked_id, like_date) VALUES ("37","164","2018-01-14 13:17:38");
INSERT INTO likes (like_id, liked_id, like_date) VALUES ("31","164","2017-02-23 13:25:16");
INSERT INTO likes (like_id, liked_id, like_date) VALUES ("144","164","2017-08-26 05:09:52");
INSERT INTO likes (like_id, liked_id, like_date) VALUES ("341","164","2017-05-18 13:18:56");
INSERT INTO likes (like_id, liked_id, like_date) VALUES ("320","164","2017-08-03 11:48:52");
INSERT INTO likes (like_id, liked_id, like_date) VALUES ("23","164","2018-02-01 20:51:53");
INSERT INTO likes (like_id, liked_id, like_date) VALUES ("255","164","2017-08-01 01:24:37");
INSERT INTO likes (like_id, liked_id, like_date) VALUES ("492","164","2017-05-01 23:43:05");
INSERT INTO likes (like_id, liked_id, like_date) VALUES ("242","164","2017-02-16 13:32:27");
INSERT INTO likes (like_id, liked_id, like_date) VALUES ("123","164","2017-11-12 23:43:28");
INSERT INTO likes (like_id, liked_id, like_date) VALUES ("457","164","2017-12-24 15:06:44");
INSERT INTO likes (like_id, liked_id, like_date) VALUES ("4","164","2018-01-20 17:57:56");
INSERT INTO likes (like_id, liked_id, like_date) VALUES ("435","164","2017-04-28 02:31:37");
INSERT INTO likes (like_id, liked_id, like_date) VALUES ("59","164","2017-05-20 16:35:39");
INSERT INTO views (viewer_id, viewed_id, view_date) VALUES ("369","164","2017-03-18 15:16:09");


INSERT INTO user (id, first_name, last_name, username, email, password, birthdate, gender, orientation, bio, country, state, city, zip, file_1, file_2, file_3, file_4, file_5, score, token, token_date, active, register, created_at, updated_at) VALUES ("165","Letha","Bernier","toni97","fiona21@gmail.com","$2y$10$fE3KBn9.rlnjMmbyY9NCd.b7Xh4X4n.ggH5IvqunYsGevorY8z/nO","1979-08-25 00:18:03","1","2","Eius occaecati id deleniti repellat. Consectetur eligendi quis doloremque consequuntur. Aut at tenetur quis laudantium et et consequatur. Corrupti voluptatem molestias architecto rerum sunt ipsum.","Kenya","","West Kylaland","45764-7912","../fixtures/male5.jpg","../fixtures/male3.jpg","../fixtures/male2.jpg","../fixtures/male7.jpg","../fixtures/male9.jpg","33","03351ede2b42b96376333e145b29e337","1971-04-30 12:39:15","0","0","1989-06-18 07:16:34","2007-10-08 20:19:16");
INSERT INTO user_tag (user_id, tag_id) VALUES ("165","2");
INSERT INTO user_tag (user_id, tag_id) VALUES ("165","14");
INSERT INTO user_tag (user_id, tag_id) VALUES ("165","9");
INSERT INTO user_tag (user_id, tag_id) VALUES ("165","27");
INSERT INTO user_tag (user_id, tag_id) VALUES ("165","14");
INSERT INTO user_tag (user_id, tag_id) VALUES ("165","10");
INSERT INTO user_tag (user_id, tag_id) VALUES ("165","23");
INSERT INTO user_tag (user_id, tag_id) VALUES ("165","42");
INSERT INTO user_tag (user_id, tag_id) VALUES ("165","12");
INSERT INTO user_tag (user_id, tag_id) VALUES ("165","40");
INSERT INTO user_tag (user_id, tag_id) VALUES ("165","41");
INSERT INTO user_tag (user_id, tag_id) VALUES ("165","33");
INSERT INTO user_tag (user_id, tag_id) VALUES ("165","36");

INSERT INTO connected (user_id, connect_date) VALUES ("165","2017-04-02 14:08:01");
INSERT INTO likes (like_id, liked_id, like_date) VALUES ("352","165","2017-08-25 03:27:56");
INSERT INTO likes (like_id, liked_id, like_date) VALUES ("425","165","2017-05-19 03:32:55");
INSERT INTO likes (like_id, liked_id, like_date) VALUES ("322","165","2017-03-18 22:01:28");
INSERT INTO likes (like_id, liked_id, like_date) VALUES ("156","165","2017-08-07 17:41:33");
INSERT INTO likes (like_id, liked_id, like_date) VALUES ("56","165","2017-05-03 12:06:21");
INSERT INTO likes (like_id, liked_id, like_date) VALUES ("51","165","2017-08-06 03:43:14");
INSERT INTO likes (like_id, liked_id, like_date) VALUES ("101","165","2017-03-23 10:28:12");
INSERT INTO likes (like_id, liked_id, like_date) VALUES ("173","165","2017-05-04 19:19:01");
INSERT INTO likes (like_id, liked_id, like_date) VALUES ("459","165","2017-04-24 10:58:24");
INSERT INTO likes (like_id, liked_id, like_date) VALUES ("405","165","2017-07-31 18:01:13");
INSERT INTO likes (like_id, liked_id, like_date) VALUES ("369","165","2017-12-09 05:55:16");
INSERT INTO likes (like_id, liked_id, like_date) VALUES ("435","165","2017-05-16 19:12:05");
INSERT INTO views (viewer_id, viewed_id, view_date) VALUES ("420","165","2017-10-01 01:12:39");
INSERT INTO views (viewer_id, viewed_id, view_date) VALUES ("135","165","2018-02-15 02:11:23");
INSERT INTO views (viewer_id, viewed_id, view_date) VALUES ("95","165","2017-06-10 09:35:12");
INSERT INTO views (viewer_id, viewed_id, view_date) VALUES ("431","165","2017-03-14 13:56:23");
INSERT INTO views (viewer_id, viewed_id, view_date) VALUES ("427","165","2017-04-27 00:52:56");
INSERT INTO views (viewer_id, viewed_id, view_date) VALUES ("62","165","2017-05-14 20:43:06");
INSERT INTO views (viewer_id, viewed_id, view_date) VALUES ("487","165","2017-07-14 17:53:46");
INSERT INTO views (viewer_id, viewed_id, view_date) VALUES ("347","165","2017-07-31 21:01:31");
INSERT INTO views (viewer_id, viewed_id, view_date) VALUES ("485","165","2017-02-21 07:23:40");
INSERT INTO views (viewer_id, viewed_id, view_date) VALUES ("100","165","2018-01-29 09:59:12");
INSERT INTO views (viewer_id, viewed_id, view_date) VALUES ("261","165","2017-06-26 04:46:15");
INSERT INTO views (viewer_id, viewed_id, view_date) VALUES ("362","165","2017-08-11 21:53:45");


INSERT INTO user (id, first_name, last_name, username, email, password, birthdate, gender, orientation, bio, country, state, city, zip, file_1, file_2, file_3, file_4, file_5, score, token, token_date, active, register, created_at, updated_at) VALUES ("166","Verda","Kohler","pricecaterina","dedric19@hagenes.info","$2y$10$ql3wJhuQOOM0YPjI8UZC/uL0sNkEWre.Kqej6nAhBM1aelSBvV.jW","1957-07-06 00:09:28","1","3","Excepturi maiores fugit aspernatur enim eveniet. Nostrum eum et ullam quia placeat fugiat. Architecto saepe et ipsam dolores mollitia soluta.","Uruguay","","Laneyfurt","03041-8545","../fixtures/male4.jpg","../fixtures/male8.jpg","../fixtures/male7.jpg","","","38","913ac7af368837518382844eda79bebe","1981-07-08 20:18:02","1","1","1972-09-04 18:09:49","2002-01-06 03:04:15");
INSERT INTO user_tag (user_id, tag_id) VALUES ("166","40");
INSERT INTO user_tag (user_id, tag_id) VALUES ("166","30");
INSERT INTO user_tag (user_id, tag_id) VALUES ("166","36");
INSERT INTO user_tag (user_id, tag_id) VALUES ("166","39");
INSERT INTO user_tag (user_id, tag_id) VALUES ("166","17");
INSERT INTO user_tag (user_id, tag_id) VALUES ("166","39");
INSERT INTO user_tag (user_id, tag_id) VALUES ("166","7");
INSERT INTO user_tag (user_id, tag_id) VALUES ("166","32");
INSERT INTO user_tag (user_id, tag_id) VALUES ("166","33");

INSERT INTO connected (user_id, connect_date) VALUES ("166","2017-12-16 09:24:14");
INSERT INTO likes (like_id, liked_id, like_date) VALUES ("26","166","2017-06-07 04:02:33");
INSERT INTO likes (like_id, liked_id, like_date) VALUES ("240","166","2018-02-03 09:31:22");
INSERT INTO likes (like_id, liked_id, like_date) VALUES ("441","166","2018-02-06 17:39:51");
INSERT INTO likes (like_id, liked_id, like_date) VALUES ("256","166","2017-06-21 10:12:47");
INSERT INTO likes (like_id, liked_id, like_date) VALUES ("405","166","2017-07-03 08:42:30");
INSERT INTO views (viewer_id, viewed_id, view_date) VALUES ("474","166","2017-06-09 01:23:55");
INSERT INTO views (viewer_id, viewed_id, view_date) VALUES ("314","166","2017-06-16 05:04:49");


INSERT INTO user (id, first_name, last_name, username, email, password, birthdate, gender, orientation, bio, country, state, city, zip, file_1, file_2, file_3, file_4, file_5, score, token, token_date, active, register, created_at, updated_at) VALUES ("167","Ansley","Feeney","lucasschimmel","gquitzon@yahoo.com","$2y$10$f9/EpQ/diK0lwormOdoUNe04eeiACWj9Jst7MByCzSQ7Ymq4BSu/i","1969-10-30 07:52:59","2","2","Et aut fugit in ab. Quo quidem occaecati fugit officiis quia qui. Ut inventore asperiores quia possimus. Officia earum quod dolores.","Tanzania","","Tatyanachester","01062-5082","../fixtures/female6.jpg","../fixtures/female10.jpg","../fixtures/female8.jpg","../fixtures/female1.jpg","","29","268f2d03b31457bbb2c9be8b36d0861d","1986-12-20 04:54:48","0","0","1981-11-17 23:58:13","2014-07-04 00:47:03");
INSERT INTO user_tag (user_id, tag_id) VALUES ("167","13");
INSERT INTO user_tag (user_id, tag_id) VALUES ("167","17");
INSERT INTO user_tag (user_id, tag_id) VALUES ("167","33");
INSERT INTO user_tag (user_id, tag_id) VALUES ("167","16");
INSERT INTO user_tag (user_id, tag_id) VALUES ("167","11");
INSERT INTO user_tag (user_id, tag_id) VALUES ("167","26");
INSERT INTO user_tag (user_id, tag_id) VALUES ("167","21");
INSERT INTO user_tag (user_id, tag_id) VALUES ("167","28");
INSERT INTO user_tag (user_id, tag_id) VALUES ("167","34");
INSERT INTO user_tag (user_id, tag_id) VALUES ("167","38");
INSERT INTO user_tag (user_id, tag_id) VALUES ("167","34");
INSERT INTO user_tag (user_id, tag_id) VALUES ("167","49");

INSERT INTO connected (user_id, connect_date) VALUES ("167","2017-11-24 17:27:51");
INSERT INTO likes (like_id, liked_id, like_date) VALUES ("96","167","2017-07-22 06:58:50");
INSERT INTO likes (like_id, liked_id, like_date) VALUES ("250","167","2017-10-18 21:22:59");
INSERT INTO likes (like_id, liked_id, like_date) VALUES ("134","167","2017-10-04 15:34:36");
INSERT INTO likes (like_id, liked_id, like_date) VALUES ("11","167","2017-06-07 21:06:53");
INSERT INTO likes (like_id, liked_id, like_date) VALUES ("272","167","2017-06-01 14:19:34");
INSERT INTO likes (like_id, liked_id, like_date) VALUES ("25","167","2017-09-08 16:40:59");
INSERT INTO views (viewer_id, viewed_id, view_date) VALUES ("62","167","2017-09-20 02:54:00");
INSERT INTO views (viewer_id, viewed_id, view_date) VALUES ("396","167","2018-01-29 22:15:21");
INSERT INTO views (viewer_id, viewed_id, view_date) VALUES ("109","167","2017-05-14 14:57:16");
INSERT INTO views (viewer_id, viewed_id, view_date) VALUES ("218","167","2017-09-05 16:02:24");
INSERT INTO views (viewer_id, viewed_id, view_date) VALUES ("159","167","2017-09-13 21:05:19");
INSERT INTO views (viewer_id, viewed_id, view_date) VALUES ("7","167","2017-10-06 05:10:59");
INSERT INTO views (viewer_id, viewed_id, view_date) VALUES ("339","167","2017-10-24 13:25:50");
INSERT INTO views (viewer_id, viewed_id, view_date) VALUES ("217","167","2017-03-03 06:32:08");
INSERT INTO views (viewer_id, viewed_id, view_date) VALUES ("143","167","2017-06-13 02:22:16");
INSERT INTO views (viewer_id, viewed_id, view_date) VALUES ("139","167","2017-07-08 02:25:37");
INSERT INTO views (viewer_id, viewed_id, view_date) VALUES ("50","167","2017-02-21 20:47:49");
INSERT INTO views (viewer_id, viewed_id, view_date) VALUES ("125","167","2017-07-14 08:02:17");
INSERT INTO views (viewer_id, viewed_id, view_date) VALUES ("187","167","2017-07-31 04:00:36");
INSERT INTO views (viewer_id, viewed_id, view_date) VALUES ("28","167","2017-11-04 06:08:17");
INSERT INTO views (viewer_id, viewed_id, view_date) VALUES ("407","167","2017-07-19 22:29:18");
INSERT INTO views (viewer_id, viewed_id, view_date) VALUES ("230","167","2017-08-24 07:04:35");
INSERT INTO views (viewer_id, viewed_id, view_date) VALUES ("281","167","2018-01-01 16:26:58");
INSERT INTO views (viewer_id, viewed_id, view_date) VALUES ("133","167","2017-09-08 10:35:21");
INSERT INTO views (viewer_id, viewed_id, view_date) VALUES ("122","167","2018-01-17 01:32:23");
INSERT INTO views (viewer_id, viewed_id, view_date) VALUES ("47","167","2017-12-31 08:54:19");
INSERT INTO views (viewer_id, viewed_id, view_date) VALUES ("341","167","2017-05-26 02:07:11");
INSERT INTO views (viewer_id, viewed_id, view_date) VALUES ("498","167","2017-06-25 02:23:43");
INSERT INTO views (viewer_id, viewed_id, view_date) VALUES ("289","167","2017-11-07 11:48:06");
INSERT INTO views (viewer_id, viewed_id, view_date) VALUES ("56","167","2017-06-14 18:43:29");
INSERT INTO views (viewer_id, viewed_id, view_date) VALUES ("237","167","2017-09-20 14:45:37");
INSERT INTO views (viewer_id, viewed_id, view_date) VALUES ("476","167","2017-04-16 09:39:22");
INSERT INTO views (viewer_id, viewed_id, view_date) VALUES ("309","167","2018-01-05 18:35:27");
INSERT INTO views (viewer_id, viewed_id, view_date) VALUES ("314","167","2018-01-14 03:56:08");
INSERT INTO views (viewer_id, viewed_id, view_date) VALUES ("303","167","2017-11-11 02:03:07");
INSERT INTO views (viewer_id, viewed_id, view_date) VALUES ("328","167","2017-05-28 16:32:28");
INSERT INTO views (viewer_id, viewed_id, view_date) VALUES ("111","167","2017-05-30 19:31:01");


INSERT INTO user (id, first_name, last_name, username, email, password, birthdate, gender, orientation, bio, country, state, city, zip, file_1, file_2, file_3, file_4, file_5, score, token, token_date, active, register, created_at, updated_at) VALUES ("168","Muriel","West","raynorjesse","heloise.reynolds@gmail.com","$2y$10$bAa6Yq7VqAI74PVAgIW5X.weoPUBdqpqNHyX4P.C267znm/OJHt7W","1962-04-21 09:16:09","1","1","Cupiditate dolores sit maxime ea voluptas. Laborum dolore doloremque quis eligendi ratione. Et eos ut consequatur nam. Sequi rerum expedita sed rem. Enim odio aut voluptatem animi maiores.","Spain","","Johnsbury","03650","../fixtures/male8.jpg","../fixtures/male1.jpg","../fixtures/male5.jpg","","","79","5b34f194ff7150f4948605b47360aba4","2005-06-04 11:59:28","1","0","1976-11-01 23:45:37","1980-03-22 12:53:23");
INSERT INTO user_tag (user_id, tag_id) VALUES ("168","38");
INSERT INTO user_tag (user_id, tag_id) VALUES ("168","12");
INSERT INTO user_tag (user_id, tag_id) VALUES ("168","39");
INSERT INTO user_tag (user_id, tag_id) VALUES ("168","24");
INSERT INTO user_tag (user_id, tag_id) VALUES ("168","23");

INSERT INTO connected (user_id, connect_date) VALUES ("168","2017-03-17 06:14:29");
INSERT INTO likes (like_id, liked_id, like_date) VALUES ("134","168","2017-02-17 22:01:39");
INSERT INTO likes (like_id, liked_id, like_date) VALUES ("414","168","2017-04-15 20:30:10");
INSERT INTO likes (like_id, liked_id, like_date) VALUES ("205","168","2017-12-23 17:42:21");
INSERT INTO likes (like_id, liked_id, like_date) VALUES ("189","168","2017-04-28 00:14:16");
INSERT INTO likes (like_id, liked_id, like_date) VALUES ("85","168","2017-10-16 07:22:55");
INSERT INTO likes (like_id, liked_id, like_date) VALUES ("150","168","2017-07-28 15:27:44");
INSERT INTO likes (like_id, liked_id, like_date) VALUES ("165","168","2017-05-25 00:02:34");
INSERT INTO likes (like_id, liked_id, like_date) VALUES ("499","168","2017-05-13 00:43:27");
INSERT INTO likes (like_id, liked_id, like_date) VALUES ("313","168","2017-08-02 09:00:34");
INSERT INTO likes (like_id, liked_id, like_date) VALUES ("321","168","2017-12-14 07:10:22");
INSERT INTO likes (like_id, liked_id, like_date) VALUES ("435","168","2017-08-14 06:01:13");
INSERT INTO likes (like_id, liked_id, like_date) VALUES ("87","168","2017-04-08 23:18:07");
INSERT INTO likes (like_id, liked_id, like_date) VALUES ("205","168","2017-05-01 20:39:13");
INSERT INTO likes (like_id, liked_id, like_date) VALUES ("117","168","2017-09-06 07:19:12");
INSERT INTO likes (like_id, liked_id, like_date) VALUES ("54","168","2017-07-07 13:36:35");
INSERT INTO likes (like_id, liked_id, like_date) VALUES ("410","168","2017-09-13 04:33:18");
INSERT INTO likes (like_id, liked_id, like_date) VALUES ("216","168","2017-05-19 22:52:00");
INSERT INTO likes (like_id, liked_id, like_date) VALUES ("479","168","2017-10-07 22:28:15");
INSERT INTO views (viewer_id, viewed_id, view_date) VALUES ("95","168","2017-12-06 06:04:42");
INSERT INTO views (viewer_id, viewed_id, view_date) VALUES ("43","168","2017-11-28 12:38:48");
INSERT INTO views (viewer_id, viewed_id, view_date) VALUES ("37","168","2017-04-09 19:22:51");
INSERT INTO views (viewer_id, viewed_id, view_date) VALUES ("9","168","2017-02-19 09:50:54");
INSERT INTO views (viewer_id, viewed_id, view_date) VALUES ("339","168","2018-01-14 11:02:01");
INSERT INTO views (viewer_id, viewed_id, view_date) VALUES ("492","168","2017-04-04 00:37:18");
INSERT INTO views (viewer_id, viewed_id, view_date) VALUES ("32","168","2017-07-19 00:31:46");
INSERT INTO views (viewer_id, viewed_id, view_date) VALUES ("130","168","2017-08-23 14:44:43");
INSERT INTO views (viewer_id, viewed_id, view_date) VALUES ("21","168","2017-09-20 18:33:08");
INSERT INTO views (viewer_id, viewed_id, view_date) VALUES ("498","168","2017-02-26 09:51:03");
INSERT INTO views (viewer_id, viewed_id, view_date) VALUES ("306","168","2017-10-23 16:35:48");
INSERT INTO views (viewer_id, viewed_id, view_date) VALUES ("153","168","2017-04-23 00:43:02");
INSERT INTO views (viewer_id, viewed_id, view_date) VALUES ("264","168","2018-02-09 02:46:36");
INSERT INTO views (viewer_id, viewed_id, view_date) VALUES ("491","168","2017-12-30 15:50:18");
INSERT INTO views (viewer_id, viewed_id, view_date) VALUES ("222","168","2017-11-19 00:17:19");
INSERT INTO views (viewer_id, viewed_id, view_date) VALUES ("196","168","2017-12-06 21:41:44");
INSERT INTO views (viewer_id, viewed_id, view_date) VALUES ("146","168","2017-03-22 15:20:52");
INSERT INTO views (viewer_id, viewed_id, view_date) VALUES ("383","168","2017-04-25 02:40:07");
INSERT INTO views (viewer_id, viewed_id, view_date) VALUES ("158","168","2017-02-26 14:27:45");
INSERT INTO views (viewer_id, viewed_id, view_date) VALUES ("470","168","2017-09-25 09:54:11");
INSERT INTO views (viewer_id, viewed_id, view_date) VALUES ("12","168","2017-08-06 07:10:51");
INSERT INTO views (viewer_id, viewed_id, view_date) VALUES ("168","168","2017-06-19 22:21:44");


INSERT INTO user (id, first_name, last_name, username, email, password, birthdate, gender, orientation, bio, country, state, city, zip, file_1, file_2, file_3, file_4, file_5, score, token, token_date, active, register, created_at, updated_at) VALUES ("169","Chad","Gerlach","josephwalker","leilani94@gmail.com","$2y$10$GM2w24cj/FuEPpV8efYKr./xUSkpjIy1G.rqEIu8uJxwHel4dEEHO","1978-12-27 05:15:43","2","1","Non est perspiciatis ullam odit. Temporibus dolor et similique.","Austria","","Nicolasstad","69525-6792","../fixtures/female10.jpg","../fixtures/female6.jpg","../fixtures/female6.jpg","../fixtures/female4.jpg","../fixtures/female2.jpg","23","9cb34ce923f034f3881cdf11b6ecdf5e","1998-12-21 06:34:30","0","0","2000-02-12 03:54:13","1973-05-03 12:14:56");
INSERT INTO user_tag (user_id, tag_id) VALUES ("169","28");
INSERT INTO user_tag (user_id, tag_id) VALUES ("169","15");
INSERT INTO user_tag (user_id, tag_id) VALUES ("169","48");
INSERT INTO user_tag (user_id, tag_id) VALUES ("169","36");
INSERT INTO user_tag (user_id, tag_id) VALUES ("169","37");

INSERT INTO connected (user_id, connect_date) VALUES ("169","2017-05-25 14:09:13");
INSERT INTO likes (like_id, liked_id, like_date) VALUES ("426","169","2017-04-25 02:35:58");
INSERT INTO likes (like_id, liked_id, like_date) VALUES ("135","169","2017-03-11 12:14:41");
INSERT INTO likes (like_id, liked_id, like_date) VALUES ("264","169","2018-01-23 17:41:35");
INSERT INTO views (viewer_id, viewed_id, view_date) VALUES ("431","169","2017-11-07 09:14:44");
INSERT INTO views (viewer_id, viewed_id, view_date) VALUES ("6","169","2017-05-26 08:15:01");
INSERT INTO views (viewer_id, viewed_id, view_date) VALUES ("163","169","2017-05-30 12:05:24");
INSERT INTO views (viewer_id, viewed_id, view_date) VALUES ("2","169","2018-01-30 23:02:37");
INSERT INTO views (viewer_id, viewed_id, view_date) VALUES ("47","169","2017-09-09 10:39:51");
INSERT INTO views (viewer_id, viewed_id, view_date) VALUES ("58","169","2018-01-25 18:56:35");
INSERT INTO views (viewer_id, viewed_id, view_date) VALUES ("325","169","2017-09-02 10:32:01");
INSERT INTO views (viewer_id, viewed_id, view_date) VALUES ("208","169","2017-03-10 05:30:01");
INSERT INTO views (viewer_id, viewed_id, view_date) VALUES ("145","169","2017-06-15 02:57:26");
INSERT INTO views (viewer_id, viewed_id, view_date) VALUES ("313","169","2017-07-14 01:26:45");
INSERT INTO views (viewer_id, viewed_id, view_date) VALUES ("82","169","2017-06-01 13:25:48");
INSERT INTO views (viewer_id, viewed_id, view_date) VALUES ("258","169","2017-03-27 14:14:17");
INSERT INTO views (viewer_id, viewed_id, view_date) VALUES ("156","169","2017-04-03 18:02:20");
INSERT INTO views (viewer_id, viewed_id, view_date) VALUES ("307","169","2017-12-06 08:33:18");
INSERT INTO views (viewer_id, viewed_id, view_date) VALUES ("65","169","2017-08-16 05:45:35");
INSERT INTO views (viewer_id, viewed_id, view_date) VALUES ("118","169","2017-11-17 23:04:46");
INSERT INTO views (viewer_id, viewed_id, view_date) VALUES ("423","169","2017-03-15 06:13:49");
INSERT INTO views (viewer_id, viewed_id, view_date) VALUES ("36","169","2017-12-20 05:15:24");
INSERT INTO views (viewer_id, viewed_id, view_date) VALUES ("333","169","2017-12-13 08:45:28");
INSERT INTO views (viewer_id, viewed_id, view_date) VALUES ("72","169","2017-06-21 22:57:42");
INSERT INTO views (viewer_id, viewed_id, view_date) VALUES ("191","169","2017-02-23 19:52:06");
INSERT INTO views (viewer_id, viewed_id, view_date) VALUES ("497","169","2017-11-02 14:16:34");
INSERT INTO views (viewer_id, viewed_id, view_date) VALUES ("280","169","2017-12-29 04:28:09");
INSERT INTO views (viewer_id, viewed_id, view_date) VALUES ("182","169","2017-06-14 07:53:34");
INSERT INTO views (viewer_id, viewed_id, view_date) VALUES ("221","169","2017-08-31 03:41:36");


INSERT INTO user (id, first_name, last_name, username, email, password, birthdate, gender, orientation, bio, country, state, city, zip, file_1, file_2, file_3, file_4, file_5, score, token, token_date, active, register, created_at, updated_at) VALUES ("170","Makayla","Homenick","babyhane","terrill.kiehn@bergnaum.com","$2y$10$67apkq3dheBb//s3N6AbEOOonzM/LVq85t6BhMPM2p19xUoYFxck6","1975-01-24 08:45:23","1","3","Maiores voluptatem voluptas et optio. Ex doloremque aperiam consequatur alias vel aut nesciunt ipsam. Aut quia nihil saepe repellendus sed doloribus neque.","Italy","","West Vincentmouth","09715","../fixtures/male8.jpg","../fixtures/male7.jpg","","","","44","cc1bf0fb9b25cb983580f62e2b731069","1976-05-14 10:40:33","0","0","1972-01-22 23:51:13","1982-09-01 19:33:49");
INSERT INTO user_tag (user_id, tag_id) VALUES ("170","50");
INSERT INTO user_tag (user_id, tag_id) VALUES ("170","18");
INSERT INTO user_tag (user_id, tag_id) VALUES ("170","16");
INSERT INTO user_tag (user_id, tag_id) VALUES ("170","8");
INSERT INTO user_tag (user_id, tag_id) VALUES ("170","39");
INSERT INTO user_tag (user_id, tag_id) VALUES ("170","25");
INSERT INTO user_tag (user_id, tag_id) VALUES ("170","34");
INSERT INTO user_tag (user_id, tag_id) VALUES ("170","9");
INSERT INTO user_tag (user_id, tag_id) VALUES ("170","16");

INSERT INTO connected (user_id, connect_date) VALUES ("170","2017-12-25 08:03:03");
INSERT INTO likes (like_id, liked_id, like_date) VALUES ("409","170","2017-10-09 06:42:41");
INSERT INTO likes (like_id, liked_id, like_date) VALUES ("492","170","2017-12-24 20:54:00");
INSERT INTO likes (like_id, liked_id, like_date) VALUES ("324","170","2017-07-10 15:12:03");
INSERT INTO likes (like_id, liked_id, like_date) VALUES ("298","170","2017-08-16 12:55:32");
INSERT INTO likes (like_id, liked_id, like_date) VALUES ("134","170","2017-11-08 03:12:11");
INSERT INTO likes (like_id, liked_id, like_date) VALUES ("56","170","2018-01-23 00:24:18");
INSERT INTO likes (like_id, liked_id, like_date) VALUES ("43","170","2017-09-14 10:19:14");
INSERT INTO likes (like_id, liked_id, like_date) VALUES ("86","170","2017-12-31 10:14:20");
INSERT INTO likes (like_id, liked_id, like_date) VALUES ("92","170","2017-11-05 10:53:33");
INSERT INTO likes (like_id, liked_id, like_date) VALUES ("497","170","2017-07-14 05:16:26");
INSERT INTO likes (like_id, liked_id, like_date) VALUES ("479","170","2018-01-22 11:07:00");
INSERT INTO likes (like_id, liked_id, like_date) VALUES ("69","170","2017-03-01 02:26:05");
INSERT INTO likes (like_id, liked_id, like_date) VALUES ("311","170","2017-10-23 17:34:15");
INSERT INTO likes (like_id, liked_id, like_date) VALUES ("379","170","2017-06-10 11:50:31");
INSERT INTO likes (like_id, liked_id, like_date) VALUES ("287","170","2017-12-11 07:18:14");
INSERT INTO likes (like_id, liked_id, like_date) VALUES ("86","170","2017-05-10 09:43:17");
INSERT INTO views (viewer_id, viewed_id, view_date) VALUES ("354","170","2017-11-03 10:26:32");
INSERT INTO views (viewer_id, viewed_id, view_date) VALUES ("292","170","2017-11-25 12:53:01");
INSERT INTO views (viewer_id, viewed_id, view_date) VALUES ("427","170","2017-03-11 00:28:26");
INSERT INTO views (viewer_id, viewed_id, view_date) VALUES ("84","170","2017-08-02 05:33:09");
INSERT INTO views (viewer_id, viewed_id, view_date) VALUES ("491","170","2017-07-03 14:34:41");
INSERT INTO views (viewer_id, viewed_id, view_date) VALUES ("341","170","2018-01-19 19:14:35");
INSERT INTO views (viewer_id, viewed_id, view_date) VALUES ("453","170","2017-04-12 19:39:34");
INSERT INTO views (viewer_id, viewed_id, view_date) VALUES ("118","170","2017-05-14 16:14:41");


INSERT INTO user (id, first_name, last_name, username, email, password, birthdate, gender, orientation, bio, country, state, city, zip, file_1, file_2, file_3, file_4, file_5, score, token, token_date, active, register, created_at, updated_at) VALUES ("171","Kirsten","Stokes","delfina07","spinka.rowan@yahoo.com","$2y$10$1CqYWTrws9GCazfqWvc5E.hssTLws0SdYA6PJFLFvUs.jYlmDgUZu","1950-01-10 23:44:37","1","1","Quia molestiae dolores consectetur velit eaque facilis. Beatae dignissimos magnam sed repellat fugit. Voluptatem voluptatem id porro veniam iusto esse accusantium.","Togo","","Tremblayshire","41466","../fixtures/male1.jpg","../fixtures/male6.jpg","../fixtures/male1.jpg","","","81","1c2d01a963f32c961178f7007cd391b0","2005-07-24 20:27:00","1","1","1995-05-05 10:42:29","2005-10-05 14:23:14");
INSERT INTO user_tag (user_id, tag_id) VALUES ("171","13");
INSERT INTO user_tag (user_id, tag_id) VALUES ("171","29");
INSERT INTO user_tag (user_id, tag_id) VALUES ("171","4");
INSERT INTO user_tag (user_id, tag_id) VALUES ("171","49");
INSERT INTO user_tag (user_id, tag_id) VALUES ("171","31");

INSERT INTO connected (user_id, connect_date) VALUES ("171","2017-07-06 16:19:42");
INSERT INTO likes (like_id, liked_id, like_date) VALUES ("43","171","2017-11-25 20:23:27");
INSERT INTO likes (like_id, liked_id, like_date) VALUES ("215","171","2017-05-30 11:35:02");
INSERT INTO likes (like_id, liked_id, like_date) VALUES ("452","171","2017-03-22 10:02:04");
INSERT INTO likes (like_id, liked_id, like_date) VALUES ("444","171","2017-04-30 15:19:47");
INSERT INTO likes (like_id, liked_id, like_date) VALUES ("81","171","2017-12-08 23:48:30");
INSERT INTO likes (like_id, liked_id, like_date) VALUES ("445","171","2017-09-11 04:26:04");
INSERT INTO likes (like_id, liked_id, like_date) VALUES ("151","171","2017-06-05 20:26:09");
INSERT INTO likes (like_id, liked_id, like_date) VALUES ("73","171","2017-06-25 01:11:17");
INSERT INTO likes (like_id, liked_id, like_date) VALUES ("106","171","2017-03-01 05:49:06");
INSERT INTO likes (like_id, liked_id, like_date) VALUES ("40","171","2017-04-17 19:51:13");
INSERT INTO likes (like_id, liked_id, like_date) VALUES ("343","171","2017-05-10 18:58:47");
INSERT INTO likes (like_id, liked_id, like_date) VALUES ("315","171","2017-05-25 20:33:42");
INSERT INTO likes (like_id, liked_id, like_date) VALUES ("42","171","2017-12-25 00:23:01");
INSERT INTO likes (like_id, liked_id, like_date) VALUES ("291","171","2018-01-16 01:15:37");
INSERT INTO likes (like_id, liked_id, like_date) VALUES ("50","171","2017-07-31 01:57:07");
INSERT INTO likes (like_id, liked_id, like_date) VALUES ("78","171","2017-03-13 16:54:34");
INSERT INTO likes (like_id, liked_id, like_date) VALUES ("414","171","2017-12-04 19:46:20");
INSERT INTO likes (like_id, liked_id, like_date) VALUES ("424","171","2017-06-07 03:04:56");
INSERT INTO likes (like_id, liked_id, like_date) VALUES ("487","171","2017-08-05 00:07:43");
INSERT INTO likes (like_id, liked_id, like_date) VALUES ("291","171","2017-08-02 21:56:49");
INSERT INTO views (viewer_id, viewed_id, view_date) VALUES ("451","171","2017-03-15 07:11:23");
INSERT INTO views (viewer_id, viewed_id, view_date) VALUES ("230","171","2017-03-06 01:07:04");
INSERT INTO views (viewer_id, viewed_id, view_date) VALUES ("434","171","2017-10-28 14:11:05");
INSERT INTO views (viewer_id, viewed_id, view_date) VALUES ("45","171","2017-12-21 23:25:34");
INSERT INTO views (viewer_id, viewed_id, view_date) VALUES ("284","171","2017-12-09 01:41:47");
INSERT INTO views (viewer_id, viewed_id, view_date) VALUES ("174","171","2017-09-28 02:13:18");
INSERT INTO views (viewer_id, viewed_id, view_date) VALUES ("335","171","2017-08-11 22:39:12");


INSERT INTO user (id, first_name, last_name, username, email, password, birthdate, gender, orientation, bio, country, state, city, zip, file_1, file_2, file_3, file_4, file_5, score, token, token_date, active, register, created_at, updated_at) VALUES ("172","Josianne","Gislason","badams","ibernier@medhurst.info","$2y$10$kXyH9eI4/4vPZRBR/7LoQOsQMBcTbuzysxBmcg2aQvQs8uunz4Cke","1988-02-12 16:40:26","2","3","Est laboriosam tempore nihil optio dolores odit. Molestias consequuntur est iusto voluptatum quisquam. Illo voluptatem ut eveniet.","Cocos (Keeling) Islands","","Osinskiland","58950","../fixtures/female8.jpg","../fixtures/female9.jpg","","","","54","3e9e81232323c714b023a0cb6547360c","1977-08-06 00:57:23","1","1","1986-08-15 10:16:06","1975-08-25 14:31:19");
INSERT INTO user_tag (user_id, tag_id) VALUES ("172","24");
INSERT INTO user_tag (user_id, tag_id) VALUES ("172","19");
INSERT INTO user_tag (user_id, tag_id) VALUES ("172","47");
INSERT INTO user_tag (user_id, tag_id) VALUES ("172","7");
INSERT INTO user_tag (user_id, tag_id) VALUES ("172","33");

INSERT INTO connected (user_id, connect_date) VALUES ("172","2017-06-02 06:08:31");
INSERT INTO likes (like_id, liked_id, like_date) VALUES ("70","172","2017-06-17 16:08:04");
INSERT INTO likes (like_id, liked_id, like_date) VALUES ("222","172","2017-07-04 12:34:21");
INSERT INTO likes (like_id, liked_id, like_date) VALUES ("376","172","2017-10-04 23:57:12");
INSERT INTO likes (like_id, liked_id, like_date) VALUES ("271","172","2018-01-20 19:54:16");
INSERT INTO likes (like_id, liked_id, like_date) VALUES ("498","172","2017-06-16 20:08:18");
INSERT INTO likes (like_id, liked_id, like_date) VALUES ("168","172","2017-08-15 20:22:14");
INSERT INTO likes (like_id, liked_id, like_date) VALUES ("182","172","2017-12-21 03:58:56");
INSERT INTO views (viewer_id, viewed_id, view_date) VALUES ("331","172","2017-12-29 02:53:33");
INSERT INTO views (viewer_id, viewed_id, view_date) VALUES ("107","172","2018-01-30 06:50:40");
INSERT INTO views (viewer_id, viewed_id, view_date) VALUES ("425","172","2017-08-30 20:44:51");
INSERT INTO views (viewer_id, viewed_id, view_date) VALUES ("346","172","2017-09-25 09:49:14");
INSERT INTO views (viewer_id, viewed_id, view_date) VALUES ("137","172","2017-12-04 13:28:27");
INSERT INTO views (viewer_id, viewed_id, view_date) VALUES ("78","172","2017-12-10 20:21:03");
INSERT INTO views (viewer_id, viewed_id, view_date) VALUES ("147","172","2017-05-04 06:01:37");
INSERT INTO views (viewer_id, viewed_id, view_date) VALUES ("177","172","2018-01-11 00:49:53");
INSERT INTO views (viewer_id, viewed_id, view_date) VALUES ("440","172","2017-03-12 23:02:53");
INSERT INTO views (viewer_id, viewed_id, view_date) VALUES ("137","172","2017-09-30 08:35:32");
INSERT INTO views (viewer_id, viewed_id, view_date) VALUES ("117","172","2017-08-20 01:45:15");
INSERT INTO views (viewer_id, viewed_id, view_date) VALUES ("49","172","2017-08-26 00:37:02");
INSERT INTO views (viewer_id, viewed_id, view_date) VALUES ("137","172","2017-08-20 03:58:45");
INSERT INTO views (viewer_id, viewed_id, view_date) VALUES ("405","172","2017-11-26 14:17:17");
INSERT INTO views (viewer_id, viewed_id, view_date) VALUES ("304","172","2017-12-18 22:04:33");
INSERT INTO views (viewer_id, viewed_id, view_date) VALUES ("300","172","2017-08-24 09:18:37");
INSERT INTO views (viewer_id, viewed_id, view_date) VALUES ("244","172","2017-06-12 00:47:05");
INSERT INTO views (viewer_id, viewed_id, view_date) VALUES ("359","172","2017-03-28 09:05:25");
INSERT INTO views (viewer_id, viewed_id, view_date) VALUES ("430","172","2017-04-29 03:08:27");
INSERT INTO views (viewer_id, viewed_id, view_date) VALUES ("40","172","2018-02-13 15:57:37");
INSERT INTO views (viewer_id, viewed_id, view_date) VALUES ("455","172","2017-04-09 19:04:02");
INSERT INTO views (viewer_id, viewed_id, view_date) VALUES ("102","172","2017-09-28 17:31:24");
INSERT INTO views (viewer_id, viewed_id, view_date) VALUES ("34","172","2017-03-18 18:05:28");
INSERT INTO views (viewer_id, viewed_id, view_date) VALUES ("415","172","2017-04-06 05:32:26");
INSERT INTO views (viewer_id, viewed_id, view_date) VALUES ("193","172","2017-05-03 12:41:12");
INSERT INTO views (viewer_id, viewed_id, view_date) VALUES ("118","172","2017-10-11 21:17:53");
INSERT INTO views (viewer_id, viewed_id, view_date) VALUES ("292","172","2017-02-28 01:55:23");
INSERT INTO views (viewer_id, viewed_id, view_date) VALUES ("104","172","2017-07-30 01:11:14");
INSERT INTO views (viewer_id, viewed_id, view_date) VALUES ("419","172","2017-11-25 21:50:28");


INSERT INTO user (id, first_name, last_name, username, email, password, birthdate, gender, orientation, bio, country, state, city, zip, file_1, file_2, file_3, file_4, file_5, score, token, token_date, active, register, created_at, updated_at) VALUES ("173","Hoyt","Nienow","christopherhoeger","moen.ahmad@hoeger.com","$2y$10$4l8t861eQh/fkDZuLzKzlOfX1pZuuJBhho.TNtdxcVEzO6zuM42/u","1977-08-05 04:40:02","1","3","Et ipsum sit qui eligendi illum corrupti. Voluptate ut cumque enim adipisci quaerat pariatur. Ut modi vel numquam fuga nihil similique.","Jordan","","West Kristina","22787","../fixtures/male3.jpg","../fixtures/male8.jpg","../fixtures/male7.jpg","","","61","7867b9cfcea751935ba9d7ef76fa8f21","2015-06-10 06:02:54","1","0","1997-09-08 11:42:52","1999-05-25 23:46:42");
INSERT INTO user_tag (user_id, tag_id) VALUES ("173","43");
INSERT INTO user_tag (user_id, tag_id) VALUES ("173","43");

INSERT INTO connected (user_id, connect_date) VALUES ("173","2017-09-05 10:47:21");
INSERT INTO likes (like_id, liked_id, like_date) VALUES ("166","173","2017-07-07 05:20:31");
INSERT INTO likes (like_id, liked_id, like_date) VALUES ("278","173","2017-10-13 23:55:43");
INSERT INTO likes (like_id, liked_id, like_date) VALUES ("128","173","2018-01-24 21:11:48");
INSERT INTO likes (like_id, liked_id, like_date) VALUES ("490","173","2017-12-28 01:52:01");
INSERT INTO likes (like_id, liked_id, like_date) VALUES ("118","173","2017-10-04 07:49:55");
INSERT INTO likes (like_id, liked_id, like_date) VALUES ("312","173","2017-05-04 05:18:01");
INSERT INTO likes (like_id, liked_id, like_date) VALUES ("341","173","2018-01-30 12:27:47");
INSERT INTO views (viewer_id, viewed_id, view_date) VALUES ("402","173","2017-11-12 07:11:47");
INSERT INTO views (viewer_id, viewed_id, view_date) VALUES ("462","173","2017-06-29 20:30:12");
INSERT INTO views (viewer_id, viewed_id, view_date) VALUES ("478","173","2017-12-07 10:00:58");
INSERT INTO views (viewer_id, viewed_id, view_date) VALUES ("86","173","2017-03-02 13:43:21");
INSERT INTO views (viewer_id, viewed_id, view_date) VALUES ("144","173","2017-09-23 14:53:42");
INSERT INTO views (viewer_id, viewed_id, view_date) VALUES ("79","173","2017-05-21 07:17:17");
INSERT INTO views (viewer_id, viewed_id, view_date) VALUES ("164","173","2017-10-06 21:11:24");
INSERT INTO views (viewer_id, viewed_id, view_date) VALUES ("440","173","2017-02-15 20:55:31");
INSERT INTO views (viewer_id, viewed_id, view_date) VALUES ("21","173","2017-02-19 01:26:16");
INSERT INTO views (viewer_id, viewed_id, view_date) VALUES ("494","173","2017-02-20 08:01:54");
INSERT INTO views (viewer_id, viewed_id, view_date) VALUES ("412","173","2017-08-17 07:45:31");
INSERT INTO views (viewer_id, viewed_id, view_date) VALUES ("351","173","2017-08-19 04:37:05");
INSERT INTO views (viewer_id, viewed_id, view_date) VALUES ("70","173","2017-08-16 00:24:43");
INSERT INTO views (viewer_id, viewed_id, view_date) VALUES ("303","173","2017-08-08 10:32:17");
INSERT INTO views (viewer_id, viewed_id, view_date) VALUES ("329","173","2017-08-06 22:33:36");
INSERT INTO views (viewer_id, viewed_id, view_date) VALUES ("119","173","2017-08-02 10:32:21");
INSERT INTO views (viewer_id, viewed_id, view_date) VALUES ("2","173","2017-10-16 07:39:09");
INSERT INTO views (viewer_id, viewed_id, view_date) VALUES ("415","173","2017-12-24 05:48:49");
INSERT INTO views (viewer_id, viewed_id, view_date) VALUES ("168","173","2017-06-27 15:23:23");
INSERT INTO views (viewer_id, viewed_id, view_date) VALUES ("2","173","2017-05-06 17:25:50");
INSERT INTO views (viewer_id, viewed_id, view_date) VALUES ("356","173","2017-08-15 12:32:40");
INSERT INTO views (viewer_id, viewed_id, view_date) VALUES ("341","173","2018-02-13 17:28:44");
INSERT INTO views (viewer_id, viewed_id, view_date) VALUES ("475","173","2017-03-24 14:40:30");
INSERT INTO views (viewer_id, viewed_id, view_date) VALUES ("239","173","2017-09-15 04:18:22");
INSERT INTO views (viewer_id, viewed_id, view_date) VALUES ("66","173","2017-09-24 14:05:46");
INSERT INTO views (viewer_id, viewed_id, view_date) VALUES ("390","173","2017-06-28 20:27:54");
INSERT INTO views (viewer_id, viewed_id, view_date) VALUES ("195","173","2017-09-27 21:57:32");
INSERT INTO views (viewer_id, viewed_id, view_date) VALUES ("372","173","2018-01-09 16:55:36");
INSERT INTO views (viewer_id, viewed_id, view_date) VALUES ("416","173","2017-10-23 11:07:09");
INSERT INTO views (viewer_id, viewed_id, view_date) VALUES ("151","173","2017-10-28 20:15:28");


INSERT INTO user (id, first_name, last_name, username, email, password, birthdate, gender, orientation, bio, country, state, city, zip, file_1, file_2, file_3, file_4, file_5, score, token, token_date, active, register, created_at, updated_at) VALUES ("174","Sandra","Brekke","hayden73","kiarra82@yahoo.com","$2y$10$OLmnQGzQbpfpHBDj28XN5eb3RnvSJoNyDjrGdFTn.x4KNpLguhO/K","1949-08-08 07:00:04","2","1","Impedit non odit illo sint eum. Molestias labore nostrum voluptatem incidunt quam. Quia porro recusandae quo animi.","New Caledonia","","Port Alfonso","23898","../fixtures/female1.jpg","../fixtures/female6.jpg","../fixtures/female10.jpg","../fixtures/female5.jpg","../fixtures/female3.jpg","93","56c5461f53e20a8d2b1795bb53acfcb7","2014-11-07 16:20:00","1","0","1995-06-05 18:32:52","1974-10-24 07:35:25");
INSERT INTO user_tag (user_id, tag_id) VALUES ("174","50");
INSERT INTO user_tag (user_id, tag_id) VALUES ("174","8");
INSERT INTO user_tag (user_id, tag_id) VALUES ("174","40");
INSERT INTO user_tag (user_id, tag_id) VALUES ("174","35");
INSERT INTO user_tag (user_id, tag_id) VALUES ("174","15");
INSERT INTO user_tag (user_id, tag_id) VALUES ("174","27");
INSERT INTO user_tag (user_id, tag_id) VALUES ("174","17");
INSERT INTO user_tag (user_id, tag_id) VALUES ("174","45");

INSERT INTO connected (user_id, connect_date) VALUES ("174","2017-12-17 17:47:22");
INSERT INTO likes (like_id, liked_id, like_date) VALUES ("173","174","2017-07-07 19:18:46");
INSERT INTO likes (like_id, liked_id, like_date) VALUES ("3","174","2018-02-11 04:55:47");
INSERT INTO likes (like_id, liked_id, like_date) VALUES ("112","174","2017-04-26 22:25:07");
INSERT INTO likes (like_id, liked_id, like_date) VALUES ("2","174","2018-02-09 00:56:38");
INSERT INTO likes (like_id, liked_id, like_date) VALUES ("103","174","2017-06-15 23:35:14");
INSERT INTO likes (like_id, liked_id, like_date) VALUES ("153","174","2017-12-26 07:14:27");
INSERT INTO likes (like_id, liked_id, like_date) VALUES ("455","174","2017-03-10 19:30:08");
INSERT INTO likes (like_id, liked_id, like_date) VALUES ("28","174","2017-05-26 05:26:23");
INSERT INTO likes (like_id, liked_id, like_date) VALUES ("404","174","2017-05-23 09:09:33");
INSERT INTO likes (like_id, liked_id, like_date) VALUES ("271","174","2017-11-29 14:12:43");
INSERT INTO likes (like_id, liked_id, like_date) VALUES ("67","174","2017-07-24 18:38:24");
INSERT INTO likes (like_id, liked_id, like_date) VALUES ("201","174","2017-03-02 06:00:04");
INSERT INTO likes (like_id, liked_id, like_date) VALUES ("231","174","2017-04-09 23:29:49");
INSERT INTO views (viewer_id, viewed_id, view_date) VALUES ("301","174","2017-05-14 06:58:02");
INSERT INTO views (viewer_id, viewed_id, view_date) VALUES ("129","174","2017-03-21 02:44:23");
INSERT INTO views (viewer_id, viewed_id, view_date) VALUES ("316","174","2017-02-27 18:59:15");
INSERT INTO views (viewer_id, viewed_id, view_date) VALUES ("39","174","2017-08-17 23:27:07");
INSERT INTO views (viewer_id, viewed_id, view_date) VALUES ("441","174","2017-08-19 14:56:46");
INSERT INTO views (viewer_id, viewed_id, view_date) VALUES ("86","174","2017-10-20 08:15:41");
INSERT INTO views (viewer_id, viewed_id, view_date) VALUES ("13","174","2017-07-08 14:55:20");
INSERT INTO views (viewer_id, viewed_id, view_date) VALUES ("61","174","2017-04-07 00:36:14");
INSERT INTO views (viewer_id, viewed_id, view_date) VALUES ("369","174","2017-12-29 08:08:36");
INSERT INTO views (viewer_id, viewed_id, view_date) VALUES ("113","174","2017-12-07 09:46:18");


INSERT INTO user (id, first_name, last_name, username, email, password, birthdate, gender, orientation, bio, country, state, city, zip, file_1, file_2, file_3, file_4, file_5, score, token, token_date, active, register, created_at, updated_at) VALUES ("175","Marley","D'Amore","monserrate42","sdibbert@kutch.com","$2y$10$7fXpudDxhnVN8mDAl5ODAOKBeUwWuAr8h3gQEqXoRKmM5.hp3LT7C","1982-11-06 12:47:57","1","3","Cum ipsa consequatur quia sit repellendus consequatur aut. Enim nihil perspiciatis velit temporibus occaecati ut aut. Facilis est quam rerum quo enim. Incidunt quo pariatur illo omnis natus.","Lebanon","","Martyview","34523","../fixtures/male10.jpg","","","","","97","d66d8618590177540f2dfee9bcaca3d7","1990-08-11 15:36:36","0","0","1988-04-12 08:38:05","1979-07-14 22:09:40");
INSERT INTO user_tag (user_id, tag_id) VALUES ("175","36");
INSERT INTO user_tag (user_id, tag_id) VALUES ("175","3");
INSERT INTO user_tag (user_id, tag_id) VALUES ("175","2");
INSERT INTO user_tag (user_id, tag_id) VALUES ("175","2");
INSERT INTO user_tag (user_id, tag_id) VALUES ("175","23");
INSERT INTO user_tag (user_id, tag_id) VALUES ("175","38");

INSERT INTO connected (user_id, connect_date) VALUES ("175","2017-08-27 01:56:19");
INSERT INTO likes (like_id, liked_id, like_date) VALUES ("264","175","2018-02-02 09:21:50");
INSERT INTO likes (like_id, liked_id, like_date) VALUES ("47","175","2017-10-13 11:55:06");
INSERT INTO likes (like_id, liked_id, like_date) VALUES ("185","175","2017-09-28 11:04:16");
INSERT INTO likes (like_id, liked_id, like_date) VALUES ("169","175","2018-01-23 20:23:27");
INSERT INTO likes (like_id, liked_id, like_date) VALUES ("336","175","2017-03-19 18:22:06");
INSERT INTO likes (like_id, liked_id, like_date) VALUES ("382","175","2018-02-13 14:43:19");
INSERT INTO views (viewer_id, viewed_id, view_date) VALUES ("406","175","2018-01-22 04:27:11");
INSERT INTO views (viewer_id, viewed_id, view_date) VALUES ("63","175","2017-08-19 05:05:29");
INSERT INTO views (viewer_id, viewed_id, view_date) VALUES ("121","175","2017-07-01 23:48:45");
INSERT INTO views (viewer_id, viewed_id, view_date) VALUES ("467","175","2017-12-08 13:47:57");
INSERT INTO views (viewer_id, viewed_id, view_date) VALUES ("432","175","2018-02-13 14:15:28");


INSERT INTO user (id, first_name, last_name, username, email, password, birthdate, gender, orientation, bio, country, state, city, zip, file_1, file_2, file_3, file_4, file_5, score, token, token_date, active, register, created_at, updated_at) VALUES ("176","Aileen","Toy","ottohills","graciela.erdman@gmail.com","$2y$10$ufzfy1s9ksQwQIGzLtx0HuavjLtkW//Y/Myc9LNimF.yP5BdANq1C","1962-12-13 07:45:48","2","2","Qui sequi ducimus ab rerum molestiae modi veritatis unde. Ullam architecto reiciendis sed corrupti.","Puerto Rico","","Lake Camylleborough","41875","../fixtures/female7.jpg","../fixtures/female3.jpg","../fixtures/female8.jpg","","","67","fe669182f4444b6ff6b5e52e8c8c1868","2001-07-05 06:44:15","1","0","1971-04-10 03:57:36","2002-09-21 08:38:39");
INSERT INTO user_tag (user_id, tag_id) VALUES ("176","14");
INSERT INTO user_tag (user_id, tag_id) VALUES ("176","22");
INSERT INTO user_tag (user_id, tag_id) VALUES ("176","7");
INSERT INTO user_tag (user_id, tag_id) VALUES ("176","7");
INSERT INTO user_tag (user_id, tag_id) VALUES ("176","9");
INSERT INTO user_tag (user_id, tag_id) VALUES ("176","46");
INSERT INTO user_tag (user_id, tag_id) VALUES ("176","20");

INSERT INTO connected (user_id, connect_date) VALUES ("176","2017-12-01 13:32:30");
INSERT INTO likes (like_id, liked_id, like_date) VALUES ("174","176","2017-04-16 02:59:54");
INSERT INTO likes (like_id, liked_id, like_date) VALUES ("201","176","2017-05-19 20:28:06");
INSERT INTO likes (like_id, liked_id, like_date) VALUES ("95","176","2018-01-15 11:43:07");
INSERT INTO likes (like_id, liked_id, like_date) VALUES ("48","176","2017-08-29 07:04:58");
INSERT INTO likes (like_id, liked_id, like_date) VALUES ("287","176","2017-03-28 22:53:51");
INSERT INTO likes (like_id, liked_id, like_date) VALUES ("418","176","2017-03-29 18:05:30");
INSERT INTO likes (like_id, liked_id, like_date) VALUES ("15","176","2017-07-21 23:57:30");
INSERT INTO likes (like_id, liked_id, like_date) VALUES ("241","176","2017-05-01 14:46:27");
INSERT INTO likes (like_id, liked_id, like_date) VALUES ("51","176","2017-03-25 07:19:59");
INSERT INTO views (viewer_id, viewed_id, view_date) VALUES ("99","176","2017-03-31 16:05:01");
INSERT INTO views (viewer_id, viewed_id, view_date) VALUES ("51","176","2017-05-13 14:49:40");
INSERT INTO views (viewer_id, viewed_id, view_date) VALUES ("209","176","2018-01-27 23:37:48");
INSERT INTO views (viewer_id, viewed_id, view_date) VALUES ("15","176","2017-09-18 14:22:01");
INSERT INTO views (viewer_id, viewed_id, view_date) VALUES ("306","176","2017-07-05 18:45:14");
INSERT INTO views (viewer_id, viewed_id, view_date) VALUES ("234","176","2017-03-05 14:26:08");
INSERT INTO views (viewer_id, viewed_id, view_date) VALUES ("316","176","2018-01-05 11:53:22");
INSERT INTO views (viewer_id, viewed_id, view_date) VALUES ("39","176","2017-05-15 13:40:23");
INSERT INTO views (viewer_id, viewed_id, view_date) VALUES ("14","176","2017-11-06 21:18:03");
INSERT INTO views (viewer_id, viewed_id, view_date) VALUES ("363","176","2017-03-03 03:05:42");
INSERT INTO views (viewer_id, viewed_id, view_date) VALUES ("299","176","2018-01-04 14:41:24");
INSERT INTO views (viewer_id, viewed_id, view_date) VALUES ("96","176","2017-06-20 23:58:27");
INSERT INTO views (viewer_id, viewed_id, view_date) VALUES ("152","176","2017-03-03 08:37:45");
INSERT INTO views (viewer_id, viewed_id, view_date) VALUES ("437","176","2017-09-23 22:45:10");
INSERT INTO views (viewer_id, viewed_id, view_date) VALUES ("443","176","2017-06-25 12:44:37");
INSERT INTO views (viewer_id, viewed_id, view_date) VALUES ("384","176","2018-02-02 01:13:10");
INSERT INTO views (viewer_id, viewed_id, view_date) VALUES ("397","176","2017-04-04 21:39:32");
INSERT INTO views (viewer_id, viewed_id, view_date) VALUES ("306","176","2017-06-12 19:38:09");


INSERT INTO user (id, first_name, last_name, username, email, password, birthdate, gender, orientation, bio, country, state, city, zip, file_1, file_2, file_3, file_4, file_5, score, token, token_date, active, register, created_at, updated_at) VALUES ("177","Mavis","West","talonjohnson","arnold.zieme@lehner.com","$2y$10$akLwXkz8R1sPRzIeeANXceCTSHdIz4FquKP1rtdEHIvB7pBj46ndO","1994-07-31 17:03:34","1","1","Excepturi itaque laborum eligendi omnis. Omnis voluptatem quam sequi et accusantium doloremque aut aut. Nesciunt officia reprehenderit non minus nostrum eius aut.","Jamaica","","Port Jevonshire","11822-1205","../fixtures/male3.jpg","../fixtures/male2.jpg","../fixtures/male9.jpg","../fixtures/male6.jpg","../fixtures/male3.jpg","81","c7fc0bdea22846b4c512eff0e4662b17","2000-07-17 20:37:07","0","0","1997-02-10 05:02:04","2003-11-23 10:30:25");
INSERT INTO user_tag (user_id, tag_id) VALUES ("177","50");
INSERT INTO user_tag (user_id, tag_id) VALUES ("177","25");
INSERT INTO user_tag (user_id, tag_id) VALUES ("177","30");

INSERT INTO connected (user_id, connect_date) VALUES ("177","2017-04-15 13:27:15");
INSERT INTO likes (like_id, liked_id, like_date) VALUES ("124","177","2018-01-23 16:55:20");
INSERT INTO likes (like_id, liked_id, like_date) VALUES ("122","177","2017-08-26 11:53:03");
INSERT INTO likes (like_id, liked_id, like_date) VALUES ("355","177","2017-05-11 19:11:20");
INSERT INTO likes (like_id, liked_id, like_date) VALUES ("215","177","2017-10-08 11:52:27");
INSERT INTO likes (like_id, liked_id, like_date) VALUES ("409","177","2018-01-23 08:08:04");
INSERT INTO likes (like_id, liked_id, like_date) VALUES ("104","177","2017-11-09 21:58:42");
INSERT INTO likes (like_id, liked_id, like_date) VALUES ("353","177","2017-09-16 16:41:29");
INSERT INTO likes (like_id, liked_id, like_date) VALUES ("357","177","2017-07-11 04:56:04");
INSERT INTO likes (like_id, liked_id, like_date) VALUES ("182","177","2017-05-09 23:58:52");
INSERT INTO likes (like_id, liked_id, like_date) VALUES ("171","177","2017-12-06 04:59:50");
INSERT INTO likes (like_id, liked_id, like_date) VALUES ("366","177","2017-09-04 09:46:17");
INSERT INTO likes (like_id, liked_id, like_date) VALUES ("83","177","2017-04-23 06:49:49");
INSERT INTO likes (like_id, liked_id, like_date) VALUES ("124","177","2018-02-11 20:03:59");
INSERT INTO likes (like_id, liked_id, like_date) VALUES ("236","177","2017-12-08 13:13:44");
INSERT INTO likes (like_id, liked_id, like_date) VALUES ("416","177","2017-06-15 16:49:02");
INSERT INTO likes (like_id, liked_id, like_date) VALUES ("1","177","2017-06-28 12:00:08");
INSERT INTO likes (like_id, liked_id, like_date) VALUES ("95","177","2017-05-19 05:56:29");
INSERT INTO likes (like_id, liked_id, like_date) VALUES ("448","177","2017-10-29 10:20:49");
INSERT INTO likes (like_id, liked_id, like_date) VALUES ("294","177","2017-02-20 22:07:09");
INSERT INTO views (viewer_id, viewed_id, view_date) VALUES ("121","177","2017-05-05 15:21:59");
INSERT INTO views (viewer_id, viewed_id, view_date) VALUES ("348","177","2017-10-03 01:45:44");
INSERT INTO views (viewer_id, viewed_id, view_date) VALUES ("382","177","2017-04-01 19:44:49");
INSERT INTO views (viewer_id, viewed_id, view_date) VALUES ("189","177","2017-02-24 23:22:09");
INSERT INTO views (viewer_id, viewed_id, view_date) VALUES ("158","177","2017-08-16 10:55:44");


INSERT INTO user (id, first_name, last_name, username, email, password, birthdate, gender, orientation, bio, country, state, city, zip, file_1, file_2, file_3, file_4, file_5, score, token, token_date, active, register, created_at, updated_at) VALUES ("178","Myrtice","Brekke","giovanni98","mlemke@yahoo.com","$2y$10$4pfW0CDti4b/ogcO1YRG4uBpy8hGNC4AWfnGv.9ANr2MU44jQazJK","1978-11-07 07:12:16","2","3","Similique repellendus animi ab. Enim atque sit saepe distinctio exercitationem error ea. Esse magnam perspiciatis aliquid quas. Eligendi dolores ea sunt.","Burundi","","Susanview","62224","../fixtures/female7.jpg","../fixtures/female6.jpg","../fixtures/female10.jpg","../fixtures/female2.jpg","../fixtures/female6.jpg","8","f9815c923b26e1b1327c5796f08b4183","1992-06-28 07:42:01","1","1","2013-09-14 19:23:36","1989-08-03 06:25:16");
INSERT INTO user_tag (user_id, tag_id) VALUES ("178","38");
INSERT INTO user_tag (user_id, tag_id) VALUES ("178","41");
INSERT INTO user_tag (user_id, tag_id) VALUES ("178","18");
INSERT INTO user_tag (user_id, tag_id) VALUES ("178","20");
INSERT INTO user_tag (user_id, tag_id) VALUES ("178","10");
INSERT INTO user_tag (user_id, tag_id) VALUES ("178","10");
INSERT INTO user_tag (user_id, tag_id) VALUES ("178","38");
INSERT INTO user_tag (user_id, tag_id) VALUES ("178","20");

INSERT INTO connected (user_id, connect_date) VALUES ("178","2017-04-10 20:58:26");
INSERT INTO likes (like_id, liked_id, like_date) VALUES ("160","178","2017-10-18 16:15:39");
INSERT INTO likes (like_id, liked_id, like_date) VALUES ("194","178","2017-05-05 12:31:10");
INSERT INTO likes (like_id, liked_id, like_date) VALUES ("45","178","2017-09-16 13:30:31");
INSERT INTO likes (like_id, liked_id, like_date) VALUES ("455","178","2017-12-31 06:23:28");
INSERT INTO likes (like_id, liked_id, like_date) VALUES ("424","178","2017-03-25 21:15:14");
INSERT INTO likes (like_id, liked_id, like_date) VALUES ("11","178","2017-10-25 03:30:45");
INSERT INTO likes (like_id, liked_id, like_date) VALUES ("104","178","2017-11-24 14:30:24");
INSERT INTO likes (like_id, liked_id, like_date) VALUES ("68","178","2017-08-10 13:24:03");
INSERT INTO likes (like_id, liked_id, like_date) VALUES ("295","178","2018-02-05 03:14:09");
INSERT INTO likes (like_id, liked_id, like_date) VALUES ("480","178","2017-08-03 22:55:58");
INSERT INTO views (viewer_id, viewed_id, view_date) VALUES ("1","178","2017-04-17 12:37:11");
INSERT INTO views (viewer_id, viewed_id, view_date) VALUES ("108","178","2017-02-17 15:38:12");
INSERT INTO views (viewer_id, viewed_id, view_date) VALUES ("322","178","2017-08-17 08:47:41");
INSERT INTO views (viewer_id, viewed_id, view_date) VALUES ("454","178","2017-04-03 19:13:53");


INSERT INTO user (id, first_name, last_name, username, email, password, birthdate, gender, orientation, bio, country, state, city, zip, file_1, file_2, file_3, file_4, file_5, score, token, token_date, active, register, created_at, updated_at) VALUES ("179","Julius","Kshlerin","gianni39","josh32@gmail.com","$2y$10$LYJn0dwhv6YHHvfq9BWjv.wWCDRyFKIbPZM3TQY659SmLwEJ.A4ya","1972-06-10 09:30:46","2","3","Voluptas possimus et quod sequi. Libero accusamus mollitia deleniti et voluptatem nihil fugiat. Quo id occaecati est nihil quod ab.","Tokelau","","Brakusmouth","42290-3837","../fixtures/female9.jpg","../fixtures/female10.jpg","../fixtures/female9.jpg","../fixtures/female5.jpg","","42","11836eeea0c61336806a537ec363980c","2005-09-16 23:27:48","1","1","1998-03-09 06:58:43","2012-04-10 15:44:19");
INSERT INTO user_tag (user_id, tag_id) VALUES ("179","9");
INSERT INTO user_tag (user_id, tag_id) VALUES ("179","44");
INSERT INTO user_tag (user_id, tag_id) VALUES ("179","12");
INSERT INTO user_tag (user_id, tag_id) VALUES ("179","31");
INSERT INTO user_tag (user_id, tag_id) VALUES ("179","38");
INSERT INTO user_tag (user_id, tag_id) VALUES ("179","29");
INSERT INTO user_tag (user_id, tag_id) VALUES ("179","43");

INSERT INTO connected (user_id, connect_date) VALUES ("179","2017-09-01 18:49:30");
INSERT INTO likes (like_id, liked_id, like_date) VALUES ("48","179","2017-12-17 01:14:52");
INSERT INTO likes (like_id, liked_id, like_date) VALUES ("3","179","2018-01-06 19:27:36");
INSERT INTO likes (like_id, liked_id, like_date) VALUES ("14","179","2017-05-24 06:00:39");
INSERT INTO likes (like_id, liked_id, like_date) VALUES ("464","179","2017-05-28 05:27:35");
INSERT INTO likes (like_id, liked_id, like_date) VALUES ("138","179","2018-02-06 06:27:21");
INSERT INTO likes (like_id, liked_id, like_date) VALUES ("368","179","2017-09-29 11:29:24");
INSERT INTO likes (like_id, liked_id, like_date) VALUES ("342","179","2017-09-02 23:15:01");
INSERT INTO likes (like_id, liked_id, like_date) VALUES ("43","179","2017-09-13 01:05:52");
INSERT INTO likes (like_id, liked_id, like_date) VALUES ("69","179","2017-11-02 08:49:50");
INSERT INTO likes (like_id, liked_id, like_date) VALUES ("310","179","2017-12-06 14:46:42");
INSERT INTO likes (like_id, liked_id, like_date) VALUES ("8","179","2017-05-28 05:54:52");
INSERT INTO likes (like_id, liked_id, like_date) VALUES ("105","179","2017-12-14 22:22:47");
INSERT INTO likes (like_id, liked_id, like_date) VALUES ("47","179","2017-02-24 17:44:15");
INSERT INTO views (viewer_id, viewed_id, view_date) VALUES ("123","179","2018-01-24 01:12:33");
INSERT INTO views (viewer_id, viewed_id, view_date) VALUES ("251","179","2017-11-12 16:22:17");
INSERT INTO views (viewer_id, viewed_id, view_date) VALUES ("20","179","2017-03-18 03:48:39");
INSERT INTO views (viewer_id, viewed_id, view_date) VALUES ("36","179","2017-03-13 18:50:09");
INSERT INTO views (viewer_id, viewed_id, view_date) VALUES ("287","179","2018-01-16 07:51:13");
INSERT INTO views (viewer_id, viewed_id, view_date) VALUES ("352","179","2017-06-24 17:44:49");
INSERT INTO views (viewer_id, viewed_id, view_date) VALUES ("276","179","2017-07-04 04:34:24");


INSERT INTO user (id, first_name, last_name, username, email, password, birthdate, gender, orientation, bio, country, state, city, zip, file_1, file_2, file_3, file_4, file_5, score, token, token_date, active, register, created_at, updated_at) VALUES ("180","Sebastian","Sawayn","wittingwilla","lexus.beahan@yahoo.com","$2y$10$LqEF0Z02dcK5VND3a6/BUu5G4PA4rOmADtKK.ZutggdjkL1reXk0q","1985-07-10 15:55:02","1","1","Sequi nostrum voluptatibus dicta saepe. Qui autem earum illo quis impedit. Rerum molestias vel exercitationem eos consectetur aspernatur temporibus impedit. Consequatur dolorem dolorum magnam consectetur.","Kuwait","","Wehnerhaven","60293-7977","../fixtures/male1.jpg","../fixtures/male10.jpg","../fixtures/male3.jpg","","","35","f2ebe840cf366fa437a9e5eb2fc9bd44","1991-04-04 21:42:19","1","1","1996-05-29 05:49:26","2000-11-02 16:52:27");
INSERT INTO user_tag (user_id, tag_id) VALUES ("180","27");
INSERT INTO user_tag (user_id, tag_id) VALUES ("180","13");
INSERT INTO user_tag (user_id, tag_id) VALUES ("180","26");
INSERT INTO user_tag (user_id, tag_id) VALUES ("180","37");
INSERT INTO user_tag (user_id, tag_id) VALUES ("180","49");
INSERT INTO user_tag (user_id, tag_id) VALUES ("180","20");
INSERT INTO user_tag (user_id, tag_id) VALUES ("180","36");
INSERT INTO user_tag (user_id, tag_id) VALUES ("180","1");
INSERT INTO user_tag (user_id, tag_id) VALUES ("180","48");
INSERT INTO user_tag (user_id, tag_id) VALUES ("180","36");
INSERT INTO user_tag (user_id, tag_id) VALUES ("180","3");
INSERT INTO user_tag (user_id, tag_id) VALUES ("180","11");
INSERT INTO user_tag (user_id, tag_id) VALUES ("180","21");
INSERT INTO user_tag (user_id, tag_id) VALUES ("180","24");
INSERT INTO user_tag (user_id, tag_id) VALUES ("180","40");

INSERT INTO connected (user_id, connect_date) VALUES ("180","2017-11-04 11:21:38");
INSERT INTO likes (like_id, liked_id, like_date) VALUES ("237","180","2017-11-19 06:49:23");
INSERT INTO likes (like_id, liked_id, like_date) VALUES ("142","180","2017-08-18 10:37:03");
INSERT INTO likes (like_id, liked_id, like_date) VALUES ("440","180","2018-01-09 20:27:00");
INSERT INTO likes (like_id, liked_id, like_date) VALUES ("411","180","2017-08-11 02:34:24");
INSERT INTO likes (like_id, liked_id, like_date) VALUES ("242","180","2017-04-09 10:44:05");
INSERT INTO likes (like_id, liked_id, like_date) VALUES ("104","180","2017-10-14 17:34:23");
INSERT INTO likes (like_id, liked_id, like_date) VALUES ("358","180","2017-09-28 07:42:27");
INSERT INTO likes (like_id, liked_id, like_date) VALUES ("31","180","2017-03-08 08:16:21");
INSERT INTO likes (like_id, liked_id, like_date) VALUES ("131","180","2018-02-06 13:07:34");
INSERT INTO likes (like_id, liked_id, like_date) VALUES ("21","180","2017-08-28 01:08:02");
INSERT INTO likes (like_id, liked_id, like_date) VALUES ("296","180","2017-04-20 09:46:22");
INSERT INTO likes (like_id, liked_id, like_date) VALUES ("494","180","2017-08-31 08:32:30");
INSERT INTO likes (like_id, liked_id, like_date) VALUES ("141","180","2018-02-05 11:08:11");
INSERT INTO likes (like_id, liked_id, like_date) VALUES ("467","180","2017-09-02 21:47:03");
INSERT INTO likes (like_id, liked_id, like_date) VALUES ("345","180","2017-04-23 04:45:43");
INSERT INTO likes (like_id, liked_id, like_date) VALUES ("223","180","2017-08-06 23:48:13");
INSERT INTO likes (like_id, liked_id, like_date) VALUES ("150","180","2017-04-06 05:37:10");
INSERT INTO views (viewer_id, viewed_id, view_date) VALUES ("225","180","2017-05-03 12:57:38");
INSERT INTO views (viewer_id, viewed_id, view_date) VALUES ("98","180","2017-08-27 17:49:07");
INSERT INTO views (viewer_id, viewed_id, view_date) VALUES ("240","180","2017-06-19 09:26:08");
INSERT INTO views (viewer_id, viewed_id, view_date) VALUES ("124","180","2017-07-30 19:43:24");
INSERT INTO views (viewer_id, viewed_id, view_date) VALUES ("470","180","2017-07-09 17:40:27");
INSERT INTO views (viewer_id, viewed_id, view_date) VALUES ("237","180","2017-04-27 22:49:52");
INSERT INTO views (viewer_id, viewed_id, view_date) VALUES ("163","180","2017-07-14 22:17:42");
INSERT INTO views (viewer_id, viewed_id, view_date) VALUES ("50","180","2017-10-15 19:37:52");
INSERT INTO views (viewer_id, viewed_id, view_date) VALUES ("140","180","2017-08-10 19:46:29");
INSERT INTO views (viewer_id, viewed_id, view_date) VALUES ("7","180","2017-12-12 16:30:29");
INSERT INTO views (viewer_id, viewed_id, view_date) VALUES ("377","180","2017-12-22 08:46:20");


INSERT INTO user (id, first_name, last_name, username, email, password, birthdate, gender, orientation, bio, country, state, city, zip, file_1, file_2, file_3, file_4, file_5, score, token, token_date, active, register, created_at, updated_at) VALUES ("181","Dominique","Balistreri","demarcus46","efren20@becker.org","$2y$10$8mJfuBXoeVpGaOSPwHxHoes/ZRB80htVUR36DV8NgpdUr5ogOKhTm","1949-07-15 22:39:06","1","3","Ea et accusamus excepturi in qui. Distinctio et voluptatibus in ullam voluptas possimus velit quibusdam. Ut rerum amet et rerum. Beatae placeat omnis iste recusandae doloremque facilis.","Saudi Arabia","","Hyattport","59286","../fixtures/male3.jpg","../fixtures/male5.jpg","../fixtures/male4.jpg","../fixtures/male10.jpg","","15","30d2a5f037899463cd6029ab57511718","1982-01-12 01:15:22","1","0","1972-11-25 07:52:46","1979-02-11 07:08:20");
INSERT INTO user_tag (user_id, tag_id) VALUES ("181","1");
INSERT INTO user_tag (user_id, tag_id) VALUES ("181","25");
INSERT INTO user_tag (user_id, tag_id) VALUES ("181","34");
INSERT INTO user_tag (user_id, tag_id) VALUES ("181","41");
INSERT INTO user_tag (user_id, tag_id) VALUES ("181","36");
INSERT INTO user_tag (user_id, tag_id) VALUES ("181","41");
INSERT INTO user_tag (user_id, tag_id) VALUES ("181","28");
INSERT INTO user_tag (user_id, tag_id) VALUES ("181","27");
INSERT INTO user_tag (user_id, tag_id) VALUES ("181","30");
INSERT INTO user_tag (user_id, tag_id) VALUES ("181","28");
INSERT INTO user_tag (user_id, tag_id) VALUES ("181","27");
INSERT INTO user_tag (user_id, tag_id) VALUES ("181","31");
INSERT INTO user_tag (user_id, tag_id) VALUES ("181","25");
INSERT INTO user_tag (user_id, tag_id) VALUES ("181","9");

INSERT INTO connected (user_id, connect_date) VALUES ("181","2017-05-01 09:45:29");
INSERT INTO likes (like_id, liked_id, like_date) VALUES ("57","181","2017-06-22 08:51:30");
INSERT INTO likes (like_id, liked_id, like_date) VALUES ("73","181","2017-04-25 07:02:38");
INSERT INTO likes (like_id, liked_id, like_date) VALUES ("149","181","2017-02-19 02:54:21");
INSERT INTO likes (like_id, liked_id, like_date) VALUES ("490","181","2018-01-26 01:56:48");
INSERT INTO likes (like_id, liked_id, like_date) VALUES ("227","181","2017-09-23 20:14:44");
INSERT INTO likes (like_id, liked_id, like_date) VALUES ("230","181","2017-06-16 17:25:12");
INSERT INTO likes (like_id, liked_id, like_date) VALUES ("460","181","2017-08-10 13:40:47");
INSERT INTO likes (like_id, liked_id, like_date) VALUES ("170","181","2018-01-16 21:30:39");
INSERT INTO views (viewer_id, viewed_id, view_date) VALUES ("143","181","2017-05-11 21:07:57");
INSERT INTO views (viewer_id, viewed_id, view_date) VALUES ("92","181","2018-02-10 22:39:43");
INSERT INTO views (viewer_id, viewed_id, view_date) VALUES ("120","181","2017-09-08 08:47:08");
INSERT INTO views (viewer_id, viewed_id, view_date) VALUES ("286","181","2017-08-28 08:51:42");
INSERT INTO views (viewer_id, viewed_id, view_date) VALUES ("55","181","2017-06-30 14:51:04");
INSERT INTO views (viewer_id, viewed_id, view_date) VALUES ("307","181","2017-05-07 04:49:07");
INSERT INTO views (viewer_id, viewed_id, view_date) VALUES ("15","181","2017-06-14 22:36:51");
INSERT INTO views (viewer_id, viewed_id, view_date) VALUES ("263","181","2017-12-16 23:18:43");
INSERT INTO views (viewer_id, viewed_id, view_date) VALUES ("320","181","2017-10-21 21:04:34");
INSERT INTO views (viewer_id, viewed_id, view_date) VALUES ("382","181","2018-01-27 10:41:55");
INSERT INTO views (viewer_id, viewed_id, view_date) VALUES ("298","181","2017-11-23 08:24:38");
INSERT INTO views (viewer_id, viewed_id, view_date) VALUES ("81","181","2017-04-01 10:59:05");
INSERT INTO views (viewer_id, viewed_id, view_date) VALUES ("184","181","2017-09-12 20:40:54");
INSERT INTO views (viewer_id, viewed_id, view_date) VALUES ("30","181","2017-07-09 12:22:44");
INSERT INTO views (viewer_id, viewed_id, view_date) VALUES ("142","181","2017-07-15 09:37:03");
INSERT INTO views (viewer_id, viewed_id, view_date) VALUES ("395","181","2017-07-23 12:15:20");
INSERT INTO views (viewer_id, viewed_id, view_date) VALUES ("131","181","2018-02-06 17:45:02");
INSERT INTO views (viewer_id, viewed_id, view_date) VALUES ("276","181","2018-01-22 11:48:45");
INSERT INTO views (viewer_id, viewed_id, view_date) VALUES ("135","181","2017-02-28 21:43:49");
INSERT INTO views (viewer_id, viewed_id, view_date) VALUES ("59","181","2017-11-06 10:43:22");
INSERT INTO views (viewer_id, viewed_id, view_date) VALUES ("15","181","2017-07-24 17:08:55");
INSERT INTO views (viewer_id, viewed_id, view_date) VALUES ("385","181","2017-06-09 19:01:54");


INSERT INTO user (id, first_name, last_name, username, email, password, birthdate, gender, orientation, bio, country, state, city, zip, file_1, file_2, file_3, file_4, file_5, score, token, token_date, active, register, created_at, updated_at) VALUES ("182","Jailyn","Russel","antonetta29","clowe@gmail.com","$2y$10$TseNa2.WJNzKiOCvFvvGj.J/blpoSqn3LEVHAhOrw6HgM0YzNEsvW","1960-09-13 23:08:34","2","1","Ut officia amet quibusdam est hic. Ut explicabo culpa reprehenderit rerum repellendus qui et.","Bahamas","","Port Liahaven","58891","../fixtures/female2.jpg","../fixtures/female10.jpg","../fixtures/female8.jpg","","","59","0b60f7b5356c0e36dd23774e8b7a8126","1975-01-20 07:23:37","0","0","1975-08-18 11:02:10","2004-07-09 01:30:44");
INSERT INTO user_tag (user_id, tag_id) VALUES ("182","36");
INSERT INTO user_tag (user_id, tag_id) VALUES ("182","30");
INSERT INTO user_tag (user_id, tag_id) VALUES ("182","29");
INSERT INTO user_tag (user_id, tag_id) VALUES ("182","3");
INSERT INTO user_tag (user_id, tag_id) VALUES ("182","14");
INSERT INTO user_tag (user_id, tag_id) VALUES ("182","13");
INSERT INTO user_tag (user_id, tag_id) VALUES ("182","18");
INSERT INTO user_tag (user_id, tag_id) VALUES ("182","26");

INSERT INTO connected (user_id, connect_date) VALUES ("182","2017-12-02 13:59:31");
INSERT INTO likes (like_id, liked_id, like_date) VALUES ("18","182","2017-05-13 20:43:08");
INSERT INTO likes (like_id, liked_id, like_date) VALUES ("245","182","2017-11-10 21:12:13");
INSERT INTO likes (like_id, liked_id, like_date) VALUES ("257","182","2018-01-07 02:49:05");
INSERT INTO views (viewer_id, viewed_id, view_date) VALUES ("311","182","2017-12-08 10:24:02");
INSERT INTO views (viewer_id, viewed_id, view_date) VALUES ("207","182","2017-10-27 00:45:28");
INSERT INTO views (viewer_id, viewed_id, view_date) VALUES ("272","182","2017-07-13 10:53:48");
INSERT INTO views (viewer_id, viewed_id, view_date) VALUES ("273","182","2017-11-20 14:31:09");
INSERT INTO views (viewer_id, viewed_id, view_date) VALUES ("283","182","2017-02-18 22:18:44");
INSERT INTO views (viewer_id, viewed_id, view_date) VALUES ("14","182","2017-12-22 01:02:33");
INSERT INTO views (viewer_id, viewed_id, view_date) VALUES ("89","182","2017-05-08 17:48:35");
INSERT INTO views (viewer_id, viewed_id, view_date) VALUES ("287","182","2017-08-21 05:01:33");
INSERT INTO views (viewer_id, viewed_id, view_date) VALUES ("315","182","2017-02-21 18:59:38");
INSERT INTO views (viewer_id, viewed_id, view_date) VALUES ("235","182","2017-11-15 07:26:02");
INSERT INTO views (viewer_id, viewed_id, view_date) VALUES ("408","182","2017-08-13 11:52:29");
INSERT INTO views (viewer_id, viewed_id, view_date) VALUES ("425","182","2018-01-07 15:33:51");
INSERT INTO views (viewer_id, viewed_id, view_date) VALUES ("251","182","2017-06-17 07:32:12");
INSERT INTO views (viewer_id, viewed_id, view_date) VALUES ("184","182","2018-02-09 20:56:25");
INSERT INTO views (viewer_id, viewed_id, view_date) VALUES ("77","182","2017-07-28 07:05:02");
INSERT INTO views (viewer_id, viewed_id, view_date) VALUES ("420","182","2017-05-28 04:33:17");
INSERT INTO views (viewer_id, viewed_id, view_date) VALUES ("424","182","2018-01-21 02:28:24");
INSERT INTO views (viewer_id, viewed_id, view_date) VALUES ("90","182","2017-06-29 17:22:16");
INSERT INTO views (viewer_id, viewed_id, view_date) VALUES ("9","182","2017-10-11 10:32:00");
INSERT INTO views (viewer_id, viewed_id, view_date) VALUES ("244","182","2017-06-10 18:16:08");
INSERT INTO views (viewer_id, viewed_id, view_date) VALUES ("248","182","2017-07-26 14:49:31");
INSERT INTO views (viewer_id, viewed_id, view_date) VALUES ("329","182","2017-07-22 04:17:16");
INSERT INTO views (viewer_id, viewed_id, view_date) VALUES ("104","182","2018-01-13 21:48:05");
INSERT INTO views (viewer_id, viewed_id, view_date) VALUES ("70","182","2017-10-21 06:06:05");
INSERT INTO views (viewer_id, viewed_id, view_date) VALUES ("289","182","2017-04-03 04:24:55");
INSERT INTO views (viewer_id, viewed_id, view_date) VALUES ("406","182","2017-04-26 13:53:01");
INSERT INTO views (viewer_id, viewed_id, view_date) VALUES ("345","182","2017-06-04 13:55:42");
INSERT INTO views (viewer_id, viewed_id, view_date) VALUES ("402","182","2018-02-05 21:25:14");
INSERT INTO views (viewer_id, viewed_id, view_date) VALUES ("378","182","2017-12-08 20:46:46");
INSERT INTO views (viewer_id, viewed_id, view_date) VALUES ("53","182","2017-03-29 07:22:06");
INSERT INTO views (viewer_id, viewed_id, view_date) VALUES ("452","182","2017-05-24 22:18:45");
INSERT INTO views (viewer_id, viewed_id, view_date) VALUES ("448","182","2017-12-29 16:42:22");
INSERT INTO views (viewer_id, viewed_id, view_date) VALUES ("380","182","2017-10-09 18:37:17");
INSERT INTO views (viewer_id, viewed_id, view_date) VALUES ("217","182","2017-04-11 12:58:57");
INSERT INTO views (viewer_id, viewed_id, view_date) VALUES ("274","182","2017-07-27 00:54:50");
INSERT INTO views (viewer_id, viewed_id, view_date) VALUES ("274","182","2018-01-05 18:11:30");
INSERT INTO views (viewer_id, viewed_id, view_date) VALUES ("203","182","2017-03-15 04:47:55");


INSERT INTO user (id, first_name, last_name, username, email, password, birthdate, gender, orientation, bio, country, state, city, zip, file_1, file_2, file_3, file_4, file_5, score, token, token_date, active, register, created_at, updated_at) VALUES ("183","Kallie","Kirlin","grimesara","noelia.jenkins@yahoo.com","$2y$10$Gg/imSXln4yUdasEqChHWuJKPEL0KMstS2/Jwtm5hZtXzXzGKLCj2","1967-01-20 18:37:56","2","2","Dolorem maxime dolorem minus odio odio. Officiis qui molestias molestiae inventore. Id debitis ducimus tempora aperiam omnis velit et sed.","Korea","","North Elwin","28859-1025","../fixtures/female5.jpg","../fixtures/female1.jpg","../fixtures/female7.jpg","","","94","21801b599710e94a5326f4ae6adcdc3d","1998-10-02 07:02:12","0","0","2010-01-17 05:52:53","2004-08-24 10:49:17");
INSERT INTO user_tag (user_id, tag_id) VALUES ("183","23");
INSERT INTO user_tag (user_id, tag_id) VALUES ("183","37");

INSERT INTO connected (user_id, connect_date) VALUES ("183","2017-08-26 23:44:54");
INSERT INTO likes (like_id, liked_id, like_date) VALUES ("17","183","2017-06-24 06:28:18");
INSERT INTO likes (like_id, liked_id, like_date) VALUES ("421","183","2017-09-03 21:38:16");
INSERT INTO likes (like_id, liked_id, like_date) VALUES ("36","183","2017-11-19 09:29:39");
INSERT INTO likes (like_id, liked_id, like_date) VALUES ("70","183","2017-08-14 09:51:22");
INSERT INTO likes (like_id, liked_id, like_date) VALUES ("436","183","2018-01-11 18:58:11");
INSERT INTO likes (like_id, liked_id, like_date) VALUES ("371","183","2017-11-23 17:30:31");
INSERT INTO likes (like_id, liked_id, like_date) VALUES ("112","183","2017-06-24 12:36:48");
INSERT INTO likes (like_id, liked_id, like_date) VALUES ("56","183","2017-07-29 08:50:11");
INSERT INTO likes (like_id, liked_id, like_date) VALUES ("30","183","2017-10-16 23:38:07");
INSERT INTO likes (like_id, liked_id, like_date) VALUES ("63","183","2018-02-07 22:44:02");
INSERT INTO likes (like_id, liked_id, like_date) VALUES ("3","183","2017-08-27 18:39:04");
INSERT INTO likes (like_id, liked_id, like_date) VALUES ("143","183","2017-12-13 10:08:59");
INSERT INTO likes (like_id, liked_id, like_date) VALUES ("334","183","2017-03-25 19:43:44");
INSERT INTO likes (like_id, liked_id, like_date) VALUES ("31","183","2017-07-22 13:50:58");
INSERT INTO likes (like_id, liked_id, like_date) VALUES ("347","183","2017-07-17 13:37:25");
INSERT INTO likes (like_id, liked_id, like_date) VALUES ("26","183","2017-04-12 17:56:03");
INSERT INTO likes (like_id, liked_id, like_date) VALUES ("231","183","2017-12-08 16:50:23");
INSERT INTO likes (like_id, liked_id, like_date) VALUES ("340","183","2017-09-06 21:38:40");
INSERT INTO views (viewer_id, viewed_id, view_date) VALUES ("418","183","2017-11-02 22:58:20");
INSERT INTO views (viewer_id, viewed_id, view_date) VALUES ("406","183","2017-12-14 12:06:19");
INSERT INTO views (viewer_id, viewed_id, view_date) VALUES ("355","183","2017-04-12 14:18:52");
INSERT INTO views (viewer_id, viewed_id, view_date) VALUES ("430","183","2017-09-09 21:23:59");
INSERT INTO views (viewer_id, viewed_id, view_date) VALUES ("123","183","2018-01-18 04:57:42");
INSERT INTO views (viewer_id, viewed_id, view_date) VALUES ("83","183","2017-04-14 06:36:51");
INSERT INTO views (viewer_id, viewed_id, view_date) VALUES ("421","183","2017-10-11 05:09:21");
INSERT INTO views (viewer_id, viewed_id, view_date) VALUES ("460","183","2017-12-05 08:46:10");
INSERT INTO views (viewer_id, viewed_id, view_date) VALUES ("166","183","2017-08-02 05:17:49");


INSERT INTO user (id, first_name, last_name, username, email, password, birthdate, gender, orientation, bio, country, state, city, zip, file_1, file_2, file_3, file_4, file_5, score, token, token_date, active, register, created_at, updated_at) VALUES ("184","Jameson","Barton","yhills","icorwin@orn.org","$2y$10$TIJ/jqdAYi74vcx7vIHaP.Xvj/PsUFoR.bq5w8/6ttkidRYCGxc36","1952-01-29 05:20:19","2","3","Quas ullam autem pariatur sit. Est autem rerum provident. Hic nam non omnis deserunt provident ad autem.","Morocco","","Arthurside","95887-8960","../fixtures/female1.jpg","../fixtures/female5.jpg","../fixtures/female6.jpg","../fixtures/female1.jpg","","77","5d284bdc2bb94d332e196bec8c117171","2005-11-04 17:35:30","1","1","1987-02-24 00:41:17","1981-04-02 21:19:18");
INSERT INTO user_tag (user_id, tag_id) VALUES ("184","32");
INSERT INTO user_tag (user_id, tag_id) VALUES ("184","36");
INSERT INTO user_tag (user_id, tag_id) VALUES ("184","6");

INSERT INTO connected (user_id, connect_date) VALUES ("184","2017-06-16 02:23:27");
INSERT INTO likes (like_id, liked_id, like_date) VALUES ("10","184","2017-03-01 18:52:27");
INSERT INTO likes (like_id, liked_id, like_date) VALUES ("307","184","2017-02-27 12:44:08");
INSERT INTO likes (like_id, liked_id, like_date) VALUES ("398","184","2017-03-29 03:48:51");
INSERT INTO likes (like_id, liked_id, like_date) VALUES ("226","184","2018-01-14 12:54:03");
INSERT INTO likes (like_id, liked_id, like_date) VALUES ("462","184","2017-10-01 19:44:11");
INSERT INTO likes (like_id, liked_id, like_date) VALUES ("41","184","2017-05-06 10:34:37");
INSERT INTO likes (like_id, liked_id, like_date) VALUES ("2","184","2017-10-27 14:03:57");
INSERT INTO likes (like_id, liked_id, like_date) VALUES ("174","184","2017-06-20 12:45:36");
INSERT INTO likes (like_id, liked_id, like_date) VALUES ("439","184","2018-02-08 02:10:04");
INSERT INTO likes (like_id, liked_id, like_date) VALUES ("352","184","2017-11-16 12:16:37");
INSERT INTO likes (like_id, liked_id, like_date) VALUES ("106","184","2017-10-20 07:58:48");
INSERT INTO likes (like_id, liked_id, like_date) VALUES ("440","184","2017-09-19 08:13:52");
INSERT INTO likes (like_id, liked_id, like_date) VALUES ("125","184","2018-01-14 14:28:37");
INSERT INTO likes (like_id, liked_id, like_date) VALUES ("467","184","2018-01-06 12:25:17");
INSERT INTO likes (like_id, liked_id, like_date) VALUES ("133","184","2018-01-14 07:58:17");
INSERT INTO likes (like_id, liked_id, like_date) VALUES ("273","184","2017-10-26 19:13:56");
INSERT INTO likes (like_id, liked_id, like_date) VALUES ("281","184","2017-11-24 17:51:19");
INSERT INTO views (viewer_id, viewed_id, view_date) VALUES ("68","184","2017-11-20 07:34:26");
INSERT INTO views (viewer_id, viewed_id, view_date) VALUES ("479","184","2018-01-19 09:30:42");
INSERT INTO views (viewer_id, viewed_id, view_date) VALUES ("260","184","2017-02-22 22:16:28");
INSERT INTO views (viewer_id, viewed_id, view_date) VALUES ("9","184","2017-02-27 04:16:24");
INSERT INTO views (viewer_id, viewed_id, view_date) VALUES ("26","184","2017-03-18 12:02:01");
INSERT INTO views (viewer_id, viewed_id, view_date) VALUES ("467","184","2017-06-21 23:26:21");
INSERT INTO views (viewer_id, viewed_id, view_date) VALUES ("330","184","2017-11-11 12:29:16");
INSERT INTO views (viewer_id, viewed_id, view_date) VALUES ("159","184","2017-10-27 19:10:52");
INSERT INTO views (viewer_id, viewed_id, view_date) VALUES ("192","184","2018-01-22 23:07:49");
INSERT INTO views (viewer_id, viewed_id, view_date) VALUES ("248","184","2018-01-11 12:26:43");
INSERT INTO views (viewer_id, viewed_id, view_date) VALUES ("414","184","2017-12-22 17:47:58");
INSERT INTO views (viewer_id, viewed_id, view_date) VALUES ("24","184","2017-11-20 12:54:43");
INSERT INTO views (viewer_id, viewed_id, view_date) VALUES ("54","184","2017-10-19 10:17:22");
INSERT INTO views (viewer_id, viewed_id, view_date) VALUES ("53","184","2017-02-25 06:28:00");


INSERT INTO user (id, first_name, last_name, username, email, password, birthdate, gender, orientation, bio, country, state, city, zip, file_1, file_2, file_3, file_4, file_5, score, token, token_date, active, register, created_at, updated_at) VALUES ("185","Eugenia","Vandervort","winona93","vivianne00@yahoo.com","$2y$10$1UVg1Lk7SU86BUQNcC5byOelOqZVmQ9qXTEl9OO3dwh9rw7v0ScqW","1957-05-28 15:36:01","2","3","Quas magnam quidem eligendi et vitae a delectus. Eum natus voluptate odit nostrum qui repudiandae. Eum earum eligendi enim vitae repudiandae delectus sed.","Hungary","","Demarcustown","53902-6846","../fixtures/female1.jpg","","","","","23","97a0322d7cfe87aeb849a4a9db7a8e8c","1982-08-24 16:23:08","1","1","2013-02-11 20:10:58","2010-12-28 21:27:39");
INSERT INTO user_tag (user_id, tag_id) VALUES ("185","15");
INSERT INTO user_tag (user_id, tag_id) VALUES ("185","30");
INSERT INTO user_tag (user_id, tag_id) VALUES ("185","30");

INSERT INTO connected (user_id, connect_date) VALUES ("185","2017-08-15 15:16:06");
INSERT INTO likes (like_id, liked_id, like_date) VALUES ("18","185","2017-06-24 14:59:09");
INSERT INTO likes (like_id, liked_id, like_date) VALUES ("108","185","2017-08-10 20:43:04");
INSERT INTO likes (like_id, liked_id, like_date) VALUES ("448","185","2017-06-06 08:24:21");
INSERT INTO likes (like_id, liked_id, like_date) VALUES ("192","185","2017-03-10 18:37:21");
INSERT INTO likes (like_id, liked_id, like_date) VALUES ("115","185","2017-10-25 13:00:22");
INSERT INTO likes (like_id, liked_id, like_date) VALUES ("374","185","2017-05-17 23:27:08");
INSERT INTO likes (like_id, liked_id, like_date) VALUES ("161","185","2017-10-30 23:12:33");
INSERT INTO likes (like_id, liked_id, like_date) VALUES ("395","185","2017-08-08 15:52:15");
INSERT INTO likes (like_id, liked_id, like_date) VALUES ("369","185","2017-04-26 03:51:36");
INSERT INTO likes (like_id, liked_id, like_date) VALUES ("13","185","2017-11-19 14:34:26");
INSERT INTO likes (like_id, liked_id, like_date) VALUES ("177","185","2017-11-05 16:53:58");
INSERT INTO likes (like_id, liked_id, like_date) VALUES ("107","185","2017-11-28 16:47:25");
INSERT INTO likes (like_id, liked_id, like_date) VALUES ("106","185","2017-03-10 06:29:23");
INSERT INTO likes (like_id, liked_id, like_date) VALUES ("351","185","2017-07-16 07:45:34");
INSERT INTO likes (like_id, liked_id, like_date) VALUES ("311","185","2017-12-17 19:04:56");
INSERT INTO likes (like_id, liked_id, like_date) VALUES ("181","185","2017-03-02 04:55:05");
INSERT INTO likes (like_id, liked_id, like_date) VALUES ("7","185","2017-03-03 21:53:34");
INSERT INTO likes (like_id, liked_id, like_date) VALUES ("492","185","2017-05-19 05:55:52");
INSERT INTO likes (like_id, liked_id, like_date) VALUES ("99","185","2017-06-03 21:34:47");
INSERT INTO likes (like_id, liked_id, like_date) VALUES ("194","185","2017-05-13 18:51:43");
INSERT INTO views (viewer_id, viewed_id, view_date) VALUES ("154","185","2017-09-28 06:25:53");
INSERT INTO views (viewer_id, viewed_id, view_date) VALUES ("450","185","2017-10-18 20:09:47");
INSERT INTO views (viewer_id, viewed_id, view_date) VALUES ("110","185","2017-07-13 15:47:22");
INSERT INTO views (viewer_id, viewed_id, view_date) VALUES ("202","185","2017-04-17 21:56:02");
INSERT INTO views (viewer_id, viewed_id, view_date) VALUES ("161","185","2017-12-07 10:23:50");
INSERT INTO views (viewer_id, viewed_id, view_date) VALUES ("124","185","2017-04-07 06:00:04");
INSERT INTO views (viewer_id, viewed_id, view_date) VALUES ("342","185","2017-10-15 04:45:59");
INSERT INTO views (viewer_id, viewed_id, view_date) VALUES ("70","185","2017-05-28 15:14:42");
INSERT INTO views (viewer_id, viewed_id, view_date) VALUES ("221","185","2017-03-19 03:25:05");
INSERT INTO views (viewer_id, viewed_id, view_date) VALUES ("10","185","2017-04-17 15:49:44");
INSERT INTO views (viewer_id, viewed_id, view_date) VALUES ("448","185","2018-01-16 03:53:42");
INSERT INTO views (viewer_id, viewed_id, view_date) VALUES ("428","185","2017-05-10 22:54:12");
INSERT INTO views (viewer_id, viewed_id, view_date) VALUES ("44","185","2017-12-02 15:26:10");
INSERT INTO views (viewer_id, viewed_id, view_date) VALUES ("437","185","2017-09-23 09:16:54");
INSERT INTO views (viewer_id, viewed_id, view_date) VALUES ("430","185","2017-08-19 04:04:41");


INSERT INTO user (id, first_name, last_name, username, email, password, birthdate, gender, orientation, bio, country, state, city, zip, file_1, file_2, file_3, file_4, file_5, score, token, token_date, active, register, created_at, updated_at) VALUES ("186","Alyce","D'Amore","brookemueller","owen.ortiz@yahoo.com","$2y$10$DfYW6i3cpQht6LQKsOmM5O99hMb4.LXHsDLaOYeudsuEN5U0WnGj2","1968-08-30 14:18:49","1","3","Ipsam hic voluptas quia. Pariatur quis sit perspiciatis beatae id ab voluptatem. Sint corrupti quo hic qui.","Jamaica","","Diamondmouth","71849","../fixtures/male6.jpg","../fixtures/male5.jpg","../fixtures/male5.jpg","","","83","b62810113166c66afe06aa56605892cb","1985-04-22 22:58:10","1","1","1981-08-10 20:35:45","1978-12-29 10:06:49");
INSERT INTO user_tag (user_id, tag_id) VALUES ("186","17");
INSERT INTO user_tag (user_id, tag_id) VALUES ("186","27");
INSERT INTO user_tag (user_id, tag_id) VALUES ("186","40");
INSERT INTO user_tag (user_id, tag_id) VALUES ("186","14");
INSERT INTO user_tag (user_id, tag_id) VALUES ("186","46");
INSERT INTO user_tag (user_id, tag_id) VALUES ("186","21");
INSERT INTO user_tag (user_id, tag_id) VALUES ("186","20");
INSERT INTO user_tag (user_id, tag_id) VALUES ("186","2");
INSERT INTO user_tag (user_id, tag_id) VALUES ("186","20");

INSERT INTO connected (user_id, connect_date) VALUES ("186","2017-02-22 06:10:11");
INSERT INTO likes (like_id, liked_id, like_date) VALUES ("465","186","2017-03-17 10:56:16");
INSERT INTO likes (like_id, liked_id, like_date) VALUES ("320","186","2017-09-24 03:43:54");
INSERT INTO likes (like_id, liked_id, like_date) VALUES ("178","186","2017-02-28 17:53:27");
INSERT INTO likes (like_id, liked_id, like_date) VALUES ("14","186","2017-08-31 17:47:52");
INSERT INTO likes (like_id, liked_id, like_date) VALUES ("453","186","2017-10-23 17:27:26");
INSERT INTO likes (like_id, liked_id, like_date) VALUES ("346","186","2017-12-29 19:08:36");
INSERT INTO likes (like_id, liked_id, like_date) VALUES ("201","186","2017-06-24 17:00:03");
INSERT INTO views (viewer_id, viewed_id, view_date) VALUES ("177","186","2017-10-14 09:31:12");
INSERT INTO views (viewer_id, viewed_id, view_date) VALUES ("188","186","2017-08-27 20:05:50");
INSERT INTO views (viewer_id, viewed_id, view_date) VALUES ("214","186","2017-06-24 08:05:32");
INSERT INTO views (viewer_id, viewed_id, view_date) VALUES ("173","186","2017-08-05 23:29:40");
INSERT INTO views (viewer_id, viewed_id, view_date) VALUES ("447","186","2017-07-30 20:13:34");
INSERT INTO views (viewer_id, viewed_id, view_date) VALUES ("84","186","2017-09-25 15:57:45");


INSERT INTO user (id, first_name, last_name, username, email, password, birthdate, gender, orientation, bio, country, state, city, zip, file_1, file_2, file_3, file_4, file_5, score, token, token_date, active, register, created_at, updated_at) VALUES ("187","Ashlee","Ebert","abdielgusikowski","eleanora39@bednar.com","$2y$10$hMF.HIgg36eAF/fD0IkNiukr.GFJir.ZstFzG.g7ML5MqlgvfeteG","1982-12-27 06:47:12","1","1","Soluta labore optio eos voluptas adipisci ut. Vel amet ducimus non nam nemo rem animi. Possimus itaque minus ut qui est quia qui.","Rwanda","","Bayleechester","21022-4574","../fixtures/male1.jpg","../fixtures/male3.jpg","../fixtures/male3.jpg","","","94","8a2e0ed6400489c82f8857f04afb2844","1987-01-12 16:07:08","1","0","1993-06-02 00:32:21","1977-11-07 00:03:44");
INSERT INTO user_tag (user_id, tag_id) VALUES ("187","29");
INSERT INTO user_tag (user_id, tag_id) VALUES ("187","49");

INSERT INTO connected (user_id, connect_date) VALUES ("187","2017-12-17 15:10:44");
INSERT INTO likes (like_id, liked_id, like_date) VALUES ("416","187","2017-09-24 00:49:35");
INSERT INTO likes (like_id, liked_id, like_date) VALUES ("438","187","2017-09-17 11:45:09");
INSERT INTO likes (like_id, liked_id, like_date) VALUES ("296","187","2017-09-01 10:18:58");
INSERT INTO likes (like_id, liked_id, like_date) VALUES ("107","187","2017-05-25 18:24:28");
INSERT INTO likes (like_id, liked_id, like_date) VALUES ("31","187","2017-11-10 06:14:32");
INSERT INTO likes (like_id, liked_id, like_date) VALUES ("105","187","2017-11-02 01:27:04");
INSERT INTO views (viewer_id, viewed_id, view_date) VALUES ("157","187","2017-03-04 05:27:48");
INSERT INTO views (viewer_id, viewed_id, view_date) VALUES ("334","187","2017-12-08 07:04:24");
INSERT INTO views (viewer_id, viewed_id, view_date) VALUES ("282","187","2017-03-29 07:24:51");
INSERT INTO views (viewer_id, viewed_id, view_date) VALUES ("230","187","2017-03-13 03:54:01");
INSERT INTO views (viewer_id, viewed_id, view_date) VALUES ("333","187","2017-07-21 21:41:30");
INSERT INTO views (viewer_id, viewed_id, view_date) VALUES ("487","187","2017-11-09 23:49:59");
INSERT INTO views (viewer_id, viewed_id, view_date) VALUES ("164","187","2017-12-05 04:05:57");
INSERT INTO views (viewer_id, viewed_id, view_date) VALUES ("130","187","2017-11-15 18:51:29");
INSERT INTO views (viewer_id, viewed_id, view_date) VALUES ("226","187","2017-03-27 16:59:31");


INSERT INTO user (id, first_name, last_name, username, email, password, birthdate, gender, orientation, bio, country, state, city, zip, file_1, file_2, file_3, file_4, file_5, score, token, token_date, active, register, created_at, updated_at) VALUES ("188","Brody","Windler","kane27","liliane.pollich@hotmail.com","$2y$10$kjXtJHNESPsb1BaPfcwgb.p2WhRScpVGDsNRPo2y/ESLFuyXAuLu2","1961-07-12 14:50:10","1","3","Est qui et explicabo dicta reprehenderit. Voluptas architecto accusamus quia. Incidunt sunt natus aut dolor.","Syrian Arab Republic","","New Eugeniatown","39693-0011","../fixtures/male9.jpg","../fixtures/male10.jpg","","","","96","724c023e17f0f3b34e68e55522eb450a","2010-05-14 18:32:59","1","0","2003-12-07 13:45:37","1988-12-21 15:41:46");
INSERT INTO user_tag (user_id, tag_id) VALUES ("188","34");
INSERT INTO user_tag (user_id, tag_id) VALUES ("188","4");
INSERT INTO user_tag (user_id, tag_id) VALUES ("188","33");
INSERT INTO user_tag (user_id, tag_id) VALUES ("188","5");
INSERT INTO user_tag (user_id, tag_id) VALUES ("188","29");
INSERT INTO user_tag (user_id, tag_id) VALUES ("188","36");
INSERT INTO user_tag (user_id, tag_id) VALUES ("188","36");
INSERT INTO user_tag (user_id, tag_id) VALUES ("188","49");
INSERT INTO user_tag (user_id, tag_id) VALUES ("188","46");
INSERT INTO user_tag (user_id, tag_id) VALUES ("188","25");

INSERT INTO connected (user_id, connect_date) VALUES ("188","2017-08-22 02:05:36");
INSERT INTO likes (like_id, liked_id, like_date) VALUES ("21","188","2017-06-03 06:39:27");
INSERT INTO likes (like_id, liked_id, like_date) VALUES ("378","188","2017-10-26 09:18:38");
INSERT INTO likes (like_id, liked_id, like_date) VALUES ("228","188","2017-03-06 11:55:01");
INSERT INTO likes (like_id, liked_id, like_date) VALUES ("241","188","2017-07-29 11:19:49");
INSERT INTO likes (like_id, liked_id, like_date) VALUES ("323","188","2017-04-19 23:55:55");
INSERT INTO likes (like_id, liked_id, like_date) VALUES ("123","188","2018-01-24 00:35:11");
INSERT INTO likes (like_id, liked_id, like_date) VALUES ("159","188","2017-08-19 03:53:48");
INSERT INTO likes (like_id, liked_id, like_date) VALUES ("411","188","2017-07-31 11:17:03");
INSERT INTO likes (like_id, liked_id, like_date) VALUES ("367","188","2017-11-30 13:19:50");
INSERT INTO likes (like_id, liked_id, like_date) VALUES ("19","188","2017-06-08 14:26:35");
INSERT INTO likes (like_id, liked_id, like_date) VALUES ("330","188","2017-06-09 20:52:15");
INSERT INTO likes (like_id, liked_id, like_date) VALUES ("464","188","2017-06-16 03:47:12");
INSERT INTO likes (like_id, liked_id, like_date) VALUES ("500","188","2017-06-24 10:03:12");
INSERT INTO likes (like_id, liked_id, like_date) VALUES ("123","188","2017-11-02 22:55:05");
INSERT INTO views (viewer_id, viewed_id, view_date) VALUES ("194","188","2017-04-11 16:45:21");
INSERT INTO views (viewer_id, viewed_id, view_date) VALUES ("370","188","2017-08-16 02:28:05");


INSERT INTO user (id, first_name, last_name, username, email, password, birthdate, gender, orientation, bio, country, state, city, zip, file_1, file_2, file_3, file_4, file_5, score, token, token_date, active, register, created_at, updated_at) VALUES ("189","Kane","Hayes","wmclaughlin","hilll.demetris@mclaughlin.com","$2y$10$k0zm1OsIQQ4Yn2Q9aP7kd.sceAXf8pirmj/YoOVxuMegM4Y0Vg50i","1950-12-17 00:30:03","2","1","Laborum omnis at quia voluptatem exercitationem facere libero. Facilis porro dolor in cum facilis fugiat.","Bahamas","","Lake Columbus","85656","../fixtures/female4.jpg","../fixtures/female10.jpg","../fixtures/female6.jpg","../fixtures/female9.jpg","","57","e10eddcbd91d052472b2368dd416f224","1975-05-21 19:15:29","0","0","1987-09-10 10:04:42","1979-11-11 23:24:04");
INSERT INTO user_tag (user_id, tag_id) VALUES ("189","46");
INSERT INTO user_tag (user_id, tag_id) VALUES ("189","29");
INSERT INTO user_tag (user_id, tag_id) VALUES ("189","23");
INSERT INTO user_tag (user_id, tag_id) VALUES ("189","29");
INSERT INTO user_tag (user_id, tag_id) VALUES ("189","19");
INSERT INTO user_tag (user_id, tag_id) VALUES ("189","40");
INSERT INTO user_tag (user_id, tag_id) VALUES ("189","48");
INSERT INTO user_tag (user_id, tag_id) VALUES ("189","10");
INSERT INTO user_tag (user_id, tag_id) VALUES ("189","10");
INSERT INTO user_tag (user_id, tag_id) VALUES ("189","5");
INSERT INTO user_tag (user_id, tag_id) VALUES ("189","18");
INSERT INTO user_tag (user_id, tag_id) VALUES ("189","29");
INSERT INTO user_tag (user_id, tag_id) VALUES ("189","27");

INSERT INTO connected (user_id, connect_date) VALUES ("189","2017-02-28 22:42:21");
INSERT INTO likes (like_id, liked_id, like_date) VALUES ("200","189","2017-07-06 05:59:26");
INSERT INTO likes (like_id, liked_id, like_date) VALUES ("104","189","2017-04-06 09:16:35");
INSERT INTO likes (like_id, liked_id, like_date) VALUES ("289","189","2017-08-29 16:30:15");
INSERT INTO likes (like_id, liked_id, like_date) VALUES ("163","189","2017-02-28 11:16:26");
INSERT INTO likes (like_id, liked_id, like_date) VALUES ("482","189","2017-12-26 01:34:49");
INSERT INTO likes (like_id, liked_id, like_date) VALUES ("33","189","2017-07-03 10:34:55");
INSERT INTO likes (like_id, liked_id, like_date) VALUES ("214","189","2017-11-09 20:06:42");
INSERT INTO likes (like_id, liked_id, like_date) VALUES ("289","189","2017-04-18 09:14:30");
INSERT INTO likes (like_id, liked_id, like_date) VALUES ("436","189","2017-03-01 18:41:33");
INSERT INTO likes (like_id, liked_id, like_date) VALUES ("180","189","2017-04-20 01:21:57");
INSERT INTO views (viewer_id, viewed_id, view_date) VALUES ("201","189","2017-03-19 23:52:23");
INSERT INTO views (viewer_id, viewed_id, view_date) VALUES ("104","189","2017-04-15 12:17:27");
INSERT INTO views (viewer_id, viewed_id, view_date) VALUES ("193","189","2017-12-17 01:39:23");
INSERT INTO views (viewer_id, viewed_id, view_date) VALUES ("366","189","2017-07-11 10:50:46");
INSERT INTO views (viewer_id, viewed_id, view_date) VALUES ("359","189","2017-04-02 17:02:15");
INSERT INTO views (viewer_id, viewed_id, view_date) VALUES ("462","189","2017-07-13 18:43:24");
INSERT INTO views (viewer_id, viewed_id, view_date) VALUES ("164","189","2017-12-28 11:12:07");
INSERT INTO views (viewer_id, viewed_id, view_date) VALUES ("473","189","2017-03-22 00:59:46");
INSERT INTO views (viewer_id, viewed_id, view_date) VALUES ("152","189","2017-03-15 02:49:08");
INSERT INTO views (viewer_id, viewed_id, view_date) VALUES ("372","189","2017-05-11 22:24:51");
INSERT INTO views (viewer_id, viewed_id, view_date) VALUES ("141","189","2017-09-20 20:33:37");
INSERT INTO views (viewer_id, viewed_id, view_date) VALUES ("194","189","2017-05-23 08:03:12");
INSERT INTO views (viewer_id, viewed_id, view_date) VALUES ("155","189","2017-09-16 20:09:26");
INSERT INTO views (viewer_id, viewed_id, view_date) VALUES ("189","189","2017-12-21 14:22:30");
INSERT INTO views (viewer_id, viewed_id, view_date) VALUES ("497","189","2017-08-04 05:39:47");
INSERT INTO views (viewer_id, viewed_id, view_date) VALUES ("214","189","2017-03-18 11:06:26");
INSERT INTO views (viewer_id, viewed_id, view_date) VALUES ("182","189","2017-02-27 19:59:06");
INSERT INTO views (viewer_id, viewed_id, view_date) VALUES ("406","189","2017-11-11 17:58:47");
INSERT INTO views (viewer_id, viewed_id, view_date) VALUES ("73","189","2017-11-28 08:42:02");
INSERT INTO views (viewer_id, viewed_id, view_date) VALUES ("46","189","2017-11-01 22:53:11");
INSERT INTO views (viewer_id, viewed_id, view_date) VALUES ("233","189","2017-10-26 17:55:40");
INSERT INTO views (viewer_id, viewed_id, view_date) VALUES ("136","189","2017-09-07 03:15:07");
INSERT INTO views (viewer_id, viewed_id, view_date) VALUES ("187","189","2017-05-28 01:21:49");
INSERT INTO views (viewer_id, viewed_id, view_date) VALUES ("155","189","2017-07-12 18:05:16");
INSERT INTO views (viewer_id, viewed_id, view_date) VALUES ("243","189","2018-01-10 09:12:48");


INSERT INTO user (id, first_name, last_name, username, email, password, birthdate, gender, orientation, bio, country, state, city, zip, file_1, file_2, file_3, file_4, file_5, score, token, token_date, active, register, created_at, updated_at) VALUES ("190","Nola","Schmitt","ykertzmann","joseph.stark@hotmail.com","$2y$10$tSnBZi0BzJKBWiKLcu1ageLlA2aIbAr9/q/ubRWtc4PiC5LeWzOe2","1986-02-11 09:05:14","1","3","Aut reprehenderit eos hic ut temporibus ut. Eum magni possimus similique cupiditate excepturi provident. Impedit fuga reiciendis voluptas qui error voluptatem et. Maiores culpa voluptas totam voluptatem adipisci non facere.","Italy","","Jacobsport","98623-4105","../fixtures/male10.jpg","../fixtures/male2.jpg","../fixtures/male9.jpg","","","89","10962a6899029720c1e809f48e683bed","1993-02-17 11:03:46","1","1","1973-01-25 07:32:58","1971-12-16 17:04:48");
INSERT INTO user_tag (user_id, tag_id) VALUES ("190","4");
INSERT INTO user_tag (user_id, tag_id) VALUES ("190","28");
INSERT INTO user_tag (user_id, tag_id) VALUES ("190","28");
INSERT INTO user_tag (user_id, tag_id) VALUES ("190","25");
INSERT INTO user_tag (user_id, tag_id) VALUES ("190","34");
INSERT INTO user_tag (user_id, tag_id) VALUES ("190","50");
INSERT INTO user_tag (user_id, tag_id) VALUES ("190","16");

INSERT INTO connected (user_id, connect_date) VALUES ("190","2017-04-23 22:12:22");
INSERT INTO likes (like_id, liked_id, like_date) VALUES ("86","190","2017-05-01 09:07:00");
INSERT INTO likes (like_id, liked_id, like_date) VALUES ("274","190","2017-05-09 18:04:33");
INSERT INTO likes (like_id, liked_id, like_date) VALUES ("203","190","2017-11-15 01:42:25");
INSERT INTO likes (like_id, liked_id, like_date) VALUES ("264","190","2017-05-23 09:16:40");
INSERT INTO likes (like_id, liked_id, like_date) VALUES ("156","190","2017-09-15 10:28:30");
INSERT INTO likes (like_id, liked_id, like_date) VALUES ("279","190","2017-08-19 10:29:24");
INSERT INTO likes (like_id, liked_id, like_date) VALUES ("211","190","2017-10-07 13:10:09");
INSERT INTO likes (like_id, liked_id, like_date) VALUES ("90","190","2017-02-28 12:40:05");
INSERT INTO likes (like_id, liked_id, like_date) VALUES ("385","190","2017-08-26 14:07:31");
INSERT INTO likes (like_id, liked_id, like_date) VALUES ("256","190","2018-01-11 09:35:03");
INSERT INTO likes (like_id, liked_id, like_date) VALUES ("133","190","2017-03-28 13:12:52");
INSERT INTO likes (like_id, liked_id, like_date) VALUES ("108","190","2018-02-01 20:53:28");
INSERT INTO likes (like_id, liked_id, like_date) VALUES ("302","190","2017-04-29 04:48:16");
INSERT INTO likes (like_id, liked_id, like_date) VALUES ("153","190","2017-07-15 20:19:40");
INSERT INTO likes (like_id, liked_id, like_date) VALUES ("462","190","2017-05-01 01:29:02");
INSERT INTO likes (like_id, liked_id, like_date) VALUES ("278","190","2017-12-23 23:36:52");
INSERT INTO views (viewer_id, viewed_id, view_date) VALUES ("68","190","2018-01-27 07:27:15");
INSERT INTO views (viewer_id, viewed_id, view_date) VALUES ("128","190","2017-12-22 09:26:12");
INSERT INTO views (viewer_id, viewed_id, view_date) VALUES ("57","190","2017-04-23 19:27:48");
INSERT INTO views (viewer_id, viewed_id, view_date) VALUES ("217","190","2017-08-27 09:27:38");
INSERT INTO views (viewer_id, viewed_id, view_date) VALUES ("318","190","2017-12-22 13:09:48");
INSERT INTO views (viewer_id, viewed_id, view_date) VALUES ("343","190","2017-11-01 19:03:27");
INSERT INTO views (viewer_id, viewed_id, view_date) VALUES ("374","190","2017-06-03 00:12:31");
INSERT INTO views (viewer_id, viewed_id, view_date) VALUES ("237","190","2017-03-28 03:06:12");
INSERT INTO views (viewer_id, viewed_id, view_date) VALUES ("209","190","2017-03-02 07:35:17");


INSERT INTO user (id, first_name, last_name, username, email, password, birthdate, gender, orientation, bio, country, state, city, zip, file_1, file_2, file_3, file_4, file_5, score, token, token_date, active, register, created_at, updated_at) VALUES ("191","Ashlee","Kreiger","kohlermarjory","norberto.bailey@heaney.com","$2y$10$pVnEyBCOFh92wG1Q.ulX0.6ua/3KH1ctFWzNicdb845ME6q/m9jq.","1969-08-01 02:59:28","2","1","Deserunt cumque beatae laboriosam suscipit porro corrupti sed. Eius hic aperiam in. Maxime neque repudiandae ut voluptatibus culpa.","Moldova","","Lake Ferminhaven","13652-6613","../fixtures/female4.jpg","../fixtures/female2.jpg","../fixtures/female2.jpg","../fixtures/female6.jpg","../fixtures/female8.jpg","46","8ab491ad18f4d6095c569831f6e433e7","2015-10-15 02:22:21","1","0","2014-10-19 16:12:31","2001-10-18 13:03:20");
INSERT INTO user_tag (user_id, tag_id) VALUES ("191","6");
INSERT INTO user_tag (user_id, tag_id) VALUES ("191","6");
INSERT INTO user_tag (user_id, tag_id) VALUES ("191","16");
INSERT INTO user_tag (user_id, tag_id) VALUES ("191","12");
INSERT INTO user_tag (user_id, tag_id) VALUES ("191","41");

INSERT INTO connected (user_id, connect_date) VALUES ("191","2017-08-29 22:41:18");
INSERT INTO likes (like_id, liked_id, like_date) VALUES ("313","191","2017-09-27 22:56:48");
INSERT INTO likes (like_id, liked_id, like_date) VALUES ("77","191","2017-06-10 14:54:36");
INSERT INTO likes (like_id, liked_id, like_date) VALUES ("280","191","2017-03-15 01:15:32");
INSERT INTO likes (like_id, liked_id, like_date) VALUES ("74","191","2017-09-15 04:30:51");
INSERT INTO likes (like_id, liked_id, like_date) VALUES ("21","191","2017-12-03 12:04:26");
INSERT INTO likes (like_id, liked_id, like_date) VALUES ("312","191","2017-10-15 11:15:10");
INSERT INTO likes (like_id, liked_id, like_date) VALUES ("171","191","2017-04-14 00:21:20");
INSERT INTO likes (like_id, liked_id, like_date) VALUES ("82","191","2017-02-16 01:44:27");
INSERT INTO likes (like_id, liked_id, like_date) VALUES ("393","191","2018-01-07 12:43:29");
INSERT INTO likes (like_id, liked_id, like_date) VALUES ("117","191","2017-06-15 21:22:12");
INSERT INTO likes (like_id, liked_id, like_date) VALUES ("488","191","2018-01-09 17:08:20");
INSERT INTO views (viewer_id, viewed_id, view_date) VALUES ("229","191","2017-04-09 03:37:06");
INSERT INTO views (viewer_id, viewed_id, view_date) VALUES ("461","191","2018-01-05 12:17:49");
INSERT INTO views (viewer_id, viewed_id, view_date) VALUES ("79","191","2017-10-18 17:26:10");
INSERT INTO views (viewer_id, viewed_id, view_date) VALUES ("171","191","2017-12-30 04:33:10");
INSERT INTO views (viewer_id, viewed_id, view_date) VALUES ("235","191","2017-11-26 12:11:06");
INSERT INTO views (viewer_id, viewed_id, view_date) VALUES ("334","191","2018-01-21 00:23:06");
INSERT INTO views (viewer_id, viewed_id, view_date) VALUES ("149","191","2017-12-18 10:20:51");


INSERT INTO user (id, first_name, last_name, username, email, password, birthdate, gender, orientation, bio, country, state, city, zip, file_1, file_2, file_3, file_4, file_5, score, token, token_date, active, register, created_at, updated_at) VALUES ("192","Jeromy","Larkin","heavenparisian","zortiz@bashirian.net","$2y$10$xUpYgorxeIQVfSfCPdv46OLYvIYg9ffnWjSnCYT8leoxndF1tXrga","1997-04-28 00:46:05","2","2","Sit dicta quidem ut quas libero aut. Magni dolor dignissimos qui quae. Reprehenderit eos libero ipsam est qui cumque ex.","Denmark","","New Norval","09448-1239","../fixtures/female9.jpg","../fixtures/female1.jpg","../fixtures/female7.jpg","../fixtures/female9.jpg","","43","42216a27c211ab6d1d28cd7e89899e08","1984-01-04 20:44:59","0","0","1990-03-22 02:40:18","1991-07-23 21:52:37");
INSERT INTO user_tag (user_id, tag_id) VALUES ("192","32");
INSERT INTO user_tag (user_id, tag_id) VALUES ("192","38");
INSERT INTO user_tag (user_id, tag_id) VALUES ("192","20");
INSERT INTO user_tag (user_id, tag_id) VALUES ("192","21");
INSERT INTO user_tag (user_id, tag_id) VALUES ("192","14");
INSERT INTO user_tag (user_id, tag_id) VALUES ("192","42");
INSERT INTO user_tag (user_id, tag_id) VALUES ("192","18");
INSERT INTO user_tag (user_id, tag_id) VALUES ("192","31");
INSERT INTO user_tag (user_id, tag_id) VALUES ("192","3");
INSERT INTO user_tag (user_id, tag_id) VALUES ("192","18");

INSERT INTO connected (user_id, connect_date) VALUES ("192","2017-04-23 16:23:33");
INSERT INTO likes (like_id, liked_id, like_date) VALUES ("111","192","2017-04-11 00:29:44");
INSERT INTO likes (like_id, liked_id, like_date) VALUES ("283","192","2018-01-20 13:16:45");
INSERT INTO likes (like_id, liked_id, like_date) VALUES ("314","192","2017-03-25 02:33:57");
INSERT INTO likes (like_id, liked_id, like_date) VALUES ("130","192","2017-12-28 20:17:44");
INSERT INTO likes (like_id, liked_id, like_date) VALUES ("199","192","2017-02-25 11:51:32");
INSERT INTO likes (like_id, liked_id, like_date) VALUES ("18","192","2017-04-28 04:13:42");
INSERT INTO likes (like_id, liked_id, like_date) VALUES ("462","192","2017-03-26 05:55:12");
INSERT INTO views (viewer_id, viewed_id, view_date) VALUES ("159","192","2017-12-10 01:05:34");
INSERT INTO views (viewer_id, viewed_id, view_date) VALUES ("104","192","2017-09-28 04:27:17");
INSERT INTO views (viewer_id, viewed_id, view_date) VALUES ("78","192","2017-12-08 17:26:43");
INSERT INTO views (viewer_id, viewed_id, view_date) VALUES ("131","192","2017-05-07 22:03:54");
INSERT INTO views (viewer_id, viewed_id, view_date) VALUES ("133","192","2017-03-07 03:46:38");
INSERT INTO views (viewer_id, viewed_id, view_date) VALUES ("138","192","2018-01-03 06:00:02");
INSERT INTO views (viewer_id, viewed_id, view_date) VALUES ("367","192","2017-08-11 01:41:23");
INSERT INTO views (viewer_id, viewed_id, view_date) VALUES ("26","192","2018-02-07 00:36:20");
INSERT INTO views (viewer_id, viewed_id, view_date) VALUES ("8","192","2018-02-10 18:05:48");
INSERT INTO views (viewer_id, viewed_id, view_date) VALUES ("135","192","2017-11-20 09:38:16");
INSERT INTO views (viewer_id, viewed_id, view_date) VALUES ("499","192","2017-06-20 15:09:16");
INSERT INTO views (viewer_id, viewed_id, view_date) VALUES ("199","192","2017-02-28 03:08:11");
INSERT INTO views (viewer_id, viewed_id, view_date) VALUES ("364","192","2017-10-29 12:15:34");
INSERT INTO views (viewer_id, viewed_id, view_date) VALUES ("129","192","2017-10-12 20:12:17");
INSERT INTO views (viewer_id, viewed_id, view_date) VALUES ("17","192","2018-01-23 11:42:00");
INSERT INTO views (viewer_id, viewed_id, view_date) VALUES ("444","192","2017-08-24 21:40:32");
INSERT INTO views (viewer_id, viewed_id, view_date) VALUES ("432","192","2017-03-05 10:11:09");
INSERT INTO views (viewer_id, viewed_id, view_date) VALUES ("66","192","2017-02-26 18:50:51");
INSERT INTO views (viewer_id, viewed_id, view_date) VALUES ("264","192","2017-09-23 13:03:29");
INSERT INTO views (viewer_id, viewed_id, view_date) VALUES ("416","192","2017-09-24 09:30:19");
INSERT INTO views (viewer_id, viewed_id, view_date) VALUES ("196","192","2017-06-14 05:28:41");
INSERT INTO views (viewer_id, viewed_id, view_date) VALUES ("49","192","2017-09-10 23:10:48");
INSERT INTO views (viewer_id, viewed_id, view_date) VALUES ("358","192","2017-07-14 07:49:02");
INSERT INTO views (viewer_id, viewed_id, view_date) VALUES ("498","192","2017-10-19 07:13:47");
INSERT INTO views (viewer_id, viewed_id, view_date) VALUES ("296","192","2017-05-01 23:35:32");
INSERT INTO views (viewer_id, viewed_id, view_date) VALUES ("270","192","2017-07-31 16:29:35");
INSERT INTO views (viewer_id, viewed_id, view_date) VALUES ("90","192","2017-09-18 11:20:57");
INSERT INTO views (viewer_id, viewed_id, view_date) VALUES ("4","192","2017-11-07 11:04:24");
INSERT INTO views (viewer_id, viewed_id, view_date) VALUES ("199","192","2017-06-09 18:39:33");
INSERT INTO views (viewer_id, viewed_id, view_date) VALUES ("366","192","2017-03-09 02:44:21");
INSERT INTO views (viewer_id, viewed_id, view_date) VALUES ("211","192","2017-11-02 13:22:00");
INSERT INTO views (viewer_id, viewed_id, view_date) VALUES ("112","192","2017-09-06 01:46:11");


INSERT INTO user (id, first_name, last_name, username, email, password, birthdate, gender, orientation, bio, country, state, city, zip, file_1, file_2, file_3, file_4, file_5, score, token, token_date, active, register, created_at, updated_at) VALUES ("193","Natalia","Hauck","chane","rolando.ledner@kozey.com","$2y$10$//7i4hyCk1SKz.R4MOAid.IKmy24CckkOwdExhpBx1N1Atm/Omogm","1975-05-29 12:11:15","2","2","Nihil nihil at ut cumque tempore. Dolores harum in sed rerum rerum. Fugiat voluptas ut et unde rerum cupiditate. Quaerat et quia harum omnis.","Anguilla","","West Alysson","31735","../fixtures/female9.jpg","../fixtures/female3.jpg","../fixtures/female4.jpg","../fixtures/female2.jpg","../fixtures/female3.jpg","46","9c597fa6e0d59fd7d6f653d83e516503","1987-09-27 13:36:57","0","0","2018-01-07 07:09:19","1996-04-17 04:00:31");
INSERT INTO user_tag (user_id, tag_id) VALUES ("193","26");
INSERT INTO user_tag (user_id, tag_id) VALUES ("193","13");
INSERT INTO user_tag (user_id, tag_id) VALUES ("193","32");
INSERT INTO user_tag (user_id, tag_id) VALUES ("193","10");

INSERT INTO connected (user_id, connect_date) VALUES ("193","2017-03-06 22:06:38");
INSERT INTO likes (like_id, liked_id, like_date) VALUES ("342","193","2017-12-12 07:26:09");
INSERT INTO likes (like_id, liked_id, like_date) VALUES ("459","193","2017-09-15 07:03:36");
INSERT INTO likes (like_id, liked_id, like_date) VALUES ("371","193","2017-12-06 13:34:24");
INSERT INTO likes (like_id, liked_id, like_date) VALUES ("191","193","2017-08-30 17:10:10");
INSERT INTO views (viewer_id, viewed_id, view_date) VALUES ("235","193","2017-05-05 08:03:32");
INSERT INTO views (viewer_id, viewed_id, view_date) VALUES ("192","193","2017-04-12 20:48:51");
INSERT INTO views (viewer_id, viewed_id, view_date) VALUES ("409","193","2017-03-11 03:59:29");
INSERT INTO views (viewer_id, viewed_id, view_date) VALUES ("138","193","2018-01-06 13:41:22");
INSERT INTO views (viewer_id, viewed_id, view_date) VALUES ("369","193","2017-10-11 21:37:23");
INSERT INTO views (viewer_id, viewed_id, view_date) VALUES ("258","193","2017-06-05 18:58:44");
INSERT INTO views (viewer_id, viewed_id, view_date) VALUES ("172","193","2017-05-08 08:30:48");
INSERT INTO views (viewer_id, viewed_id, view_date) VALUES ("266","193","2017-08-28 01:23:15");
INSERT INTO views (viewer_id, viewed_id, view_date) VALUES ("80","193","2017-04-19 22:52:07");


INSERT INTO user (id, first_name, last_name, username, email, password, birthdate, gender, orientation, bio, country, state, city, zip, file_1, file_2, file_3, file_4, file_5, score, token, token_date, active, register, created_at, updated_at) VALUES ("194","Athena","Dickinson","spencerlavern","adelle.donnelly@yahoo.com","$2y$10$wrO7LBxNQH2OCungtju0bukyrujjUzy.oBzXwB47VZ7fjjMstDdoO","1973-10-05 03:47:26","2","3","Ratione ipsum voluptas totam earum quia culpa dolorum. Nihil ut dicta ut sed voluptas dignissimos facilis. Nisi vero reiciendis quos sint fugit voluptatem. Asperiores porro a id accusamus maiores vitae.","Jersey","","Rautown","12978","../fixtures/female6.jpg","../fixtures/female6.jpg","../fixtures/female5.jpg","../fixtures/female10.jpg","","22","29d9872ff78be50bc71292a5e62f94fa","1997-10-31 19:17:50","1","1","2008-09-05 02:49:14","1971-09-12 17:13:03");
INSERT INTO user_tag (user_id, tag_id) VALUES ("194","8");

INSERT INTO connected (user_id, connect_date) VALUES ("194","2017-12-12 11:38:08");
INSERT INTO likes (like_id, liked_id, like_date) VALUES ("325","194","2017-09-15 12:49:59");
INSERT INTO likes (like_id, liked_id, like_date) VALUES ("233","194","2017-04-12 04:14:10");
INSERT INTO likes (like_id, liked_id, like_date) VALUES ("319","194","2017-07-06 10:03:37");
INSERT INTO likes (like_id, liked_id, like_date) VALUES ("483","194","2017-02-18 04:08:45");
INSERT INTO likes (like_id, liked_id, like_date) VALUES ("394","194","2017-03-21 04:47:53");
INSERT INTO likes (like_id, liked_id, like_date) VALUES ("431","194","2017-09-13 14:49:25");
INSERT INTO likes (like_id, liked_id, like_date) VALUES ("222","194","2017-12-13 01:52:30");
INSERT INTO likes (like_id, liked_id, like_date) VALUES ("404","194","2017-11-16 20:39:35");
INSERT INTO likes (like_id, liked_id, like_date) VALUES ("344","194","2017-04-21 00:04:07");
INSERT INTO likes (like_id, liked_id, like_date) VALUES ("199","194","2017-05-23 06:39:56");
INSERT INTO views (viewer_id, viewed_id, view_date) VALUES ("485","194","2017-11-26 20:49:15");
INSERT INTO views (viewer_id, viewed_id, view_date) VALUES ("146","194","2017-05-11 07:08:30");
INSERT INTO views (viewer_id, viewed_id, view_date) VALUES ("408","194","2017-04-01 18:53:04");
INSERT INTO views (viewer_id, viewed_id, view_date) VALUES ("94","194","2017-04-28 23:00:00");
INSERT INTO views (viewer_id, viewed_id, view_date) VALUES ("217","194","2017-02-28 00:22:58");
INSERT INTO views (viewer_id, viewed_id, view_date) VALUES ("87","194","2017-07-09 11:31:25");
INSERT INTO views (viewer_id, viewed_id, view_date) VALUES ("453","194","2018-01-24 13:09:15");
INSERT INTO views (viewer_id, viewed_id, view_date) VALUES ("348","194","2017-04-30 09:10:44");
INSERT INTO views (viewer_id, viewed_id, view_date) VALUES ("286","194","2017-09-05 20:46:20");
INSERT INTO views (viewer_id, viewed_id, view_date) VALUES ("4","194","2017-04-21 13:22:43");
INSERT INTO views (viewer_id, viewed_id, view_date) VALUES ("126","194","2017-10-20 09:32:55");
INSERT INTO views (viewer_id, viewed_id, view_date) VALUES ("341","194","2018-02-15 03:16:30");
INSERT INTO views (viewer_id, viewed_id, view_date) VALUES ("488","194","2017-05-02 03:35:17");
INSERT INTO views (viewer_id, viewed_id, view_date) VALUES ("70","194","2017-05-16 22:43:54");
INSERT INTO views (viewer_id, viewed_id, view_date) VALUES ("26","194","2018-01-31 14:37:34");
INSERT INTO views (viewer_id, viewed_id, view_date) VALUES ("217","194","2017-04-12 13:01:50");
INSERT INTO views (viewer_id, viewed_id, view_date) VALUES ("410","194","2018-02-05 14:45:20");
INSERT INTO views (viewer_id, viewed_id, view_date) VALUES ("418","194","2017-12-11 20:22:33");
INSERT INTO views (viewer_id, viewed_id, view_date) VALUES ("37","194","2017-08-19 13:06:38");
INSERT INTO views (viewer_id, viewed_id, view_date) VALUES ("345","194","2017-11-25 22:25:11");
INSERT INTO views (viewer_id, viewed_id, view_date) VALUES ("32","194","2017-11-13 03:47:51");
INSERT INTO views (viewer_id, viewed_id, view_date) VALUES ("490","194","2017-04-18 14:19:59");
INSERT INTO views (viewer_id, viewed_id, view_date) VALUES ("292","194","2018-01-06 19:18:29");


INSERT INTO user (id, first_name, last_name, username, email, password, birthdate, gender, orientation, bio, country, state, city, zip, file_1, file_2, file_3, file_4, file_5, score, token, token_date, active, register, created_at, updated_at) VALUES ("195","Emilie","Goyette","akilback","kshlerin.gerhard@ankunding.org","$2y$10$cc8c3ihWCu3/kjOI3YRPBOIfI8Hp4PGO5YHbdC6VZzevM9V7DO9fy","1995-02-27 16:20:14","2","2","Voluptatem perferendis accusamus eveniet magni facilis est dicta. Possimus perferendis quo voluptate id. Quisquam culpa sint nihil sunt distinctio reprehenderit odio odit. Harum rerum pariatur consequatur nobis.","Hong Kong","","Langview","61119-6903","../fixtures/female3.jpg","../fixtures/female7.jpg","../fixtures/female7.jpg","../fixtures/female8.jpg","../fixtures/female8.jpg","22","c481323147237300e0fb4bd28b5d6377","2008-09-01 17:26:04","0","0","2008-02-14 08:26:19","2013-05-14 00:36:42");
INSERT INTO user_tag (user_id, tag_id) VALUES ("195","19");
INSERT INTO user_tag (user_id, tag_id) VALUES ("195","46");
INSERT INTO user_tag (user_id, tag_id) VALUES ("195","21");
INSERT INTO user_tag (user_id, tag_id) VALUES ("195","42");
INSERT INTO user_tag (user_id, tag_id) VALUES ("195","2");
INSERT INTO user_tag (user_id, tag_id) VALUES ("195","12");
INSERT INTO user_tag (user_id, tag_id) VALUES ("195","21");
INSERT INTO user_tag (user_id, tag_id) VALUES ("195","28");
INSERT INTO user_tag (user_id, tag_id) VALUES ("195","8");
INSERT INTO user_tag (user_id, tag_id) VALUES ("195","36");
INSERT INTO user_tag (user_id, tag_id) VALUES ("195","7");
INSERT INTO user_tag (user_id, tag_id) VALUES ("195","7");
INSERT INTO user_tag (user_id, tag_id) VALUES ("195","44");

INSERT INTO connected (user_id, connect_date) VALUES ("195","2017-03-15 04:21:54");
INSERT INTO likes (like_id, liked_id, like_date) VALUES ("395","195","2017-12-04 13:12:02");
INSERT INTO likes (like_id, liked_id, like_date) VALUES ("82","195","2018-01-17 23:56:24");
INSERT INTO likes (like_id, liked_id, like_date) VALUES ("475","195","2017-03-06 00:51:34");
INSERT INTO likes (like_id, liked_id, like_date) VALUES ("273","195","2017-08-31 13:26:03");
INSERT INTO likes (like_id, liked_id, like_date) VALUES ("81","195","2017-09-27 16:40:28");
INSERT INTO likes (like_id, liked_id, like_date) VALUES ("461","195","2018-01-13 19:44:16");
INSERT INTO likes (like_id, liked_id, like_date) VALUES ("245","195","2017-05-26 23:16:07");
INSERT INTO likes (like_id, liked_id, like_date) VALUES ("296","195","2017-11-27 14:19:38");
INSERT INTO likes (like_id, liked_id, like_date) VALUES ("234","195","2017-10-22 04:34:49");
INSERT INTO likes (like_id, liked_id, like_date) VALUES ("270","195","2017-07-21 19:15:35");
INSERT INTO likes (like_id, liked_id, like_date) VALUES ("364","195","2017-06-06 10:23:32");
INSERT INTO likes (like_id, liked_id, like_date) VALUES ("410","195","2017-12-30 23:41:16");
INSERT INTO likes (like_id, liked_id, like_date) VALUES ("335","195","2017-02-22 08:39:31");
INSERT INTO likes (like_id, liked_id, like_date) VALUES ("37","195","2017-05-29 06:42:22");
INSERT INTO views (viewer_id, viewed_id, view_date) VALUES ("398","195","2017-12-16 11:55:00");
INSERT INTO views (viewer_id, viewed_id, view_date) VALUES ("67","195","2017-02-15 18:48:20");
INSERT INTO views (viewer_id, viewed_id, view_date) VALUES ("484","195","2017-04-02 21:52:45");
INSERT INTO views (viewer_id, viewed_id, view_date) VALUES ("67","195","2017-03-17 15:52:04");
INSERT INTO views (viewer_id, viewed_id, view_date) VALUES ("169","195","2018-02-06 11:14:10");
INSERT INTO views (viewer_id, viewed_id, view_date) VALUES ("330","195","2017-07-07 05:53:42");
INSERT INTO views (viewer_id, viewed_id, view_date) VALUES ("345","195","2017-10-31 21:23:01");
INSERT INTO views (viewer_id, viewed_id, view_date) VALUES ("383","195","2017-08-14 11:00:38");
INSERT INTO views (viewer_id, viewed_id, view_date) VALUES ("375","195","2017-06-16 08:15:44");
INSERT INTO views (viewer_id, viewed_id, view_date) VALUES ("88","195","2017-05-05 14:40:45");
INSERT INTO views (viewer_id, viewed_id, view_date) VALUES ("57","195","2017-12-26 06:20:47");
INSERT INTO views (viewer_id, viewed_id, view_date) VALUES ("93","195","2017-03-10 13:35:56");


INSERT INTO user (id, first_name, last_name, username, email, password, birthdate, gender, orientation, bio, country, state, city, zip, file_1, file_2, file_3, file_4, file_5, score, token, token_date, active, register, created_at, updated_at) VALUES ("196","Okey","Leuschke","quincykirlin","jast.daryl@yahoo.com","$2y$10$PXdX3TeeDtjHvbzoFGmX0uXkF6Brs27g8w45f0hFfaOb4wTNHLpiW","1953-08-05 15:13:19","1","2","Omnis consequuntur ut voluptatem ut nihil officia. Et ipsa voluptas eum rerum repellendus. Repellat fugit sit exercitationem sunt.","British Indian Ocean Territory (Chagos Archipelago)","","Lake Furman","83520","../fixtures/male3.jpg","../fixtures/male7.jpg","../fixtures/male6.jpg","../fixtures/male6.jpg","","1","92d90e31428ab4910ad772f0b2ca45da","2015-04-03 00:08:19","0","0","1972-02-17 15:08:03","1973-08-05 21:26:45");
INSERT INTO user_tag (user_id, tag_id) VALUES ("196","20");
INSERT INTO user_tag (user_id, tag_id) VALUES ("196","18");
INSERT INTO user_tag (user_id, tag_id) VALUES ("196","38");
INSERT INTO user_tag (user_id, tag_id) VALUES ("196","32");
INSERT INTO user_tag (user_id, tag_id) VALUES ("196","46");
INSERT INTO user_tag (user_id, tag_id) VALUES ("196","32");
INSERT INTO user_tag (user_id, tag_id) VALUES ("196","21");
INSERT INTO user_tag (user_id, tag_id) VALUES ("196","44");
INSERT INTO user_tag (user_id, tag_id) VALUES ("196","38");
INSERT INTO user_tag (user_id, tag_id) VALUES ("196","18");

INSERT INTO connected (user_id, connect_date) VALUES ("196","2017-11-09 20:16:06");
INSERT INTO likes (like_id, liked_id, like_date) VALUES ("205","196","2017-08-09 23:49:13");
INSERT INTO likes (like_id, liked_id, like_date) VALUES ("489","196","2017-06-30 07:16:52");
INSERT INTO likes (like_id, liked_id, like_date) VALUES ("28","196","2017-03-18 02:49:28");
INSERT INTO likes (like_id, liked_id, like_date) VALUES ("51","196","2017-12-20 19:09:06");
INSERT INTO views (viewer_id, viewed_id, view_date) VALUES ("323","196","2018-02-05 07:42:57");
INSERT INTO views (viewer_id, viewed_id, view_date) VALUES ("63","196","2017-04-08 19:49:54");
INSERT INTO views (viewer_id, viewed_id, view_date) VALUES ("5","196","2017-08-22 21:52:29");
INSERT INTO views (viewer_id, viewed_id, view_date) VALUES ("235","196","2017-09-16 23:31:44");
INSERT INTO views (viewer_id, viewed_id, view_date) VALUES ("184","196","2017-05-24 20:10:00");
INSERT INTO views (viewer_id, viewed_id, view_date) VALUES ("78","196","2017-04-16 14:48:07");
INSERT INTO views (viewer_id, viewed_id, view_date) VALUES ("168","196","2017-08-19 16:04:30");
INSERT INTO views (viewer_id, viewed_id, view_date) VALUES ("398","196","2017-03-22 08:51:11");
INSERT INTO views (viewer_id, viewed_id, view_date) VALUES ("83","196","2018-01-24 22:30:40");
INSERT INTO views (viewer_id, viewed_id, view_date) VALUES ("24","196","2017-03-08 10:39:42");
INSERT INTO views (viewer_id, viewed_id, view_date) VALUES ("366","196","2017-08-27 18:04:40");
INSERT INTO views (viewer_id, viewed_id, view_date) VALUES ("26","196","2017-12-05 10:54:37");


INSERT INTO user (id, first_name, last_name, username, email, password, birthdate, gender, orientation, bio, country, state, city, zip, file_1, file_2, file_3, file_4, file_5, score, token, token_date, active, register, created_at, updated_at) VALUES ("197","Braulio","Cartwright","eheaney","gkovacek@gmail.com","$2y$10$ABoLrgHsgmEBru0.4nU0LuzR9uHMUZdoRYkAq5BicfNzUP/ge6jny","1969-05-18 09:01:18","2","1","Nulla culpa deleniti reprehenderit blanditiis. Saepe architecto in labore nostrum. Exercitationem fugit blanditiis autem praesentium fugit similique voluptas. Officia dolor enim repellendus.","Belize","","Alville","06977","../fixtures/female5.jpg","../fixtures/female8.jpg","../fixtures/female5.jpg","","","5","c22ed2a4dc124caeeebaebdafea06b64","1986-04-11 21:17:39","1","1","1985-05-15 13:44:46","1995-05-08 22:46:12");
INSERT INTO user_tag (user_id, tag_id) VALUES ("197","44");
INSERT INTO user_tag (user_id, tag_id) VALUES ("197","25");
INSERT INTO user_tag (user_id, tag_id) VALUES ("197","35");
INSERT INTO user_tag (user_id, tag_id) VALUES ("197","29");
INSERT INTO user_tag (user_id, tag_id) VALUES ("197","23");
INSERT INTO user_tag (user_id, tag_id) VALUES ("197","46");
INSERT INTO user_tag (user_id, tag_id) VALUES ("197","34");
INSERT INTO user_tag (user_id, tag_id) VALUES ("197","6");
INSERT INTO user_tag (user_id, tag_id) VALUES ("197","15");
INSERT INTO user_tag (user_id, tag_id) VALUES ("197","10");

INSERT INTO connected (user_id, connect_date) VALUES ("197","2017-05-31 17:12:16");
INSERT INTO likes (like_id, liked_id, like_date) VALUES ("212","197","2018-01-20 04:09:10");
INSERT INTO likes (like_id, liked_id, like_date) VALUES ("251","197","2018-01-20 09:26:29");
INSERT INTO likes (like_id, liked_id, like_date) VALUES ("263","197","2017-05-14 01:57:53");
INSERT INTO likes (like_id, liked_id, like_date) VALUES ("378","197","2017-08-21 14:25:50");
INSERT INTO likes (like_id, liked_id, like_date) VALUES ("44","197","2017-12-02 10:11:41");
INSERT INTO likes (like_id, liked_id, like_date) VALUES ("171","197","2017-06-30 12:09:58");
INSERT INTO likes (like_id, liked_id, like_date) VALUES ("203","197","2018-01-20 21:55:44");
INSERT INTO likes (like_id, liked_id, like_date) VALUES ("339","197","2017-06-30 02:05:15");
INSERT INTO likes (like_id, liked_id, like_date) VALUES ("170","197","2017-09-08 06:56:27");
INSERT INTO likes (like_id, liked_id, like_date) VALUES ("500","197","2018-02-08 19:38:12");
INSERT INTO likes (like_id, liked_id, like_date) VALUES ("86","197","2017-07-18 21:12:21");
INSERT INTO likes (like_id, liked_id, like_date) VALUES ("21","197","2018-01-08 16:41:55");
INSERT INTO likes (like_id, liked_id, like_date) VALUES ("378","197","2017-07-01 23:43:38");
INSERT INTO likes (like_id, liked_id, like_date) VALUES ("392","197","2017-04-05 03:46:24");
INSERT INTO likes (like_id, liked_id, like_date) VALUES ("226","197","2017-06-18 00:38:39");
INSERT INTO views (viewer_id, viewed_id, view_date) VALUES ("243","197","2017-03-31 07:34:32");


INSERT INTO user (id, first_name, last_name, username, email, password, birthdate, gender, orientation, bio, country, state, city, zip, file_1, file_2, file_3, file_4, file_5, score, token, token_date, active, register, created_at, updated_at) VALUES ("198","Kaleigh","Klein","lherzog","xpurdy@yahoo.com","$2y$10$FaH2dQMbVvCi3clKzNCAHO3ei64nNmwWDsusjaG0Me.n5GRBcRzge","1973-12-27 12:44:26","2","3","Facere aut minus et quibusdam officiis voluptatibus. Debitis corrupti est consequatur voluptatum labore. Rem non aliquid dolor ad. Nemo ut aut odit.","Bolivia","","Abshirestad","89974","../fixtures/female1.jpg","../fixtures/female3.jpg","","","","12","36c850920df6960ba990bd757c639e2e","2008-05-13 02:08:58","0","0","1981-06-22 19:36:21","2015-01-23 01:04:14");
INSERT INTO user_tag (user_id, tag_id) VALUES ("198","34");
INSERT INTO user_tag (user_id, tag_id) VALUES ("198","28");

INSERT INTO connected (user_id, connect_date) VALUES ("198","2018-01-22 14:11:51");
INSERT INTO likes (like_id, liked_id, like_date) VALUES ("162","198","2017-12-22 21:50:51");
INSERT INTO likes (like_id, liked_id, like_date) VALUES ("409","198","2017-11-22 22:09:01");
INSERT INTO likes (like_id, liked_id, like_date) VALUES ("236","198","2017-07-08 01:33:15");
INSERT INTO likes (like_id, liked_id, like_date) VALUES ("291","198","2017-03-02 05:25:07");
INSERT INTO likes (like_id, liked_id, like_date) VALUES ("382","198","2017-10-16 07:12:12");
INSERT INTO likes (like_id, liked_id, like_date) VALUES ("151","198","2017-10-29 04:00:18");
INSERT INTO likes (like_id, liked_id, like_date) VALUES ("150","198","2017-10-22 09:51:04");
INSERT INTO likes (like_id, liked_id, like_date) VALUES ("442","198","2017-10-16 06:57:18");
INSERT INTO likes (like_id, liked_id, like_date) VALUES ("272","198","2017-10-23 01:03:23");
INSERT INTO likes (like_id, liked_id, like_date) VALUES ("48","198","2017-06-18 16:49:25");
INSERT INTO likes (like_id, liked_id, like_date) VALUES ("385","198","2017-09-18 23:29:59");
INSERT INTO likes (like_id, liked_id, like_date) VALUES ("276","198","2017-02-17 01:21:37");
INSERT INTO likes (like_id, liked_id, like_date) VALUES ("393","198","2017-10-15 13:40:55");
INSERT INTO likes (like_id, liked_id, like_date) VALUES ("423","198","2017-11-18 02:27:52");
INSERT INTO likes (like_id, liked_id, like_date) VALUES ("444","198","2017-07-14 05:25:03");
INSERT INTO likes (like_id, liked_id, like_date) VALUES ("299","198","2017-09-28 14:01:41");


INSERT INTO user (id, first_name, last_name, username, email, password, birthdate, gender, orientation, bio, country, state, city, zip, file_1, file_2, file_3, file_4, file_5, score, token, token_date, active, register, created_at, updated_at) VALUES ("199","Billie","Kertzmann","hfarrell","pmiller@hotmail.com","$2y$10$ctmMKCdJhFl7IA4SbBOW2uexGTFo3PVrn9Eh9Kas7HeBZfGGet4Tm","1999-11-17 01:12:35","2","2","Facere iure est veritatis quia. Sit deleniti sed alias deleniti exercitationem ut. Aut vero veniam laudantium earum totam et. Dolore sit eligendi est accusantium doloribus. Ea suscipit neque ipsum expedita numquam autem.","French Guiana","","West Alenahaven","79855","../fixtures/female5.jpg","../fixtures/female9.jpg","../fixtures/female7.jpg","","","46","0786566b8419fdb554826498501bc382","1997-02-27 02:34:58","0","0","2006-06-13 08:28:35","1974-06-18 16:19:03");
INSERT INTO user_tag (user_id, tag_id) VALUES ("199","44");
INSERT INTO user_tag (user_id, tag_id) VALUES ("199","24");
INSERT INTO user_tag (user_id, tag_id) VALUES ("199","10");

INSERT INTO connected (user_id, connect_date) VALUES ("199","2017-03-04 17:03:20");
INSERT INTO likes (like_id, liked_id, like_date) VALUES ("258","199","2017-10-30 09:50:57");
INSERT INTO likes (like_id, liked_id, like_date) VALUES ("123","199","2017-03-16 16:09:23");
INSERT INTO likes (like_id, liked_id, like_date) VALUES ("388","199","2017-11-04 09:30:50");
INSERT INTO likes (like_id, liked_id, like_date) VALUES ("377","199","2017-09-06 06:18:48");
INSERT INTO likes (like_id, liked_id, like_date) VALUES ("414","199","2017-06-14 22:01:00");
INSERT INTO likes (like_id, liked_id, like_date) VALUES ("320","199","2017-07-05 07:50:58");
INSERT INTO likes (like_id, liked_id, like_date) VALUES ("175","199","2017-10-19 12:20:36");
INSERT INTO likes (like_id, liked_id, like_date) VALUES ("217","199","2017-08-15 04:06:17");
INSERT INTO likes (like_id, liked_id, like_date) VALUES ("21","199","2017-12-27 17:15:48");
INSERT INTO likes (like_id, liked_id, like_date) VALUES ("146","199","2017-07-27 04:32:42");
INSERT INTO likes (like_id, liked_id, like_date) VALUES ("353","199","2017-07-19 08:56:20");
INSERT INTO likes (like_id, liked_id, like_date) VALUES ("465","199","2017-07-27 19:45:58");
INSERT INTO likes (like_id, liked_id, like_date) VALUES ("209","199","2017-06-19 01:05:12");
INSERT INTO likes (like_id, liked_id, like_date) VALUES ("94","199","2017-07-27 08:39:18");
INSERT INTO likes (like_id, liked_id, like_date) VALUES ("3","199","2017-08-07 12:42:49");
INSERT INTO views (viewer_id, viewed_id, view_date) VALUES ("445","199","2018-02-14 16:29:22");
INSERT INTO views (viewer_id, viewed_id, view_date) VALUES ("462","199","2017-08-31 23:57:59");
INSERT INTO views (viewer_id, viewed_id, view_date) VALUES ("181","199","2017-03-29 08:25:35");
INSERT INTO views (viewer_id, viewed_id, view_date) VALUES ("461","199","2017-12-18 21:15:05");
INSERT INTO views (viewer_id, viewed_id, view_date) VALUES ("160","199","2018-01-18 00:07:06");
INSERT INTO views (viewer_id, viewed_id, view_date) VALUES ("301","199","2018-01-30 15:31:45");
INSERT INTO views (viewer_id, viewed_id, view_date) VALUES ("264","199","2017-04-10 15:12:52");
INSERT INTO views (viewer_id, viewed_id, view_date) VALUES ("372","199","2017-10-25 22:14:02");
INSERT INTO views (viewer_id, viewed_id, view_date) VALUES ("121","199","2017-10-13 03:19:02");
INSERT INTO views (viewer_id, viewed_id, view_date) VALUES ("482","199","2017-07-18 14:41:48");
INSERT INTO views (viewer_id, viewed_id, view_date) VALUES ("118","199","2017-05-20 13:51:45");
INSERT INTO views (viewer_id, viewed_id, view_date) VALUES ("415","199","2017-02-18 09:48:44");
INSERT INTO views (viewer_id, viewed_id, view_date) VALUES ("290","199","2017-09-13 23:27:20");
INSERT INTO views (viewer_id, viewed_id, view_date) VALUES ("204","199","2017-11-16 05:53:14");
INSERT INTO views (viewer_id, viewed_id, view_date) VALUES ("143","199","2017-08-06 06:44:14");
INSERT INTO views (viewer_id, viewed_id, view_date) VALUES ("253","199","2017-06-26 16:02:24");
INSERT INTO views (viewer_id, viewed_id, view_date) VALUES ("433","199","2017-06-06 06:08:37");
INSERT INTO views (viewer_id, viewed_id, view_date) VALUES ("372","199","2017-06-22 03:09:04");
INSERT INTO views (viewer_id, viewed_id, view_date) VALUES ("278","199","2018-02-12 22:26:57");
INSERT INTO views (viewer_id, viewed_id, view_date) VALUES ("301","199","2017-02-23 03:12:10");
INSERT INTO views (viewer_id, viewed_id, view_date) VALUES ("200","199","2017-11-01 09:40:11");
INSERT INTO views (viewer_id, viewed_id, view_date) VALUES ("349","199","2017-10-10 06:01:14");


INSERT INTO user (id, first_name, last_name, username, email, password, birthdate, gender, orientation, bio, country, state, city, zip, file_1, file_2, file_3, file_4, file_5, score, token, token_date, active, register, created_at, updated_at) VALUES ("200","Brendon","Cassin","hbecker","hailey.lubowitz@hermann.com","$2y$10$dwFDZ/0ZtKhnyv5.24T4lO63mjCOGSI09b7wAYf52vRbFJoPB1dfS","1951-11-13 12:19:42","1","1","Dolorem aut iste vero iure. Ullam accusamus omnis suscipit quidem. Nulla et eius consequuntur consectetur quos quae reiciendis.","Australia","","South Stefanie","96867-5761","../fixtures/male6.jpg","../fixtures/male2.jpg","../fixtures/male2.jpg","../fixtures/male5.jpg","","33","b9330498e8dc0301472b259300ff8ac6","1972-10-10 16:28:26","1","1","1998-06-14 19:31:50","1992-02-07 11:24:04");
INSERT INTO user_tag (user_id, tag_id) VALUES ("200","10");

INSERT INTO connected (user_id, connect_date) VALUES ("200","2017-11-29 22:52:29");
INSERT INTO likes (like_id, liked_id, like_date) VALUES ("378","200","2017-07-16 23:40:53");
INSERT INTO likes (like_id, liked_id, like_date) VALUES ("17","200","2017-05-24 05:44:01");
INSERT INTO likes (like_id, liked_id, like_date) VALUES ("121","200","2017-12-01 09:33:22");
INSERT INTO likes (like_id, liked_id, like_date) VALUES ("85","200","2017-09-09 18:20:45");
INSERT INTO likes (like_id, liked_id, like_date) VALUES ("381","200","2017-06-16 17:43:28");
INSERT INTO likes (like_id, liked_id, like_date) VALUES ("73","200","2017-06-23 15:11:56");
INSERT INTO likes (like_id, liked_id, like_date) VALUES ("409","200","2018-01-16 02:38:53");
INSERT INTO likes (like_id, liked_id, like_date) VALUES ("270","200","2017-09-01 07:01:23");
INSERT INTO likes (like_id, liked_id, like_date) VALUES ("439","200","2017-08-06 19:00:27");
INSERT INTO likes (like_id, liked_id, like_date) VALUES ("241","200","2017-06-01 12:07:11");
INSERT INTO likes (like_id, liked_id, like_date) VALUES ("71","200","2017-06-01 15:34:34");
INSERT INTO likes (like_id, liked_id, like_date) VALUES ("202","200","2017-07-25 17:04:00");
INSERT INTO likes (like_id, liked_id, like_date) VALUES ("128","200","2017-10-10 04:54:24");
INSERT INTO likes (like_id, liked_id, like_date) VALUES ("401","200","2018-01-15 11:19:50");
INSERT INTO likes (like_id, liked_id, like_date) VALUES ("450","200","2017-04-23 07:25:42");
INSERT INTO views (viewer_id, viewed_id, view_date) VALUES ("187","200","2018-01-07 02:19:21");
INSERT INTO views (viewer_id, viewed_id, view_date) VALUES ("7","200","2018-01-12 07:44:21");
INSERT INTO views (viewer_id, viewed_id, view_date) VALUES ("460","200","2017-08-31 22:50:02");
INSERT INTO views (viewer_id, viewed_id, view_date) VALUES ("460","200","2017-10-09 05:02:42");
INSERT INTO views (viewer_id, viewed_id, view_date) VALUES ("217","200","2017-04-24 09:54:41");
INSERT INTO views (viewer_id, viewed_id, view_date) VALUES ("154","200","2017-07-11 17:56:38");


INSERT INTO user (id, first_name, last_name, username, email, password, birthdate, gender, orientation, bio, country, state, city, zip, file_1, file_2, file_3, file_4, file_5, score, token, token_date, active, register, created_at, updated_at) VALUES ("201","Glenda","Johnston","qgreenholt","leilani84@yahoo.com","$2y$10$265bfl8Dd66P3izSkDiTQexntkBOwcGzJIrSwjyMAqaC8OoheLZOu","1950-08-07 18:25:01","2","1","Doloremque voluptatibus dolore ipsam in dolores. Rerum aut dolores odit veniam. Incidunt esse quasi eos quos vitae est quam.","Venezuela","","Onamouth","37198","../fixtures/female1.jpg","../fixtures/female6.jpg","../fixtures/female9.jpg","../fixtures/female5.jpg","","37","c77b680d8870290a745be3e8dd99f6f1","1980-02-22 20:55:41","0","0","1973-01-02 06:50:16","2008-07-04 10:45:47");
INSERT INTO user_tag (user_id, tag_id) VALUES ("201","31");
INSERT INTO user_tag (user_id, tag_id) VALUES ("201","16");
INSERT INTO user_tag (user_id, tag_id) VALUES ("201","41");
INSERT INTO user_tag (user_id, tag_id) VALUES ("201","20");
INSERT INTO user_tag (user_id, tag_id) VALUES ("201","41");
INSERT INTO user_tag (user_id, tag_id) VALUES ("201","50");
INSERT INTO user_tag (user_id, tag_id) VALUES ("201","10");
INSERT INTO user_tag (user_id, tag_id) VALUES ("201","36");
INSERT INTO user_tag (user_id, tag_id) VALUES ("201","22");
INSERT INTO user_tag (user_id, tag_id) VALUES ("201","49");
INSERT INTO user_tag (user_id, tag_id) VALUES ("201","46");
INSERT INTO user_tag (user_id, tag_id) VALUES ("201","13");
INSERT INTO user_tag (user_id, tag_id) VALUES ("201","30");
INSERT INTO user_tag (user_id, tag_id) VALUES ("201","32");

INSERT INTO connected (user_id, connect_date) VALUES ("201","2017-07-07 17:51:44");
INSERT INTO likes (like_id, liked_id, like_date) VALUES ("11","201","2018-01-07 08:16:14");
INSERT INTO likes (like_id, liked_id, like_date) VALUES ("263","201","2017-12-01 13:24:20");
INSERT INTO likes (like_id, liked_id, like_date) VALUES ("167","201","2017-03-08 17:32:40");
INSERT INTO likes (like_id, liked_id, like_date) VALUES ("474","201","2017-02-27 12:23:21");
INSERT INTO likes (like_id, liked_id, like_date) VALUES ("436","201","2017-07-01 17:15:25");
INSERT INTO likes (like_id, liked_id, like_date) VALUES ("378","201","2017-10-29 23:35:11");
INSERT INTO likes (like_id, liked_id, like_date) VALUES ("241","201","2017-10-15 16:13:14");
INSERT INTO likes (like_id, liked_id, like_date) VALUES ("252","201","2017-09-05 12:02:05");
INSERT INTO likes (like_id, liked_id, like_date) VALUES ("9","201","2017-02-21 21:11:02");
INSERT INTO likes (like_id, liked_id, like_date) VALUES ("160","201","2017-06-19 17:23:25");
INSERT INTO likes (like_id, liked_id, like_date) VALUES ("21","201","2017-10-03 23:12:18");
INSERT INTO likes (like_id, liked_id, like_date) VALUES ("434","201","2017-07-15 23:22:23");
INSERT INTO likes (like_id, liked_id, like_date) VALUES ("8","201","2017-03-02 01:43:07");
INSERT INTO likes (like_id, liked_id, like_date) VALUES ("218","201","2017-06-18 20:45:57");
INSERT INTO likes (like_id, liked_id, like_date) VALUES ("246","201","2018-02-04 05:35:02");
INSERT INTO likes (like_id, liked_id, like_date) VALUES ("131","201","2017-09-14 20:43:19");
INSERT INTO likes (like_id, liked_id, like_date) VALUES ("90","201","2017-06-08 03:17:26");
INSERT INTO likes (like_id, liked_id, like_date) VALUES ("230","201","2017-02-19 05:53:35");
INSERT INTO likes (like_id, liked_id, like_date) VALUES ("195","201","2017-07-16 00:17:17");
INSERT INTO views (viewer_id, viewed_id, view_date) VALUES ("114","201","2017-12-07 01:38:33");
INSERT INTO views (viewer_id, viewed_id, view_date) VALUES ("176","201","2017-06-13 20:20:37");
INSERT INTO views (viewer_id, viewed_id, view_date) VALUES ("349","201","2017-09-28 02:01:30");


INSERT INTO user (id, first_name, last_name, username, email, password, birthdate, gender, orientation, bio, country, state, city, zip, file_1, file_2, file_3, file_4, file_5, score, token, token_date, active, register, created_at, updated_at) VALUES ("202","Madilyn","Runolfsdottir","emclaughlin","colt58@cummings.com","$2y$10$WNWr1GI367LJaOPotsYDF.rrwNM5I5zRuu22NONLjJBRn6zPXcddy","1993-02-15 02:15:37","2","1","Deserunt adipisci sint quis aut eos placeat. At odit perferendis sint sit cum neque alias tenetur. Dolorem inventore magni rem fugit similique aut cupiditate. Possimus error perspiciatis autem deserunt veniam quisquam soluta natus. Quasi dicta maxime necessitatibus autem.","Tajikistan","","East Tonyshire","48629","../fixtures/female2.jpg","../fixtures/female9.jpg","../fixtures/female8.jpg","","","97","76065cc833f8e835efd4236547ad0c67","2011-02-21 12:32:14","1","0","2008-03-21 01:53:46","1981-06-30 03:41:54");
INSERT INTO user_tag (user_id, tag_id) VALUES ("202","27");
INSERT INTO user_tag (user_id, tag_id) VALUES ("202","23");
INSERT INTO user_tag (user_id, tag_id) VALUES ("202","12");
INSERT INTO user_tag (user_id, tag_id) VALUES ("202","19");
INSERT INTO user_tag (user_id, tag_id) VALUES ("202","6");
INSERT INTO user_tag (user_id, tag_id) VALUES ("202","49");
INSERT INTO user_tag (user_id, tag_id) VALUES ("202","10");
INSERT INTO user_tag (user_id, tag_id) VALUES ("202","26");
INSERT INTO user_tag (user_id, tag_id) VALUES ("202","49");
INSERT INTO user_tag (user_id, tag_id) VALUES ("202","17");
INSERT INTO user_tag (user_id, tag_id) VALUES ("202","44");

INSERT INTO connected (user_id, connect_date) VALUES ("202","2017-09-15 20:59:00");
INSERT INTO likes (like_id, liked_id, like_date) VALUES ("202","202","2017-11-13 20:04:36");
INSERT INTO likes (like_id, liked_id, like_date) VALUES ("453","202","2017-09-27 06:29:56");
INSERT INTO likes (like_id, liked_id, like_date) VALUES ("127","202","2017-04-25 11:12:54");
INSERT INTO likes (like_id, liked_id, like_date) VALUES ("276","202","2017-12-11 11:34:45");
INSERT INTO likes (like_id, liked_id, like_date) VALUES ("440","202","2018-01-14 15:17:22");
INSERT INTO likes (like_id, liked_id, like_date) VALUES ("309","202","2017-05-12 00:31:08");
INSERT INTO likes (like_id, liked_id, like_date) VALUES ("208","202","2017-05-04 11:55:11");
INSERT INTO likes (like_id, liked_id, like_date) VALUES ("350","202","2017-11-12 08:45:37");
INSERT INTO likes (like_id, liked_id, like_date) VALUES ("330","202","2017-09-22 01:23:04");
INSERT INTO likes (like_id, liked_id, like_date) VALUES ("40","202","2017-06-13 09:01:49");
INSERT INTO likes (like_id, liked_id, like_date) VALUES ("65","202","2018-01-01 19:12:29");
INSERT INTO likes (like_id, liked_id, like_date) VALUES ("43","202","2017-07-16 18:56:33");
INSERT INTO likes (like_id, liked_id, like_date) VALUES ("437","202","2017-09-27 02:52:04");
INSERT INTO likes (like_id, liked_id, like_date) VALUES ("157","202","2018-01-05 16:09:40");
INSERT INTO likes (like_id, liked_id, like_date) VALUES ("468","202","2017-07-29 12:18:57");
INSERT INTO likes (like_id, liked_id, like_date) VALUES ("298","202","2017-05-10 11:41:05");
INSERT INTO likes (like_id, liked_id, like_date) VALUES ("293","202","2017-12-27 09:03:29");
INSERT INTO views (viewer_id, viewed_id, view_date) VALUES ("491","202","2017-11-16 04:35:31");
INSERT INTO views (viewer_id, viewed_id, view_date) VALUES ("101","202","2017-03-27 12:26:58");
INSERT INTO views (viewer_id, viewed_id, view_date) VALUES ("236","202","2017-09-21 11:58:22");
INSERT INTO views (viewer_id, viewed_id, view_date) VALUES ("300","202","2017-06-18 11:28:08");
INSERT INTO views (viewer_id, viewed_id, view_date) VALUES ("482","202","2018-01-03 01:42:40");
INSERT INTO views (viewer_id, viewed_id, view_date) VALUES ("310","202","2017-10-09 06:14:30");
INSERT INTO views (viewer_id, viewed_id, view_date) VALUES ("412","202","2017-05-26 19:08:37");
INSERT INTO views (viewer_id, viewed_id, view_date) VALUES ("60","202","2017-06-18 18:12:34");
INSERT INTO views (viewer_id, viewed_id, view_date) VALUES ("81","202","2017-11-01 08:10:01");
INSERT INTO views (viewer_id, viewed_id, view_date) VALUES ("426","202","2017-10-14 17:20:22");
INSERT INTO views (viewer_id, viewed_id, view_date) VALUES ("251","202","2017-07-23 08:46:36");
INSERT INTO views (viewer_id, viewed_id, view_date) VALUES ("277","202","2017-12-09 02:07:54");
INSERT INTO views (viewer_id, viewed_id, view_date) VALUES ("493","202","2017-07-01 16:55:59");
INSERT INTO views (viewer_id, viewed_id, view_date) VALUES ("403","202","2018-02-12 17:55:34");
INSERT INTO views (viewer_id, viewed_id, view_date) VALUES ("234","202","2017-04-21 23:01:14");


INSERT INTO user (id, first_name, last_name, username, email, password, birthdate, gender, orientation, bio, country, state, city, zip, file_1, file_2, file_3, file_4, file_5, score, token, token_date, active, register, created_at, updated_at) VALUES ("203","Amanda","Bradtke","ygoodwin","mullrich@weimann.info","$2y$10$OumeY7dvX80whQ1z2b032.LIFQdNaiU0FHXBy9RfpSBI/6RlELxli","1976-02-07 08:33:35","1","1","Molestiae eaque eveniet perspiciatis ea et quisquam ut. Commodi suscipit facilis alias quia dolores fugiat. Dolores similique sed tempore et maiores laudantium aperiam.","Israel","","Douglasberg","89849-7368","../fixtures/male3.jpg","","","","","22","486696d3af07af827f715c3baecb5f8a","2008-07-05 12:32:08","1","0","1991-02-27 06:35:02","1983-04-07 21:04:13");
INSERT INTO user_tag (user_id, tag_id) VALUES ("203","28");
INSERT INTO user_tag (user_id, tag_id) VALUES ("203","28");
INSERT INTO user_tag (user_id, tag_id) VALUES ("203","22");
INSERT INTO user_tag (user_id, tag_id) VALUES ("203","43");

INSERT INTO connected (user_id, connect_date) VALUES ("203","2017-09-21 16:54:09");
INSERT INTO likes (like_id, liked_id, like_date) VALUES ("296","203","2017-08-17 03:07:40");
INSERT INTO likes (like_id, liked_id, like_date) VALUES ("326","203","2017-09-06 19:32:27");
INSERT INTO likes (like_id, liked_id, like_date) VALUES ("148","203","2017-09-14 18:46:36");
INSERT INTO likes (like_id, liked_id, like_date) VALUES ("50","203","2017-06-06 00:04:51");
INSERT INTO likes (like_id, liked_id, like_date) VALUES ("66","203","2017-03-05 20:22:04");
INSERT INTO likes (like_id, liked_id, like_date) VALUES ("324","203","2017-12-19 22:12:49");
INSERT INTO likes (like_id, liked_id, like_date) VALUES ("179","203","2017-10-31 07:32:18");
INSERT INTO likes (like_id, liked_id, like_date) VALUES ("250","203","2017-03-22 17:23:49");
INSERT INTO likes (like_id, liked_id, like_date) VALUES ("27","203","2018-01-08 17:37:34");
INSERT INTO likes (like_id, liked_id, like_date) VALUES ("213","203","2017-11-16 04:29:06");
INSERT INTO likes (like_id, liked_id, like_date) VALUES ("129","203","2017-11-08 03:44:34");
INSERT INTO likes (like_id, liked_id, like_date) VALUES ("476","203","2017-08-21 05:14:16");


INSERT INTO user (id, first_name, last_name, username, email, password, birthdate, gender, orientation, bio, country, state, city, zip, file_1, file_2, file_3, file_4, file_5, score, token, token_date, active, register, created_at, updated_at) VALUES ("204","Kenyatta","Jones","dorthyupton","bertram67@wiegand.com","$2y$10$0zSSwnwOxTSug5Ds7xS.neri2lz9Hy0oSA1gH3hrHQbUU4TAqDhs6","1987-02-13 01:04:31","1","2","Qui voluptatem sit perferendis ducimus qui dolor eum. Quisquam eos eos laboriosam nihil dolorem. Odit voluptatem nihil magnam aut. Dolorum ea adipisci aperiam expedita et numquam aliquid ab. Saepe et dolorum id est.","Hungary","","Wardtown","33880","../fixtures/male10.jpg","","","","","78","95286bc3ced67df06365fa2ca07b4d25","1980-12-05 09:03:01","0","0","1977-05-18 13:21:39","1987-09-05 23:56:43");
INSERT INTO user_tag (user_id, tag_id) VALUES ("204","24");
INSERT INTO user_tag (user_id, tag_id) VALUES ("204","19");
INSERT INTO user_tag (user_id, tag_id) VALUES ("204","10");
INSERT INTO user_tag (user_id, tag_id) VALUES ("204","36");
INSERT INTO user_tag (user_id, tag_id) VALUES ("204","50");
INSERT INTO user_tag (user_id, tag_id) VALUES ("204","2");
INSERT INTO user_tag (user_id, tag_id) VALUES ("204","2");

INSERT INTO connected (user_id, connect_date) VALUES ("204","2018-02-14 19:01:41");
INSERT INTO likes (like_id, liked_id, like_date) VALUES ("242","204","2018-02-12 21:57:19");
INSERT INTO likes (like_id, liked_id, like_date) VALUES ("442","204","2017-11-23 06:52:55");
INSERT INTO likes (like_id, liked_id, like_date) VALUES ("469","204","2017-04-05 10:42:11");
INSERT INTO likes (like_id, liked_id, like_date) VALUES ("407","204","2017-09-04 21:56:45");
INSERT INTO likes (like_id, liked_id, like_date) VALUES ("280","204","2017-06-13 17:09:00");
INSERT INTO likes (like_id, liked_id, like_date) VALUES ("259","204","2017-10-12 21:11:36");
INSERT INTO likes (like_id, liked_id, like_date) VALUES ("73","204","2017-02-23 19:20:22");
INSERT INTO likes (like_id, liked_id, like_date) VALUES ("157","204","2017-11-23 11:58:34");
INSERT INTO likes (like_id, liked_id, like_date) VALUES ("230","204","2017-08-31 12:54:41");
INSERT INTO likes (like_id, liked_id, like_date) VALUES ("48","204","2017-07-13 23:14:38");
INSERT INTO likes (like_id, liked_id, like_date) VALUES ("177","204","2017-04-10 07:10:28");
INSERT INTO likes (like_id, liked_id, like_date) VALUES ("52","204","2017-10-15 17:32:15");
INSERT INTO views (viewer_id, viewed_id, view_date) VALUES ("155","204","2017-09-10 21:31:50");
INSERT INTO views (viewer_id, viewed_id, view_date) VALUES ("66","204","2017-04-03 00:29:09");
INSERT INTO views (viewer_id, viewed_id, view_date) VALUES ("454","204","2017-06-26 09:44:09");
INSERT INTO views (viewer_id, viewed_id, view_date) VALUES ("60","204","2017-05-29 07:34:49");
INSERT INTO views (viewer_id, viewed_id, view_date) VALUES ("409","204","2017-09-11 10:47:04");
INSERT INTO views (viewer_id, viewed_id, view_date) VALUES ("27","204","2017-08-20 19:00:11");
INSERT INTO views (viewer_id, viewed_id, view_date) VALUES ("93","204","2017-06-07 11:17:18");
INSERT INTO views (viewer_id, viewed_id, view_date) VALUES ("362","204","2017-05-17 08:29:38");
INSERT INTO views (viewer_id, viewed_id, view_date) VALUES ("465","204","2017-10-08 10:35:43");


INSERT INTO user (id, first_name, last_name, username, email, password, birthdate, gender, orientation, bio, country, state, city, zip, file_1, file_2, file_3, file_4, file_5, score, token, token_date, active, register, created_at, updated_at) VALUES ("205","Gay","Rice","bernierkieran","cameron.runolfsson@monahan.biz","$2y$10$EPS0/.0FoiIzJ89kzZEFROpQgVpA0N8tnbPu0FtW6jX4onykpUrdS","1972-02-13 12:29:40","1","1","Facilis dolores iure rerum et. Impedit est quos assumenda voluptas et nemo consequuntur. Omnis facere repellat rem sit autem aut illum qui.","Paraguay","","Gerlachfort","92779","../fixtures/male2.jpg","../fixtures/male9.jpg","../fixtures/male4.jpg","","","10","afdf6d216dc6f4d4d3568abf48fb7ccb","2003-07-07 00:30:33","1","1","1988-07-20 23:58:59","1998-08-03 15:01:24");
INSERT INTO user_tag (user_id, tag_id) VALUES ("205","38");
INSERT INTO user_tag (user_id, tag_id) VALUES ("205","3");
INSERT INTO user_tag (user_id, tag_id) VALUES ("205","17");

INSERT INTO connected (user_id, connect_date) VALUES ("205","2017-08-20 12:58:21");
INSERT INTO likes (like_id, liked_id, like_date) VALUES ("34","205","2017-04-01 22:29:42");
INSERT INTO likes (like_id, liked_id, like_date) VALUES ("359","205","2017-11-05 21:54:30");
INSERT INTO likes (like_id, liked_id, like_date) VALUES ("317","205","2017-10-23 05:39:40");
INSERT INTO likes (like_id, liked_id, like_date) VALUES ("267","205","2017-11-11 08:48:31");
INSERT INTO likes (like_id, liked_id, like_date) VALUES ("359","205","2017-03-26 09:21:45");
INSERT INTO likes (like_id, liked_id, like_date) VALUES ("228","205","2017-07-04 12:29:28");
INSERT INTO likes (like_id, liked_id, like_date) VALUES ("34","205","2018-01-26 20:01:04");
INSERT INTO likes (like_id, liked_id, like_date) VALUES ("333","205","2018-02-01 01:03:42");
INSERT INTO likes (like_id, liked_id, like_date) VALUES ("46","205","2017-03-27 23:18:35");
INSERT INTO likes (like_id, liked_id, like_date) VALUES ("115","205","2017-05-27 11:28:48");
INSERT INTO likes (like_id, liked_id, like_date) VALUES ("333","205","2017-12-04 22:03:13");
INSERT INTO likes (like_id, liked_id, like_date) VALUES ("186","205","2017-09-06 07:46:53");
INSERT INTO likes (like_id, liked_id, like_date) VALUES ("487","205","2017-11-29 21:31:54");
INSERT INTO likes (like_id, liked_id, like_date) VALUES ("49","205","2018-01-22 01:47:05");
INSERT INTO likes (like_id, liked_id, like_date) VALUES ("70","205","2017-04-29 00:01:12");
INSERT INTO likes (like_id, liked_id, like_date) VALUES ("490","205","2017-10-14 16:25:41");
INSERT INTO likes (like_id, liked_id, like_date) VALUES ("186","205","2017-04-09 21:16:18");
INSERT INTO likes (like_id, liked_id, like_date) VALUES ("367","205","2017-11-04 08:31:15");
INSERT INTO views (viewer_id, viewed_id, view_date) VALUES ("218","205","2017-08-17 15:09:27");
INSERT INTO views (viewer_id, viewed_id, view_date) VALUES ("480","205","2017-12-29 11:03:09");
INSERT INTO views (viewer_id, viewed_id, view_date) VALUES ("260","205","2017-09-19 07:32:57");
INSERT INTO views (viewer_id, viewed_id, view_date) VALUES ("96","205","2017-11-29 00:04:23");
INSERT INTO views (viewer_id, viewed_id, view_date) VALUES ("8","205","2017-11-08 09:53:08");
INSERT INTO views (viewer_id, viewed_id, view_date) VALUES ("448","205","2017-11-16 21:28:56");
INSERT INTO views (viewer_id, viewed_id, view_date) VALUES ("295","205","2017-12-04 00:48:02");
INSERT INTO views (viewer_id, viewed_id, view_date) VALUES ("115","205","2018-01-22 09:51:05");
INSERT INTO views (viewer_id, viewed_id, view_date) VALUES ("22","205","2017-03-20 20:54:28");
INSERT INTO views (viewer_id, viewed_id, view_date) VALUES ("99","205","2017-06-18 17:31:53");
INSERT INTO views (viewer_id, viewed_id, view_date) VALUES ("221","205","2018-02-05 23:48:54");
INSERT INTO views (viewer_id, viewed_id, view_date) VALUES ("84","205","2017-04-13 16:48:40");
INSERT INTO views (viewer_id, viewed_id, view_date) VALUES ("237","205","2017-05-26 05:21:45");
INSERT INTO views (viewer_id, viewed_id, view_date) VALUES ("165","205","2017-04-11 09:27:37");


INSERT INTO user (id, first_name, last_name, username, email, password, birthdate, gender, orientation, bio, country, state, city, zip, file_1, file_2, file_3, file_4, file_5, score, token, token_date, active, register, created_at, updated_at) VALUES ("206","Bette","O'Reilly","sschaden","elva49@armstrong.net","$2y$10$PEPNf8SSBD1Uh7EfsoviAes1tEKjnNhH7nuqf6Joxg8rFkAMRMGZK","1978-01-06 14:52:19","2","1","Dolor quos nihil est perferendis in. Quod libero ut aut enim voluptas cum in nobis. Aliquid quia perspiciatis voluptatum velit et facilis fuga. Quia qui et et blanditiis eveniet.","United Arab Emirates","","New Chaz","57438","../fixtures/female6.jpg","../fixtures/female10.jpg","../fixtures/female2.jpg","../fixtures/female9.jpg","","86","6026009b5d18f23a2d612e4f697d1b56","2013-10-27 20:55:40","0","0","1989-03-02 10:58:34","1975-04-29 13:01:04");
INSERT INTO user_tag (user_id, tag_id) VALUES ("206","33");
INSERT INTO user_tag (user_id, tag_id) VALUES ("206","38");
INSERT INTO user_tag (user_id, tag_id) VALUES ("206","50");
INSERT INTO user_tag (user_id, tag_id) VALUES ("206","41");

INSERT INTO connected (user_id, connect_date) VALUES ("206","2017-06-12 16:35:57");
INSERT INTO likes (like_id, liked_id, like_date) VALUES ("338","206","2017-05-08 23:51:58");
INSERT INTO likes (like_id, liked_id, like_date) VALUES ("407","206","2017-10-09 13:56:24");
INSERT INTO likes (like_id, liked_id, like_date) VALUES ("205","206","2017-07-14 10:05:49");
INSERT INTO likes (like_id, liked_id, like_date) VALUES ("339","206","2017-07-11 11:01:33");
INSERT INTO likes (like_id, liked_id, like_date) VALUES ("127","206","2017-04-14 14:19:53");
INSERT INTO likes (like_id, liked_id, like_date) VALUES ("412","206","2017-03-14 09:09:21");
INSERT INTO likes (like_id, liked_id, like_date) VALUES ("369","206","2018-01-06 16:32:40");
INSERT INTO likes (like_id, liked_id, like_date) VALUES ("487","206","2017-04-06 12:06:24");
INSERT INTO likes (like_id, liked_id, like_date) VALUES ("192","206","2017-11-14 16:57:58");
INSERT INTO likes (like_id, liked_id, like_date) VALUES ("327","206","2018-01-24 06:09:40");
INSERT INTO views (viewer_id, viewed_id, view_date) VALUES ("359","206","2017-08-21 07:49:12");
INSERT INTO views (viewer_id, viewed_id, view_date) VALUES ("127","206","2017-08-03 12:57:19");
INSERT INTO views (viewer_id, viewed_id, view_date) VALUES ("79","206","2017-04-06 05:42:53");
INSERT INTO views (viewer_id, viewed_id, view_date) VALUES ("285","206","2017-03-19 15:42:34");
INSERT INTO views (viewer_id, viewed_id, view_date) VALUES ("455","206","2017-09-22 09:30:58");
INSERT INTO views (viewer_id, viewed_id, view_date) VALUES ("393","206","2017-02-24 18:37:41");
INSERT INTO views (viewer_id, viewed_id, view_date) VALUES ("491","206","2017-05-23 21:29:58");
INSERT INTO views (viewer_id, viewed_id, view_date) VALUES ("92","206","2017-03-21 07:43:26");
INSERT INTO views (viewer_id, viewed_id, view_date) VALUES ("463","206","2017-07-08 12:47:59");
INSERT INTO views (viewer_id, viewed_id, view_date) VALUES ("224","206","2018-02-09 03:34:27");
INSERT INTO views (viewer_id, viewed_id, view_date) VALUES ("374","206","2017-08-27 15:14:57");
INSERT INTO views (viewer_id, viewed_id, view_date) VALUES ("204","206","2017-09-11 22:19:30");
INSERT INTO views (viewer_id, viewed_id, view_date) VALUES ("16","206","2017-04-05 22:16:28");
INSERT INTO views (viewer_id, viewed_id, view_date) VALUES ("98","206","2017-08-05 06:15:29");
INSERT INTO views (viewer_id, viewed_id, view_date) VALUES ("214","206","2017-04-25 19:43:50");
INSERT INTO views (viewer_id, viewed_id, view_date) VALUES ("299","206","2017-08-23 16:24:15");
INSERT INTO views (viewer_id, viewed_id, view_date) VALUES ("219","206","2018-01-27 16:37:35");
INSERT INTO views (viewer_id, viewed_id, view_date) VALUES ("491","206","2017-05-30 06:48:56");
INSERT INTO views (viewer_id, viewed_id, view_date) VALUES ("125","206","2017-05-22 06:23:57");
INSERT INTO views (viewer_id, viewed_id, view_date) VALUES ("206","206","2017-08-03 10:11:52");


INSERT INTO user (id, first_name, last_name, username, email, password, birthdate, gender, orientation, bio, country, state, city, zip, file_1, file_2, file_3, file_4, file_5, score, token, token_date, active, register, created_at, updated_at) VALUES ("207","Mitchell","Dickinson","kschmeler","shyanne10@hotmail.com","$2y$10$SzrYssiNf8SnJsD6sBV/aOJe1JabGES.JrVUTLGVLn1bjqgRfBbfO","1975-06-09 23:29:34","1","3","Fugiat neque earum neque sit earum quis esse. Ipsam et sit maiores fugiat debitis facere consectetur. Quia odio repellendus quia eligendi.","Bolivia","","Jedediahberg","93385","../fixtures/male5.jpg","../fixtures/male10.jpg","../fixtures/male2.jpg","../fixtures/male2.jpg","../fixtures/male1.jpg","39","053c3fb486124ad5c41fd5340fa57ac5","1971-07-17 04:09:02","1","1","1993-03-13 22:00:39","1998-01-01 02:44:59");
INSERT INTO user_tag (user_id, tag_id) VALUES ("207","16");
INSERT INTO user_tag (user_id, tag_id) VALUES ("207","20");
INSERT INTO user_tag (user_id, tag_id) VALUES ("207","28");

INSERT INTO connected (user_id, connect_date) VALUES ("207","2017-08-29 20:57:47");
INSERT INTO likes (like_id, liked_id, like_date) VALUES ("200","207","2017-11-23 17:07:04");
INSERT INTO likes (like_id, liked_id, like_date) VALUES ("69","207","2017-05-26 19:42:40");
INSERT INTO likes (like_id, liked_id, like_date) VALUES ("264","207","2017-10-09 04:43:39");
INSERT INTO likes (like_id, liked_id, like_date) VALUES ("285","207","2017-07-05 07:36:57");
INSERT INTO likes (like_id, liked_id, like_date) VALUES ("187","207","2017-11-19 19:30:22");
INSERT INTO likes (like_id, liked_id, like_date) VALUES ("92","207","2017-04-12 03:27:28");
INSERT INTO views (viewer_id, viewed_id, view_date) VALUES ("415","207","2017-04-16 20:39:40");
INSERT INTO views (viewer_id, viewed_id, view_date) VALUES ("166","207","2017-10-22 19:02:04");
INSERT INTO views (viewer_id, viewed_id, view_date) VALUES ("175","207","2017-11-15 10:52:47");
INSERT INTO views (viewer_id, viewed_id, view_date) VALUES ("283","207","2017-04-24 23:59:46");
INSERT INTO views (viewer_id, viewed_id, view_date) VALUES ("53","207","2017-05-13 08:20:17");
INSERT INTO views (viewer_id, viewed_id, view_date) VALUES ("120","207","2018-01-12 12:38:21");
INSERT INTO views (viewer_id, viewed_id, view_date) VALUES ("163","207","2017-08-08 17:23:46");
INSERT INTO views (viewer_id, viewed_id, view_date) VALUES ("86","207","2017-05-25 15:58:41");
INSERT INTO views (viewer_id, viewed_id, view_date) VALUES ("176","207","2017-10-19 22:52:06");
INSERT INTO views (viewer_id, viewed_id, view_date) VALUES ("352","207","2017-07-07 19:20:13");
INSERT INTO views (viewer_id, viewed_id, view_date) VALUES ("483","207","2017-05-09 19:42:00");
INSERT INTO views (viewer_id, viewed_id, view_date) VALUES ("64","207","2018-02-05 17:25:25");
INSERT INTO views (viewer_id, viewed_id, view_date) VALUES ("29","207","2018-01-21 12:00:26");
INSERT INTO views (viewer_id, viewed_id, view_date) VALUES ("428","207","2017-09-09 20:02:42");
INSERT INTO views (viewer_id, viewed_id, view_date) VALUES ("217","207","2017-06-19 22:46:43");
INSERT INTO views (viewer_id, viewed_id, view_date) VALUES ("280","207","2017-11-29 09:46:30");
INSERT INTO views (viewer_id, viewed_id, view_date) VALUES ("16","207","2017-05-10 17:15:18");
INSERT INTO views (viewer_id, viewed_id, view_date) VALUES ("253","207","2017-12-23 07:36:32");


INSERT INTO user (id, first_name, last_name, username, email, password, birthdate, gender, orientation, bio, country, state, city, zip, file_1, file_2, file_3, file_4, file_5, score, token, token_date, active, register, created_at, updated_at) VALUES ("208","Yvette","Torphy","areynolds","cassandre.mcclure@yahoo.com","$2y$10$vb4/3SNiJxi6.sRXTcU/7Oq5TzeKuA7xECMaaOJrOf.tXFKB1yD0e","1980-05-30 18:52:28","2","1","Exercitationem perferendis laborum voluptas. Perspiciatis dolores officiis doloremque ab quo. Debitis qui neque voluptatem est qui. Officia aut eos assumenda. Harum eligendi quia consequatur molestiae sit.","Greenland","","New Boyd","44969","../fixtures/female9.jpg","../fixtures/female10.jpg","../fixtures/female3.jpg","","","21","ee0bda02201ccf3141be8c197bc4d375","1970-10-20 09:27:04","1","1","2005-07-05 22:19:43","2009-08-10 23:19:20");
INSERT INTO user_tag (user_id, tag_id) VALUES ("208","5");
INSERT INTO user_tag (user_id, tag_id) VALUES ("208","42");
INSERT INTO user_tag (user_id, tag_id) VALUES ("208","25");
INSERT INTO user_tag (user_id, tag_id) VALUES ("208","40");
INSERT INTO user_tag (user_id, tag_id) VALUES ("208","37");
INSERT INTO user_tag (user_id, tag_id) VALUES ("208","30");
INSERT INTO user_tag (user_id, tag_id) VALUES ("208","7");
INSERT INTO user_tag (user_id, tag_id) VALUES ("208","7");
INSERT INTO user_tag (user_id, tag_id) VALUES ("208","32");
INSERT INTO user_tag (user_id, tag_id) VALUES ("208","46");
INSERT INTO user_tag (user_id, tag_id) VALUES ("208","40");
INSERT INTO user_tag (user_id, tag_id) VALUES ("208","29");

INSERT INTO connected (user_id, connect_date) VALUES ("208","2017-06-01 15:53:33");
INSERT INTO likes (like_id, liked_id, like_date) VALUES ("349","208","2017-02-17 22:42:49");
INSERT INTO likes (like_id, liked_id, like_date) VALUES ("241","208","2017-04-05 07:29:11");
INSERT INTO likes (like_id, liked_id, like_date) VALUES ("100","208","2017-11-02 19:37:30");
INSERT INTO likes (like_id, liked_id, like_date) VALUES ("286","208","2017-12-22 08:48:23");
INSERT INTO likes (like_id, liked_id, like_date) VALUES ("169","208","2017-04-13 11:42:42");
INSERT INTO likes (like_id, liked_id, like_date) VALUES ("109","208","2017-03-15 13:16:25");
INSERT INTO likes (like_id, liked_id, like_date) VALUES ("218","208","2017-04-18 08:36:28");
INSERT INTO likes (like_id, liked_id, like_date) VALUES ("348","208","2017-12-28 19:00:02");
INSERT INTO likes (like_id, liked_id, like_date) VALUES ("96","208","2017-05-17 20:55:33");
INSERT INTO likes (like_id, liked_id, like_date) VALUES ("2","208","2017-04-25 14:50:20");
INSERT INTO likes (like_id, liked_id, like_date) VALUES ("472","208","2017-12-16 17:59:30");
INSERT INTO likes (like_id, liked_id, like_date) VALUES ("112","208","2017-02-16 06:23:34");
INSERT INTO likes (like_id, liked_id, like_date) VALUES ("393","208","2017-10-06 07:08:15");
INSERT INTO likes (like_id, liked_id, like_date) VALUES ("390","208","2017-12-12 21:18:21");
INSERT INTO likes (like_id, liked_id, like_date) VALUES ("415","208","2018-02-05 04:36:04");
INSERT INTO likes (like_id, liked_id, like_date) VALUES ("20","208","2017-06-06 09:59:56");
INSERT INTO views (viewer_id, viewed_id, view_date) VALUES ("170","208","2017-09-01 17:23:48");
INSERT INTO views (viewer_id, viewed_id, view_date) VALUES ("238","208","2017-08-16 07:06:29");
INSERT INTO views (viewer_id, viewed_id, view_date) VALUES ("354","208","2017-07-01 20:08:36");
INSERT INTO views (viewer_id, viewed_id, view_date) VALUES ("20","208","2017-05-09 05:50:48");
INSERT INTO views (viewer_id, viewed_id, view_date) VALUES ("281","208","2017-03-15 15:08:00");
INSERT INTO views (viewer_id, viewed_id, view_date) VALUES ("73","208","2017-03-09 22:12:48");
INSERT INTO views (viewer_id, viewed_id, view_date) VALUES ("333","208","2018-01-15 17:38:54");
INSERT INTO views (viewer_id, viewed_id, view_date) VALUES ("494","208","2017-07-01 20:11:07");
INSERT INTO views (viewer_id, viewed_id, view_date) VALUES ("89","208","2018-01-13 19:50:01");
INSERT INTO views (viewer_id, viewed_id, view_date) VALUES ("202","208","2017-10-16 23:41:57");
INSERT INTO views (viewer_id, viewed_id, view_date) VALUES ("475","208","2017-05-23 03:14:36");
INSERT INTO views (viewer_id, viewed_id, view_date) VALUES ("379","208","2017-05-03 10:39:48");
INSERT INTO views (viewer_id, viewed_id, view_date) VALUES ("375","208","2017-09-19 19:32:06");
INSERT INTO views (viewer_id, viewed_id, view_date) VALUES ("111","208","2017-05-20 11:40:34");


INSERT INTO user (id, first_name, last_name, username, email, password, birthdate, gender, orientation, bio, country, state, city, zip, file_1, file_2, file_3, file_4, file_5, score, token, token_date, active, register, created_at, updated_at) VALUES ("209","Neal","Balistreri","mpredovic","blaze.mccullough@gmail.com","$2y$10$8PrYSO0mlD2R1/d/bkv60epH2xuLdd5MjBtaX4S4L.j6Y3V0rR7V6","1954-02-28 02:06:30","1","2","Enim vitae similique est tenetur. Velit consequatur beatae odio. Velit voluptate veniam minima saepe veritatis ipsam amet est. Eos nostrum vel natus dolore odio possimus tempora magni.","Haiti","","West Rhianna","36062-2748","../fixtures/male9.jpg","","","","","26","c7d3dc7879a6c978e75bf651026b160d","1973-03-11 19:26:51","0","0","1993-09-20 22:51:56","1982-12-30 03:28:18");
INSERT INTO user_tag (user_id, tag_id) VALUES ("209","3");
INSERT INTO user_tag (user_id, tag_id) VALUES ("209","9");
INSERT INTO user_tag (user_id, tag_id) VALUES ("209","9");
INSERT INTO user_tag (user_id, tag_id) VALUES ("209","16");
INSERT INTO user_tag (user_id, tag_id) VALUES ("209","24");
INSERT INTO user_tag (user_id, tag_id) VALUES ("209","26");
INSERT INTO user_tag (user_id, tag_id) VALUES ("209","4");
INSERT INTO user_tag (user_id, tag_id) VALUES ("209","28");
INSERT INTO user_tag (user_id, tag_id) VALUES ("209","1");
INSERT INTO user_tag (user_id, tag_id) VALUES ("209","21");

INSERT INTO connected (user_id, connect_date) VALUES ("209","2017-08-23 07:38:31");
INSERT INTO likes (like_id, liked_id, like_date) VALUES ("370","209","2017-05-02 18:43:15");
INSERT INTO likes (like_id, liked_id, like_date) VALUES ("108","209","2017-10-29 02:40:02");
INSERT INTO likes (like_id, liked_id, like_date) VALUES ("73","209","2017-02-23 07:56:34");
INSERT INTO likes (like_id, liked_id, like_date) VALUES ("400","209","2017-03-08 04:41:35");
INSERT INTO likes (like_id, liked_id, like_date) VALUES ("238","209","2017-02-23 16:14:06");
INSERT INTO likes (like_id, liked_id, like_date) VALUES ("319","209","2017-06-19 15:50:55");
INSERT INTO views (viewer_id, viewed_id, view_date) VALUES ("334","209","2017-07-18 16:15:51");
INSERT INTO views (viewer_id, viewed_id, view_date) VALUES ("34","209","2017-12-13 23:22:20");
INSERT INTO views (viewer_id, viewed_id, view_date) VALUES ("122","209","2017-03-19 06:23:29");
INSERT INTO views (viewer_id, viewed_id, view_date) VALUES ("11","209","2017-03-19 21:21:15");
INSERT INTO views (viewer_id, viewed_id, view_date) VALUES ("342","209","2017-10-16 04:52:30");
INSERT INTO views (viewer_id, viewed_id, view_date) VALUES ("38","209","2017-08-03 19:23:48");
INSERT INTO views (viewer_id, viewed_id, view_date) VALUES ("62","209","2017-11-11 22:27:21");
INSERT INTO views (viewer_id, viewed_id, view_date) VALUES ("483","209","2017-05-08 04:32:59");
INSERT INTO views (viewer_id, viewed_id, view_date) VALUES ("430","209","2017-10-28 20:29:07");
INSERT INTO views (viewer_id, viewed_id, view_date) VALUES ("288","209","2017-05-09 23:01:21");
INSERT INTO views (viewer_id, viewed_id, view_date) VALUES ("271","209","2017-06-24 00:00:00");
INSERT INTO views (viewer_id, viewed_id, view_date) VALUES ("171","209","2017-09-01 07:58:45");
INSERT INTO views (viewer_id, viewed_id, view_date) VALUES ("444","209","2017-02-26 04:09:26");
INSERT INTO views (viewer_id, viewed_id, view_date) VALUES ("475","209","2017-06-06 02:14:24");
INSERT INTO views (viewer_id, viewed_id, view_date) VALUES ("135","209","2018-01-26 12:06:46");
INSERT INTO views (viewer_id, viewed_id, view_date) VALUES ("369","209","2017-05-09 01:38:16");
INSERT INTO views (viewer_id, viewed_id, view_date) VALUES ("222","209","2017-07-23 17:42:20");
INSERT INTO views (viewer_id, viewed_id, view_date) VALUES ("23","209","2017-09-26 00:50:30");
INSERT INTO views (viewer_id, viewed_id, view_date) VALUES ("284","209","2017-12-10 01:28:36");
INSERT INTO views (viewer_id, viewed_id, view_date) VALUES ("170","209","2017-09-02 16:23:59");
INSERT INTO views (viewer_id, viewed_id, view_date) VALUES ("378","209","2017-07-08 22:57:52");
INSERT INTO views (viewer_id, viewed_id, view_date) VALUES ("133","209","2017-03-20 04:24:04");
INSERT INTO views (viewer_id, viewed_id, view_date) VALUES ("274","209","2017-02-24 11:35:08");
INSERT INTO views (viewer_id, viewed_id, view_date) VALUES ("315","209","2017-10-08 00:40:24");
INSERT INTO views (viewer_id, viewed_id, view_date) VALUES ("205","209","2017-11-06 08:30:11");
INSERT INTO views (viewer_id, viewed_id, view_date) VALUES ("381","209","2017-12-13 20:59:34");
INSERT INTO views (viewer_id, viewed_id, view_date) VALUES ("250","209","2017-12-20 21:29:42");
INSERT INTO views (viewer_id, viewed_id, view_date) VALUES ("433","209","2017-11-28 11:16:22");


INSERT INTO user (id, first_name, last_name, username, email, password, birthdate, gender, orientation, bio, country, state, city, zip, file_1, file_2, file_3, file_4, file_5, score, token, token_date, active, register, created_at, updated_at) VALUES ("210","Georgianna","Bechtelar","emmerichaurelio","camille01@yahoo.com","$2y$10$J5LOkTyKnA65uxmTrKDYau9bMxKcHIUNdalSIoPMedAnQI2tvrpdS","1982-10-07 07:37:37","2","2","Suscipit non soluta animi exercitationem temporibus nesciunt. Sit alias ab dolores consequatur beatae at delectus. Libero tempora repellendus nesciunt corporis dolor qui. Voluptas ut non necessitatibus rerum quos cupiditate tempore nobis.","Syrian Arab Republic","","East Brandonshire","90548","../fixtures/female9.jpg","../fixtures/female10.jpg","../fixtures/female4.jpg","../fixtures/female1.jpg","","35","11c7248183aae7a389ec70f1e7504a2e","2012-01-15 16:42:36","0","0","2004-03-19 20:47:43","1984-04-19 19:26:56");
INSERT INTO user_tag (user_id, tag_id) VALUES ("210","14");
INSERT INTO user_tag (user_id, tag_id) VALUES ("210","32");
INSERT INTO user_tag (user_id, tag_id) VALUES ("210","16");

INSERT INTO connected (user_id, connect_date) VALUES ("210","2018-02-12 19:17:44");
INSERT INTO likes (like_id, liked_id, like_date) VALUES ("89","210","2018-02-08 22:06:24");
INSERT INTO likes (like_id, liked_id, like_date) VALUES ("56","210","2017-12-14 22:33:08");
INSERT INTO likes (like_id, liked_id, like_date) VALUES ("287","210","2017-10-10 05:05:14");
INSERT INTO likes (like_id, liked_id, like_date) VALUES ("186","210","2018-01-04 11:32:04");
INSERT INTO likes (like_id, liked_id, like_date) VALUES ("100","210","2017-10-11 02:24:41");
INSERT INTO likes (like_id, liked_id, like_date) VALUES ("175","210","2017-08-14 02:11:59");
INSERT INTO likes (like_id, liked_id, like_date) VALUES ("455","210","2018-02-07 11:37:04");
INSERT INTO likes (like_id, liked_id, like_date) VALUES ("83","210","2017-04-01 23:19:03");
INSERT INTO likes (like_id, liked_id, like_date) VALUES ("125","210","2017-10-21 00:00:09");
INSERT INTO likes (like_id, liked_id, like_date) VALUES ("291","210","2017-09-05 20:45:46");
INSERT INTO likes (like_id, liked_id, like_date) VALUES ("435","210","2017-06-03 10:21:25");
INSERT INTO likes (like_id, liked_id, like_date) VALUES ("411","210","2018-01-27 04:44:32");
INSERT INTO likes (like_id, liked_id, like_date) VALUES ("220","210","2017-10-29 07:19:30");
INSERT INTO likes (like_id, liked_id, like_date) VALUES ("444","210","2017-10-30 10:49:01");
INSERT INTO likes (like_id, liked_id, like_date) VALUES ("128","210","2017-02-16 09:06:49");
INSERT INTO likes (like_id, liked_id, like_date) VALUES ("145","210","2017-04-27 17:35:00");
INSERT INTO likes (like_id, liked_id, like_date) VALUES ("286","210","2017-08-09 11:03:11");
INSERT INTO views (viewer_id, viewed_id, view_date) VALUES ("326","210","2018-01-12 15:18:07");
INSERT INTO views (viewer_id, viewed_id, view_date) VALUES ("189","210","2017-04-02 10:41:46");
INSERT INTO views (viewer_id, viewed_id, view_date) VALUES ("140","210","2017-12-14 04:17:01");
INSERT INTO views (viewer_id, viewed_id, view_date) VALUES ("341","210","2017-08-25 13:14:15");
INSERT INTO views (viewer_id, viewed_id, view_date) VALUES ("56","210","2017-05-04 22:40:10");
INSERT INTO views (viewer_id, viewed_id, view_date) VALUES ("421","210","2017-11-02 04:24:11");
INSERT INTO views (viewer_id, viewed_id, view_date) VALUES ("151","210","2017-07-17 12:49:07");
INSERT INTO views (viewer_id, viewed_id, view_date) VALUES ("144","210","2017-11-02 15:59:34");
INSERT INTO views (viewer_id, viewed_id, view_date) VALUES ("365","210","2017-12-25 06:30:45");
INSERT INTO views (viewer_id, viewed_id, view_date) VALUES ("198","210","2017-04-11 13:24:23");
INSERT INTO views (viewer_id, viewed_id, view_date) VALUES ("317","210","2017-03-06 02:14:17");
INSERT INTO views (viewer_id, viewed_id, view_date) VALUES ("282","210","2017-11-27 02:52:45");
INSERT INTO views (viewer_id, viewed_id, view_date) VALUES ("425","210","2017-04-29 09:23:33");
INSERT INTO views (viewer_id, viewed_id, view_date) VALUES ("476","210","2017-05-06 19:57:27");
INSERT INTO views (viewer_id, viewed_id, view_date) VALUES ("479","210","2017-04-19 18:28:50");
INSERT INTO views (viewer_id, viewed_id, view_date) VALUES ("497","210","2017-08-20 08:57:14");
INSERT INTO views (viewer_id, viewed_id, view_date) VALUES ("89","210","2017-05-05 02:39:45");
INSERT INTO views (viewer_id, viewed_id, view_date) VALUES ("358","210","2017-09-03 09:34:25");
INSERT INTO views (viewer_id, viewed_id, view_date) VALUES ("301","210","2017-07-27 17:46:07");
INSERT INTO views (viewer_id, viewed_id, view_date) VALUES ("474","210","2018-01-11 08:39:10");
INSERT INTO views (viewer_id, viewed_id, view_date) VALUES ("96","210","2017-10-17 04:50:43");
INSERT INTO views (viewer_id, viewed_id, view_date) VALUES ("85","210","2017-09-21 20:31:17");


INSERT INTO user (id, first_name, last_name, username, email, password, birthdate, gender, orientation, bio, country, state, city, zip, file_1, file_2, file_3, file_4, file_5, score, token, token_date, active, register, created_at, updated_at) VALUES ("211","Evans","Daugherty","westleymccullough","lela10@dietrich.com","$2y$10$t4khESvOPQKFp376ntyRu...SXu8BQj/I7s91FvL8vRdsosKPtyYa","1981-07-18 21:31:00","1","3","Ea nisi ea tempore illum. Consequatur omnis possimus minus impedit sequi doloremque. Aliquid iste dolor praesentium accusamus ut. Aperiam perspiciatis praesentium laboriosam magnam nihil. Neque labore id veritatis omnis maiores et laboriosam praesentium.","Mauritania","","Gutmannbury","04762","../fixtures/male4.jpg","../fixtures/male3.jpg","../fixtures/male7.jpg","../fixtures/male4.jpg","../fixtures/male4.jpg","12","0d7f0d08269d28b13b552dd196985fab","1980-04-17 11:52:06","1","1","2010-01-27 04:34:57","1980-03-29 09:50:45");
INSERT INTO user_tag (user_id, tag_id) VALUES ("211","40");
INSERT INTO user_tag (user_id, tag_id) VALUES ("211","10");
INSERT INTO user_tag (user_id, tag_id) VALUES ("211","7");
INSERT INTO user_tag (user_id, tag_id) VALUES ("211","46");
INSERT INTO user_tag (user_id, tag_id) VALUES ("211","35");
INSERT INTO user_tag (user_id, tag_id) VALUES ("211","23");
INSERT INTO user_tag (user_id, tag_id) VALUES ("211","46");
INSERT INTO user_tag (user_id, tag_id) VALUES ("211","30");
INSERT INTO user_tag (user_id, tag_id) VALUES ("211","25");

INSERT INTO connected (user_id, connect_date) VALUES ("211","2017-05-04 07:05:10");
INSERT INTO likes (like_id, liked_id, like_date) VALUES ("402","211","2017-11-12 00:32:11");
INSERT INTO likes (like_id, liked_id, like_date) VALUES ("338","211","2017-09-04 23:04:13");
INSERT INTO likes (like_id, liked_id, like_date) VALUES ("494","211","2017-05-10 11:06:17");
INSERT INTO likes (like_id, liked_id, like_date) VALUES ("336","211","2017-11-08 12:24:37");
INSERT INTO likes (like_id, liked_id, like_date) VALUES ("301","211","2017-05-22 05:21:29");
INSERT INTO likes (like_id, liked_id, like_date) VALUES ("74","211","2017-07-08 21:25:19");
INSERT INTO likes (like_id, liked_id, like_date) VALUES ("339","211","2017-08-17 23:05:23");
INSERT INTO likes (like_id, liked_id, like_date) VALUES ("60","211","2017-10-25 23:07:16");
INSERT INTO likes (like_id, liked_id, like_date) VALUES ("495","211","2017-03-21 04:44:49");
INSERT INTO likes (like_id, liked_id, like_date) VALUES ("189","211","2017-10-02 23:43:07");
INSERT INTO likes (like_id, liked_id, like_date) VALUES ("62","211","2017-09-27 10:46:23");
INSERT INTO likes (like_id, liked_id, like_date) VALUES ("90","211","2017-10-31 09:40:16");
INSERT INTO likes (like_id, liked_id, like_date) VALUES ("249","211","2017-08-12 19:46:36");
INSERT INTO likes (like_id, liked_id, like_date) VALUES ("92","211","2017-12-04 01:52:11");
INSERT INTO views (viewer_id, viewed_id, view_date) VALUES ("307","211","2017-08-14 10:43:50");
INSERT INTO views (viewer_id, viewed_id, view_date) VALUES ("353","211","2018-02-13 04:23:08");
INSERT INTO views (viewer_id, viewed_id, view_date) VALUES ("240","211","2017-10-06 14:54:46");
INSERT INTO views (viewer_id, viewed_id, view_date) VALUES ("280","211","2017-12-06 02:26:14");
INSERT INTO views (viewer_id, viewed_id, view_date) VALUES ("416","211","2018-01-21 02:19:13");
INSERT INTO views (viewer_id, viewed_id, view_date) VALUES ("87","211","2017-12-16 13:48:59");
INSERT INTO views (viewer_id, viewed_id, view_date) VALUES ("95","211","2017-03-03 06:03:44");
INSERT INTO views (viewer_id, viewed_id, view_date) VALUES ("176","211","2017-08-16 19:56:21");
INSERT INTO views (viewer_id, viewed_id, view_date) VALUES ("358","211","2017-06-12 12:21:57");
INSERT INTO views (viewer_id, viewed_id, view_date) VALUES ("267","211","2017-10-20 04:41:46");
INSERT INTO views (viewer_id, viewed_id, view_date) VALUES ("88","211","2017-07-01 15:20:12");
INSERT INTO views (viewer_id, viewed_id, view_date) VALUES ("154","211","2017-05-24 23:14:01");
INSERT INTO views (viewer_id, viewed_id, view_date) VALUES ("372","211","2018-01-03 12:37:16");
INSERT INTO views (viewer_id, viewed_id, view_date) VALUES ("97","211","2017-02-19 16:12:44");
INSERT INTO views (viewer_id, viewed_id, view_date) VALUES ("43","211","2018-01-02 08:14:47");
INSERT INTO views (viewer_id, viewed_id, view_date) VALUES ("321","211","2017-12-20 07:19:21");
INSERT INTO views (viewer_id, viewed_id, view_date) VALUES ("63","211","2017-07-10 17:46:30");


INSERT INTO user (id, first_name, last_name, username, email, password, birthdate, gender, orientation, bio, country, state, city, zip, file_1, file_2, file_3, file_4, file_5, score, token, token_date, active, register, created_at, updated_at) VALUES ("212","William","Runte","nayeli60","theodora.wuckert@quitzon.com","$2y$10$yec1ToeO5zHIE4LVXlqQGuKda/hTWI7IkXKaJZb1.Li4rYsAR0LDu","1996-12-24 10:29:03","1","3","Ratione a eum deleniti et incidunt. Ut magni harum illo aperiam saepe. Sit illo ea delectus.","Nepal","","North Joliechester","27257-2836","../fixtures/male1.jpg","../fixtures/male10.jpg","../fixtures/male7.jpg","","","91","99827ebd624643c4379cebee3617884d","1986-04-14 03:55:34","0","0","1984-12-13 04:06:05","2000-01-10 12:15:45");
INSERT INTO user_tag (user_id, tag_id) VALUES ("212","30");

INSERT INTO connected (user_id, connect_date) VALUES ("212","2017-10-18 12:16:56");
INSERT INTO likes (like_id, liked_id, like_date) VALUES ("392","212","2017-07-28 13:08:56");
INSERT INTO likes (like_id, liked_id, like_date) VALUES ("194","212","2017-07-18 07:56:43");
INSERT INTO likes (like_id, liked_id, like_date) VALUES ("220","212","2017-07-25 17:47:42");
INSERT INTO likes (like_id, liked_id, like_date) VALUES ("494","212","2017-03-17 22:22:35");
INSERT INTO likes (like_id, liked_id, like_date) VALUES ("421","212","2017-04-26 23:46:09");
INSERT INTO likes (like_id, liked_id, like_date) VALUES ("270","212","2017-12-26 11:19:07");
INSERT INTO likes (like_id, liked_id, like_date) VALUES ("431","212","2017-03-21 03:15:20");
INSERT INTO likes (like_id, liked_id, like_date) VALUES ("45","212","2017-04-06 10:58:39");
INSERT INTO likes (like_id, liked_id, like_date) VALUES ("423","212","2017-05-06 12:39:31");
INSERT INTO likes (like_id, liked_id, like_date) VALUES ("390","212","2018-01-03 05:58:54");
INSERT INTO likes (like_id, liked_id, like_date) VALUES ("363","212","2017-05-14 07:16:31");
INSERT INTO likes (like_id, liked_id, like_date) VALUES ("214","212","2017-02-25 10:47:56");
INSERT INTO views (viewer_id, viewed_id, view_date) VALUES ("429","212","2017-02-25 05:15:51");
INSERT INTO views (viewer_id, viewed_id, view_date) VALUES ("252","212","2017-10-06 08:42:50");
INSERT INTO views (viewer_id, viewed_id, view_date) VALUES ("414","212","2017-09-07 11:39:57");
INSERT INTO views (viewer_id, viewed_id, view_date) VALUES ("479","212","2018-02-05 15:07:28");
INSERT INTO views (viewer_id, viewed_id, view_date) VALUES ("17","212","2017-08-31 03:02:15");
INSERT INTO views (viewer_id, viewed_id, view_date) VALUES ("72","212","2017-03-27 08:56:38");
INSERT INTO views (viewer_id, viewed_id, view_date) VALUES ("57","212","2017-06-01 08:18:56");
INSERT INTO views (viewer_id, viewed_id, view_date) VALUES ("304","212","2017-10-15 08:58:14");
INSERT INTO views (viewer_id, viewed_id, view_date) VALUES ("396","212","2017-11-10 23:33:23");
INSERT INTO views (viewer_id, viewed_id, view_date) VALUES ("186","212","2017-12-15 11:08:51");
INSERT INTO views (viewer_id, viewed_id, view_date) VALUES ("373","212","2017-08-26 18:24:01");
INSERT INTO views (viewer_id, viewed_id, view_date) VALUES ("437","212","2017-02-15 20:12:59");
INSERT INTO views (viewer_id, viewed_id, view_date) VALUES ("187","212","2017-07-09 18:54:15");
INSERT INTO views (viewer_id, viewed_id, view_date) VALUES ("354","212","2017-05-16 01:02:03");
INSERT INTO views (viewer_id, viewed_id, view_date) VALUES ("262","212","2018-02-09 08:12:33");
INSERT INTO views (viewer_id, viewed_id, view_date) VALUES ("232","212","2017-05-08 07:18:26");
INSERT INTO views (viewer_id, viewed_id, view_date) VALUES ("272","212","2017-11-16 19:58:01");
INSERT INTO views (viewer_id, viewed_id, view_date) VALUES ("112","212","2017-12-30 22:57:25");
INSERT INTO views (viewer_id, viewed_id, view_date) VALUES ("81","212","2017-12-30 22:30:16");
INSERT INTO views (viewer_id, viewed_id, view_date) VALUES ("474","212","2017-05-11 22:38:04");
INSERT INTO views (viewer_id, viewed_id, view_date) VALUES ("35","212","2017-08-15 00:03:45");
INSERT INTO views (viewer_id, viewed_id, view_date) VALUES ("398","212","2017-10-05 13:35:32");


INSERT INTO user (id, first_name, last_name, username, email, password, birthdate, gender, orientation, bio, country, state, city, zip, file_1, file_2, file_3, file_4, file_5, score, token, token_date, active, register, created_at, updated_at) VALUES ("213","Mallory","O'Connell","wisozkesta","monique.christiansen@gutkowski.com","$2y$10$IqmCDO9AA6fd.x0cm1LfgeBBBOP8QZotaO0OQorDS/Oeby5k/YLR2","1957-12-30 09:21:46","1","3","Officia non est ex fugit. Dolores ut soluta veniam aut ullam a. Neque illum deleniti voluptas beatae dolore rerum quos. Non explicabo est est quisquam hic aut laboriosam.","Malaysia","","West Fabian","61496","../fixtures/male9.jpg","","","","","28","299c272a9a1a8bd6f633c5fb991f0cd5","2005-04-05 07:06:49","0","0","1995-08-02 12:14:43","2003-08-09 16:35:38");
INSERT INTO user_tag (user_id, tag_id) VALUES ("213","24");
INSERT INTO user_tag (user_id, tag_id) VALUES ("213","33");
INSERT INTO user_tag (user_id, tag_id) VALUES ("213","1");
INSERT INTO user_tag (user_id, tag_id) VALUES ("213","36");
INSERT INTO user_tag (user_id, tag_id) VALUES ("213","42");
INSERT INTO user_tag (user_id, tag_id) VALUES ("213","38");
INSERT INTO user_tag (user_id, tag_id) VALUES ("213","47");
INSERT INTO user_tag (user_id, tag_id) VALUES ("213","48");

INSERT INTO connected (user_id, connect_date) VALUES ("213","2017-08-07 00:31:11");
INSERT INTO likes (like_id, liked_id, like_date) VALUES ("177","213","2017-12-19 18:05:00");
INSERT INTO likes (like_id, liked_id, like_date) VALUES ("219","213","2017-06-15 04:59:49");
INSERT INTO likes (like_id, liked_id, like_date) VALUES ("107","213","2018-02-12 06:01:10");
INSERT INTO likes (like_id, liked_id, like_date) VALUES ("11","213","2017-05-17 20:06:58");
INSERT INTO likes (like_id, liked_id, like_date) VALUES ("116","213","2017-07-15 01:22:28");
INSERT INTO likes (like_id, liked_id, like_date) VALUES ("143","213","2017-05-10 10:04:23");
INSERT INTO likes (like_id, liked_id, like_date) VALUES ("298","213","2018-01-23 13:43:55");
INSERT INTO likes (like_id, liked_id, like_date) VALUES ("100","213","2018-01-06 05:12:57");
INSERT INTO likes (like_id, liked_id, like_date) VALUES ("199","213","2017-12-13 03:40:05");
INSERT INTO likes (like_id, liked_id, like_date) VALUES ("211","213","2017-12-23 04:09:04");
INSERT INTO likes (like_id, liked_id, like_date) VALUES ("89","213","2017-04-29 08:52:38");
INSERT INTO likes (like_id, liked_id, like_date) VALUES ("286","213","2017-03-13 06:59:14");
INSERT INTO likes (like_id, liked_id, like_date) VALUES ("180","213","2017-07-22 13:32:10");
INSERT INTO likes (like_id, liked_id, like_date) VALUES ("148","213","2017-06-06 14:14:27");
INSERT INTO likes (like_id, liked_id, like_date) VALUES ("401","213","2018-01-16 16:47:22");
INSERT INTO likes (like_id, liked_id, like_date) VALUES ("40","213","2017-07-06 08:42:53");
INSERT INTO likes (like_id, liked_id, like_date) VALUES ("354","213","2017-04-01 19:41:41");
INSERT INTO views (viewer_id, viewed_id, view_date) VALUES ("252","213","2017-10-07 17:14:01");
INSERT INTO views (viewer_id, viewed_id, view_date) VALUES ("268","213","2017-12-19 00:25:05");
INSERT INTO views (viewer_id, viewed_id, view_date) VALUES ("145","213","2017-08-30 12:45:38");
INSERT INTO views (viewer_id, viewed_id, view_date) VALUES ("76","213","2017-05-26 19:31:37");
INSERT INTO views (viewer_id, viewed_id, view_date) VALUES ("173","213","2017-11-10 19:35:44");
INSERT INTO views (viewer_id, viewed_id, view_date) VALUES ("357","213","2018-01-02 09:58:39");
INSERT INTO views (viewer_id, viewed_id, view_date) VALUES ("141","213","2017-12-30 01:22:43");
INSERT INTO views (viewer_id, viewed_id, view_date) VALUES ("134","213","2017-07-09 14:49:14");


INSERT INTO user (id, first_name, last_name, username, email, password, birthdate, gender, orientation, bio, country, state, city, zip, file_1, file_2, file_3, file_4, file_5, score, token, token_date, active, register, created_at, updated_at) VALUES ("214","May","Bailey","ettie99","hgreen@gmail.com","$2y$10$Oc3cipewwmZi0RiJUn8zl.zB3MJlI79rYL8JQwik5p1vxesYQBnYa","1986-09-09 22:43:04","2","1","Architecto modi assumenda enim est. Eveniet itaque dolores amet illum quis est similique dignissimos.","Wallis and Futuna","","East Thad","40921-7303","../fixtures/female3.jpg","../fixtures/female8.jpg","../fixtures/female10.jpg","../fixtures/female4.jpg","","74","bcefa494bf83bb02bbbf58773b2f33b6","2015-02-13 04:39:56","0","0","1990-01-02 18:55:19","1977-07-04 09:15:19");
INSERT INTO user_tag (user_id, tag_id) VALUES ("214","13");
INSERT INTO user_tag (user_id, tag_id) VALUES ("214","15");
INSERT INTO user_tag (user_id, tag_id) VALUES ("214","19");
INSERT INTO user_tag (user_id, tag_id) VALUES ("214","24");

INSERT INTO connected (user_id, connect_date) VALUES ("214","2017-06-16 20:05:40");
INSERT INTO likes (like_id, liked_id, like_date) VALUES ("312","214","2017-05-25 16:19:41");
INSERT INTO likes (like_id, liked_id, like_date) VALUES ("483","214","2017-11-09 15:07:20");
INSERT INTO likes (like_id, liked_id, like_date) VALUES ("106","214","2017-04-18 23:19:43");
INSERT INTO likes (like_id, liked_id, like_date) VALUES ("181","214","2017-08-30 17:17:11");
INSERT INTO likes (like_id, liked_id, like_date) VALUES ("413","214","2017-07-05 05:50:01");
INSERT INTO likes (like_id, liked_id, like_date) VALUES ("381","214","2018-02-06 13:58:01");
INSERT INTO likes (like_id, liked_id, like_date) VALUES ("276","214","2017-06-30 16:09:29");
INSERT INTO likes (like_id, liked_id, like_date) VALUES ("292","214","2017-09-30 23:57:59");
INSERT INTO likes (like_id, liked_id, like_date) VALUES ("232","214","2017-03-21 08:18:15");
INSERT INTO likes (like_id, liked_id, like_date) VALUES ("313","214","2017-06-13 04:22:56");
INSERT INTO likes (like_id, liked_id, like_date) VALUES ("417","214","2017-05-02 18:00:19");
INSERT INTO likes (like_id, liked_id, like_date) VALUES ("116","214","2017-09-30 17:48:24");
INSERT INTO likes (like_id, liked_id, like_date) VALUES ("222","214","2017-11-12 02:26:28");
INSERT INTO likes (like_id, liked_id, like_date) VALUES ("240","214","2017-05-30 00:08:37");
INSERT INTO likes (like_id, liked_id, like_date) VALUES ("28","214","2017-07-07 16:48:38");
INSERT INTO views (viewer_id, viewed_id, view_date) VALUES ("218","214","2018-01-09 04:50:11");
INSERT INTO views (viewer_id, viewed_id, view_date) VALUES ("264","214","2017-08-02 17:47:40");
INSERT INTO views (viewer_id, viewed_id, view_date) VALUES ("229","214","2017-03-20 19:54:02");
INSERT INTO views (viewer_id, viewed_id, view_date) VALUES ("279","214","2017-12-29 19:12:09");
INSERT INTO views (viewer_id, viewed_id, view_date) VALUES ("98","214","2017-06-21 16:39:00");
INSERT INTO views (viewer_id, viewed_id, view_date) VALUES ("170","214","2017-11-18 15:43:55");
INSERT INTO views (viewer_id, viewed_id, view_date) VALUES ("329","214","2018-02-12 17:29:24");
INSERT INTO views (viewer_id, viewed_id, view_date) VALUES ("295","214","2017-05-27 01:56:35");
INSERT INTO views (viewer_id, viewed_id, view_date) VALUES ("70","214","2017-11-01 02:51:10");
INSERT INTO views (viewer_id, viewed_id, view_date) VALUES ("60","214","2017-02-18 05:44:05");
INSERT INTO views (viewer_id, viewed_id, view_date) VALUES ("455","214","2017-06-21 12:48:15");
INSERT INTO views (viewer_id, viewed_id, view_date) VALUES ("412","214","2018-02-09 03:05:26");
INSERT INTO views (viewer_id, viewed_id, view_date) VALUES ("43","214","2017-09-16 15:54:15");
INSERT INTO views (viewer_id, viewed_id, view_date) VALUES ("497","214","2017-07-18 15:03:03");
INSERT INTO views (viewer_id, viewed_id, view_date) VALUES ("239","214","2018-01-12 11:09:29");


INSERT INTO user (id, first_name, last_name, username, email, password, birthdate, gender, orientation, bio, country, state, city, zip, file_1, file_2, file_3, file_4, file_5, score, token, token_date, active, register, created_at, updated_at) VALUES ("215","Ebony","Abbott","nbartoletti","dgleason@gaylord.com","$2y$10$7MfC2RixR83u9on4osHIdeEkd8BfWlpYhowCRSMzR3i6dVliJxv3q","1989-09-14 12:28:55","1","1","Tempore id odio ut possimus aspernatur. Et nihil aut occaecati similique quibusdam aliquid. Qui dolore eos laudantium est modi voluptates voluptatum laudantium. Eligendi quisquam ut harum non architecto.","Nepal","","Melyssaborough","48052","../fixtures/male7.jpg","../fixtures/male8.jpg","../fixtures/male5.jpg","","","21","8953303753c77841341411a886bba21e","1981-08-08 03:18:58","1","0","2017-06-07 05:25:54","2002-08-06 07:30:39");
INSERT INTO user_tag (user_id, tag_id) VALUES ("215","42");
INSERT INTO user_tag (user_id, tag_id) VALUES ("215","21");
INSERT INTO user_tag (user_id, tag_id) VALUES ("215","24");
INSERT INTO user_tag (user_id, tag_id) VALUES ("215","7");
INSERT INTO user_tag (user_id, tag_id) VALUES ("215","38");
INSERT INTO user_tag (user_id, tag_id) VALUES ("215","22");
INSERT INTO user_tag (user_id, tag_id) VALUES ("215","23");
INSERT INTO user_tag (user_id, tag_id) VALUES ("215","34");
INSERT INTO user_tag (user_id, tag_id) VALUES ("215","6");
INSERT INTO user_tag (user_id, tag_id) VALUES ("215","38");
INSERT INTO user_tag (user_id, tag_id) VALUES ("215","25");
INSERT INTO user_tag (user_id, tag_id) VALUES ("215","48");

INSERT INTO connected (user_id, connect_date) VALUES ("215","2017-06-18 20:07:43");
INSERT INTO likes (like_id, liked_id, like_date) VALUES ("412","215","2017-07-12 09:40:51");
INSERT INTO likes (like_id, liked_id, like_date) VALUES ("110","215","2017-06-09 20:54:10");
INSERT INTO likes (like_id, liked_id, like_date) VALUES ("170","215","2017-03-07 02:41:30");
INSERT INTO likes (like_id, liked_id, like_date) VALUES ("318","215","2017-12-28 07:38:22");
INSERT INTO likes (like_id, liked_id, like_date) VALUES ("160","215","2017-04-21 14:00:31");
INSERT INTO likes (like_id, liked_id, like_date) VALUES ("488","215","2017-08-03 16:17:29");
INSERT INTO views (viewer_id, viewed_id, view_date) VALUES ("387","215","2017-11-08 04:24:51");
INSERT INTO views (viewer_id, viewed_id, view_date) VALUES ("226","215","2017-08-03 07:43:48");
INSERT INTO views (viewer_id, viewed_id, view_date) VALUES ("196","215","2017-03-06 06:18:53");
INSERT INTO views (viewer_id, viewed_id, view_date) VALUES ("232","215","2018-01-17 15:51:19");
INSERT INTO views (viewer_id, viewed_id, view_date) VALUES ("466","215","2017-06-17 01:27:48");
INSERT INTO views (viewer_id, viewed_id, view_date) VALUES ("226","215","2017-02-23 10:27:29");
INSERT INTO views (viewer_id, viewed_id, view_date) VALUES ("409","215","2017-11-19 09:19:23");
INSERT INTO views (viewer_id, viewed_id, view_date) VALUES ("50","215","2017-06-28 00:34:00");
INSERT INTO views (viewer_id, viewed_id, view_date) VALUES ("201","215","2017-05-20 19:18:31");
INSERT INTO views (viewer_id, viewed_id, view_date) VALUES ("410","215","2017-07-16 07:59:00");
INSERT INTO views (viewer_id, viewed_id, view_date) VALUES ("20","215","2017-10-31 07:17:24");
INSERT INTO views (viewer_id, viewed_id, view_date) VALUES ("9","215","2017-08-12 18:24:36");
INSERT INTO views (viewer_id, viewed_id, view_date) VALUES ("23","215","2017-04-29 13:09:57");
INSERT INTO views (viewer_id, viewed_id, view_date) VALUES ("248","215","2017-11-22 07:35:33");
INSERT INTO views (viewer_id, viewed_id, view_date) VALUES ("71","215","2017-10-08 02:40:18");
INSERT INTO views (viewer_id, viewed_id, view_date) VALUES ("473","215","2017-04-13 17:48:22");
INSERT INTO views (viewer_id, viewed_id, view_date) VALUES ("279","215","2017-08-30 19:41:38");
INSERT INTO views (viewer_id, viewed_id, view_date) VALUES ("30","215","2017-12-14 04:59:57");
INSERT INTO views (viewer_id, viewed_id, view_date) VALUES ("381","215","2017-06-01 17:40:19");
INSERT INTO views (viewer_id, viewed_id, view_date) VALUES ("66","215","2017-08-01 15:17:09");
INSERT INTO views (viewer_id, viewed_id, view_date) VALUES ("34","215","2017-12-17 04:12:39");
INSERT INTO views (viewer_id, viewed_id, view_date) VALUES ("286","215","2017-05-14 14:34:24");
INSERT INTO views (viewer_id, viewed_id, view_date) VALUES ("452","215","2017-09-01 12:25:51");
INSERT INTO views (viewer_id, viewed_id, view_date) VALUES ("401","215","2017-12-01 20:33:14");
INSERT INTO views (viewer_id, viewed_id, view_date) VALUES ("318","215","2017-12-14 13:26:50");
INSERT INTO views (viewer_id, viewed_id, view_date) VALUES ("35","215","2017-06-25 19:12:41");
INSERT INTO views (viewer_id, viewed_id, view_date) VALUES ("37","215","2017-07-26 05:04:04");
INSERT INTO views (viewer_id, viewed_id, view_date) VALUES ("335","215","2017-10-08 03:13:05");
INSERT INTO views (viewer_id, viewed_id, view_date) VALUES ("158","215","2017-06-23 18:42:41");


INSERT INTO user (id, first_name, last_name, username, email, password, birthdate, gender, orientation, bio, country, state, city, zip, file_1, file_2, file_3, file_4, file_5, score, token, token_date, active, register, created_at, updated_at) VALUES ("216","Shania","Lemke","tdurgan","lakin.savion@hoeger.biz","$2y$10$7W6hgubNFMuja0TJ3lWmqu9VFKZkW.eF1lVKeLx0sntdxkkbpOe3.","1972-11-11 22:53:45","1","2","Modi aut tenetur nisi consequatur nostrum. Aut voluptas rerum voluptatem cupiditate aliquam. Consequatur assumenda adipisci ipsam. Voluptas et beatae quibusdam enim sed sequi.","Austria","","Port Lilyan","14893","../fixtures/male3.jpg","../fixtures/male2.jpg","../fixtures/male8.jpg","../fixtures/male10.jpg","","5","ed8d20687a160d3341d3a6bfe2fd2975","1990-03-24 13:42:17","1","0","1972-11-09 11:33:09","2013-01-08 13:24:59");
INSERT INTO user_tag (user_id, tag_id) VALUES ("216","39");
INSERT INTO user_tag (user_id, tag_id) VALUES ("216","2");
INSERT INTO user_tag (user_id, tag_id) VALUES ("216","17");
INSERT INTO user_tag (user_id, tag_id) VALUES ("216","1");
INSERT INTO user_tag (user_id, tag_id) VALUES ("216","49");
INSERT INTO user_tag (user_id, tag_id) VALUES ("216","41");
INSERT INTO user_tag (user_id, tag_id) VALUES ("216","9");
INSERT INTO user_tag (user_id, tag_id) VALUES ("216","16");
INSERT INTO user_tag (user_id, tag_id) VALUES ("216","22");
INSERT INTO user_tag (user_id, tag_id) VALUES ("216","31");
INSERT INTO user_tag (user_id, tag_id) VALUES ("216","30");
INSERT INTO user_tag (user_id, tag_id) VALUES ("216","40");

INSERT INTO connected (user_id, connect_date) VALUES ("216","2018-01-04 21:25:48");
INSERT INTO likes (like_id, liked_id, like_date) VALUES ("37","216","2017-06-16 02:15:13");
INSERT INTO likes (like_id, liked_id, like_date) VALUES ("127","216","2017-12-01 15:10:37");
INSERT INTO likes (like_id, liked_id, like_date) VALUES ("34","216","2017-12-15 21:40:34");
INSERT INTO likes (like_id, liked_id, like_date) VALUES ("48","216","2017-12-18 12:35:36");
INSERT INTO likes (like_id, liked_id, like_date) VALUES ("405","216","2017-02-22 05:50:46");
INSERT INTO likes (like_id, liked_id, like_date) VALUES ("490","216","2017-03-29 04:52:44");
INSERT INTO likes (like_id, liked_id, like_date) VALUES ("365","216","2017-05-24 18:14:23");
INSERT INTO likes (like_id, liked_id, like_date) VALUES ("233","216","2017-08-07 02:39:26");
INSERT INTO likes (like_id, liked_id, like_date) VALUES ("359","216","2017-02-24 07:46:44");
INSERT INTO likes (like_id, liked_id, like_date) VALUES ("38","216","2017-11-06 19:18:11");
INSERT INTO likes (like_id, liked_id, like_date) VALUES ("500","216","2018-01-13 00:48:57");
INSERT INTO likes (like_id, liked_id, like_date) VALUES ("471","216","2017-11-22 23:47:35");
INSERT INTO likes (like_id, liked_id, like_date) VALUES ("330","216","2017-11-17 15:01:53");
INSERT INTO likes (like_id, liked_id, like_date) VALUES ("482","216","2017-11-24 21:22:19");
INSERT INTO likes (like_id, liked_id, like_date) VALUES ("313","216","2017-03-29 23:42:48");
INSERT INTO likes (like_id, liked_id, like_date) VALUES ("484","216","2017-04-12 08:27:52");
INSERT INTO views (viewer_id, viewed_id, view_date) VALUES ("112","216","2017-05-23 14:05:47");
INSERT INTO views (viewer_id, viewed_id, view_date) VALUES ("223","216","2018-02-01 00:44:31");
INSERT INTO views (viewer_id, viewed_id, view_date) VALUES ("278","216","2017-02-22 08:02:26");
INSERT INTO views (viewer_id, viewed_id, view_date) VALUES ("298","216","2017-02-21 17:37:41");
INSERT INTO views (viewer_id, viewed_id, view_date) VALUES ("383","216","2017-02-18 05:55:14");
INSERT INTO views (viewer_id, viewed_id, view_date) VALUES ("273","216","2017-03-07 15:33:00");
INSERT INTO views (viewer_id, viewed_id, view_date) VALUES ("458","216","2018-02-03 16:33:51");
INSERT INTO views (viewer_id, viewed_id, view_date) VALUES ("186","216","2017-06-12 08:57:56");
INSERT INTO views (viewer_id, viewed_id, view_date) VALUES ("458","216","2017-04-24 10:08:56");
INSERT INTO views (viewer_id, viewed_id, view_date) VALUES ("315","216","2017-06-12 05:50:19");
INSERT INTO views (viewer_id, viewed_id, view_date) VALUES ("325","216","2017-12-26 00:39:36");
INSERT INTO views (viewer_id, viewed_id, view_date) VALUES ("235","216","2018-01-20 18:27:56");
INSERT INTO views (viewer_id, viewed_id, view_date) VALUES ("413","216","2017-12-19 03:04:21");
INSERT INTO views (viewer_id, viewed_id, view_date) VALUES ("348","216","2017-08-13 11:02:32");
INSERT INTO views (viewer_id, viewed_id, view_date) VALUES ("5","216","2017-05-22 19:55:54");
INSERT INTO views (viewer_id, viewed_id, view_date) VALUES ("259","216","2017-07-30 23:48:05");
INSERT INTO views (viewer_id, viewed_id, view_date) VALUES ("132","216","2017-08-03 08:51:19");
INSERT INTO views (viewer_id, viewed_id, view_date) VALUES ("310","216","2017-08-01 01:44:42");
INSERT INTO views (viewer_id, viewed_id, view_date) VALUES ("110","216","2017-05-07 20:30:39");
INSERT INTO views (viewer_id, viewed_id, view_date) VALUES ("355","216","2017-10-12 08:32:27");
INSERT INTO views (viewer_id, viewed_id, view_date) VALUES ("232","216","2017-11-13 23:59:44");
INSERT INTO views (viewer_id, viewed_id, view_date) VALUES ("32","216","2017-05-19 20:42:13");


INSERT INTO user (id, first_name, last_name, username, email, password, birthdate, gender, orientation, bio, country, state, city, zip, file_1, file_2, file_3, file_4, file_5, score, token, token_date, active, register, created_at, updated_at) VALUES ("217","Mabelle","Botsford","crosenbaum","vaughn24@dare.biz","$2y$10$hU54oXkjYs5WjGLtjR/K..ZhXAetQ.att4E6AoB5W3PtiMVvU9CAO","1952-04-16 17:53:13","2","2","Ut est rerum minus iste nesciunt reiciendis. Sit occaecati eligendi ratione vel rerum impedit ipsa.","Swaziland","","Rickeyshire","81208-6401","../fixtures/female6.jpg","../fixtures/female1.jpg","../fixtures/female8.jpg","","","33","4143424ce9d030abe46017498b14efa5","1990-09-14 20:34:28","1","1","1994-05-29 12:08:49","1976-03-13 20:59:48");
INSERT INTO user_tag (user_id, tag_id) VALUES ("217","5");
INSERT INTO user_tag (user_id, tag_id) VALUES ("217","49");
INSERT INTO user_tag (user_id, tag_id) VALUES ("217","32");
INSERT INTO user_tag (user_id, tag_id) VALUES ("217","10");
INSERT INTO user_tag (user_id, tag_id) VALUES ("217","6");
INSERT INTO user_tag (user_id, tag_id) VALUES ("217","37");
INSERT INTO user_tag (user_id, tag_id) VALUES ("217","19");
INSERT INTO user_tag (user_id, tag_id) VALUES ("217","46");
INSERT INTO user_tag (user_id, tag_id) VALUES ("217","29");
INSERT INTO user_tag (user_id, tag_id) VALUES ("217","10");
INSERT INTO user_tag (user_id, tag_id) VALUES ("217","13");

INSERT INTO connected (user_id, connect_date) VALUES ("217","2017-04-02 01:41:32");
INSERT INTO likes (like_id, liked_id, like_date) VALUES ("463","217","2017-06-22 21:05:14");
INSERT INTO likes (like_id, liked_id, like_date) VALUES ("105","217","2017-04-21 05:04:53");
INSERT INTO likes (like_id, liked_id, like_date) VALUES ("279","217","2017-06-15 07:20:44");
INSERT INTO likes (like_id, liked_id, like_date) VALUES ("491","217","2017-08-12 22:35:00");
INSERT INTO likes (like_id, liked_id, like_date) VALUES ("271","217","2017-12-06 17:28:53");
INSERT INTO likes (like_id, liked_id, like_date) VALUES ("209","217","2017-11-02 22:42:09");
INSERT INTO likes (like_id, liked_id, like_date) VALUES ("172","217","2017-07-02 04:25:33");
INSERT INTO views (viewer_id, viewed_id, view_date) VALUES ("37","217","2017-12-17 04:49:54");
INSERT INTO views (viewer_id, viewed_id, view_date) VALUES ("118","217","2017-07-22 03:26:26");
INSERT INTO views (viewer_id, viewed_id, view_date) VALUES ("8","217","2017-03-22 21:38:39");
INSERT INTO views (viewer_id, viewed_id, view_date) VALUES ("87","217","2018-02-09 19:45:15");
INSERT INTO views (viewer_id, viewed_id, view_date) VALUES ("410","217","2017-12-25 14:44:23");
INSERT INTO views (viewer_id, viewed_id, view_date) VALUES ("219","217","2017-03-05 11:38:09");
INSERT INTO views (viewer_id, viewed_id, view_date) VALUES ("369","217","2017-10-09 10:17:36");
INSERT INTO views (viewer_id, viewed_id, view_date) VALUES ("436","217","2017-07-13 07:48:28");
INSERT INTO views (viewer_id, viewed_id, view_date) VALUES ("78","217","2017-08-22 16:53:18");
INSERT INTO views (viewer_id, viewed_id, view_date) VALUES ("312","217","2017-05-31 09:34:55");
INSERT INTO views (viewer_id, viewed_id, view_date) VALUES ("101","217","2017-04-29 21:20:44");
INSERT INTO views (viewer_id, viewed_id, view_date) VALUES ("194","217","2018-01-25 18:17:50");
INSERT INTO views (viewer_id, viewed_id, view_date) VALUES ("194","217","2017-05-13 16:04:30");
INSERT INTO views (viewer_id, viewed_id, view_date) VALUES ("163","217","2017-02-22 05:59:16");
INSERT INTO views (viewer_id, viewed_id, view_date) VALUES ("298","217","2017-05-29 17:14:31");
INSERT INTO views (viewer_id, viewed_id, view_date) VALUES ("206","217","2017-03-24 07:36:44");
INSERT INTO views (viewer_id, viewed_id, view_date) VALUES ("84","217","2017-12-29 01:00:56");
INSERT INTO views (viewer_id, viewed_id, view_date) VALUES ("244","217","2017-11-22 12:45:38");
INSERT INTO views (viewer_id, viewed_id, view_date) VALUES ("287","217","2017-06-28 23:37:34");
INSERT INTO views (viewer_id, viewed_id, view_date) VALUES ("319","217","2018-01-22 02:24:08");
INSERT INTO views (viewer_id, viewed_id, view_date) VALUES ("389","217","2018-01-23 09:27:16");
INSERT INTO views (viewer_id, viewed_id, view_date) VALUES ("109","217","2017-08-29 10:11:46");
INSERT INTO views (viewer_id, viewed_id, view_date) VALUES ("464","217","2017-07-14 18:17:30");
INSERT INTO views (viewer_id, viewed_id, view_date) VALUES ("242","217","2017-10-19 12:52:55");
INSERT INTO views (viewer_id, viewed_id, view_date) VALUES ("317","217","2017-10-13 03:09:21");
INSERT INTO views (viewer_id, viewed_id, view_date) VALUES ("283","217","2017-06-04 15:08:36");
INSERT INTO views (viewer_id, viewed_id, view_date) VALUES ("218","217","2017-06-24 00:08:48");
INSERT INTO views (viewer_id, viewed_id, view_date) VALUES ("382","217","2017-03-09 22:13:04");
INSERT INTO views (viewer_id, viewed_id, view_date) VALUES ("255","217","2017-05-31 22:23:02");
INSERT INTO views (viewer_id, viewed_id, view_date) VALUES ("365","217","2017-05-03 05:51:40");
INSERT INTO views (viewer_id, viewed_id, view_date) VALUES ("230","217","2017-10-01 18:08:30");
INSERT INTO views (viewer_id, viewed_id, view_date) VALUES ("186","217","2018-01-10 00:07:43");
INSERT INTO views (viewer_id, viewed_id, view_date) VALUES ("156","217","2018-01-23 20:04:09");


INSERT INTO user (id, first_name, last_name, username, email, password, birthdate, gender, orientation, bio, country, state, city, zip, file_1, file_2, file_3, file_4, file_5, score, token, token_date, active, register, created_at, updated_at) VALUES ("218","Lorenzo","Bayer","dorcasmoore","howe.ida@mertz.info","$2y$10$6HIeAio9piukt/eLsjwk6eMhg4SE/TUA0QvPbM7FkaCjQX.4CGw7m","1983-06-06 16:51:08","2","2","Culpa quos beatae tenetur delectus id. At doloribus earum similique voluptate corrupti itaque. Molestiae cum quod iusto quaerat deleniti sit minus.","Antarctica (the territory South of 60 deg S)","","Lake Rashawnstad","46420-2819","../fixtures/female8.jpg","../fixtures/female5.jpg","../fixtures/female6.jpg","","","17","6b21a8f456c55a90a1dbfdea211dcd50","2012-11-04 13:25:28","0","0","1985-07-18 07:22:24","1994-08-26 05:42:35");
INSERT INTO user_tag (user_id, tag_id) VALUES ("218","16");
INSERT INTO user_tag (user_id, tag_id) VALUES ("218","35");
INSERT INTO user_tag (user_id, tag_id) VALUES ("218","19");
INSERT INTO user_tag (user_id, tag_id) VALUES ("218","35");
INSERT INTO user_tag (user_id, tag_id) VALUES ("218","11");

INSERT INTO connected (user_id, connect_date) VALUES ("218","2017-06-09 16:34:29");
INSERT INTO likes (like_id, liked_id, like_date) VALUES ("29","218","2017-07-03 01:43:36");
INSERT INTO likes (like_id, liked_id, like_date) VALUES ("12","218","2018-01-03 10:34:05");
INSERT INTO likes (like_id, liked_id, like_date) VALUES ("409","218","2017-09-06 18:12:47");
INSERT INTO likes (like_id, liked_id, like_date) VALUES ("162","218","2017-04-23 16:52:05");
INSERT INTO likes (like_id, liked_id, like_date) VALUES ("30","218","2017-03-07 17:53:39");
INSERT INTO likes (like_id, liked_id, like_date) VALUES ("103","218","2017-12-17 20:15:10");
INSERT INTO likes (like_id, liked_id, like_date) VALUES ("95","218","2017-08-28 15:16:41");
INSERT INTO likes (like_id, liked_id, like_date) VALUES ("118","218","2018-01-16 12:14:45");
INSERT INTO likes (like_id, liked_id, like_date) VALUES ("119","218","2017-03-06 19:49:02");
INSERT INTO likes (like_id, liked_id, like_date) VALUES ("137","218","2017-09-14 11:02:04");
INSERT INTO likes (like_id, liked_id, like_date) VALUES ("12","218","2017-07-13 01:44:36");
INSERT INTO likes (like_id, liked_id, like_date) VALUES ("48","218","2017-08-18 22:04:55");
INSERT INTO likes (like_id, liked_id, like_date) VALUES ("103","218","2018-02-04 14:07:21");
INSERT INTO likes (like_id, liked_id, like_date) VALUES ("16","218","2017-04-21 12:07:02");
INSERT INTO likes (like_id, liked_id, like_date) VALUES ("20","218","2017-10-19 16:40:46");
INSERT INTO views (viewer_id, viewed_id, view_date) VALUES ("447","218","2017-05-16 00:22:59");
INSERT INTO views (viewer_id, viewed_id, view_date) VALUES ("247","218","2017-04-03 22:30:37");
INSERT INTO views (viewer_id, viewed_id, view_date) VALUES ("137","218","2017-10-09 10:25:06");
INSERT INTO views (viewer_id, viewed_id, view_date) VALUES ("453","218","2017-05-16 23:19:50");
INSERT INTO views (viewer_id, viewed_id, view_date) VALUES ("445","218","2017-08-06 16:26:43");
INSERT INTO views (viewer_id, viewed_id, view_date) VALUES ("243","218","2018-01-19 04:45:47");


INSERT INTO user (id, first_name, last_name, username, email, password, birthdate, gender, orientation, bio, country, state, city, zip, file_1, file_2, file_3, file_4, file_5, score, token, token_date, active, register, created_at, updated_at) VALUES ("219","Teagan","Stoltenberg","jacobsjuliana","jeromy.prosacco@hotmail.com","$2y$10$oEQBLo3BVbtViTyZMdPo6eWm6vjYEBbsSNEi9/RbjRhk56v1Ly8Ta","1956-02-05 07:13:13","2","2","Et non est et tempore. Aut sed dolorum earum fugiat rerum quasi. Id voluptatum ut quasi. Provident delectus veniam aut sunt exercitationem eum.","American Samoa","","Bednarshire","73192-0596","../fixtures/female7.jpg","","","","","60","d2b30b964bb804c20947196d4f539771","2013-03-12 17:22:44","1","1","1985-09-25 09:50:17","1975-06-28 17:57:34");
INSERT INTO user_tag (user_id, tag_id) VALUES ("219","34");
INSERT INTO user_tag (user_id, tag_id) VALUES ("219","1");
INSERT INTO user_tag (user_id, tag_id) VALUES ("219","32");
INSERT INTO user_tag (user_id, tag_id) VALUES ("219","50");
INSERT INTO user_tag (user_id, tag_id) VALUES ("219","31");
INSERT INTO user_tag (user_id, tag_id) VALUES ("219","5");
INSERT INTO user_tag (user_id, tag_id) VALUES ("219","7");
INSERT INTO user_tag (user_id, tag_id) VALUES ("219","48");
INSERT INTO user_tag (user_id, tag_id) VALUES ("219","48");
INSERT INTO user_tag (user_id, tag_id) VALUES ("219","7");
INSERT INTO user_tag (user_id, tag_id) VALUES ("219","16");
INSERT INTO user_tag (user_id, tag_id) VALUES ("219","30");
INSERT INTO user_tag (user_id, tag_id) VALUES ("219","14");

INSERT INTO connected (user_id, connect_date) VALUES ("219","2017-11-02 10:16:02");
INSERT INTO likes (like_id, liked_id, like_date) VALUES ("407","219","2017-10-02 21:48:33");
INSERT INTO likes (like_id, liked_id, like_date) VALUES ("223","219","2018-01-28 10:42:29");
INSERT INTO likes (like_id, liked_id, like_date) VALUES ("481","219","2017-12-06 09:20:54");
INSERT INTO likes (like_id, liked_id, like_date) VALUES ("356","219","2017-05-06 16:12:00");
INSERT INTO likes (like_id, liked_id, like_date) VALUES ("455","219","2017-06-16 14:24:17");
INSERT INTO likes (like_id, liked_id, like_date) VALUES ("444","219","2017-10-23 10:30:35");
INSERT INTO likes (like_id, liked_id, like_date) VALUES ("467","219","2017-06-18 16:39:28");
INSERT INTO likes (like_id, liked_id, like_date) VALUES ("295","219","2017-09-15 02:42:58");
INSERT INTO likes (like_id, liked_id, like_date) VALUES ("272","219","2017-05-23 04:10:06");
INSERT INTO likes (like_id, liked_id, like_date) VALUES ("251","219","2017-05-18 12:35:48");
INSERT INTO views (viewer_id, viewed_id, view_date) VALUES ("269","219","2017-06-05 01:47:56");
INSERT INTO views (viewer_id, viewed_id, view_date) VALUES ("93","219","2017-12-28 12:45:49");
INSERT INTO views (viewer_id, viewed_id, view_date) VALUES ("359","219","2017-12-29 02:20:00");
INSERT INTO views (viewer_id, viewed_id, view_date) VALUES ("39","219","2017-12-17 13:05:28");
INSERT INTO views (viewer_id, viewed_id, view_date) VALUES ("490","219","2017-07-25 22:43:32");
INSERT INTO views (viewer_id, viewed_id, view_date) VALUES ("441","219","2017-03-05 08:40:02");
INSERT INTO views (viewer_id, viewed_id, view_date) VALUES ("257","219","2017-10-03 08:28:10");
INSERT INTO views (viewer_id, viewed_id, view_date) VALUES ("400","219","2017-04-18 21:04:17");
INSERT INTO views (viewer_id, viewed_id, view_date) VALUES ("364","219","2017-05-10 07:57:41");
INSERT INTO views (viewer_id, viewed_id, view_date) VALUES ("48","219","2017-07-03 08:58:14");


INSERT INTO user (id, first_name, last_name, username, email, password, birthdate, gender, orientation, bio, country, state, city, zip, file_1, file_2, file_3, file_4, file_5, score, token, token_date, active, register, created_at, updated_at) VALUES ("220","Carrie","Hamill","mateo57","bertrand69@kerluke.com","$2y$10$Vhffwm6mJ84WgzfmGqCwTe6xaqwYqAzuf0B94tLGgY4pgVLBH.MQy","1971-09-23 14:55:57","1","1","Ad et tempora autem debitis expedita. Eius cum optio ut consequatur consequatur ab sint.","Bosnia and Herzegovina","","New Angie","64688-0200","../fixtures/male2.jpg","../fixtures/male8.jpg","../fixtures/male7.jpg","","","26","30fa8e2ced7b794882701f4b1b09ecc8","2012-10-13 11:16:12","1","1","1992-04-24 12:42:41","2002-04-25 18:06:04");
INSERT INTO user_tag (user_id, tag_id) VALUES ("220","30");
INSERT INTO user_tag (user_id, tag_id) VALUES ("220","21");
INSERT INTO user_tag (user_id, tag_id) VALUES ("220","41");
INSERT INTO user_tag (user_id, tag_id) VALUES ("220","2");
INSERT INTO user_tag (user_id, tag_id) VALUES ("220","35");
INSERT INTO user_tag (user_id, tag_id) VALUES ("220","41");
INSERT INTO user_tag (user_id, tag_id) VALUES ("220","47");

INSERT INTO connected (user_id, connect_date) VALUES ("220","2017-03-10 23:48:03");
INSERT INTO likes (like_id, liked_id, like_date) VALUES ("62","220","2017-06-27 07:33:24");
INSERT INTO likes (like_id, liked_id, like_date) VALUES ("382","220","2017-10-16 07:14:52");
INSERT INTO likes (like_id, liked_id, like_date) VALUES ("50","220","2017-03-25 23:44:38");
INSERT INTO likes (like_id, liked_id, like_date) VALUES ("495","220","2017-06-21 20:07:25");
INSERT INTO likes (like_id, liked_id, like_date) VALUES ("448","220","2017-09-09 03:17:00");
INSERT INTO likes (like_id, liked_id, like_date) VALUES ("323","220","2017-12-13 04:22:29");
INSERT INTO likes (like_id, liked_id, like_date) VALUES ("171","220","2017-10-08 09:32:14");
INSERT INTO likes (like_id, liked_id, like_date) VALUES ("491","220","2017-07-10 07:00:46");
INSERT INTO likes (like_id, liked_id, like_date) VALUES ("443","220","2018-01-27 11:46:50");
INSERT INTO likes (like_id, liked_id, like_date) VALUES ("414","220","2017-05-17 10:16:42");
INSERT INTO likes (like_id, liked_id, like_date) VALUES ("285","220","2017-07-20 23:58:55");
INSERT INTO likes (like_id, liked_id, like_date) VALUES ("404","220","2017-03-28 20:35:11");
INSERT INTO likes (like_id, liked_id, like_date) VALUES ("366","220","2017-07-23 19:48:03");
INSERT INTO likes (like_id, liked_id, like_date) VALUES ("431","220","2017-04-01 14:22:01");
INSERT INTO views (viewer_id, viewed_id, view_date) VALUES ("211","220","2017-06-05 13:36:38");
INSERT INTO views (viewer_id, viewed_id, view_date) VALUES ("457","220","2017-09-11 00:43:30");
INSERT INTO views (viewer_id, viewed_id, view_date) VALUES ("135","220","2017-11-21 14:06:41");
INSERT INTO views (viewer_id, viewed_id, view_date) VALUES ("232","220","2017-08-29 20:04:55");
INSERT INTO views (viewer_id, viewed_id, view_date) VALUES ("262","220","2017-03-11 07:29:48");


INSERT INTO user (id, first_name, last_name, username, email, password, birthdate, gender, orientation, bio, country, state, city, zip, file_1, file_2, file_3, file_4, file_5, score, token, token_date, active, register, created_at, updated_at) VALUES ("221","Cierra","Heathcote","aschamberger","imclaughlin@turcotte.biz","$2y$10$WGhxQoUZn593D9TctLfjUeAPQmrR3PLNzrUdTLHs2eulPhsy9T8Au","1962-03-18 03:35:21","2","3","Dolorem in minima maxime corrupti id et eum. Totam dolor omnis nesciunt temporibus quas sit dicta. Consequuntur non doloribus quos quod aut dolores.","Saint Kitts and Nevis","","Carrollstad","57923-2273","../fixtures/female2.jpg","../fixtures/female6.jpg","../fixtures/female4.jpg","","","89","ad705c3f7edae55d1792f01ac5ad3767","1984-08-15 07:50:46","1","0","1993-11-25 10:08:35","1987-10-13 08:15:55");
INSERT INTO user_tag (user_id, tag_id) VALUES ("221","38");
INSERT INTO user_tag (user_id, tag_id) VALUES ("221","1");
INSERT INTO user_tag (user_id, tag_id) VALUES ("221","35");

INSERT INTO connected (user_id, connect_date) VALUES ("221","2017-03-07 22:38:50");
INSERT INTO likes (like_id, liked_id, like_date) VALUES ("499","221","2017-12-25 05:34:31");
INSERT INTO likes (like_id, liked_id, like_date) VALUES ("103","221","2017-10-30 14:55:23");
INSERT INTO likes (like_id, liked_id, like_date) VALUES ("341","221","2017-08-07 02:05:24");
INSERT INTO likes (like_id, liked_id, like_date) VALUES ("170","221","2018-01-13 16:14:19");
INSERT INTO likes (like_id, liked_id, like_date) VALUES ("63","221","2017-04-18 01:16:29");
INSERT INTO likes (like_id, liked_id, like_date) VALUES ("182","221","2018-01-07 20:15:42");
INSERT INTO likes (like_id, liked_id, like_date) VALUES ("415","221","2017-04-20 13:31:45");
INSERT INTO likes (like_id, liked_id, like_date) VALUES ("26","221","2017-10-12 05:08:06");
INSERT INTO likes (like_id, liked_id, like_date) VALUES ("303","221","2017-05-28 12:41:11");
INSERT INTO likes (like_id, liked_id, like_date) VALUES ("226","221","2017-07-29 19:50:43");
INSERT INTO likes (like_id, liked_id, like_date) VALUES ("128","221","2017-03-15 00:23:21");
INSERT INTO likes (like_id, liked_id, like_date) VALUES ("52","221","2017-12-29 12:44:49");
INSERT INTO views (viewer_id, viewed_id, view_date) VALUES ("41","221","2017-09-27 03:15:11");
INSERT INTO views (viewer_id, viewed_id, view_date) VALUES ("114","221","2017-04-13 16:56:56");
INSERT INTO views (viewer_id, viewed_id, view_date) VALUES ("176","221","2018-01-04 06:24:52");
INSERT INTO views (viewer_id, viewed_id, view_date) VALUES ("288","221","2017-05-15 17:18:49");
INSERT INTO views (viewer_id, viewed_id, view_date) VALUES ("16","221","2018-01-09 13:06:46");
INSERT INTO views (viewer_id, viewed_id, view_date) VALUES ("328","221","2017-04-30 18:27:12");
INSERT INTO views (viewer_id, viewed_id, view_date) VALUES ("475","221","2017-10-23 23:40:44");
INSERT INTO views (viewer_id, viewed_id, view_date) VALUES ("143","221","2017-08-22 05:08:57");
INSERT INTO views (viewer_id, viewed_id, view_date) VALUES ("386","221","2017-09-11 19:03:55");
INSERT INTO views (viewer_id, viewed_id, view_date) VALUES ("85","221","2017-05-08 06:06:28");
INSERT INTO views (viewer_id, viewed_id, view_date) VALUES ("174","221","2017-07-09 16:57:25");
INSERT INTO views (viewer_id, viewed_id, view_date) VALUES ("90","221","2017-09-15 11:33:33");
INSERT INTO views (viewer_id, viewed_id, view_date) VALUES ("180","221","2017-04-17 01:24:06");
INSERT INTO views (viewer_id, viewed_id, view_date) VALUES ("122","221","2017-12-14 18:35:56");
INSERT INTO views (viewer_id, viewed_id, view_date) VALUES ("372","221","2017-11-15 09:39:13");
INSERT INTO views (viewer_id, viewed_id, view_date) VALUES ("450","221","2017-05-20 05:47:40");
INSERT INTO views (viewer_id, viewed_id, view_date) VALUES ("76","221","2018-01-29 18:58:30");
INSERT INTO views (viewer_id, viewed_id, view_date) VALUES ("407","221","2017-11-09 21:30:54");
INSERT INTO views (viewer_id, viewed_id, view_date) VALUES ("159","221","2017-03-23 16:50:25");
INSERT INTO views (viewer_id, viewed_id, view_date) VALUES ("271","221","2017-04-27 14:21:31");
INSERT INTO views (viewer_id, viewed_id, view_date) VALUES ("454","221","2018-02-11 03:03:17");
INSERT INTO views (viewer_id, viewed_id, view_date) VALUES ("296","221","2018-01-15 07:09:21");
INSERT INTO views (viewer_id, viewed_id, view_date) VALUES ("131","221","2017-04-06 06:24:41");
INSERT INTO views (viewer_id, viewed_id, view_date) VALUES ("236","221","2017-10-17 00:47:35");
INSERT INTO views (viewer_id, viewed_id, view_date) VALUES ("69","221","2017-03-31 14:50:15");
INSERT INTO views (viewer_id, viewed_id, view_date) VALUES ("466","221","2017-10-19 00:39:00");


INSERT INTO user (id, first_name, last_name, username, email, password, birthdate, gender, orientation, bio, country, state, city, zip, file_1, file_2, file_3, file_4, file_5, score, token, token_date, active, register, created_at, updated_at) VALUES ("222","Cathy","Will","johnsamparo","lillian72@yahoo.com","$2y$10$tkcalTcLxgQFs5Cw8R.mqOq83pJVdzmzVJQtjFTJH.AFPSsFRLSom","1959-07-12 13:49:17","1","1","Quaerat quisquam illum minima ad modi et quos non. Aut quis tempora animi tenetur molestiae expedita aut. Tempora sed iste rerum odio architecto aut omnis omnis. Laboriosam in illo debitis consequatur et non.","United States of America","","South Joannymouth","33359-7493","../fixtures/male5.jpg","../fixtures/male9.jpg","","","","61","30e3b276194bf072415d0ba855af759d","1993-03-21 19:45:00","1","0","1981-02-10 14:58:20","1972-04-12 05:10:03");
INSERT INTO user_tag (user_id, tag_id) VALUES ("222","40");
INSERT INTO user_tag (user_id, tag_id) VALUES ("222","22");
INSERT INTO user_tag (user_id, tag_id) VALUES ("222","49");
INSERT INTO user_tag (user_id, tag_id) VALUES ("222","14");
INSERT INTO user_tag (user_id, tag_id) VALUES ("222","20");
INSERT INTO user_tag (user_id, tag_id) VALUES ("222","31");
INSERT INTO user_tag (user_id, tag_id) VALUES ("222","40");
INSERT INTO user_tag (user_id, tag_id) VALUES ("222","34");
INSERT INTO user_tag (user_id, tag_id) VALUES ("222","3");
INSERT INTO user_tag (user_id, tag_id) VALUES ("222","25");

INSERT INTO connected (user_id, connect_date) VALUES ("222","2017-09-09 23:19:09");
INSERT INTO likes (like_id, liked_id, like_date) VALUES ("131","222","2017-10-19 10:22:01");
INSERT INTO likes (like_id, liked_id, like_date) VALUES ("242","222","2017-03-29 18:59:59");
INSERT INTO likes (like_id, liked_id, like_date) VALUES ("8","222","2017-09-06 22:45:03");
INSERT INTO likes (like_id, liked_id, like_date) VALUES ("31","222","2017-10-06 15:07:11");
INSERT INTO likes (like_id, liked_id, like_date) VALUES ("393","222","2017-10-31 11:11:27");
INSERT INTO likes (like_id, liked_id, like_date) VALUES ("235","222","2017-07-21 19:35:28");
INSERT INTO likes (like_id, liked_id, like_date) VALUES ("7","222","2017-03-14 20:59:44");
INSERT INTO views (viewer_id, viewed_id, view_date) VALUES ("11","222","2017-12-19 23:38:37");
INSERT INTO views (viewer_id, viewed_id, view_date) VALUES ("435","222","2017-05-17 01:23:39");
INSERT INTO views (viewer_id, viewed_id, view_date) VALUES ("179","222","2017-12-05 03:47:52");
INSERT INTO views (viewer_id, viewed_id, view_date) VALUES ("164","222","2017-07-17 01:02:28");
INSERT INTO views (viewer_id, viewed_id, view_date) VALUES ("359","222","2018-01-28 15:51:35");
INSERT INTO views (viewer_id, viewed_id, view_date) VALUES ("115","222","2017-09-16 01:59:02");
INSERT INTO views (viewer_id, viewed_id, view_date) VALUES ("397","222","2017-09-09 04:37:14");
INSERT INTO views (viewer_id, viewed_id, view_date) VALUES ("308","222","2018-01-18 13:23:27");
INSERT INTO views (viewer_id, viewed_id, view_date) VALUES ("71","222","2017-08-08 13:28:49");
INSERT INTO views (viewer_id, viewed_id, view_date) VALUES ("15","222","2017-10-19 23:07:20");
INSERT INTO views (viewer_id, viewed_id, view_date) VALUES ("243","222","2018-01-24 01:34:16");
INSERT INTO views (viewer_id, viewed_id, view_date) VALUES ("289","222","2018-02-10 13:35:45");
INSERT INTO views (viewer_id, viewed_id, view_date) VALUES ("70","222","2018-01-16 04:39:08");
INSERT INTO views (viewer_id, viewed_id, view_date) VALUES ("376","222","2017-06-13 07:12:19");
INSERT INTO views (viewer_id, viewed_id, view_date) VALUES ("484","222","2017-08-18 11:56:09");
INSERT INTO views (viewer_id, viewed_id, view_date) VALUES ("372","222","2017-11-09 17:37:20");
INSERT INTO views (viewer_id, viewed_id, view_date) VALUES ("105","222","2017-03-25 07:16:37");
INSERT INTO views (viewer_id, viewed_id, view_date) VALUES ("311","222","2017-06-13 17:03:17");
INSERT INTO views (viewer_id, viewed_id, view_date) VALUES ("385","222","2017-07-04 16:36:31");
INSERT INTO views (viewer_id, viewed_id, view_date) VALUES ("75","222","2017-12-21 05:24:54");
INSERT INTO views (viewer_id, viewed_id, view_date) VALUES ("215","222","2017-09-04 12:45:45");
INSERT INTO views (viewer_id, viewed_id, view_date) VALUES ("217","222","2017-06-27 19:00:35");
INSERT INTO views (viewer_id, viewed_id, view_date) VALUES ("226","222","2018-02-12 02:51:48");
INSERT INTO views (viewer_id, viewed_id, view_date) VALUES ("28","222","2017-09-18 01:09:30");
INSERT INTO views (viewer_id, viewed_id, view_date) VALUES ("61","222","2017-05-02 02:19:51");


INSERT INTO user (id, first_name, last_name, username, email, password, birthdate, gender, orientation, bio, country, state, city, zip, file_1, file_2, file_3, file_4, file_5, score, token, token_date, active, register, created_at, updated_at) VALUES ("223","Art","O'Keefe","colten12","ogrady@yahoo.com","$2y$10$SvNvLGIhXfqi58Tjl1Moq.dCw36i/aockvVdUczSilbfNd2UAkhoe","1948-04-22 12:47:39","2","2","Quam voluptates earum reprehenderit eum ad illum. Enim blanditiis maiores dignissimos soluta vel non. Voluptates ut illum tenetur esse illum.","Guatemala","","East Kiel","62154-5763","../fixtures/female9.jpg","../fixtures/female4.jpg","../fixtures/female5.jpg","../fixtures/female10.jpg","","98","a4742af72bdf9b5b21f65788bceb72e4","1993-11-14 16:15:30","1","0","2005-10-17 17:19:18","1973-04-11 08:21:14");
INSERT INTO user_tag (user_id, tag_id) VALUES ("223","37");
INSERT INTO user_tag (user_id, tag_id) VALUES ("223","36");
INSERT INTO user_tag (user_id, tag_id) VALUES ("223","35");
INSERT INTO user_tag (user_id, tag_id) VALUES ("223","28");
INSERT INTO user_tag (user_id, tag_id) VALUES ("223","49");
INSERT INTO user_tag (user_id, tag_id) VALUES ("223","7");
INSERT INTO user_tag (user_id, tag_id) VALUES ("223","17");
INSERT INTO user_tag (user_id, tag_id) VALUES ("223","3");
INSERT INTO user_tag (user_id, tag_id) VALUES ("223","2");
INSERT INTO user_tag (user_id, tag_id) VALUES ("223","40");
INSERT INTO user_tag (user_id, tag_id) VALUES ("223","41");
INSERT INTO user_tag (user_id, tag_id) VALUES ("223","27");
INSERT INTO user_tag (user_id, tag_id) VALUES ("223","46");
INSERT INTO user_tag (user_id, tag_id) VALUES ("223","14");
INSERT INTO user_tag (user_id, tag_id) VALUES ("223","28");

INSERT INTO connected (user_id, connect_date) VALUES ("223","2017-10-26 01:54:31");
INSERT INTO likes (like_id, liked_id, like_date) VALUES ("403","223","2018-02-07 02:31:31");
INSERT INTO likes (like_id, liked_id, like_date) VALUES ("242","223","2018-01-31 03:21:23");
INSERT INTO likes (like_id, liked_id, like_date) VALUES ("255","223","2018-01-06 15:40:20");
INSERT INTO likes (like_id, liked_id, like_date) VALUES ("388","223","2017-05-27 18:22:19");
INSERT INTO likes (like_id, liked_id, like_date) VALUES ("367","223","2017-11-20 01:27:40");
INSERT INTO likes (like_id, liked_id, like_date) VALUES ("227","223","2017-10-29 03:23:47");
INSERT INTO likes (like_id, liked_id, like_date) VALUES ("161","223","2017-06-12 18:32:04");
INSERT INTO likes (like_id, liked_id, like_date) VALUES ("156","223","2017-03-22 13:10:34");
INSERT INTO likes (like_id, liked_id, like_date) VALUES ("157","223","2017-06-12 13:04:09");
INSERT INTO likes (like_id, liked_id, like_date) VALUES ("442","223","2017-11-07 09:20:41");
INSERT INTO likes (like_id, liked_id, like_date) VALUES ("490","223","2017-03-15 03:02:41");
INSERT INTO likes (like_id, liked_id, like_date) VALUES ("482","223","2017-04-01 21:56:23");
INSERT INTO likes (like_id, liked_id, like_date) VALUES ("381","223","2017-05-18 19:46:31");
INSERT INTO likes (like_id, liked_id, like_date) VALUES ("295","223","2017-10-19 14:24:27");
INSERT INTO likes (like_id, liked_id, like_date) VALUES ("261","223","2017-06-04 20:50:17");
INSERT INTO likes (like_id, liked_id, like_date) VALUES ("272","223","2017-05-22 05:27:40");
INSERT INTO views (viewer_id, viewed_id, view_date) VALUES ("42","223","2017-02-21 06:56:31");
INSERT INTO views (viewer_id, viewed_id, view_date) VALUES ("261","223","2017-09-22 14:35:11");
INSERT INTO views (viewer_id, viewed_id, view_date) VALUES ("148","223","2017-07-21 08:50:27");
INSERT INTO views (viewer_id, viewed_id, view_date) VALUES ("162","223","2018-01-17 15:01:06");
INSERT INTO views (viewer_id, viewed_id, view_date) VALUES ("356","223","2017-11-21 19:59:32");
INSERT INTO views (viewer_id, viewed_id, view_date) VALUES ("179","223","2017-11-13 01:37:58");
INSERT INTO views (viewer_id, viewed_id, view_date) VALUES ("139","223","2018-02-12 18:26:36");
INSERT INTO views (viewer_id, viewed_id, view_date) VALUES ("57","223","2018-01-21 11:53:04");
INSERT INTO views (viewer_id, viewed_id, view_date) VALUES ("119","223","2017-07-04 19:21:34");
INSERT INTO views (viewer_id, viewed_id, view_date) VALUES ("269","223","2017-02-20 14:53:24");
INSERT INTO views (viewer_id, viewed_id, view_date) VALUES ("168","223","2018-01-22 15:09:08");
INSERT INTO views (viewer_id, viewed_id, view_date) VALUES ("97","223","2017-04-01 12:25:02");
INSERT INTO views (viewer_id, viewed_id, view_date) VALUES ("122","223","2017-06-24 07:47:46");
INSERT INTO views (viewer_id, viewed_id, view_date) VALUES ("140","223","2018-01-08 04:35:53");
INSERT INTO views (viewer_id, viewed_id, view_date) VALUES ("431","223","2018-01-15 08:11:25");
INSERT INTO views (viewer_id, viewed_id, view_date) VALUES ("1","223","2017-09-05 13:26:43");
INSERT INTO views (viewer_id, viewed_id, view_date) VALUES ("216","223","2017-12-08 21:03:48");
INSERT INTO views (viewer_id, viewed_id, view_date) VALUES ("301","223","2018-01-23 23:52:53");
INSERT INTO views (viewer_id, viewed_id, view_date) VALUES ("25","223","2017-05-08 09:50:55");
INSERT INTO views (viewer_id, viewed_id, view_date) VALUES ("493","223","2017-04-01 07:52:28");
INSERT INTO views (viewer_id, viewed_id, view_date) VALUES ("441","223","2017-03-22 22:14:30");


INSERT INTO user (id, first_name, last_name, username, email, password, birthdate, gender, orientation, bio, country, state, city, zip, file_1, file_2, file_3, file_4, file_5, score, token, token_date, active, register, created_at, updated_at) VALUES ("224","Melba","Prohaska","gerholdlinnie","liam82@adams.org","$2y$10$.F/dVw7VoOB6.Y/pEppdn.9B4jA1MfHOflbxjdptjh4mD2eWlarm6","1967-11-12 16:28:03","2","3","Tempore vel sequi velit officia iste beatae omnis. Repudiandae quisquam alias velit ut iusto. Ut delectus ut qui nesciunt quidem. Quaerat ut quis perspiciatis cumque quia tenetur ut.","Christmas Island","","Floydstad","09722","../fixtures/female6.jpg","../fixtures/female2.jpg","../fixtures/female10.jpg","","","74","eb0e3270486a66b59d158c925c88bcbe","1990-10-10 15:40:57","1","1","1990-12-21 09:26:16","1976-01-23 22:43:07");
INSERT INTO user_tag (user_id, tag_id) VALUES ("224","41");
INSERT INTO user_tag (user_id, tag_id) VALUES ("224","34");
INSERT INTO user_tag (user_id, tag_id) VALUES ("224","7");
INSERT INTO user_tag (user_id, tag_id) VALUES ("224","38");
INSERT INTO user_tag (user_id, tag_id) VALUES ("224","50");
INSERT INTO user_tag (user_id, tag_id) VALUES ("224","31");
INSERT INTO user_tag (user_id, tag_id) VALUES ("224","18");
INSERT INTO user_tag (user_id, tag_id) VALUES ("224","7");

INSERT INTO connected (user_id, connect_date) VALUES ("224","2017-09-05 07:56:27");
INSERT INTO likes (like_id, liked_id, like_date) VALUES ("276","224","2017-08-29 02:10:13");
INSERT INTO likes (like_id, liked_id, like_date) VALUES ("51","224","2017-05-01 11:49:23");
INSERT INTO likes (like_id, liked_id, like_date) VALUES ("219","224","2017-08-16 22:55:11");
INSERT INTO likes (like_id, liked_id, like_date) VALUES ("14","224","2018-01-16 05:47:32");
INSERT INTO likes (like_id, liked_id, like_date) VALUES ("262","224","2017-04-03 00:35:52");
INSERT INTO likes (like_id, liked_id, like_date) VALUES ("83","224","2017-09-21 07:02:30");
INSERT INTO likes (like_id, liked_id, like_date) VALUES ("162","224","2017-04-20 13:46:20");
INSERT INTO likes (like_id, liked_id, like_date) VALUES ("347","224","2017-03-04 14:17:52");
INSERT INTO likes (like_id, liked_id, like_date) VALUES ("109","224","2017-04-29 03:07:54");
INSERT INTO likes (like_id, liked_id, like_date) VALUES ("383","224","2017-05-18 15:04:19");
INSERT INTO likes (like_id, liked_id, like_date) VALUES ("410","224","2017-08-06 05:22:25");
INSERT INTO likes (like_id, liked_id, like_date) VALUES ("454","224","2017-10-12 21:18:50");
INSERT INTO likes (like_id, liked_id, like_date) VALUES ("390","224","2017-06-14 00:24:23");
INSERT INTO likes (like_id, liked_id, like_date) VALUES ("459","224","2017-10-17 11:01:32");
INSERT INTO views (viewer_id, viewed_id, view_date) VALUES ("343","224","2017-12-21 10:58:06");
INSERT INTO views (viewer_id, viewed_id, view_date) VALUES ("457","224","2017-07-09 20:44:40");
INSERT INTO views (viewer_id, viewed_id, view_date) VALUES ("150","224","2017-04-11 04:40:05");
INSERT INTO views (viewer_id, viewed_id, view_date) VALUES ("164","224","2018-01-24 18:54:23");
INSERT INTO views (viewer_id, viewed_id, view_date) VALUES ("39","224","2017-10-26 21:29:13");
INSERT INTO views (viewer_id, viewed_id, view_date) VALUES ("372","224","2017-11-20 13:42:52");
INSERT INTO views (viewer_id, viewed_id, view_date) VALUES ("367","224","2017-06-22 11:57:08");
INSERT INTO views (viewer_id, viewed_id, view_date) VALUES ("453","224","2017-11-30 23:05:01");
INSERT INTO views (viewer_id, viewed_id, view_date) VALUES ("495","224","2017-05-31 15:22:49");


INSERT INTO user (id, first_name, last_name, username, email, password, birthdate, gender, orientation, bio, country, state, city, zip, file_1, file_2, file_3, file_4, file_5, score, token, token_date, active, register, created_at, updated_at) VALUES ("225","Kira","Gottlieb","albin92","ila42@hagenes.info","$2y$10$N03RDLnHge87pxGfNfaYPeNPR6nvrti0.CAVpndX81UadF3XSxzmC","1960-03-31 13:24:11","1","2","Cum dolores molestiae accusantium dolores doloribus corrupti. Doloribus inventore aut alias adipisci dolorem tempora commodi. Sit veniam facilis eveniet ut voluptatibus ratione maxime. Est id cupiditate quaerat culpa quos.","Armenia","","North Mitchel","84207","../fixtures/male10.jpg","../fixtures/male6.jpg","../fixtures/male3.jpg","../fixtures/male10.jpg","../fixtures/male2.jpg","35","95556d830074cf16927c31ac2e77599d","1997-02-22 00:31:36","1","1","1982-08-22 10:04:58","1985-12-10 13:10:56");
INSERT INTO user_tag (user_id, tag_id) VALUES ("225","3");
INSERT INTO user_tag (user_id, tag_id) VALUES ("225","2");
INSERT INTO user_tag (user_id, tag_id) VALUES ("225","36");
INSERT INTO user_tag (user_id, tag_id) VALUES ("225","4");
INSERT INTO user_tag (user_id, tag_id) VALUES ("225","23");
INSERT INTO user_tag (user_id, tag_id) VALUES ("225","12");
INSERT INTO user_tag (user_id, tag_id) VALUES ("225","40");
INSERT INTO user_tag (user_id, tag_id) VALUES ("225","15");
INSERT INTO user_tag (user_id, tag_id) VALUES ("225","48");
INSERT INTO user_tag (user_id, tag_id) VALUES ("225","11");
INSERT INTO user_tag (user_id, tag_id) VALUES ("225","31");
INSERT INTO user_tag (user_id, tag_id) VALUES ("225","4");

INSERT INTO connected (user_id, connect_date) VALUES ("225","2017-05-24 07:54:12");
INSERT INTO likes (like_id, liked_id, like_date) VALUES ("80","225","2017-10-02 23:54:51");
INSERT INTO likes (like_id, liked_id, like_date) VALUES ("126","225","2017-10-11 03:29:36");
INSERT INTO likes (like_id, liked_id, like_date) VALUES ("278","225","2017-06-16 20:39:21");
INSERT INTO likes (like_id, liked_id, like_date) VALUES ("358","225","2017-07-07 16:03:00");
INSERT INTO likes (like_id, liked_id, like_date) VALUES ("446","225","2017-09-03 15:06:14");
INSERT INTO likes (like_id, liked_id, like_date) VALUES ("167","225","2017-10-24 06:36:34");
INSERT INTO likes (like_id, liked_id, like_date) VALUES ("212","225","2017-03-10 08:14:14");
INSERT INTO likes (like_id, liked_id, like_date) VALUES ("442","225","2017-04-16 17:24:05");
INSERT INTO likes (like_id, liked_id, like_date) VALUES ("220","225","2017-09-15 07:32:15");
INSERT INTO likes (like_id, liked_id, like_date) VALUES ("438","225","2018-02-06 10:13:18");
INSERT INTO likes (like_id, liked_id, like_date) VALUES ("354","225","2017-09-23 22:44:06");
INSERT INTO likes (like_id, liked_id, like_date) VALUES ("473","225","2017-09-23 15:16:27");
INSERT INTO likes (like_id, liked_id, like_date) VALUES ("489","225","2018-01-02 14:38:56");
INSERT INTO likes (like_id, liked_id, like_date) VALUES ("188","225","2017-02-26 06:02:22");
INSERT INTO likes (like_id, liked_id, like_date) VALUES ("390","225","2017-11-24 11:03:00");
INSERT INTO likes (like_id, liked_id, like_date) VALUES ("236","225","2017-05-06 10:29:37");
INSERT INTO likes (like_id, liked_id, like_date) VALUES ("144","225","2017-07-15 10:30:44");
INSERT INTO likes (like_id, liked_id, like_date) VALUES ("491","225","2017-08-09 14:11:02");
INSERT INTO likes (like_id, liked_id, like_date) VALUES ("80","225","2017-04-12 02:39:09");
INSERT INTO likes (like_id, liked_id, like_date) VALUES ("148","225","2018-02-14 20:58:45");
INSERT INTO views (viewer_id, viewed_id, view_date) VALUES ("210","225","2017-04-18 09:10:15");
INSERT INTO views (viewer_id, viewed_id, view_date) VALUES ("398","225","2017-04-04 06:52:19");
INSERT INTO views (viewer_id, viewed_id, view_date) VALUES ("39","225","2017-09-16 15:13:07");
INSERT INTO views (viewer_id, viewed_id, view_date) VALUES ("56","225","2017-06-14 11:40:56");
INSERT INTO views (viewer_id, viewed_id, view_date) VALUES ("405","225","2017-05-19 09:50:45");
INSERT INTO views (viewer_id, viewed_id, view_date) VALUES ("104","225","2018-01-07 15:18:05");
INSERT INTO views (viewer_id, viewed_id, view_date) VALUES ("499","225","2017-07-19 17:38:26");
INSERT INTO views (viewer_id, viewed_id, view_date) VALUES ("274","225","2018-01-09 17:16:53");
INSERT INTO views (viewer_id, viewed_id, view_date) VALUES ("354","225","2017-07-10 17:22:30");
INSERT INTO views (viewer_id, viewed_id, view_date) VALUES ("329","225","2017-06-13 02:38:11");
INSERT INTO views (viewer_id, viewed_id, view_date) VALUES ("147","225","2017-07-26 15:30:00");
INSERT INTO views (viewer_id, viewed_id, view_date) VALUES ("190","225","2017-12-05 17:00:50");
INSERT INTO views (viewer_id, viewed_id, view_date) VALUES ("135","225","2017-03-18 00:34:41");
INSERT INTO views (viewer_id, viewed_id, view_date) VALUES ("302","225","2017-02-20 20:20:13");


INSERT INTO user (id, first_name, last_name, username, email, password, birthdate, gender, orientation, bio, country, state, city, zip, file_1, file_2, file_3, file_4, file_5, score, token, token_date, active, register, created_at, updated_at) VALUES ("226","Tia","Schuppe","alfordbogisich","kuhic.lavinia@yahoo.com","$2y$10$vTJlnbvBTRkKQnW74DOIZuu.celVGQRVVCcDwpYVcC/c6uj.V0HHK","1963-04-20 10:13:45","2","2","Totam tempora nam aut dolor quia. Consequatur exercitationem at animi delectus voluptate ea. Ipsam vero cum nihil occaecati esse iure. Qui fuga illum dignissimos quia. Sapiente quia provident velit.","Djibouti","","South Norbertochester","20311","../fixtures/female2.jpg","../fixtures/female1.jpg","../fixtures/female10.jpg","../fixtures/female9.jpg","../fixtures/female3.jpg","11","925949ff1fa184218be13c9627dacbca","2007-07-08 12:18:10","1","1","2007-12-18 22:45:09","1989-03-05 00:38:15");
INSERT INTO user_tag (user_id, tag_id) VALUES ("226","22");
INSERT INTO user_tag (user_id, tag_id) VALUES ("226","7");
INSERT INTO user_tag (user_id, tag_id) VALUES ("226","2");
INSERT INTO user_tag (user_id, tag_id) VALUES ("226","7");
INSERT INTO user_tag (user_id, tag_id) VALUES ("226","2");

INSERT INTO connected (user_id, connect_date) VALUES ("226","2017-06-22 11:28:14");
INSERT INTO likes (like_id, liked_id, like_date) VALUES ("454","226","2017-03-08 14:14:39");
INSERT INTO likes (like_id, liked_id, like_date) VALUES ("395","226","2018-01-15 07:31:59");
INSERT INTO likes (like_id, liked_id, like_date) VALUES ("368","226","2018-02-12 02:20:34");
INSERT INTO likes (like_id, liked_id, like_date) VALUES ("262","226","2017-06-28 05:04:04");
INSERT INTO likes (like_id, liked_id, like_date) VALUES ("64","226","2017-05-25 13:24:32");
INSERT INTO likes (like_id, liked_id, like_date) VALUES ("214","226","2017-05-22 13:17:49");
INSERT INTO likes (like_id, liked_id, like_date) VALUES ("4","226","2017-04-29 04:41:29");
INSERT INTO likes (like_id, liked_id, like_date) VALUES ("282","226","2017-08-02 14:56:39");
INSERT INTO likes (like_id, liked_id, like_date) VALUES ("303","226","2018-01-24 07:16:16");
INSERT INTO views (viewer_id, viewed_id, view_date) VALUES ("403","226","2017-04-26 16:57:38");
INSERT INTO views (viewer_id, viewed_id, view_date) VALUES ("249","226","2017-03-29 05:21:12");
INSERT INTO views (viewer_id, viewed_id, view_date) VALUES ("333","226","2017-11-26 07:44:25");
INSERT INTO views (viewer_id, viewed_id, view_date) VALUES ("230","226","2017-05-24 01:03:40");
INSERT INTO views (viewer_id, viewed_id, view_date) VALUES ("364","226","2017-03-27 14:25:05");
INSERT INTO views (viewer_id, viewed_id, view_date) VALUES ("28","226","2017-04-10 13:49:18");
INSERT INTO views (viewer_id, viewed_id, view_date) VALUES ("82","226","2017-07-16 18:21:53");
INSERT INTO views (viewer_id, viewed_id, view_date) VALUES ("113","226","2017-08-19 21:21:52");
INSERT INTO views (viewer_id, viewed_id, view_date) VALUES ("226","226","2017-05-06 20:32:34");
INSERT INTO views (viewer_id, viewed_id, view_date) VALUES ("325","226","2017-07-29 20:15:23");


INSERT INTO user (id, first_name, last_name, username, email, password, birthdate, gender, orientation, bio, country, state, city, zip, file_1, file_2, file_3, file_4, file_5, score, token, token_date, active, register, created_at, updated_at) VALUES ("227","Carlo","Weissnat","annamaehauck","xwillms@yahoo.com","$2y$10$UQrvObWDh0foveLZ1eZXNunhfewOjVPpAd2YeRwPl1VcBxDiXrK2W","1998-03-07 11:53:56","1","1","Tempore eum sunt nihil. Qui consequatur perspiciatis facere nihil adipisci qui. Quo culpa quis sit et doloremque dolorem. Explicabo vel molestias optio enim doloribus.","Cayman Islands","","Helgashire","93443","../fixtures/male9.jpg","../fixtures/male9.jpg","../fixtures/male1.jpg","","","19","81a93e64a3204c25329423fc61775e24","1975-03-19 18:14:27","1","0","1985-07-22 14:22:49","2005-09-06 12:56:02");
INSERT INTO user_tag (user_id, tag_id) VALUES ("227","20");
INSERT INTO user_tag (user_id, tag_id) VALUES ("227","48");
INSERT INTO user_tag (user_id, tag_id) VALUES ("227","17");
INSERT INTO user_tag (user_id, tag_id) VALUES ("227","12");
INSERT INTO user_tag (user_id, tag_id) VALUES ("227","15");
INSERT INTO user_tag (user_id, tag_id) VALUES ("227","34");
INSERT INTO user_tag (user_id, tag_id) VALUES ("227","45");
INSERT INTO user_tag (user_id, tag_id) VALUES ("227","33");
INSERT INTO user_tag (user_id, tag_id) VALUES ("227","44");

INSERT INTO connected (user_id, connect_date) VALUES ("227","2017-05-23 01:42:22");
INSERT INTO likes (like_id, liked_id, like_date) VALUES ("146","227","2017-04-25 00:34:23");
INSERT INTO likes (like_id, liked_id, like_date) VALUES ("367","227","2017-03-12 23:03:57");
INSERT INTO likes (like_id, liked_id, like_date) VALUES ("323","227","2017-11-23 20:25:46");
INSERT INTO likes (like_id, liked_id, like_date) VALUES ("488","227","2017-05-18 23:25:31");
INSERT INTO likes (like_id, liked_id, like_date) VALUES ("407","227","2017-09-25 06:57:09");
INSERT INTO likes (like_id, liked_id, like_date) VALUES ("449","227","2017-05-04 01:48:19");
INSERT INTO likes (like_id, liked_id, like_date) VALUES ("168","227","2017-03-30 09:26:31");
INSERT INTO likes (like_id, liked_id, like_date) VALUES ("27","227","2017-12-31 19:59:11");
INSERT INTO likes (like_id, liked_id, like_date) VALUES ("77","227","2018-01-27 02:05:12");
INSERT INTO views (viewer_id, viewed_id, view_date) VALUES ("330","227","2017-07-07 10:45:53");
INSERT INTO views (viewer_id, viewed_id, view_date) VALUES ("107","227","2017-08-16 10:59:21");
INSERT INTO views (viewer_id, viewed_id, view_date) VALUES ("137","227","2017-06-24 16:15:03");
INSERT INTO views (viewer_id, viewed_id, view_date) VALUES ("102","227","2018-01-09 10:08:19");
INSERT INTO views (viewer_id, viewed_id, view_date) VALUES ("382","227","2017-05-31 14:40:30");
INSERT INTO views (viewer_id, viewed_id, view_date) VALUES ("461","227","2017-09-19 14:21:42");
INSERT INTO views (viewer_id, viewed_id, view_date) VALUES ("415","227","2017-06-04 18:03:28");
INSERT INTO views (viewer_id, viewed_id, view_date) VALUES ("337","227","2017-08-14 00:05:56");
INSERT INTO views (viewer_id, viewed_id, view_date) VALUES ("359","227","2017-11-26 21:47:30");
INSERT INTO views (viewer_id, viewed_id, view_date) VALUES ("211","227","2017-06-20 21:39:35");
INSERT INTO views (viewer_id, viewed_id, view_date) VALUES ("206","227","2017-07-16 07:46:13");
INSERT INTO views (viewer_id, viewed_id, view_date) VALUES ("290","227","2017-04-06 23:58:07");
INSERT INTO views (viewer_id, viewed_id, view_date) VALUES ("71","227","2018-01-03 15:21:18");
INSERT INTO views (viewer_id, viewed_id, view_date) VALUES ("462","227","2017-03-12 22:24:39");
INSERT INTO views (viewer_id, viewed_id, view_date) VALUES ("179","227","2017-05-10 23:20:02");
INSERT INTO views (viewer_id, viewed_id, view_date) VALUES ("177","227","2018-01-21 13:46:01");
INSERT INTO views (viewer_id, viewed_id, view_date) VALUES ("78","227","2017-06-26 14:00:43");
INSERT INTO views (viewer_id, viewed_id, view_date) VALUES ("21","227","2017-12-09 15:19:28");
INSERT INTO views (viewer_id, viewed_id, view_date) VALUES ("17","227","2017-08-15 22:57:29");
INSERT INTO views (viewer_id, viewed_id, view_date) VALUES ("271","227","2017-07-08 23:49:25");
INSERT INTO views (viewer_id, viewed_id, view_date) VALUES ("409","227","2017-03-23 21:28:15");
INSERT INTO views (viewer_id, viewed_id, view_date) VALUES ("235","227","2017-11-24 01:35:55");
INSERT INTO views (viewer_id, viewed_id, view_date) VALUES ("487","227","2017-03-17 00:54:35");
INSERT INTO views (viewer_id, viewed_id, view_date) VALUES ("178","227","2017-10-01 16:50:43");
INSERT INTO views (viewer_id, viewed_id, view_date) VALUES ("348","227","2017-06-07 16:57:11");


INSERT INTO user (id, first_name, last_name, username, email, password, birthdate, gender, orientation, bio, country, state, city, zip, file_1, file_2, file_3, file_4, file_5, score, token, token_date, active, register, created_at, updated_at) VALUES ("228","Marielle","Hermann","christopher52","maggio.verda@thiel.com","$2y$10$DRyVOIF8LwqtOPvKCn/vye.J7BmCXu6iWcjD6SLyqAIkknxVVnz6y","1995-10-15 16:17:16","1","3","Repellendus ratione cupiditate quia deserunt occaecati aperiam. Minus id quibusdam ab nam non vero. At aut qui eos minima voluptas voluptatibus eos.","Somalia","","Mayrachester","77516-3792","../fixtures/male8.jpg","../fixtures/male4.jpg","../fixtures/male10.jpg","../fixtures/male7.jpg","","94","6e2aa83c46344399fa024793876ca984","1977-04-01 22:51:39","0","0","1978-09-23 07:24:57","1986-02-12 21:31:00");
INSERT INTO user_tag (user_id, tag_id) VALUES ("228","18");

INSERT INTO connected (user_id, connect_date) VALUES ("228","2017-12-21 22:07:26");
INSERT INTO likes (like_id, liked_id, like_date) VALUES ("475","228","2017-11-06 12:45:21");
INSERT INTO likes (like_id, liked_id, like_date) VALUES ("449","228","2017-08-18 21:44:38");
INSERT INTO likes (like_id, liked_id, like_date) VALUES ("252","228","2017-08-27 00:05:43");
INSERT INTO likes (like_id, liked_id, like_date) VALUES ("460","228","2017-10-03 07:14:03");
INSERT INTO likes (like_id, liked_id, like_date) VALUES ("334","228","2017-05-09 03:21:24");
INSERT INTO likes (like_id, liked_id, like_date) VALUES ("189","228","2017-10-04 14:23:03");
INSERT INTO likes (like_id, liked_id, like_date) VALUES ("466","228","2017-11-03 07:52:36");
INSERT INTO likes (like_id, liked_id, like_date) VALUES ("389","228","2017-09-25 10:01:41");
INSERT INTO likes (like_id, liked_id, like_date) VALUES ("184","228","2017-12-10 14:08:38");
INSERT INTO likes (like_id, liked_id, like_date) VALUES ("474","228","2017-04-14 20:34:24");
INSERT INTO likes (like_id, liked_id, like_date) VALUES ("163","228","2017-09-05 03:55:54");
INSERT INTO likes (like_id, liked_id, like_date) VALUES ("422","228","2017-10-02 11:03:27");
INSERT INTO likes (like_id, liked_id, like_date) VALUES ("401","228","2017-09-18 13:32:28");
INSERT INTO likes (like_id, liked_id, like_date) VALUES ("357","228","2017-08-22 03:34:31");
INSERT INTO likes (like_id, liked_id, like_date) VALUES ("282","228","2017-05-29 00:55:52");
INSERT INTO views (viewer_id, viewed_id, view_date) VALUES ("394","228","2017-08-09 12:16:55");
INSERT INTO views (viewer_id, viewed_id, view_date) VALUES ("155","228","2017-12-27 04:34:01");
INSERT INTO views (viewer_id, viewed_id, view_date) VALUES ("180","228","2017-02-25 20:04:04");
INSERT INTO views (viewer_id, viewed_id, view_date) VALUES ("42","228","2017-06-16 13:28:54");
INSERT INTO views (viewer_id, viewed_id, view_date) VALUES ("96","228","2017-04-08 23:00:34");
INSERT INTO views (viewer_id, viewed_id, view_date) VALUES ("147","228","2017-06-17 20:17:10");
INSERT INTO views (viewer_id, viewed_id, view_date) VALUES ("255","228","2017-11-24 19:30:28");
INSERT INTO views (viewer_id, viewed_id, view_date) VALUES ("184","228","2018-02-01 15:04:18");
INSERT INTO views (viewer_id, viewed_id, view_date) VALUES ("29","228","2017-07-21 11:07:59");
INSERT INTO views (viewer_id, viewed_id, view_date) VALUES ("11","228","2017-11-01 09:21:11");
INSERT INTO views (viewer_id, viewed_id, view_date) VALUES ("114","228","2017-10-26 22:37:22");


INSERT INTO user (id, first_name, last_name, username, email, password, birthdate, gender, orientation, bio, country, state, city, zip, file_1, file_2, file_3, file_4, file_5, score, token, token_date, active, register, created_at, updated_at) VALUES ("229","Estell","Hills","casandra35","glenda51@hotmail.com","$2y$10$v1KgI1mUD2a1RVRUdxMcc.wvnvoceaTCwt2qfMtneD1tAbVUTLEr.","1959-12-11 01:55:46","2","1","A amet aut corrupti deserunt illo. Ullam quidem nulla sunt tempora.","Norfolk Island","","Erlingchester","47479-7374","../fixtures/female2.jpg","../fixtures/female8.jpg","../fixtures/female9.jpg","../fixtures/female7.jpg","","61","e5a0b4aadcdf52523cead6c5132c4fe3","1994-10-19 21:34:33","1","0","1973-08-24 23:46:18","1985-12-21 01:17:22");
INSERT INTO user_tag (user_id, tag_id) VALUES ("229","45");
INSERT INTO user_tag (user_id, tag_id) VALUES ("229","35");
INSERT INTO user_tag (user_id, tag_id) VALUES ("229","46");
INSERT INTO user_tag (user_id, tag_id) VALUES ("229","44");
INSERT INTO user_tag (user_id, tag_id) VALUES ("229","42");

INSERT INTO connected (user_id, connect_date) VALUES ("229","2018-02-07 02:34:33");
INSERT INTO likes (like_id, liked_id, like_date) VALUES ("383","229","2017-05-11 17:03:02");
INSERT INTO likes (like_id, liked_id, like_date) VALUES ("428","229","2017-02-16 06:03:22");
INSERT INTO likes (like_id, liked_id, like_date) VALUES ("234","229","2017-06-02 09:56:25");
INSERT INTO likes (like_id, liked_id, like_date) VALUES ("217","229","2017-10-20 08:16:03");
INSERT INTO likes (like_id, liked_id, like_date) VALUES ("396","229","2017-06-23 22:56:44");
INSERT INTO likes (like_id, liked_id, like_date) VALUES ("414","229","2017-06-20 12:00:31");
INSERT INTO likes (like_id, liked_id, like_date) VALUES ("18","229","2017-11-15 21:25:10");
INSERT INTO likes (like_id, liked_id, like_date) VALUES ("157","229","2017-06-09 07:32:32");
INSERT INTO likes (like_id, liked_id, like_date) VALUES ("424","229","2017-06-22 11:28:24");
INSERT INTO likes (like_id, liked_id, like_date) VALUES ("238","229","2017-05-27 06:54:32");
INSERT INTO likes (like_id, liked_id, like_date) VALUES ("455","229","2017-05-17 16:36:17");
INSERT INTO likes (like_id, liked_id, like_date) VALUES ("132","229","2017-11-24 22:40:03");
INSERT INTO likes (like_id, liked_id, like_date) VALUES ("90","229","2018-01-17 03:50:53");
INSERT INTO likes (like_id, liked_id, like_date) VALUES ("396","229","2017-11-28 17:45:02");
INSERT INTO likes (like_id, liked_id, like_date) VALUES ("340","229","2018-01-29 15:35:33");
INSERT INTO likes (like_id, liked_id, like_date) VALUES ("16","229","2017-10-20 07:33:15");
INSERT INTO likes (like_id, liked_id, like_date) VALUES ("297","229","2018-01-07 16:19:43");
INSERT INTO views (viewer_id, viewed_id, view_date) VALUES ("50","229","2017-06-24 13:23:54");
INSERT INTO views (viewer_id, viewed_id, view_date) VALUES ("79","229","2017-04-20 11:09:21");
INSERT INTO views (viewer_id, viewed_id, view_date) VALUES ("485","229","2017-11-30 13:17:46");
INSERT INTO views (viewer_id, viewed_id, view_date) VALUES ("479","229","2017-10-03 15:24:06");
INSERT INTO views (viewer_id, viewed_id, view_date) VALUES ("64","229","2017-03-11 01:07:52");
INSERT INTO views (viewer_id, viewed_id, view_date) VALUES ("299","229","2017-07-07 04:46:16");
INSERT INTO views (viewer_id, viewed_id, view_date) VALUES ("143","229","2017-05-19 08:43:06");
INSERT INTO views (viewer_id, viewed_id, view_date) VALUES ("71","229","2017-03-16 20:46:53");
INSERT INTO views (viewer_id, viewed_id, view_date) VALUES ("500","229","2017-11-09 04:20:32");
INSERT INTO views (viewer_id, viewed_id, view_date) VALUES ("365","229","2017-09-18 23:30:04");
INSERT INTO views (viewer_id, viewed_id, view_date) VALUES ("376","229","2018-01-29 23:17:45");
INSERT INTO views (viewer_id, viewed_id, view_date) VALUES ("431","229","2017-10-27 12:07:20");
INSERT INTO views (viewer_id, viewed_id, view_date) VALUES ("491","229","2017-11-13 16:32:42");
INSERT INTO views (viewer_id, viewed_id, view_date) VALUES ("17","229","2018-02-01 22:21:44");


INSERT INTO user (id, first_name, last_name, username, email, password, birthdate, gender, orientation, bio, country, state, city, zip, file_1, file_2, file_3, file_4, file_5, score, token, token_date, active, register, created_at, updated_at) VALUES ("230","Brando","Kemmer","elinorlangworth","elockman@muller.com","$2y$10$53LOus.yd1jnQTFq2PqdnOLEPNj/0XLmCMLlgtgvs/kw.pSNuFMCW","1977-12-13 21:25:52","1","2","Placeat itaque qui delectus velit voluptate exercitationem saepe. Fuga corrupti possimus rem cupiditate et sit. Dignissimos sequi est consectetur rem dolorem. Explicabo quas omnis culpa et ea non quo. Ullam beatae itaque aliquid cupiditate.","Gabon","","Gusikowskiville","41973","../fixtures/male7.jpg","../fixtures/male1.jpg","../fixtures/male9.jpg","","","44","bae2388cb8b6943206b43e3884e4a182","1987-06-03 02:05:53","0","0","2004-03-28 08:22:26","1985-07-29 17:35:24");
INSERT INTO user_tag (user_id, tag_id) VALUES ("230","47");
INSERT INTO user_tag (user_id, tag_id) VALUES ("230","6");
INSERT INTO user_tag (user_id, tag_id) VALUES ("230","8");
INSERT INTO user_tag (user_id, tag_id) VALUES ("230","6");
INSERT INTO user_tag (user_id, tag_id) VALUES ("230","42");
INSERT INTO user_tag (user_id, tag_id) VALUES ("230","44");

INSERT INTO connected (user_id, connect_date) VALUES ("230","2017-09-18 00:07:59");
INSERT INTO likes (like_id, liked_id, like_date) VALUES ("429","230","2017-12-13 03:50:42");
INSERT INTO likes (like_id, liked_id, like_date) VALUES ("30","230","2018-02-10 23:57:41");
INSERT INTO likes (like_id, liked_id, like_date) VALUES ("499","230","2018-01-14 01:40:57");
INSERT INTO views (viewer_id, viewed_id, view_date) VALUES ("421","230","2017-12-20 13:59:46");
INSERT INTO views (viewer_id, viewed_id, view_date) VALUES ("498","230","2017-12-20 12:20:39");
INSERT INTO views (viewer_id, viewed_id, view_date) VALUES ("110","230","2018-02-09 08:34:32");
INSERT INTO views (viewer_id, viewed_id, view_date) VALUES ("458","230","2017-09-14 03:30:09");
INSERT INTO views (viewer_id, viewed_id, view_date) VALUES ("409","230","2017-03-01 19:28:58");


INSERT INTO user (id, first_name, last_name, username, email, password, birthdate, gender, orientation, bio, country, state, city, zip, file_1, file_2, file_3, file_4, file_5, score, token, token_date, active, register, created_at, updated_at) VALUES ("231","Adam","Hodkiewicz","kamille92","moses62@durgan.com","$2y$10$MpuCFV8SdxQh68hfB53g2Ovhd.pbyJCW75LY1vieS27UVFSYy.ZTK","1949-07-13 19:44:45","2","1","Consequatur quia consequuntur ratione asperiores non nihil nam non. Necessitatibus velit dolor a doloremque totam. Exercitationem omnis aliquam aut quae sit.","Afghanistan","","Guyborough","04108-5117","../fixtures/female1.jpg","../fixtures/female10.jpg","../fixtures/female2.jpg","../fixtures/female7.jpg","../fixtures/female8.jpg","58","aaacf98692a0280efa09f5a9945c04f9","1977-05-12 22:47:20","0","0","1972-08-15 07:36:15","2002-10-30 00:18:57");
INSERT INTO user_tag (user_id, tag_id) VALUES ("231","49");
INSERT INTO user_tag (user_id, tag_id) VALUES ("231","46");
INSERT INTO user_tag (user_id, tag_id) VALUES ("231","36");
INSERT INTO user_tag (user_id, tag_id) VALUES ("231","36");
INSERT INTO user_tag (user_id, tag_id) VALUES ("231","3");
INSERT INTO user_tag (user_id, tag_id) VALUES ("231","24");

INSERT INTO connected (user_id, connect_date) VALUES ("231","2017-11-10 18:33:54");
INSERT INTO likes (like_id, liked_id, like_date) VALUES ("208","231","2017-07-28 14:46:09");
INSERT INTO likes (like_id, liked_id, like_date) VALUES ("370","231","2017-07-01 23:58:03");
INSERT INTO likes (like_id, liked_id, like_date) VALUES ("196","231","2018-01-07 01:42:26");
INSERT INTO likes (like_id, liked_id, like_date) VALUES ("193","231","2017-12-03 16:05:00");
INSERT INTO views (viewer_id, viewed_id, view_date) VALUES ("398","231","2017-10-16 11:20:55");
INSERT INTO views (viewer_id, viewed_id, view_date) VALUES ("67","231","2017-07-18 12:57:21");
INSERT INTO views (viewer_id, viewed_id, view_date) VALUES ("224","231","2017-11-02 05:52:55");
INSERT INTO views (viewer_id, viewed_id, view_date) VALUES ("224","231","2017-04-26 19:10:00");
INSERT INTO views (viewer_id, viewed_id, view_date) VALUES ("414","231","2017-05-08 10:35:11");
INSERT INTO views (viewer_id, viewed_id, view_date) VALUES ("297","231","2017-12-19 13:13:58");
INSERT INTO views (viewer_id, viewed_id, view_date) VALUES ("423","231","2018-01-05 14:23:42");
INSERT INTO views (viewer_id, viewed_id, view_date) VALUES ("499","231","2018-01-10 02:18:43");
INSERT INTO views (viewer_id, viewed_id, view_date) VALUES ("382","231","2017-06-02 08:16:06");


INSERT INTO user (id, first_name, last_name, username, email, password, birthdate, gender, orientation, bio, country, state, city, zip, file_1, file_2, file_3, file_4, file_5, score, token, token_date, active, register, created_at, updated_at) VALUES ("232","Jaylin","Casper","aliyah59","anabel49@gmail.com","$2y$10$gG8U9nqWF8.b7AZmiDytm.fVzojB1jX8vH3DsKcFJ.73dj/nrANae","1982-11-10 15:39:04","1","3","Quo libero id asperiores. Consequatur eius aut dolores ut accusantium aut. Architecto eaque quaerat aut delectus.","Montenegro","","Jewellfort","29063-0764","../fixtures/male8.jpg","../fixtures/male3.jpg","../fixtures/male3.jpg","","","35","b7b236efa28748d3bb3b7adbdc286a1d","2009-06-09 02:45:36","0","0","1988-04-27 19:54:22","2004-10-30 00:28:28");
INSERT INTO user_tag (user_id, tag_id) VALUES ("232","49");
INSERT INTO user_tag (user_id, tag_id) VALUES ("232","8");
INSERT INTO user_tag (user_id, tag_id) VALUES ("232","37");
INSERT INTO user_tag (user_id, tag_id) VALUES ("232","27");
INSERT INTO user_tag (user_id, tag_id) VALUES ("232","19");
INSERT INTO user_tag (user_id, tag_id) VALUES ("232","30");
INSERT INTO user_tag (user_id, tag_id) VALUES ("232","30");
INSERT INTO user_tag (user_id, tag_id) VALUES ("232","20");

INSERT INTO connected (user_id, connect_date) VALUES ("232","2017-07-10 22:42:53");
INSERT INTO likes (like_id, liked_id, like_date) VALUES ("205","232","2017-02-22 08:16:34");
INSERT INTO likes (like_id, liked_id, like_date) VALUES ("133","232","2017-12-14 19:17:40");
INSERT INTO likes (like_id, liked_id, like_date) VALUES ("174","232","2017-10-20 06:59:36");
INSERT INTO likes (like_id, liked_id, like_date) VALUES ("246","232","2017-10-09 18:09:32");
INSERT INTO likes (like_id, liked_id, like_date) VALUES ("423","232","2017-04-11 10:25:01");
INSERT INTO likes (like_id, liked_id, like_date) VALUES ("3","232","2017-04-05 12:31:32");
INSERT INTO likes (like_id, liked_id, like_date) VALUES ("329","232","2017-05-08 18:44:04");
INSERT INTO likes (like_id, liked_id, like_date) VALUES ("178","232","2017-09-04 09:02:19");
INSERT INTO likes (like_id, liked_id, like_date) VALUES ("230","232","2017-08-02 08:30:21");
INSERT INTO likes (like_id, liked_id, like_date) VALUES ("173","232","2017-03-02 16:02:45");
INSERT INTO likes (like_id, liked_id, like_date) VALUES ("423","232","2017-06-08 16:39:58");
INSERT INTO likes (like_id, liked_id, like_date) VALUES ("321","232","2017-04-19 10:52:58");
INSERT INTO likes (like_id, liked_id, like_date) VALUES ("86","232","2017-10-14 17:01:03");
INSERT INTO likes (like_id, liked_id, like_date) VALUES ("191","232","2017-07-20 11:07:40");
INSERT INTO likes (like_id, liked_id, like_date) VALUES ("45","232","2017-02-17 22:34:39");
INSERT INTO likes (like_id, liked_id, like_date) VALUES ("307","232","2017-10-07 15:52:00");
INSERT INTO likes (like_id, liked_id, like_date) VALUES ("350","232","2017-09-23 03:08:22");
INSERT INTO views (viewer_id, viewed_id, view_date) VALUES ("480","232","2017-05-11 08:14:34");


INSERT INTO user (id, first_name, last_name, username, email, password, birthdate, gender, orientation, bio, country, state, city, zip, file_1, file_2, file_3, file_4, file_5, score, token, token_date, active, register, created_at, updated_at) VALUES ("233","Mekhi","Cremin","treheaney","anissa50@crona.biz","$2y$10$cosPJ9vv5SZCA0ZLgFaZ9Ocrg26Tlre1JjiK76WZtCqRyvY5/rdvO","1957-11-15 21:19:28","2","3","Soluta adipisci et ducimus voluptatem et maiores non qui. Quod vel reiciendis maiores voluptates porro ab. Expedita quo deleniti odit voluptatibus porro nostrum error. Est perspiciatis quidem velit vel voluptatem est.","Guinea-Bissau","","Elyseview","85739-9884","../fixtures/female3.jpg","../fixtures/female1.jpg","../fixtures/female9.jpg","","","37","0e1688fd600de23af08f6e1fa187d39e","1999-07-12 07:31:53","0","0","2009-10-14 17:57:20","1987-08-02 14:02:24");
INSERT INTO user_tag (user_id, tag_id) VALUES ("233","11");
INSERT INTO user_tag (user_id, tag_id) VALUES ("233","50");
INSERT INTO user_tag (user_id, tag_id) VALUES ("233","21");
INSERT INTO user_tag (user_id, tag_id) VALUES ("233","42");
INSERT INTO user_tag (user_id, tag_id) VALUES ("233","25");
INSERT INTO user_tag (user_id, tag_id) VALUES ("233","3");
INSERT INTO user_tag (user_id, tag_id) VALUES ("233","46");
INSERT INTO user_tag (user_id, tag_id) VALUES ("233","2");

INSERT INTO connected (user_id, connect_date) VALUES ("233","2017-09-12 12:00:57");
INSERT INTO likes (like_id, liked_id, like_date) VALUES ("233","233","2018-01-12 11:37:19");
INSERT INTO likes (like_id, liked_id, like_date) VALUES ("284","233","2018-01-04 03:04:24");
INSERT INTO likes (like_id, liked_id, like_date) VALUES ("222","233","2018-01-05 00:24:37");
INSERT INTO likes (like_id, liked_id, like_date) VALUES ("312","233","2017-05-08 12:32:13");
INSERT INTO likes (like_id, liked_id, like_date) VALUES ("156","233","2017-11-28 09:52:41");
INSERT INTO likes (like_id, liked_id, like_date) VALUES ("228","233","2017-09-08 07:05:23");
INSERT INTO likes (like_id, liked_id, like_date) VALUES ("146","233","2017-09-23 15:42:08");
INSERT INTO likes (like_id, liked_id, like_date) VALUES ("435","233","2017-06-11 03:49:51");
INSERT INTO views (viewer_id, viewed_id, view_date) VALUES ("13","233","2017-12-23 16:36:37");
INSERT INTO views (viewer_id, viewed_id, view_date) VALUES ("465","233","2017-09-05 13:12:10");
INSERT INTO views (viewer_id, viewed_id, view_date) VALUES ("295","233","2017-11-09 14:20:26");
INSERT INTO views (viewer_id, viewed_id, view_date) VALUES ("87","233","2017-05-26 15:20:38");
INSERT INTO views (viewer_id, viewed_id, view_date) VALUES ("240","233","2017-07-20 04:24:35");
INSERT INTO views (viewer_id, viewed_id, view_date) VALUES ("88","233","2017-12-24 10:52:40");


INSERT INTO user (id, first_name, last_name, username, email, password, birthdate, gender, orientation, bio, country, state, city, zip, file_1, file_2, file_3, file_4, file_5, score, token, token_date, active, register, created_at, updated_at) VALUES ("234","Kasey","Rosenbaum","trystanmcclure","ndouglas@hotmail.com","$2y$10$M61IDZDaoXjFr4tDKlqnxeI1ZAF5lv73x1wRV7MtaWLIsickPMQRG","1988-12-19 19:37:40","2","3","At minima et dolorem occaecati voluptatum. Sunt ab tempora aspernatur facere rerum aliquam. Soluta soluta incidunt voluptatem in. Nesciunt praesentium quis occaecati fuga esse.","Argentina","","Aufderharburgh","10770","../fixtures/female7.jpg","../fixtures/female6.jpg","../fixtures/female8.jpg","../fixtures/female4.jpg","../fixtures/female8.jpg","73","f67b50dc1d670642eb6a1f646c325d84","2005-12-18 13:12:56","0","0","2007-09-25 09:36:59","1975-02-15 22:04:10");
INSERT INTO user_tag (user_id, tag_id) VALUES ("234","1");
INSERT INTO user_tag (user_id, tag_id) VALUES ("234","19");
INSERT INTO user_tag (user_id, tag_id) VALUES ("234","47");
INSERT INTO user_tag (user_id, tag_id) VALUES ("234","17");
INSERT INTO user_tag (user_id, tag_id) VALUES ("234","41");
INSERT INTO user_tag (user_id, tag_id) VALUES ("234","22");
INSERT INTO user_tag (user_id, tag_id) VALUES ("234","16");
INSERT INTO user_tag (user_id, tag_id) VALUES ("234","30");
INSERT INTO user_tag (user_id, tag_id) VALUES ("234","11");
INSERT INTO user_tag (user_id, tag_id) VALUES ("234","40");

INSERT INTO connected (user_id, connect_date) VALUES ("234","2017-09-20 15:22:59");
INSERT INTO likes (like_id, liked_id, like_date) VALUES ("130","234","2017-06-20 10:23:11");
INSERT INTO likes (like_id, liked_id, like_date) VALUES ("455","234","2017-08-13 19:26:28");
INSERT INTO likes (like_id, liked_id, like_date) VALUES ("144","234","2017-12-27 03:27:07");
INSERT INTO likes (like_id, liked_id, like_date) VALUES ("78","234","2017-09-12 23:43:42");
INSERT INTO likes (like_id, liked_id, like_date) VALUES ("473","234","2017-05-07 15:33:10");
INSERT INTO likes (like_id, liked_id, like_date) VALUES ("217","234","2017-08-04 02:28:12");
INSERT INTO likes (like_id, liked_id, like_date) VALUES ("74","234","2017-09-08 01:47:33");
INSERT INTO likes (like_id, liked_id, like_date) VALUES ("449","234","2017-08-26 08:07:33");
INSERT INTO likes (like_id, liked_id, like_date) VALUES ("479","234","2017-08-10 14:22:52");
INSERT INTO likes (like_id, liked_id, like_date) VALUES ("65","234","2017-11-03 04:35:06");
INSERT INTO likes (like_id, liked_id, like_date) VALUES ("431","234","2017-05-16 22:13:06");
INSERT INTO views (viewer_id, viewed_id, view_date) VALUES ("84","234","2017-08-09 02:15:11");
INSERT INTO views (viewer_id, viewed_id, view_date) VALUES ("93","234","2017-10-07 05:46:02");
INSERT INTO views (viewer_id, viewed_id, view_date) VALUES ("174","234","2017-07-03 17:24:51");
INSERT INTO views (viewer_id, viewed_id, view_date) VALUES ("118","234","2018-01-12 04:30:19");
INSERT INTO views (viewer_id, viewed_id, view_date) VALUES ("69","234","2017-06-02 07:45:15");
INSERT INTO views (viewer_id, viewed_id, view_date) VALUES ("448","234","2017-03-08 16:48:55");


INSERT INTO user (id, first_name, last_name, username, email, password, birthdate, gender, orientation, bio, country, state, city, zip, file_1, file_2, file_3, file_4, file_5, score, token, token_date, active, register, created_at, updated_at) VALUES ("235","Henri","Rempel","albertoemard","russel.joelle@hammes.com","$2y$10$a8QJ4Md3j1Fz8NqGPxwFt.s/V8W6EwqjbMYeSmQCk73FVsDBWuv9S","1958-04-28 13:25:42","2","3","Ut distinctio amet quos in. Magni adipisci sapiente sunt veritatis debitis. Odit ea dolorum ipsum aut est esse. Ut sint nobis rerum enim ut et et.","Macedonia","","Mortonburgh","23028-0878","../fixtures/female8.jpg","","","","","29","e01b2fd30035c45da26fc60981754387","1986-08-07 14:25:10","0","0","1992-07-27 17:17:42","1984-05-21 19:43:11");
INSERT INTO user_tag (user_id, tag_id) VALUES ("235","48");
INSERT INTO user_tag (user_id, tag_id) VALUES ("235","44");
INSERT INTO user_tag (user_id, tag_id) VALUES ("235","33");
INSERT INTO user_tag (user_id, tag_id) VALUES ("235","34");
INSERT INTO user_tag (user_id, tag_id) VALUES ("235","31");
INSERT INTO user_tag (user_id, tag_id) VALUES ("235","21");
INSERT INTO user_tag (user_id, tag_id) VALUES ("235","1");
INSERT INTO user_tag (user_id, tag_id) VALUES ("235","8");
INSERT INTO user_tag (user_id, tag_id) VALUES ("235","10");
INSERT INTO user_tag (user_id, tag_id) VALUES ("235","27");
INSERT INTO user_tag (user_id, tag_id) VALUES ("235","9");
INSERT INTO user_tag (user_id, tag_id) VALUES ("235","18");
INSERT INTO user_tag (user_id, tag_id) VALUES ("235","25");
INSERT INTO user_tag (user_id, tag_id) VALUES ("235","47");

INSERT INTO connected (user_id, connect_date) VALUES ("235","2017-05-02 20:33:55");
INSERT INTO likes (like_id, liked_id, like_date) VALUES ("213","235","2017-09-14 16:43:40");
INSERT INTO likes (like_id, liked_id, like_date) VALUES ("267","235","2017-03-21 19:10:20");
INSERT INTO views (viewer_id, viewed_id, view_date) VALUES ("274","235","2017-09-01 09:16:16");
INSERT INTO views (viewer_id, viewed_id, view_date) VALUES ("171","235","2017-07-18 09:12:33");
INSERT INTO views (viewer_id, viewed_id, view_date) VALUES ("251","235","2017-07-25 19:31:33");
INSERT INTO views (viewer_id, viewed_id, view_date) VALUES ("127","235","2018-01-22 05:04:46");
INSERT INTO views (viewer_id, viewed_id, view_date) VALUES ("53","235","2017-08-27 07:20:41");
INSERT INTO views (viewer_id, viewed_id, view_date) VALUES ("57","235","2018-01-03 18:29:26");
INSERT INTO views (viewer_id, viewed_id, view_date) VALUES ("62","235","2017-07-01 02:19:23");
INSERT INTO views (viewer_id, viewed_id, view_date) VALUES ("48","235","2017-11-29 02:46:10");


INSERT INTO user (id, first_name, last_name, username, email, password, birthdate, gender, orientation, bio, country, state, city, zip, file_1, file_2, file_3, file_4, file_5, score, token, token_date, active, register, created_at, updated_at) VALUES ("236","Daniela","Langosh","bkerluke","xcronin@gmail.com","$2y$10$W9IczdvuD9rmlytTfAjrv.vn87VjEE92iXpJXc6FoITtY4p5iFP9m","1979-10-24 11:32:14","1","2","Error reprehenderit amet deleniti et praesentium tenetur id. Accusamus aut est minus est. Numquam voluptatum rerum enim perspiciatis. Facilis magni officia sapiente id illum nihil error.","South Georgia and the South Sandwich Islands","","North Myrtis","25834","../fixtures/male9.jpg","../fixtures/male7.jpg","../fixtures/male10.jpg","../fixtures/male4.jpg","","18","72881dbe7c2c9ceb1bb00c917bf09114","1978-06-09 22:07:11","0","0","1996-10-29 04:31:31","2017-07-08 13:59:41");
INSERT INTO user_tag (user_id, tag_id) VALUES ("236","49");
INSERT INTO user_tag (user_id, tag_id) VALUES ("236","34");
INSERT INTO user_tag (user_id, tag_id) VALUES ("236","49");
INSERT INTO user_tag (user_id, tag_id) VALUES ("236","30");
INSERT INTO user_tag (user_id, tag_id) VALUES ("236","49");
INSERT INTO user_tag (user_id, tag_id) VALUES ("236","19");
INSERT INTO user_tag (user_id, tag_id) VALUES ("236","17");
INSERT INTO user_tag (user_id, tag_id) VALUES ("236","26");
INSERT INTO user_tag (user_id, tag_id) VALUES ("236","35");

INSERT INTO connected (user_id, connect_date) VALUES ("236","2017-08-20 20:12:25");
INSERT INTO likes (like_id, liked_id, like_date) VALUES ("379","236","2017-10-15 16:47:04");
INSERT INTO likes (like_id, liked_id, like_date) VALUES ("457","236","2017-06-03 02:52:45");
INSERT INTO likes (like_id, liked_id, like_date) VALUES ("161","236","2017-05-29 18:34:06");
INSERT INTO likes (like_id, liked_id, like_date) VALUES ("241","236","2017-03-24 07:48:30");
INSERT INTO likes (like_id, liked_id, like_date) VALUES ("92","236","2017-11-05 22:52:26");
INSERT INTO likes (like_id, liked_id, like_date) VALUES ("415","236","2018-01-02 05:37:37");
INSERT INTO likes (like_id, liked_id, like_date) VALUES ("404","236","2017-05-29 19:55:34");
INSERT INTO likes (like_id, liked_id, like_date) VALUES ("445","236","2017-06-16 23:37:41");
INSERT INTO likes (like_id, liked_id, like_date) VALUES ("24","236","2017-03-25 05:52:01");
INSERT INTO likes (like_id, liked_id, like_date) VALUES ("478","236","2017-03-30 19:40:40");
INSERT INTO views (viewer_id, viewed_id, view_date) VALUES ("34","236","2017-07-13 08:07:48");
INSERT INTO views (viewer_id, viewed_id, view_date) VALUES ("470","236","2018-01-13 11:16:25");
INSERT INTO views (viewer_id, viewed_id, view_date) VALUES ("382","236","2017-09-19 22:39:50");
INSERT INTO views (viewer_id, viewed_id, view_date) VALUES ("264","236","2017-08-31 15:47:57");
INSERT INTO views (viewer_id, viewed_id, view_date) VALUES ("453","236","2017-05-22 19:46:06");
INSERT INTO views (viewer_id, viewed_id, view_date) VALUES ("162","236","2017-04-11 08:32:44");
INSERT INTO views (viewer_id, viewed_id, view_date) VALUES ("248","236","2017-10-25 19:29:17");
INSERT INTO views (viewer_id, viewed_id, view_date) VALUES ("170","236","2018-01-07 01:11:39");
INSERT INTO views (viewer_id, viewed_id, view_date) VALUES ("350","236","2017-05-17 19:56:50");
INSERT INTO views (viewer_id, viewed_id, view_date) VALUES ("141","236","2017-06-17 11:28:07");
INSERT INTO views (viewer_id, viewed_id, view_date) VALUES ("419","236","2017-05-16 21:27:45");
INSERT INTO views (viewer_id, viewed_id, view_date) VALUES ("278","236","2017-10-18 23:01:23");


INSERT INTO user (id, first_name, last_name, username, email, password, birthdate, gender, orientation, bio, country, state, city, zip, file_1, file_2, file_3, file_4, file_5, score, token, token_date, active, register, created_at, updated_at) VALUES ("237","Jesse","Wolf","unitzsche","jadon.marquardt@bruen.com","$2y$10$Fy.fQ5WJCCazBvVWyTKb5eTGpGGiFCpZ2yLb98clbQVFPMD7xN9k2","1952-10-18 05:41:40","2","1","Esse dolorum eveniet eligendi ducimus libero eum sed minima. Nulla consequatur aut nobis sit corrupti et. Placeat quia delectus aut excepturi. Numquam ut delectus quia dolore id ex voluptas. Quia qui beatae reiciendis quia quaerat quia.","Korea","","Pietrochester","11843-9960","../fixtures/female9.jpg","","","","","30","8cf60f495152e0974b2b72d6a22399b9","2010-11-29 07:23:01","1","0","1975-05-29 09:32:14","1984-02-26 08:54:55");
INSERT INTO user_tag (user_id, tag_id) VALUES ("237","30");
INSERT INTO user_tag (user_id, tag_id) VALUES ("237","19");
INSERT INTO user_tag (user_id, tag_id) VALUES ("237","37");
INSERT INTO user_tag (user_id, tag_id) VALUES ("237","49");
INSERT INTO user_tag (user_id, tag_id) VALUES ("237","3");
INSERT INTO user_tag (user_id, tag_id) VALUES ("237","15");
INSERT INTO user_tag (user_id, tag_id) VALUES ("237","41");

INSERT INTO connected (user_id, connect_date) VALUES ("237","2017-07-21 01:58:35");
INSERT INTO likes (like_id, liked_id, like_date) VALUES ("206","237","2018-01-05 20:04:05");
INSERT INTO likes (like_id, liked_id, like_date) VALUES ("233","237","2017-05-14 17:17:12");
INSERT INTO likes (like_id, liked_id, like_date) VALUES ("239","237","2017-09-23 02:32:52");
INSERT INTO likes (like_id, liked_id, like_date) VALUES ("325","237","2017-08-05 10:24:23");
INSERT INTO likes (like_id, liked_id, like_date) VALUES ("304","237","2018-02-12 12:44:45");
INSERT INTO likes (like_id, liked_id, like_date) VALUES ("124","237","2017-04-17 12:51:40");
INSERT INTO likes (like_id, liked_id, like_date) VALUES ("372","237","2017-11-29 16:53:57");
INSERT INTO likes (like_id, liked_id, like_date) VALUES ("359","237","2017-02-27 18:37:35");
INSERT INTO likes (like_id, liked_id, like_date) VALUES ("134","237","2017-06-01 15:39:37");
INSERT INTO likes (like_id, liked_id, like_date) VALUES ("402","237","2018-01-09 17:15:32");
INSERT INTO views (viewer_id, viewed_id, view_date) VALUES ("50","237","2017-08-17 22:42:58");
INSERT INTO views (viewer_id, viewed_id, view_date) VALUES ("366","237","2017-07-22 21:47:55");
INSERT INTO views (viewer_id, viewed_id, view_date) VALUES ("141","237","2017-11-19 11:10:43");
INSERT INTO views (viewer_id, viewed_id, view_date) VALUES ("186","237","2017-11-09 08:36:49");
INSERT INTO views (viewer_id, viewed_id, view_date) VALUES ("3","237","2017-08-06 16:29:03");
INSERT INTO views (viewer_id, viewed_id, view_date) VALUES ("88","237","2017-07-12 00:37:15");
INSERT INTO views (viewer_id, viewed_id, view_date) VALUES ("404","237","2018-01-20 21:52:51");
INSERT INTO views (viewer_id, viewed_id, view_date) VALUES ("212","237","2017-06-01 04:33:04");
INSERT INTO views (viewer_id, viewed_id, view_date) VALUES ("478","237","2017-11-14 18:48:47");
INSERT INTO views (viewer_id, viewed_id, view_date) VALUES ("333","237","2017-03-08 22:51:00");
INSERT INTO views (viewer_id, viewed_id, view_date) VALUES ("96","237","2017-11-14 22:44:37");
INSERT INTO views (viewer_id, viewed_id, view_date) VALUES ("177","237","2017-05-25 15:50:15");
INSERT INTO views (viewer_id, viewed_id, view_date) VALUES ("17","237","2017-06-07 03:18:04");
INSERT INTO views (viewer_id, viewed_id, view_date) VALUES ("337","237","2017-11-21 20:53:01");
INSERT INTO views (viewer_id, viewed_id, view_date) VALUES ("351","237","2017-09-27 09:54:00");
INSERT INTO views (viewer_id, viewed_id, view_date) VALUES ("67","237","2017-03-07 18:48:18");
INSERT INTO views (viewer_id, viewed_id, view_date) VALUES ("200","237","2017-04-23 01:17:31");
INSERT INTO views (viewer_id, viewed_id, view_date) VALUES ("175","237","2017-12-25 21:47:46");


INSERT INTO user (id, first_name, last_name, username, email, password, birthdate, gender, orientation, bio, country, state, city, zip, file_1, file_2, file_3, file_4, file_5, score, token, token_date, active, register, created_at, updated_at) VALUES ("238","Vicente","Cartwright","wtorp","kiehn.jamel@kerluke.com","$2y$10$PFSvkKOWUxyTwuyCEBCIR.Lv1Y8lTCRJz/wWXMoJIHpo7flj65zhS","1957-08-25 16:29:46","2","1","Blanditiis ipsam voluptas ea autem atque. Non ut similique quidem. Esse hic dolor et eos explicabo sed sed.","Norfolk Island","","Dachville","93531","../fixtures/female4.jpg","../fixtures/female1.jpg","../fixtures/female3.jpg","../fixtures/female2.jpg","../fixtures/female10.jpg","71","d79f68d983d0575f225b2e9785bd8653","1984-03-04 08:19:57","0","0","1988-07-11 10:07:43","2010-01-22 05:52:56");
INSERT INTO user_tag (user_id, tag_id) VALUES ("238","14");
INSERT INTO user_tag (user_id, tag_id) VALUES ("238","3");
INSERT INTO user_tag (user_id, tag_id) VALUES ("238","2");
INSERT INTO user_tag (user_id, tag_id) VALUES ("238","41");
INSERT INTO user_tag (user_id, tag_id) VALUES ("238","13");
INSERT INTO user_tag (user_id, tag_id) VALUES ("238","20");
INSERT INTO user_tag (user_id, tag_id) VALUES ("238","8");
INSERT INTO user_tag (user_id, tag_id) VALUES ("238","15");
INSERT INTO user_tag (user_id, tag_id) VALUES ("238","48");
INSERT INTO user_tag (user_id, tag_id) VALUES ("238","43");
INSERT INTO user_tag (user_id, tag_id) VALUES ("238","49");
INSERT INTO user_tag (user_id, tag_id) VALUES ("238","3");

INSERT INTO connected (user_id, connect_date) VALUES ("238","2017-05-13 00:29:35");
INSERT INTO likes (like_id, liked_id, like_date) VALUES ("428","238","2017-08-08 14:31:36");
INSERT INTO likes (like_id, liked_id, like_date) VALUES ("438","238","2017-10-18 04:49:14");
INSERT INTO likes (like_id, liked_id, like_date) VALUES ("77","238","2017-03-25 12:41:26");
INSERT INTO likes (like_id, liked_id, like_date) VALUES ("362","238","2017-12-26 01:03:14");
INSERT INTO views (viewer_id, viewed_id, view_date) VALUES ("278","238","2017-05-05 22:28:36");
INSERT INTO views (viewer_id, viewed_id, view_date) VALUES ("398","238","2017-08-21 18:41:11");
INSERT INTO views (viewer_id, viewed_id, view_date) VALUES ("208","238","2017-03-18 19:51:03");
INSERT INTO views (viewer_id, viewed_id, view_date) VALUES ("186","238","2018-01-08 11:33:54");
INSERT INTO views (viewer_id, viewed_id, view_date) VALUES ("414","238","2017-04-25 04:41:22");
INSERT INTO views (viewer_id, viewed_id, view_date) VALUES ("36","238","2017-10-28 01:10:09");
INSERT INTO views (viewer_id, viewed_id, view_date) VALUES ("456","238","2017-03-22 15:26:45");


INSERT INTO user (id, first_name, last_name, username, email, password, birthdate, gender, orientation, bio, country, state, city, zip, file_1, file_2, file_3, file_4, file_5, score, token, token_date, active, register, created_at, updated_at) VALUES ("239","Barbara","Mante","jalen22","modesta.stoltenberg@gmail.com","$2y$10$DrFBcIiWhMs9GpyuSyCw8eWPDgTjtS8rI11hKMkqRwg.6bos7GOAC","1974-03-21 23:55:47","1","1","Ex iste dolor quos sequi distinctio sit. Corporis provident tempore iure ab nihil et. Voluptatem sit ratione dolores illo dicta sunt laborum blanditiis.","Ireland","","Port Jared","95046-6146","../fixtures/male10.jpg","../fixtures/male5.jpg","../fixtures/male4.jpg","../fixtures/male2.jpg","../fixtures/male10.jpg","95","9493462f6155196cdf09c313df5d1e31","1971-12-22 15:46:36","0","0","1993-01-25 09:10:03","2000-08-25 23:06:55");
INSERT INTO user_tag (user_id, tag_id) VALUES ("239","19");
INSERT INTO user_tag (user_id, tag_id) VALUES ("239","36");
INSERT INTO user_tag (user_id, tag_id) VALUES ("239","49");
INSERT INTO user_tag (user_id, tag_id) VALUES ("239","41");
INSERT INTO user_tag (user_id, tag_id) VALUES ("239","11");
INSERT INTO user_tag (user_id, tag_id) VALUES ("239","30");
INSERT INTO user_tag (user_id, tag_id) VALUES ("239","43");
INSERT INTO user_tag (user_id, tag_id) VALUES ("239","30");
INSERT INTO user_tag (user_id, tag_id) VALUES ("239","19");
INSERT INTO user_tag (user_id, tag_id) VALUES ("239","36");

INSERT INTO connected (user_id, connect_date) VALUES ("239","2017-08-11 11:28:18");
INSERT INTO likes (like_id, liked_id, like_date) VALUES ("367","239","2017-12-02 09:37:42");
INSERT INTO likes (like_id, liked_id, like_date) VALUES ("227","239","2017-11-27 23:23:03");
INSERT INTO likes (like_id, liked_id, like_date) VALUES ("284","239","2017-04-15 03:10:17");
INSERT INTO views (viewer_id, viewed_id, view_date) VALUES ("78","239","2017-12-30 16:52:43");
INSERT INTO views (viewer_id, viewed_id, view_date) VALUES ("170","239","2018-01-18 04:18:24");
INSERT INTO views (viewer_id, viewed_id, view_date) VALUES ("401","239","2017-05-17 08:00:22");
INSERT INTO views (viewer_id, viewed_id, view_date) VALUES ("287","239","2017-10-02 02:58:02");
INSERT INTO views (viewer_id, viewed_id, view_date) VALUES ("4","239","2018-02-09 10:11:37");
INSERT INTO views (viewer_id, viewed_id, view_date) VALUES ("443","239","2017-07-10 08:24:05");
INSERT INTO views (viewer_id, viewed_id, view_date) VALUES ("234","239","2017-06-27 15:46:03");
INSERT INTO views (viewer_id, viewed_id, view_date) VALUES ("285","239","2017-04-02 09:24:53");
INSERT INTO views (viewer_id, viewed_id, view_date) VALUES ("309","239","2017-06-04 06:58:02");
INSERT INTO views (viewer_id, viewed_id, view_date) VALUES ("307","239","2017-03-05 23:32:06");
INSERT INTO views (viewer_id, viewed_id, view_date) VALUES ("488","239","2017-10-14 17:15:26");
INSERT INTO views (viewer_id, viewed_id, view_date) VALUES ("363","239","2017-11-15 12:34:09");
INSERT INTO views (viewer_id, viewed_id, view_date) VALUES ("67","239","2017-12-06 09:42:50");
INSERT INTO views (viewer_id, viewed_id, view_date) VALUES ("272","239","2017-09-20 09:59:32");
INSERT INTO views (viewer_id, viewed_id, view_date) VALUES ("263","239","2017-04-20 06:58:58");
INSERT INTO views (viewer_id, viewed_id, view_date) VALUES ("303","239","2017-09-11 19:40:57");
INSERT INTO views (viewer_id, viewed_id, view_date) VALUES ("437","239","2017-11-12 16:26:04");
INSERT INTO views (viewer_id, viewed_id, view_date) VALUES ("354","239","2017-04-06 15:37:55");
INSERT INTO views (viewer_id, viewed_id, view_date) VALUES ("5","239","2017-09-17 14:33:23");
INSERT INTO views (viewer_id, viewed_id, view_date) VALUES ("393","239","2017-09-03 06:25:55");
INSERT INTO views (viewer_id, viewed_id, view_date) VALUES ("471","239","2017-07-17 14:57:07");
INSERT INTO views (viewer_id, viewed_id, view_date) VALUES ("62","239","2017-04-04 14:49:54");
INSERT INTO views (viewer_id, viewed_id, view_date) VALUES ("475","239","2018-02-12 13:03:58");
INSERT INTO views (viewer_id, viewed_id, view_date) VALUES ("390","239","2017-06-14 04:52:05");
INSERT INTO views (viewer_id, viewed_id, view_date) VALUES ("246","239","2017-06-19 20:55:49");
INSERT INTO views (viewer_id, viewed_id, view_date) VALUES ("244","239","2018-02-10 13:06:35");
INSERT INTO views (viewer_id, viewed_id, view_date) VALUES ("88","239","2017-12-17 19:29:11");
INSERT INTO views (viewer_id, viewed_id, view_date) VALUES ("413","239","2017-06-30 04:38:38");


INSERT INTO user (id, first_name, last_name, username, email, password, birthdate, gender, orientation, bio, country, state, city, zip, file_1, file_2, file_3, file_4, file_5, score, token, token_date, active, register, created_at, updated_at) VALUES ("240","Robyn","Becker","ericboyle","wiza.daniella@hotmail.com","$2y$10$fBceuWAHIpTi/AQh4EnTDeuJvZ4jg1QxrMS.vFGJDVVoEfJg1G7XS","1968-09-02 16:55:31","1","1","Minima qui quas ratione et. Aut quis cum ipsam. Error quis commodi eius distinctio voluptatibus commodi.","Guatemala","","Lestermouth","53182","../fixtures/male8.jpg","../fixtures/male9.jpg","../fixtures/male3.jpg","","","29","8542cd4d7caf5a656a93d444dda0361b","1973-05-11 22:11:16","1","0","1971-07-06 17:02:17","2004-04-21 05:37:55");
INSERT INTO user_tag (user_id, tag_id) VALUES ("240","26");
INSERT INTO user_tag (user_id, tag_id) VALUES ("240","45");
INSERT INTO user_tag (user_id, tag_id) VALUES ("240","9");
INSERT INTO user_tag (user_id, tag_id) VALUES ("240","16");
INSERT INTO user_tag (user_id, tag_id) VALUES ("240","21");
INSERT INTO user_tag (user_id, tag_id) VALUES ("240","7");
INSERT INTO user_tag (user_id, tag_id) VALUES ("240","35");
INSERT INTO user_tag (user_id, tag_id) VALUES ("240","6");
INSERT INTO user_tag (user_id, tag_id) VALUES ("240","14");
INSERT INTO user_tag (user_id, tag_id) VALUES ("240","12");
INSERT INTO user_tag (user_id, tag_id) VALUES ("240","39");
INSERT INTO user_tag (user_id, tag_id) VALUES ("240","9");
INSERT INTO user_tag (user_id, tag_id) VALUES ("240","22");

INSERT INTO connected (user_id, connect_date) VALUES ("240","2017-03-20 01:46:51");
INSERT INTO likes (like_id, liked_id, like_date) VALUES ("439","240","2017-12-20 13:18:44");
INSERT INTO likes (like_id, liked_id, like_date) VALUES ("239","240","2017-09-19 21:59:46");
INSERT INTO likes (like_id, liked_id, like_date) VALUES ("60","240","2017-09-04 16:26:03");
INSERT INTO likes (like_id, liked_id, like_date) VALUES ("455","240","2017-06-25 20:19:37");
INSERT INTO likes (like_id, liked_id, like_date) VALUES ("396","240","2017-06-21 10:48:05");
INSERT INTO likes (like_id, liked_id, like_date) VALUES ("174","240","2017-09-20 05:33:31");
INSERT INTO likes (like_id, liked_id, like_date) VALUES ("263","240","2017-06-24 05:34:43");
INSERT INTO likes (like_id, liked_id, like_date) VALUES ("252","240","2017-12-06 22:00:20");
INSERT INTO likes (like_id, liked_id, like_date) VALUES ("420","240","2017-09-05 14:23:04");
INSERT INTO likes (like_id, liked_id, like_date) VALUES ("427","240","2018-02-11 19:42:56");
INSERT INTO likes (like_id, liked_id, like_date) VALUES ("32","240","2017-05-28 01:08:48");
INSERT INTO likes (like_id, liked_id, like_date) VALUES ("81","240","2018-02-01 23:17:22");
INSERT INTO likes (like_id, liked_id, like_date) VALUES ("393","240","2018-01-08 08:48:29");
INSERT INTO likes (like_id, liked_id, like_date) VALUES ("299","240","2017-02-16 04:58:29");
INSERT INTO views (viewer_id, viewed_id, view_date) VALUES ("178","240","2017-06-12 09:58:55");
INSERT INTO views (viewer_id, viewed_id, view_date) VALUES ("362","240","2017-03-14 01:20:30");
INSERT INTO views (viewer_id, viewed_id, view_date) VALUES ("189","240","2017-08-18 13:04:54");
INSERT INTO views (viewer_id, viewed_id, view_date) VALUES ("200","240","2017-08-14 15:55:22");
INSERT INTO views (viewer_id, viewed_id, view_date) VALUES ("303","240","2018-01-22 10:33:41");


INSERT INTO user (id, first_name, last_name, username, email, password, birthdate, gender, orientation, bio, country, state, city, zip, file_1, file_2, file_3, file_4, file_5, score, token, token_date, active, register, created_at, updated_at) VALUES ("241","Ryann","Douglas","rociobradtke","pshields@yahoo.com","$2y$10$Ts21mNCr0lp0bmOf24v/auXjO3aZ8P.7c0qCDAsLa6sS3hYgsqyPq","1961-09-02 10:35:51","2","3","Aperiam veritatis suscipit autem at aut quae qui. Occaecati et cupiditate necessitatibus voluptatum autem. Voluptas asperiores aspernatur adipisci maxime molestiae. Sunt nulla sit ab vitae accusamus.","Latvia","","South Domenickhaven","72210-3969","../fixtures/female4.jpg","../fixtures/female6.jpg","../fixtures/female8.jpg","../fixtures/female5.jpg","","86","faecc290b2c5f42b742b15bb972c9c83","1982-07-19 12:14:46","0","0","1979-01-08 15:28:23","1975-03-14 02:49:52");
INSERT INTO user_tag (user_id, tag_id) VALUES ("241","40");
INSERT INTO user_tag (user_id, tag_id) VALUES ("241","40");
INSERT INTO user_tag (user_id, tag_id) VALUES ("241","44");
INSERT INTO user_tag (user_id, tag_id) VALUES ("241","4");
INSERT INTO user_tag (user_id, tag_id) VALUES ("241","7");
INSERT INTO user_tag (user_id, tag_id) VALUES ("241","50");
INSERT INTO user_tag (user_id, tag_id) VALUES ("241","19");
INSERT INTO user_tag (user_id, tag_id) VALUES ("241","11");
INSERT INTO user_tag (user_id, tag_id) VALUES ("241","25");
INSERT INTO user_tag (user_id, tag_id) VALUES ("241","44");
INSERT INTO user_tag (user_id, tag_id) VALUES ("241","28");
INSERT INTO user_tag (user_id, tag_id) VALUES ("241","11");
INSERT INTO user_tag (user_id, tag_id) VALUES ("241","49");

INSERT INTO connected (user_id, connect_date) VALUES ("241","2017-11-25 19:17:00");
INSERT INTO likes (like_id, liked_id, like_date) VALUES ("447","241","2017-06-30 05:36:26");
INSERT INTO views (viewer_id, viewed_id, view_date) VALUES ("111","241","2017-12-31 20:20:13");
INSERT INTO views (viewer_id, viewed_id, view_date) VALUES ("367","241","2017-11-29 00:57:40");
INSERT INTO views (viewer_id, viewed_id, view_date) VALUES ("422","241","2017-05-28 01:40:14");
INSERT INTO views (viewer_id, viewed_id, view_date) VALUES ("105","241","2017-07-23 07:58:42");
INSERT INTO views (viewer_id, viewed_id, view_date) VALUES ("423","241","2018-01-17 03:13:19");
INSERT INTO views (viewer_id, viewed_id, view_date) VALUES ("426","241","2017-08-05 10:43:49");
INSERT INTO views (viewer_id, viewed_id, view_date) VALUES ("437","241","2017-11-15 02:04:01");
INSERT INTO views (viewer_id, viewed_id, view_date) VALUES ("253","241","2017-07-04 05:46:08");
INSERT INTO views (viewer_id, viewed_id, view_date) VALUES ("234","241","2017-04-03 09:20:22");
INSERT INTO views (viewer_id, viewed_id, view_date) VALUES ("93","241","2017-11-21 18:31:13");
INSERT INTO views (viewer_id, viewed_id, view_date) VALUES ("170","241","2017-06-13 21:32:58");
INSERT INTO views (viewer_id, viewed_id, view_date) VALUES ("245","241","2017-05-13 03:23:12");
INSERT INTO views (viewer_id, viewed_id, view_date) VALUES ("103","241","2017-06-17 08:28:05");
INSERT INTO views (viewer_id, viewed_id, view_date) VALUES ("167","241","2017-05-27 19:15:07");
INSERT INTO views (viewer_id, viewed_id, view_date) VALUES ("153","241","2018-01-26 08:27:38");
INSERT INTO views (viewer_id, viewed_id, view_date) VALUES ("156","241","2017-09-09 23:33:59");
INSERT INTO views (viewer_id, viewed_id, view_date) VALUES ("165","241","2017-03-13 13:14:39");
INSERT INTO views (viewer_id, viewed_id, view_date) VALUES ("156","241","2018-01-15 13:40:45");


INSERT INTO user (id, first_name, last_name, username, email, password, birthdate, gender, orientation, bio, country, state, city, zip, file_1, file_2, file_3, file_4, file_5, score, token, token_date, active, register, created_at, updated_at) VALUES ("242","Martin","Lemke","demario02","ben.welch@stoltenberg.biz","$2y$10$ujo1K75nFbrpaLMmn27lBO3icnPByjGODuHNEKqoOBK.lPjN9tewC","1967-08-30 05:40:59","2","2","Molestias commodi voluptatem reprehenderit qui eius tenetur. Amet fugit et iure qui quia.","Belgium","","Jessiefurt","29320-9344","../fixtures/female7.jpg","../fixtures/female1.jpg","../fixtures/female6.jpg","../fixtures/female6.jpg","../fixtures/female5.jpg","10","d3f7b997ae9507497e8d1cd88358054a","1994-03-27 22:09:11","0","0","2012-08-14 13:00:07","1981-06-27 04:32:55");
INSERT INTO user_tag (user_id, tag_id) VALUES ("242","14");
INSERT INTO user_tag (user_id, tag_id) VALUES ("242","5");
INSERT INTO user_tag (user_id, tag_id) VALUES ("242","10");
INSERT INTO user_tag (user_id, tag_id) VALUES ("242","30");
INSERT INTO user_tag (user_id, tag_id) VALUES ("242","45");
INSERT INTO user_tag (user_id, tag_id) VALUES ("242","14");
INSERT INTO user_tag (user_id, tag_id) VALUES ("242","2");
INSERT INTO user_tag (user_id, tag_id) VALUES ("242","46");
INSERT INTO user_tag (user_id, tag_id) VALUES ("242","19");
INSERT INTO user_tag (user_id, tag_id) VALUES ("242","23");
INSERT INTO user_tag (user_id, tag_id) VALUES ("242","29");
INSERT INTO user_tag (user_id, tag_id) VALUES ("242","46");
INSERT INTO user_tag (user_id, tag_id) VALUES ("242","2");
INSERT INTO user_tag (user_id, tag_id) VALUES ("242","25");
INSERT INTO user_tag (user_id, tag_id) VALUES ("242","25");

INSERT INTO connected (user_id, connect_date) VALUES ("242","2017-08-03 20:59:27");
INSERT INTO likes (like_id, liked_id, like_date) VALUES ("33","242","2017-11-26 11:57:45");
INSERT INTO likes (like_id, liked_id, like_date) VALUES ("488","242","2017-07-04 12:10:32");
INSERT INTO likes (like_id, liked_id, like_date) VALUES ("39","242","2017-09-22 02:47:46");
INSERT INTO likes (like_id, liked_id, like_date) VALUES ("147","242","2017-04-02 00:22:17");
INSERT INTO views (viewer_id, viewed_id, view_date) VALUES ("205","242","2017-04-04 10:28:39");
INSERT INTO views (viewer_id, viewed_id, view_date) VALUES ("458","242","2017-04-21 02:09:45");
INSERT INTO views (viewer_id, viewed_id, view_date) VALUES ("172","242","2017-11-30 03:50:59");
INSERT INTO views (viewer_id, viewed_id, view_date) VALUES ("22","242","2017-10-02 02:43:07");
INSERT INTO views (viewer_id, viewed_id, view_date) VALUES ("161","242","2017-07-21 10:18:12");
INSERT INTO views (viewer_id, viewed_id, view_date) VALUES ("249","242","2017-11-14 03:29:23");
INSERT INTO views (viewer_id, viewed_id, view_date) VALUES ("221","242","2018-01-09 00:36:35");
INSERT INTO views (viewer_id, viewed_id, view_date) VALUES ("449","242","2017-10-18 12:40:40");
INSERT INTO views (viewer_id, viewed_id, view_date) VALUES ("307","242","2017-09-05 05:19:38");
INSERT INTO views (viewer_id, viewed_id, view_date) VALUES ("413","242","2018-01-05 23:47:45");
INSERT INTO views (viewer_id, viewed_id, view_date) VALUES ("118","242","2017-09-19 23:25:29");
INSERT INTO views (viewer_id, viewed_id, view_date) VALUES ("344","242","2017-04-19 22:00:27");
INSERT INTO views (viewer_id, viewed_id, view_date) VALUES ("278","242","2017-09-27 17:20:27");
INSERT INTO views (viewer_id, viewed_id, view_date) VALUES ("307","242","2017-05-01 09:53:07");
INSERT INTO views (viewer_id, viewed_id, view_date) VALUES ("156","242","2017-09-28 13:22:39");
INSERT INTO views (viewer_id, viewed_id, view_date) VALUES ("294","242","2017-06-06 10:15:45");
INSERT INTO views (viewer_id, viewed_id, view_date) VALUES ("20","242","2018-01-08 10:45:03");
INSERT INTO views (viewer_id, viewed_id, view_date) VALUES ("405","242","2017-03-07 09:17:09");
INSERT INTO views (viewer_id, viewed_id, view_date) VALUES ("85","242","2017-03-08 05:43:05");
INSERT INTO views (viewer_id, viewed_id, view_date) VALUES ("107","242","2017-06-11 03:27:40");
INSERT INTO views (viewer_id, viewed_id, view_date) VALUES ("472","242","2018-01-11 02:19:06");
INSERT INTO views (viewer_id, viewed_id, view_date) VALUES ("443","242","2018-02-01 02:32:13");
INSERT INTO views (viewer_id, viewed_id, view_date) VALUES ("338","242","2017-06-13 14:08:57");
INSERT INTO views (viewer_id, viewed_id, view_date) VALUES ("443","242","2017-05-02 13:53:57");
INSERT INTO views (viewer_id, viewed_id, view_date) VALUES ("389","242","2017-08-14 16:32:34");
INSERT INTO views (viewer_id, viewed_id, view_date) VALUES ("44","242","2017-09-26 22:34:56");
INSERT INTO views (viewer_id, viewed_id, view_date) VALUES ("370","242","2017-05-14 10:25:00");
INSERT INTO views (viewer_id, viewed_id, view_date) VALUES ("384","242","2017-06-19 16:27:04");
INSERT INTO views (viewer_id, viewed_id, view_date) VALUES ("179","242","2017-02-18 11:22:31");
INSERT INTO views (viewer_id, viewed_id, view_date) VALUES ("389","242","2017-04-27 03:50:23");


INSERT INTO user (id, first_name, last_name, username, email, password, birthdate, gender, orientation, bio, country, state, city, zip, file_1, file_2, file_3, file_4, file_5, score, token, token_date, active, register, created_at, updated_at) VALUES ("243","Krystina","Thompson","dheller","mafalda66@yahoo.com","$2y$10$pZjOh6CVUaPuH3jSWWU7COKoRIfFQENzpUWGz1hguw2LG.rpx/raW","1998-12-07 03:58:55","2","1","Aut quam natus voluptates atque. Atque ut voluptatibus nostrum nisi facilis. Labore perspiciatis id commodi qui. Qui accusamus ducimus culpa nobis hic ut voluptas et.","Liberia","","Schneiderfurt","01639-5265","../fixtures/female3.jpg","","","","","51","dbaf219af566fcbb6357042cac24373d","1986-01-16 16:28:12","1","0","2007-12-29 00:11:24","2003-08-13 19:56:53");
INSERT INTO user_tag (user_id, tag_id) VALUES ("243","1");
INSERT INTO user_tag (user_id, tag_id) VALUES ("243","30");
INSERT INTO user_tag (user_id, tag_id) VALUES ("243","2");
INSERT INTO user_tag (user_id, tag_id) VALUES ("243","49");
INSERT INTO user_tag (user_id, tag_id) VALUES ("243","12");
INSERT INTO user_tag (user_id, tag_id) VALUES ("243","22");
INSERT INTO user_tag (user_id, tag_id) VALUES ("243","11");
INSERT INTO user_tag (user_id, tag_id) VALUES ("243","27");
INSERT INTO user_tag (user_id, tag_id) VALUES ("243","9");
INSERT INTO user_tag (user_id, tag_id) VALUES ("243","8");

INSERT INTO connected (user_id, connect_date) VALUES ("243","2017-08-26 18:51:32");
INSERT INTO likes (like_id, liked_id, like_date) VALUES ("253","243","2017-09-17 06:06:43");
INSERT INTO likes (like_id, liked_id, like_date) VALUES ("133","243","2017-10-04 22:57:59");
INSERT INTO views (viewer_id, viewed_id, view_date) VALUES ("150","243","2017-03-06 07:15:53");
INSERT INTO views (viewer_id, viewed_id, view_date) VALUES ("279","243","2017-12-08 09:22:57");


INSERT INTO user (id, first_name, last_name, username, email, password, birthdate, gender, orientation, bio, country, state, city, zip, file_1, file_2, file_3, file_4, file_5, score, token, token_date, active, register, created_at, updated_at) VALUES ("244","Coy","Mayer","larsondevin","cmuller@gmail.com","$2y$10$//3k2xuzg.k.mDNVVFujleg/Whq/zHL09IuFup2sOuzQgGSRBU7pm","1988-11-13 13:04:54","2","3","Qui odit assumenda voluptatem alias ut accusantium. Labore aut harum totam velit. At mollitia asperiores inventore.","Morocco","","Port Chasefort","61396-6728","../fixtures/female10.jpg","","","","","93","f55f6fcecdbdec37256a486df477b0dc","2013-03-05 16:06:39","0","0","2002-07-16 21:04:23","2009-08-04 19:29:38");
INSERT INTO user_tag (user_id, tag_id) VALUES ("244","40");
INSERT INTO user_tag (user_id, tag_id) VALUES ("244","1");
INSERT INTO user_tag (user_id, tag_id) VALUES ("244","2");
INSERT INTO user_tag (user_id, tag_id) VALUES ("244","4");
INSERT INTO user_tag (user_id, tag_id) VALUES ("244","24");
INSERT INTO user_tag (user_id, tag_id) VALUES ("244","30");
INSERT INTO user_tag (user_id, tag_id) VALUES ("244","48");
INSERT INTO user_tag (user_id, tag_id) VALUES ("244","24");
INSERT INTO user_tag (user_id, tag_id) VALUES ("244","3");
INSERT INTO user_tag (user_id, tag_id) VALUES ("244","41");
INSERT INTO user_tag (user_id, tag_id) VALUES ("244","42");
INSERT INTO user_tag (user_id, tag_id) VALUES ("244","29");
INSERT INTO user_tag (user_id, tag_id) VALUES ("244","19");
INSERT INTO user_tag (user_id, tag_id) VALUES ("244","19");
INSERT INTO user_tag (user_id, tag_id) VALUES ("244","17");

INSERT INTO connected (user_id, connect_date) VALUES ("244","2017-04-25 13:55:30");
INSERT INTO likes (like_id, liked_id, like_date) VALUES ("267","244","2017-12-15 09:45:06");
INSERT INTO likes (like_id, liked_id, like_date) VALUES ("439","244","2017-08-06 08:32:34");
INSERT INTO likes (like_id, liked_id, like_date) VALUES ("139","244","2018-02-01 05:01:04");
INSERT INTO likes (like_id, liked_id, like_date) VALUES ("360","244","2017-08-31 20:38:21");
INSERT INTO likes (like_id, liked_id, like_date) VALUES ("395","244","2017-07-05 15:03:23");
INSERT INTO likes (like_id, liked_id, like_date) VALUES ("229","244","2017-09-17 01:46:29");
INSERT INTO likes (like_id, liked_id, like_date) VALUES ("304","244","2017-07-22 08:45:57");
INSERT INTO likes (like_id, liked_id, like_date) VALUES ("169","244","2018-01-17 10:17:25");
INSERT INTO likes (like_id, liked_id, like_date) VALUES ("476","244","2017-05-25 03:04:07");
INSERT INTO likes (like_id, liked_id, like_date) VALUES ("322","244","2018-01-30 16:57:55");
INSERT INTO likes (like_id, liked_id, like_date) VALUES ("436","244","2017-09-06 01:35:29");
INSERT INTO likes (like_id, liked_id, like_date) VALUES ("129","244","2018-02-04 14:35:55");
INSERT INTO likes (like_id, liked_id, like_date) VALUES ("399","244","2017-07-02 15:26:41");
INSERT INTO likes (like_id, liked_id, like_date) VALUES ("319","244","2017-04-06 03:53:39");
INSERT INTO likes (like_id, liked_id, like_date) VALUES ("319","244","2017-10-16 20:05:37");
INSERT INTO views (viewer_id, viewed_id, view_date) VALUES ("92","244","2017-08-21 13:21:09");
INSERT INTO views (viewer_id, viewed_id, view_date) VALUES ("5","244","2017-12-07 13:54:00");
INSERT INTO views (viewer_id, viewed_id, view_date) VALUES ("21","244","2017-06-06 12:51:04");
INSERT INTO views (viewer_id, viewed_id, view_date) VALUES ("273","244","2017-11-01 05:50:54");
INSERT INTO views (viewer_id, viewed_id, view_date) VALUES ("466","244","2017-05-04 06:58:50");
INSERT INTO views (viewer_id, viewed_id, view_date) VALUES ("494","244","2017-03-18 12:37:22");
INSERT INTO views (viewer_id, viewed_id, view_date) VALUES ("175","244","2018-01-18 23:13:01");
INSERT INTO views (viewer_id, viewed_id, view_date) VALUES ("363","244","2017-06-20 07:41:44");
INSERT INTO views (viewer_id, viewed_id, view_date) VALUES ("497","244","2017-10-13 11:59:33");
INSERT INTO views (viewer_id, viewed_id, view_date) VALUES ("177","244","2017-08-23 14:23:00");


INSERT INTO user (id, first_name, last_name, username, email, password, birthdate, gender, orientation, bio, country, state, city, zip, file_1, file_2, file_3, file_4, file_5, score, token, token_date, active, register, created_at, updated_at) VALUES ("245","Edd","Hudson","rboyle","nelle.romaguera@yahoo.com","$2y$10$y5LN0ZJ0HtTzJQRyoxCpjudCECBHSMHchbeSEpSbESPUd3gEdqkfa","1987-01-12 16:31:03","1","2","Aperiam in doloribus qui. Aut tempore optio harum rerum. Cupiditate esse officiis non ut illum asperiores occaecati itaque.","French Guiana","","Omerport","18601-5368","../fixtures/male7.jpg","../fixtures/male8.jpg","../fixtures/male6.jpg","../fixtures/male4.jpg","","4","aee4aea302ba87985269b969ffc57d8c","2010-07-08 21:38:12","1","1","2007-04-04 06:40:33","1996-01-17 21:01:47");
INSERT INTO user_tag (user_id, tag_id) VALUES ("245","5");
INSERT INTO user_tag (user_id, tag_id) VALUES ("245","19");
INSERT INTO user_tag (user_id, tag_id) VALUES ("245","20");
INSERT INTO user_tag (user_id, tag_id) VALUES ("245","41");
INSERT INTO user_tag (user_id, tag_id) VALUES ("245","17");
INSERT INTO user_tag (user_id, tag_id) VALUES ("245","20");

INSERT INTO connected (user_id, connect_date) VALUES ("245","2017-05-04 21:40:22");
INSERT INTO likes (like_id, liked_id, like_date) VALUES ("384","245","2017-06-24 19:49:31");
INSERT INTO likes (like_id, liked_id, like_date) VALUES ("58","245","2017-04-03 08:07:44");
INSERT INTO likes (like_id, liked_id, like_date) VALUES ("290","245","2017-05-22 12:40:03");
INSERT INTO likes (like_id, liked_id, like_date) VALUES ("195","245","2017-10-06 23:13:10");
INSERT INTO likes (like_id, liked_id, like_date) VALUES ("72","245","2017-02-22 14:15:57");
INSERT INTO likes (like_id, liked_id, like_date) VALUES ("411","245","2017-07-12 05:47:06");
INSERT INTO likes (like_id, liked_id, like_date) VALUES ("8","245","2017-04-19 14:54:44");
INSERT INTO likes (like_id, liked_id, like_date) VALUES ("121","245","2017-05-23 16:20:14");
INSERT INTO likes (like_id, liked_id, like_date) VALUES ("107","245","2017-12-30 03:21:10");
INSERT INTO likes (like_id, liked_id, like_date) VALUES ("493","245","2017-11-24 04:27:51");
INSERT INTO likes (like_id, liked_id, like_date) VALUES ("36","245","2017-10-19 16:08:21");
INSERT INTO likes (like_id, liked_id, like_date) VALUES ("444","245","2017-05-16 17:33:44");
INSERT INTO likes (like_id, liked_id, like_date) VALUES ("127","245","2017-05-23 09:08:26");
INSERT INTO likes (like_id, liked_id, like_date) VALUES ("376","245","2018-01-02 21:57:57");
INSERT INTO likes (like_id, liked_id, like_date) VALUES ("412","245","2017-07-06 02:10:32");
INSERT INTO views (viewer_id, viewed_id, view_date) VALUES ("27","245","2017-08-11 13:39:30");
INSERT INTO views (viewer_id, viewed_id, view_date) VALUES ("410","245","2018-02-11 08:47:06");
INSERT INTO views (viewer_id, viewed_id, view_date) VALUES ("351","245","2017-07-04 17:26:38");
INSERT INTO views (viewer_id, viewed_id, view_date) VALUES ("150","245","2017-07-24 16:21:50");
INSERT INTO views (viewer_id, viewed_id, view_date) VALUES ("474","245","2017-06-29 16:55:05");
INSERT INTO views (viewer_id, viewed_id, view_date) VALUES ("284","245","2017-11-10 10:02:39");
INSERT INTO views (viewer_id, viewed_id, view_date) VALUES ("156","245","2017-06-10 07:17:31");
INSERT INTO views (viewer_id, viewed_id, view_date) VALUES ("236","245","2017-11-19 15:18:00");
INSERT INTO views (viewer_id, viewed_id, view_date) VALUES ("267","245","2017-08-28 07:26:27");
INSERT INTO views (viewer_id, viewed_id, view_date) VALUES ("401","245","2017-05-24 18:07:35");
INSERT INTO views (viewer_id, viewed_id, view_date) VALUES ("426","245","2017-04-10 15:07:21");
INSERT INTO views (viewer_id, viewed_id, view_date) VALUES ("151","245","2017-04-24 01:33:38");
INSERT INTO views (viewer_id, viewed_id, view_date) VALUES ("101","245","2017-05-04 03:53:58");
INSERT INTO views (viewer_id, viewed_id, view_date) VALUES ("98","245","2017-07-30 01:01:30");
INSERT INTO views (viewer_id, viewed_id, view_date) VALUES ("486","245","2017-10-25 12:35:56");


INSERT INTO user (id, first_name, last_name, username, email, password, birthdate, gender, orientation, bio, country, state, city, zip, file_1, file_2, file_3, file_4, file_5, score, token, token_date, active, register, created_at, updated_at) VALUES ("246","Marcel","Jacobson","orionward","hanna79@nader.com","$2y$10$.tk24HOa92/ONBx4uN9.UupR3HIXhyp.fm2YMpB/MPAD9wUeSxQOG","1949-05-28 09:58:51","2","3","Deserunt voluptatem assumenda et. Quam ut repudiandae fuga reprehenderit eos. Occaecati expedita aliquid deserunt quis reprehenderit aut voluptates vero.","Swaziland","","Lillianachester","26958-0087","../fixtures/female5.jpg","","","","","65","1f2c558799beb48d8b8db08d6ab3fcb7","1970-09-22 00:13:52","0","0","2007-06-24 16:06:08","1995-07-07 01:17:31");
INSERT INTO user_tag (user_id, tag_id) VALUES ("246","9");
INSERT INTO user_tag (user_id, tag_id) VALUES ("246","39");
INSERT INTO user_tag (user_id, tag_id) VALUES ("246","24");
INSERT INTO user_tag (user_id, tag_id) VALUES ("246","45");
INSERT INTO user_tag (user_id, tag_id) VALUES ("246","26");
INSERT INTO user_tag (user_id, tag_id) VALUES ("246","33");
INSERT INTO user_tag (user_id, tag_id) VALUES ("246","5");
INSERT INTO user_tag (user_id, tag_id) VALUES ("246","42");
INSERT INTO user_tag (user_id, tag_id) VALUES ("246","36");
INSERT INTO user_tag (user_id, tag_id) VALUES ("246","38");

INSERT INTO connected (user_id, connect_date) VALUES ("246","2017-05-08 22:27:12");
INSERT INTO likes (like_id, liked_id, like_date) VALUES ("88","246","2017-04-10 19:22:46");
INSERT INTO likes (like_id, liked_id, like_date) VALUES ("272","246","2017-06-11 05:36:33");
INSERT INTO likes (like_id, liked_id, like_date) VALUES ("265","246","2017-10-11 15:23:32");
INSERT INTO likes (like_id, liked_id, like_date) VALUES ("82","246","2017-05-22 18:47:39");
INSERT INTO likes (like_id, liked_id, like_date) VALUES ("375","246","2018-02-11 01:15:29");
INSERT INTO likes (like_id, liked_id, like_date) VALUES ("289","246","2017-10-14 06:05:29");
INSERT INTO likes (like_id, liked_id, like_date) VALUES ("438","246","2017-04-04 08:28:32");
INSERT INTO likes (like_id, liked_id, like_date) VALUES ("394","246","2017-05-04 00:50:27");
INSERT INTO likes (like_id, liked_id, like_date) VALUES ("409","246","2017-11-30 21:28:13");
INSERT INTO likes (like_id, liked_id, like_date) VALUES ("472","246","2017-06-20 22:12:51");
INSERT INTO likes (like_id, liked_id, like_date) VALUES ("217","246","2017-12-15 17:26:26");
INSERT INTO likes (like_id, liked_id, like_date) VALUES ("202","246","2017-10-07 18:50:10");
INSERT INTO views (viewer_id, viewed_id, view_date) VALUES ("110","246","2017-03-05 03:23:10");
INSERT INTO views (viewer_id, viewed_id, view_date) VALUES ("354","246","2017-05-08 23:25:07");
INSERT INTO views (viewer_id, viewed_id, view_date) VALUES ("130","246","2017-08-12 20:10:26");
INSERT INTO views (viewer_id, viewed_id, view_date) VALUES ("479","246","2018-01-13 21:35:53");
INSERT INTO views (viewer_id, viewed_id, view_date) VALUES ("427","246","2017-03-30 22:21:20");
INSERT INTO views (viewer_id, viewed_id, view_date) VALUES ("83","246","2017-03-04 01:56:17");
INSERT INTO views (viewer_id, viewed_id, view_date) VALUES ("47","246","2017-07-02 10:13:48");
INSERT INTO views (viewer_id, viewed_id, view_date) VALUES ("143","246","2017-05-01 20:48:27");
INSERT INTO views (viewer_id, viewed_id, view_date) VALUES ("179","246","2018-01-05 00:18:55");
INSERT INTO views (viewer_id, viewed_id, view_date) VALUES ("64","246","2017-06-02 17:30:57");
INSERT INTO views (viewer_id, viewed_id, view_date) VALUES ("439","246","2018-01-13 02:46:41");
INSERT INTO views (viewer_id, viewed_id, view_date) VALUES ("497","246","2017-04-18 11:03:52");
INSERT INTO views (viewer_id, viewed_id, view_date) VALUES ("133","246","2017-09-28 14:09:52");
INSERT INTO views (viewer_id, viewed_id, view_date) VALUES ("313","246","2017-02-17 18:00:37");
INSERT INTO views (viewer_id, viewed_id, view_date) VALUES ("174","246","2017-10-11 10:09:28");
INSERT INTO views (viewer_id, viewed_id, view_date) VALUES ("242","246","2017-03-11 19:05:17");
INSERT INTO views (viewer_id, viewed_id, view_date) VALUES ("152","246","2017-10-21 01:47:55");
INSERT INTO views (viewer_id, viewed_id, view_date) VALUES ("251","246","2017-12-31 11:16:45");
INSERT INTO views (viewer_id, viewed_id, view_date) VALUES ("78","246","2018-01-21 08:33:06");


INSERT INTO user (id, first_name, last_name, username, email, password, birthdate, gender, orientation, bio, country, state, city, zip, file_1, file_2, file_3, file_4, file_5, score, token, token_date, active, register, created_at, updated_at) VALUES ("247","Braden","Terry","keaganbecker","bartell.nikko@gmail.com","$2y$10$yGts7mHhJSZutZ5iPhueZ.JGCbztb2qxZgWAJPvds4P1bs81M3gHK","1960-06-27 02:53:19","2","2","Voluptatum reprehenderit error omnis quos ducimus ea qui. Ut est nam deserunt quasi. Repudiandae qui aliquid nisi necessitatibus adipisci quidem totam repellat. Natus tempora quibusdam et.","Guinea","","Port Donstad","94908","../fixtures/female4.jpg","","","","","53","72ef97da6c6501c6c33acacc34a58ee4","2004-10-18 13:20:15","1","1","1979-08-10 11:11:05","1975-08-27 20:45:25");
INSERT INTO user_tag (user_id, tag_id) VALUES ("247","18");
INSERT INTO user_tag (user_id, tag_id) VALUES ("247","11");
INSERT INTO user_tag (user_id, tag_id) VALUES ("247","38");
INSERT INTO user_tag (user_id, tag_id) VALUES ("247","3");

INSERT INTO connected (user_id, connect_date) VALUES ("247","2017-06-19 12:41:33");
INSERT INTO likes (like_id, liked_id, like_date) VALUES ("295","247","2017-09-17 07:33:37");
INSERT INTO likes (like_id, liked_id, like_date) VALUES ("122","247","2017-07-16 23:03:01");
INSERT INTO likes (like_id, liked_id, like_date) VALUES ("71","247","2017-08-16 19:41:43");
INSERT INTO likes (like_id, liked_id, like_date) VALUES ("230","247","2017-08-25 13:58:45");
INSERT INTO likes (like_id, liked_id, like_date) VALUES ("321","247","2017-04-29 07:52:18");
INSERT INTO likes (like_id, liked_id, like_date) VALUES ("360","247","2017-03-01 09:05:42");
INSERT INTO likes (like_id, liked_id, like_date) VALUES ("443","247","2017-02-16 21:18:10");
INSERT INTO likes (like_id, liked_id, like_date) VALUES ("480","247","2017-10-29 20:43:59");
INSERT INTO likes (like_id, liked_id, like_date) VALUES ("378","247","2017-06-28 14:51:13");
INSERT INTO likes (like_id, liked_id, like_date) VALUES ("480","247","2017-11-18 08:13:50");
INSERT INTO likes (like_id, liked_id, like_date) VALUES ("217","247","2018-01-03 22:02:00");
INSERT INTO views (viewer_id, viewed_id, view_date) VALUES ("292","247","2017-04-04 11:57:45");
INSERT INTO views (viewer_id, viewed_id, view_date) VALUES ("226","247","2017-09-26 01:01:59");
INSERT INTO views (viewer_id, viewed_id, view_date) VALUES ("157","247","2017-03-13 10:46:27");
INSERT INTO views (viewer_id, viewed_id, view_date) VALUES ("70","247","2017-12-17 15:12:21");
INSERT INTO views (viewer_id, viewed_id, view_date) VALUES ("385","247","2017-09-09 16:04:36");
INSERT INTO views (viewer_id, viewed_id, view_date) VALUES ("244","247","2017-05-22 11:18:23");
INSERT INTO views (viewer_id, viewed_id, view_date) VALUES ("335","247","2017-08-15 22:49:27");
INSERT INTO views (viewer_id, viewed_id, view_date) VALUES ("452","247","2017-03-21 01:58:40");
INSERT INTO views (viewer_id, viewed_id, view_date) VALUES ("480","247","2017-11-16 00:03:12");
INSERT INTO views (viewer_id, viewed_id, view_date) VALUES ("373","247","2017-06-14 05:23:35");
INSERT INTO views (viewer_id, viewed_id, view_date) VALUES ("347","247","2017-02-18 01:10:54");
INSERT INTO views (viewer_id, viewed_id, view_date) VALUES ("158","247","2017-08-11 12:42:18");
INSERT INTO views (viewer_id, viewed_id, view_date) VALUES ("76","247","2017-12-13 19:43:01");
INSERT INTO views (viewer_id, viewed_id, view_date) VALUES ("395","247","2017-08-24 02:53:07");
INSERT INTO views (viewer_id, viewed_id, view_date) VALUES ("221","247","2017-11-11 18:45:48");
INSERT INTO views (viewer_id, viewed_id, view_date) VALUES ("420","247","2017-10-01 11:47:57");
INSERT INTO views (viewer_id, viewed_id, view_date) VALUES ("306","247","2018-01-20 20:26:35");
INSERT INTO views (viewer_id, viewed_id, view_date) VALUES ("74","247","2017-08-18 10:10:18");
INSERT INTO views (viewer_id, viewed_id, view_date) VALUES ("315","247","2017-04-26 01:23:35");


INSERT INTO user (id, first_name, last_name, username, email, password, birthdate, gender, orientation, bio, country, state, city, zip, file_1, file_2, file_3, file_4, file_5, score, token, token_date, active, register, created_at, updated_at) VALUES ("248","Anabelle","Emard","crystel18","lucio73@blick.info","$2y$10$Tc8bLyVR3GJnj6z6eilKgeU3d87sh16dAF2WBcfxlqv1otyUkX/l6","1970-11-30 11:38:05","2","1","Necessitatibus doloribus quos et repellat deserunt occaecati suscipit saepe. Et odio sed eos voluptatem est non. Eaque sequi quia laborum aut praesentium qui. Consequatur quidem rerum et illum.","Equatorial Guinea","","West Sedrick","74905-2349","../fixtures/female8.jpg","../fixtures/female10.jpg","../fixtures/female2.jpg","","","39","a5ec34f2a1000be6b75522a618ddc5ca","1985-02-08 00:25:13","1","0","1995-01-14 07:04:21","2000-03-27 19:49:20");
INSERT INTO user_tag (user_id, tag_id) VALUES ("248","42");
INSERT INTO user_tag (user_id, tag_id) VALUES ("248","40");
INSERT INTO user_tag (user_id, tag_id) VALUES ("248","2");
INSERT INTO user_tag (user_id, tag_id) VALUES ("248","28");
INSERT INTO user_tag (user_id, tag_id) VALUES ("248","17");
INSERT INTO user_tag (user_id, tag_id) VALUES ("248","49");
INSERT INTO user_tag (user_id, tag_id) VALUES ("248","6");
INSERT INTO user_tag (user_id, tag_id) VALUES ("248","9");
INSERT INTO user_tag (user_id, tag_id) VALUES ("248","13");
INSERT INTO user_tag (user_id, tag_id) VALUES ("248","32");
INSERT INTO user_tag (user_id, tag_id) VALUES ("248","47");
INSERT INTO user_tag (user_id, tag_id) VALUES ("248","40");
INSERT INTO user_tag (user_id, tag_id) VALUES ("248","16");
INSERT INTO user_tag (user_id, tag_id) VALUES ("248","11");

INSERT INTO connected (user_id, connect_date) VALUES ("248","2017-08-06 12:10:09");
INSERT INTO likes (like_id, liked_id, like_date) VALUES ("217","248","2017-11-10 09:32:58");
INSERT INTO likes (like_id, liked_id, like_date) VALUES ("344","248","2017-07-22 05:04:45");
INSERT INTO likes (like_id, liked_id, like_date) VALUES ("178","248","2017-12-20 04:13:30");
INSERT INTO likes (like_id, liked_id, like_date) VALUES ("399","248","2017-12-23 11:00:51");
INSERT INTO likes (like_id, liked_id, like_date) VALUES ("393","248","2017-07-19 03:58:11");
INSERT INTO likes (like_id, liked_id, like_date) VALUES ("349","248","2017-12-24 21:43:48");
INSERT INTO likes (like_id, liked_id, like_date) VALUES ("2","248","2017-08-29 16:12:03");
INSERT INTO views (viewer_id, viewed_id, view_date) VALUES ("500","248","2017-06-14 17:51:08");
INSERT INTO views (viewer_id, viewed_id, view_date) VALUES ("465","248","2017-04-28 04:06:07");
INSERT INTO views (viewer_id, viewed_id, view_date) VALUES ("467","248","2017-12-11 18:34:41");
INSERT INTO views (viewer_id, viewed_id, view_date) VALUES ("248","248","2017-05-08 18:19:30");
INSERT INTO views (viewer_id, viewed_id, view_date) VALUES ("154","248","2017-08-16 20:20:29");
INSERT INTO views (viewer_id, viewed_id, view_date) VALUES ("215","248","2017-06-17 20:54:35");
INSERT INTO views (viewer_id, viewed_id, view_date) VALUES ("19","248","2017-05-18 15:35:06");
INSERT INTO views (viewer_id, viewed_id, view_date) VALUES ("355","248","2017-08-21 12:36:40");
INSERT INTO views (viewer_id, viewed_id, view_date) VALUES ("336","248","2018-01-13 16:22:40");
INSERT INTO views (viewer_id, viewed_id, view_date) VALUES ("339","248","2018-01-27 13:31:47");
INSERT INTO views (viewer_id, viewed_id, view_date) VALUES ("16","248","2017-10-06 04:33:43");
INSERT INTO views (viewer_id, viewed_id, view_date) VALUES ("34","248","2017-03-02 01:13:16");
INSERT INTO views (viewer_id, viewed_id, view_date) VALUES ("179","248","2017-04-01 09:53:17");
INSERT INTO views (viewer_id, viewed_id, view_date) VALUES ("290","248","2017-10-23 02:31:23");
INSERT INTO views (viewer_id, viewed_id, view_date) VALUES ("68","248","2017-10-19 16:57:25");
INSERT INTO views (viewer_id, viewed_id, view_date) VALUES ("255","248","2017-08-24 13:38:08");
INSERT INTO views (viewer_id, viewed_id, view_date) VALUES ("18","248","2017-11-26 05:05:19");
INSERT INTO views (viewer_id, viewed_id, view_date) VALUES ("192","248","2017-06-09 15:01:38");
INSERT INTO views (viewer_id, viewed_id, view_date) VALUES ("416","248","2017-12-01 17:01:08");
INSERT INTO views (viewer_id, viewed_id, view_date) VALUES ("263","248","2017-09-17 21:02:21");
INSERT INTO views (viewer_id, viewed_id, view_date) VALUES ("290","248","2018-01-02 17:51:09");
INSERT INTO views (viewer_id, viewed_id, view_date) VALUES ("83","248","2017-08-26 11:48:54");
INSERT INTO views (viewer_id, viewed_id, view_date) VALUES ("225","248","2017-12-19 22:55:45");
INSERT INTO views (viewer_id, viewed_id, view_date) VALUES ("436","248","2017-10-26 05:05:25");
INSERT INTO views (viewer_id, viewed_id, view_date) VALUES ("222","248","2018-01-19 10:55:55");
INSERT INTO views (viewer_id, viewed_id, view_date) VALUES ("164","248","2017-08-08 00:40:53");
INSERT INTO views (viewer_id, viewed_id, view_date) VALUES ("155","248","2017-05-15 06:32:18");
INSERT INTO views (viewer_id, viewed_id, view_date) VALUES ("44","248","2017-03-01 18:58:12");
INSERT INTO views (viewer_id, viewed_id, view_date) VALUES ("459","248","2018-02-01 17:20:53");
INSERT INTO views (viewer_id, viewed_id, view_date) VALUES ("422","248","2017-06-13 19:30:21");
INSERT INTO views (viewer_id, viewed_id, view_date) VALUES ("396","248","2017-11-26 03:57:51");


INSERT INTO user (id, first_name, last_name, username, email, password, birthdate, gender, orientation, bio, country, state, city, zip, file_1, file_2, file_3, file_4, file_5, score, token, token_date, active, register, created_at, updated_at) VALUES ("249","Ivy","Cummerata","ahomenick","sharon.armstrong@conroy.com","$2y$10$wvbaHhmLbvM9dKxG.oVgAu3p2xfEDaP0BsPep4mkc5tijUC.JL4Aa","1961-11-18 04:46:52","1","1","Deleniti at culpa suscipit voluptas et odit magni aut. Ab voluptatem adipisci ab ut ad quasi. Delectus illum iusto quibusdam quae soluta ducimus temporibus.","Angola","","West Donald","37072","../fixtures/male5.jpg","","","","","32","e552605334d297fa56ffa0a9173c4223","1971-10-09 19:25:37","1","0","1978-01-31 07:21:27","1986-04-11 16:13:02");
INSERT INTO user_tag (user_id, tag_id) VALUES ("249","28");
INSERT INTO user_tag (user_id, tag_id) VALUES ("249","14");
INSERT INTO user_tag (user_id, tag_id) VALUES ("249","48");
INSERT INTO user_tag (user_id, tag_id) VALUES ("249","41");
INSERT INTO user_tag (user_id, tag_id) VALUES ("249","9");
INSERT INTO user_tag (user_id, tag_id) VALUES ("249","30");
INSERT INTO user_tag (user_id, tag_id) VALUES ("249","15");
INSERT INTO user_tag (user_id, tag_id) VALUES ("249","43");
INSERT INTO user_tag (user_id, tag_id) VALUES ("249","39");
INSERT INTO user_tag (user_id, tag_id) VALUES ("249","39");
INSERT INTO user_tag (user_id, tag_id) VALUES ("249","7");
INSERT INTO user_tag (user_id, tag_id) VALUES ("249","35");

INSERT INTO connected (user_id, connect_date) VALUES ("249","2018-01-10 22:58:13");
INSERT INTO likes (like_id, liked_id, like_date) VALUES ("272","249","2017-11-09 13:14:36");
INSERT INTO likes (like_id, liked_id, like_date) VALUES ("288","249","2017-06-04 10:32:02");
INSERT INTO likes (like_id, liked_id, like_date) VALUES ("39","249","2018-01-29 22:02:07");
INSERT INTO likes (like_id, liked_id, like_date) VALUES ("38","249","2017-09-21 20:21:19");
INSERT INTO likes (like_id, liked_id, like_date) VALUES ("313","249","2017-10-28 01:02:31");
INSERT INTO likes (like_id, liked_id, like_date) VALUES ("369","249","2017-07-26 18:34:08");
INSERT INTO likes (like_id, liked_id, like_date) VALUES ("296","249","2017-11-19 05:58:49");
INSERT INTO likes (like_id, liked_id, like_date) VALUES ("403","249","2017-07-05 12:55:59");
INSERT INTO likes (like_id, liked_id, like_date) VALUES ("286","249","2017-08-28 21:10:18");
INSERT INTO likes (like_id, liked_id, like_date) VALUES ("250","249","2017-09-03 19:02:01");
INSERT INTO likes (like_id, liked_id, like_date) VALUES ("408","249","2017-10-19 08:33:04");
INSERT INTO likes (like_id, liked_id, like_date) VALUES ("271","249","2017-07-06 19:49:46");
INSERT INTO likes (like_id, liked_id, like_date) VALUES ("365","249","2017-10-15 11:52:00");
INSERT INTO likes (like_id, liked_id, like_date) VALUES ("128","249","2017-12-15 18:15:46");
INSERT INTO likes (like_id, liked_id, like_date) VALUES ("57","249","2017-06-21 10:41:07");
INSERT INTO views (viewer_id, viewed_id, view_date) VALUES ("360","249","2017-10-08 16:43:21");
INSERT INTO views (viewer_id, viewed_id, view_date) VALUES ("267","249","2017-12-19 08:22:51");
INSERT INTO views (viewer_id, viewed_id, view_date) VALUES ("148","249","2017-09-23 13:37:45");
INSERT INTO views (viewer_id, viewed_id, view_date) VALUES ("190","249","2017-06-22 02:59:57");
INSERT INTO views (viewer_id, viewed_id, view_date) VALUES ("303","249","2017-11-25 17:59:44");
INSERT INTO views (viewer_id, viewed_id, view_date) VALUES ("64","249","2018-01-04 15:55:52");
INSERT INTO views (viewer_id, viewed_id, view_date) VALUES ("311","249","2017-11-14 21:01:33");
INSERT INTO views (viewer_id, viewed_id, view_date) VALUES ("489","249","2017-04-24 02:12:17");
INSERT INTO views (viewer_id, viewed_id, view_date) VALUES ("171","249","2017-10-27 05:44:41");
INSERT INTO views (viewer_id, viewed_id, view_date) VALUES ("276","249","2018-02-13 22:09:57");
INSERT INTO views (viewer_id, viewed_id, view_date) VALUES ("124","249","2017-08-28 11:03:03");
INSERT INTO views (viewer_id, viewed_id, view_date) VALUES ("458","249","2017-06-25 19:47:35");
INSERT INTO views (viewer_id, viewed_id, view_date) VALUES ("350","249","2017-08-20 09:15:49");
INSERT INTO views (viewer_id, viewed_id, view_date) VALUES ("309","249","2017-12-21 12:07:18");
INSERT INTO views (viewer_id, viewed_id, view_date) VALUES ("373","249","2017-12-01 09:37:51");
INSERT INTO views (viewer_id, viewed_id, view_date) VALUES ("30","249","2017-10-11 06:40:20");
INSERT INTO views (viewer_id, viewed_id, view_date) VALUES ("335","249","2017-09-07 03:23:10");
INSERT INTO views (viewer_id, viewed_id, view_date) VALUES ("366","249","2017-11-03 00:47:45");
INSERT INTO views (viewer_id, viewed_id, view_date) VALUES ("264","249","2017-08-12 00:47:34");
INSERT INTO views (viewer_id, viewed_id, view_date) VALUES ("73","249","2017-07-01 14:43:53");
INSERT INTO views (viewer_id, viewed_id, view_date) VALUES ("247","249","2017-05-17 15:41:59");


INSERT INTO user (id, first_name, last_name, username, email, password, birthdate, gender, orientation, bio, country, state, city, zip, file_1, file_2, file_3, file_4, file_5, score, token, token_date, active, register, created_at, updated_at) VALUES ("250","Cristal","Schoen","bpredovic","martin.keebler@lemke.org","$2y$10$Neg4EqMFYecxMo8C85QHc.vSJ66qeW.LbrLNOPcRVwB.DidGVdTpq","1959-03-05 17:25:49","1","1","Aut velit autem aut quis consequatur quo quam. Similique tenetur alias cum inventore ut quo. Incidunt eaque eaque nisi numquam ratione est.","Nauru","","New Jovani","00883-8393","../fixtures/male10.jpg","","","","","30","188fe9cfa6aa338e9f2940b61745ac7a","1989-06-25 13:53:19","1","0","1998-01-06 20:32:14","1982-11-12 11:12:14");
INSERT INTO user_tag (user_id, tag_id) VALUES ("250","46");
INSERT INTO user_tag (user_id, tag_id) VALUES ("250","14");
INSERT INTO user_tag (user_id, tag_id) VALUES ("250","8");

INSERT INTO connected (user_id, connect_date) VALUES ("250","2017-08-31 07:11:13");
INSERT INTO likes (like_id, liked_id, like_date) VALUES ("27","250","2017-08-09 23:05:45");
INSERT INTO likes (like_id, liked_id, like_date) VALUES ("429","250","2017-08-19 14:46:59");
INSERT INTO likes (like_id, liked_id, like_date) VALUES ("266","250","2018-02-07 18:30:52");
INSERT INTO likes (like_id, liked_id, like_date) VALUES ("72","250","2017-02-20 17:50:01");
INSERT INTO likes (like_id, liked_id, like_date) VALUES ("244","250","2017-12-25 11:39:36");
INSERT INTO likes (like_id, liked_id, like_date) VALUES ("30","250","2017-05-09 23:21:36");
INSERT INTO likes (like_id, liked_id, like_date) VALUES ("36","250","2017-10-20 07:48:56");
INSERT INTO views (viewer_id, viewed_id, view_date) VALUES ("337","250","2017-07-17 04:08:54");
INSERT INTO views (viewer_id, viewed_id, view_date) VALUES ("211","250","2017-09-30 00:23:54");
INSERT INTO views (viewer_id, viewed_id, view_date) VALUES ("200","250","2018-02-06 18:30:10");
INSERT INTO views (viewer_id, viewed_id, view_date) VALUES ("340","250","2017-09-03 08:29:54");
INSERT INTO views (viewer_id, viewed_id, view_date) VALUES ("38","250","2017-06-24 18:12:11");
INSERT INTO views (viewer_id, viewed_id, view_date) VALUES ("123","250","2017-07-22 08:46:23");
INSERT INTO views (viewer_id, viewed_id, view_date) VALUES ("111","250","2017-04-29 03:19:33");
INSERT INTO views (viewer_id, viewed_id, view_date) VALUES ("3","250","2017-07-30 18:37:59");
INSERT INTO views (viewer_id, viewed_id, view_date) VALUES ("477","250","2017-05-07 09:56:21");
INSERT INTO views (viewer_id, viewed_id, view_date) VALUES ("64","250","2017-08-13 16:46:36");
INSERT INTO views (viewer_id, viewed_id, view_date) VALUES ("102","250","2017-12-09 04:18:26");
INSERT INTO views (viewer_id, viewed_id, view_date) VALUES ("488","250","2017-06-12 11:20:54");
INSERT INTO views (viewer_id, viewed_id, view_date) VALUES ("187","250","2017-03-05 05:07:46");
INSERT INTO views (viewer_id, viewed_id, view_date) VALUES ("142","250","2017-06-28 10:50:56");
INSERT INTO views (viewer_id, viewed_id, view_date) VALUES ("425","250","2017-06-26 04:14:28");
INSERT INTO views (viewer_id, viewed_id, view_date) VALUES ("144","250","2017-08-09 14:02:06");
INSERT INTO views (viewer_id, viewed_id, view_date) VALUES ("304","250","2017-05-04 18:01:34");
INSERT INTO views (viewer_id, viewed_id, view_date) VALUES ("372","250","2017-06-04 05:31:51");
INSERT INTO views (viewer_id, viewed_id, view_date) VALUES ("395","250","2018-01-06 04:29:27");
INSERT INTO views (viewer_id, viewed_id, view_date) VALUES ("289","250","2017-08-01 10:25:05");
INSERT INTO views (viewer_id, viewed_id, view_date) VALUES ("303","250","2018-01-18 05:52:31");
INSERT INTO views (viewer_id, viewed_id, view_date) VALUES ("300","250","2017-08-20 13:13:36");
INSERT INTO views (viewer_id, viewed_id, view_date) VALUES ("106","250","2018-01-04 14:13:16");
INSERT INTO views (viewer_id, viewed_id, view_date) VALUES ("162","250","2018-01-22 07:39:07");
INSERT INTO views (viewer_id, viewed_id, view_date) VALUES ("313","250","2017-03-31 02:18:30");
INSERT INTO views (viewer_id, viewed_id, view_date) VALUES ("126","250","2017-02-24 08:06:04");
INSERT INTO views (viewer_id, viewed_id, view_date) VALUES ("143","250","2017-11-09 21:38:36");
INSERT INTO views (viewer_id, viewed_id, view_date) VALUES ("45","250","2018-02-01 21:53:15");
INSERT INTO views (viewer_id, viewed_id, view_date) VALUES ("140","250","2018-01-09 04:02:26");
INSERT INTO views (viewer_id, viewed_id, view_date) VALUES ("297","250","2017-12-30 12:46:00");
INSERT INTO views (viewer_id, viewed_id, view_date) VALUES ("28","250","2017-10-07 16:34:03");
INSERT INTO views (viewer_id, viewed_id, view_date) VALUES ("5","250","2017-05-04 21:19:57");


INSERT INTO user (id, first_name, last_name, username, email, password, birthdate, gender, orientation, bio, country, state, city, zip, file_1, file_2, file_3, file_4, file_5, score, token, token_date, active, register, created_at, updated_at) VALUES ("251","Jettie","Pollich","prosaccokatrine","german.okeefe@gmail.com","$2y$10$RqzhCfBA5cgYcOULsb.9veCDB/a4QOzHSx8duQoRM3rHVy68jwJX.","1951-06-12 12:29:26","2","2","Dolor sequi nobis fuga ipsum ex. Ab ut quae maxime sit omnis autem. Quis sed et qui nemo autem minus aut.","Russian Federation","","Port Mae","81358-4584","../fixtures/female8.jpg","","","","","90","79e8889ece7d47482b89256a45a414d2","1992-12-05 08:52:55","1","1","1985-11-25 22:30:11","1976-10-11 11:16:35");
INSERT INTO user_tag (user_id, tag_id) VALUES ("251","3");
INSERT INTO user_tag (user_id, tag_id) VALUES ("251","16");
INSERT INTO user_tag (user_id, tag_id) VALUES ("251","4");
INSERT INTO user_tag (user_id, tag_id) VALUES ("251","33");
INSERT INTO user_tag (user_id, tag_id) VALUES ("251","49");
INSERT INTO user_tag (user_id, tag_id) VALUES ("251","23");
INSERT INTO user_tag (user_id, tag_id) VALUES ("251","18");
INSERT INTO user_tag (user_id, tag_id) VALUES ("251","40");
INSERT INTO user_tag (user_id, tag_id) VALUES ("251","11");
INSERT INTO user_tag (user_id, tag_id) VALUES ("251","10");

INSERT INTO connected (user_id, connect_date) VALUES ("251","2017-07-27 11:43:29");
INSERT INTO likes (like_id, liked_id, like_date) VALUES ("246","251","2017-05-13 22:15:34");
INSERT INTO likes (like_id, liked_id, like_date) VALUES ("175","251","2017-03-22 23:42:50");
INSERT INTO likes (like_id, liked_id, like_date) VALUES ("1","251","2017-12-02 07:38:48");
INSERT INTO likes (like_id, liked_id, like_date) VALUES ("82","251","2017-02-25 04:44:48");
INSERT INTO views (viewer_id, viewed_id, view_date) VALUES ("22","251","2017-06-29 21:58:06");
INSERT INTO views (viewer_id, viewed_id, view_date) VALUES ("360","251","2017-10-11 11:05:31");
INSERT INTO views (viewer_id, viewed_id, view_date) VALUES ("191","251","2017-08-04 12:03:41");
INSERT INTO views (viewer_id, viewed_id, view_date) VALUES ("456","251","2017-11-23 05:27:14");
INSERT INTO views (viewer_id, viewed_id, view_date) VALUES ("408","251","2018-01-23 23:30:21");
INSERT INTO views (viewer_id, viewed_id, view_date) VALUES ("170","251","2017-10-17 02:39:06");
INSERT INTO views (viewer_id, viewed_id, view_date) VALUES ("329","251","2017-04-15 04:21:06");
INSERT INTO views (viewer_id, viewed_id, view_date) VALUES ("413","251","2017-10-24 06:06:59");
INSERT INTO views (viewer_id, viewed_id, view_date) VALUES ("349","251","2018-01-18 16:42:29");
INSERT INTO views (viewer_id, viewed_id, view_date) VALUES ("114","251","2017-10-20 15:36:42");
INSERT INTO views (viewer_id, viewed_id, view_date) VALUES ("111","251","2017-06-08 12:57:47");
INSERT INTO views (viewer_id, viewed_id, view_date) VALUES ("183","251","2017-05-16 23:55:36");
INSERT INTO views (viewer_id, viewed_id, view_date) VALUES ("368","251","2017-09-26 15:52:41");
INSERT INTO views (viewer_id, viewed_id, view_date) VALUES ("59","251","2017-09-03 02:27:11");
INSERT INTO views (viewer_id, viewed_id, view_date) VALUES ("232","251","2017-04-26 15:03:19");
INSERT INTO views (viewer_id, viewed_id, view_date) VALUES ("267","251","2018-02-01 23:48:38");
INSERT INTO views (viewer_id, viewed_id, view_date) VALUES ("268","251","2017-09-26 15:08:48");
INSERT INTO views (viewer_id, viewed_id, view_date) VALUES ("88","251","2017-09-12 18:02:09");
INSERT INTO views (viewer_id, viewed_id, view_date) VALUES ("383","251","2017-09-03 15:15:34");
INSERT INTO views (viewer_id, viewed_id, view_date) VALUES ("313","251","2017-09-16 08:21:04");
INSERT INTO views (viewer_id, viewed_id, view_date) VALUES ("466","251","2017-09-12 01:34:53");
INSERT INTO views (viewer_id, viewed_id, view_date) VALUES ("119","251","2017-09-28 22:12:52");
INSERT INTO views (viewer_id, viewed_id, view_date) VALUES ("279","251","2018-01-23 22:56:30");
INSERT INTO views (viewer_id, viewed_id, view_date) VALUES ("287","251","2017-12-06 06:32:32");
INSERT INTO views (viewer_id, viewed_id, view_date) VALUES ("448","251","2017-11-02 21:42:33");
INSERT INTO views (viewer_id, viewed_id, view_date) VALUES ("183","251","2018-01-21 16:44:39");
INSERT INTO views (viewer_id, viewed_id, view_date) VALUES ("20","251","2018-02-03 22:20:12");
INSERT INTO views (viewer_id, viewed_id, view_date) VALUES ("496","251","2017-05-08 14:00:33");
INSERT INTO views (viewer_id, viewed_id, view_date) VALUES ("441","251","2017-11-02 17:03:45");
INSERT INTO views (viewer_id, viewed_id, view_date) VALUES ("72","251","2017-11-05 10:08:13");


INSERT INTO user (id, first_name, last_name, username, email, password, birthdate, gender, orientation, bio, country, state, city, zip, file_1, file_2, file_3, file_4, file_5, score, token, token_date, active, register, created_at, updated_at) VALUES ("252","Casper","Hackett","rheabartoletti","hahn.ozella@parisian.com","$2y$10$eCXF6m32RARXRZEPdP/S/.7y1rjjturomsnqQCpH45H9CUfmmyUbq","1973-11-28 01:33:30","2","2","Et odio autem quam id. Molestias corporis sunt pariatur et similique incidunt porro. Dolores ducimus cupiditate quos numquam soluta veniam. Et odit enim similique. Doloremque quia tenetur enim atque eum aspernatur et.","Lesotho","","South Jazmynland","76106-6917","../fixtures/female4.jpg","","","","","19","87770b3e0ba75f5b31e24464a5ccef79","1994-03-08 22:49:59","0","0","1978-08-23 08:07:04","1973-01-30 23:06:17");
INSERT INTO user_tag (user_id, tag_id) VALUES ("252","30");
INSERT INTO user_tag (user_id, tag_id) VALUES ("252","40");
INSERT INTO user_tag (user_id, tag_id) VALUES ("252","34");
INSERT INTO user_tag (user_id, tag_id) VALUES ("252","19");
INSERT INTO user_tag (user_id, tag_id) VALUES ("252","8");
INSERT INTO user_tag (user_id, tag_id) VALUES ("252","35");
INSERT INTO user_tag (user_id, tag_id) VALUES ("252","14");
INSERT INTO user_tag (user_id, tag_id) VALUES ("252","47");

INSERT INTO connected (user_id, connect_date) VALUES ("252","2017-08-27 02:28:34");
INSERT INTO likes (like_id, liked_id, like_date) VALUES ("485","252","2017-02-18 13:17:44");
INSERT INTO likes (like_id, liked_id, like_date) VALUES ("338","252","2017-05-25 12:21:44");
INSERT INTO likes (like_id, liked_id, like_date) VALUES ("245","252","2017-04-19 12:34:52");
INSERT INTO likes (like_id, liked_id, like_date) VALUES ("180","252","2017-12-08 18:00:34");
INSERT INTO likes (like_id, liked_id, like_date) VALUES ("343","252","2017-06-20 13:16:35");
INSERT INTO likes (like_id, liked_id, like_date) VALUES ("341","252","2017-07-04 15:32:57");
INSERT INTO likes (like_id, liked_id, like_date) VALUES ("243","252","2017-07-31 19:48:43");
INSERT INTO likes (like_id, liked_id, like_date) VALUES ("14","252","2017-12-31 20:40:24");
INSERT INTO likes (like_id, liked_id, like_date) VALUES ("423","252","2018-02-08 04:19:27");
INSERT INTO likes (like_id, liked_id, like_date) VALUES ("217","252","2017-06-17 22:01:48");
INSERT INTO likes (like_id, liked_id, like_date) VALUES ("166","252","2017-06-22 11:46:42");
INSERT INTO likes (like_id, liked_id, like_date) VALUES ("323","252","2018-02-10 20:35:30");
INSERT INTO views (viewer_id, viewed_id, view_date) VALUES ("77","252","2018-02-10 19:09:06");
INSERT INTO views (viewer_id, viewed_id, view_date) VALUES ("466","252","2018-02-07 18:17:00");
INSERT INTO views (viewer_id, viewed_id, view_date) VALUES ("391","252","2017-09-11 03:38:34");
INSERT INTO views (viewer_id, viewed_id, view_date) VALUES ("402","252","2017-06-22 01:47:46");
INSERT INTO views (viewer_id, viewed_id, view_date) VALUES ("176","252","2017-05-31 08:14:52");
INSERT INTO views (viewer_id, viewed_id, view_date) VALUES ("344","252","2017-09-19 23:34:23");
INSERT INTO views (viewer_id, viewed_id, view_date) VALUES ("405","252","2017-09-10 20:33:42");
INSERT INTO views (viewer_id, viewed_id, view_date) VALUES ("142","252","2017-04-11 13:16:48");
INSERT INTO views (viewer_id, viewed_id, view_date) VALUES ("403","252","2017-09-12 03:59:45");
INSERT INTO views (viewer_id, viewed_id, view_date) VALUES ("49","252","2017-12-11 10:16:34");
INSERT INTO views (viewer_id, viewed_id, view_date) VALUES ("360","252","2017-10-29 03:59:16");
INSERT INTO views (viewer_id, viewed_id, view_date) VALUES ("271","252","2017-10-17 01:12:32");
INSERT INTO views (viewer_id, viewed_id, view_date) VALUES ("78","252","2018-01-09 12:28:36");
INSERT INTO views (viewer_id, viewed_id, view_date) VALUES ("204","252","2017-03-22 20:44:48");
INSERT INTO views (viewer_id, viewed_id, view_date) VALUES ("338","252","2017-09-30 09:13:25");
INSERT INTO views (viewer_id, viewed_id, view_date) VALUES ("179","252","2017-12-31 20:30:21");
INSERT INTO views (viewer_id, viewed_id, view_date) VALUES ("70","252","2018-02-05 23:28:53");
INSERT INTO views (viewer_id, viewed_id, view_date) VALUES ("323","252","2017-11-01 10:53:49");
INSERT INTO views (viewer_id, viewed_id, view_date) VALUES ("140","252","2017-02-23 07:01:41");
INSERT INTO views (viewer_id, viewed_id, view_date) VALUES ("262","252","2017-06-26 14:07:16");
INSERT INTO views (viewer_id, viewed_id, view_date) VALUES ("420","252","2017-07-13 21:57:28");
INSERT INTO views (viewer_id, viewed_id, view_date) VALUES ("261","252","2017-05-17 23:53:49");
INSERT INTO views (viewer_id, viewed_id, view_date) VALUES ("51","252","2017-08-13 01:07:46");
INSERT INTO views (viewer_id, viewed_id, view_date) VALUES ("325","252","2017-05-29 22:11:31");
INSERT INTO views (viewer_id, viewed_id, view_date) VALUES ("401","252","2017-06-03 03:42:37");


INSERT INTO user (id, first_name, last_name, username, email, password, birthdate, gender, orientation, bio, country, state, city, zip, file_1, file_2, file_3, file_4, file_5, score, token, token_date, active, register, created_at, updated_at) VALUES ("253","Ewald","Fritsch","krajciktyrel","kassulke.trenton@hahn.biz","$2y$10$itmyw6vbnqbPwI6usAbZ9evXhq.bcXAICliPs6JvmFKuLjLDpPilu","1958-11-15 09:15:04","2","2","Architecto voluptatem voluptatem porro error impedit veritatis sed. Fuga iusto ducimus qui id. Ullam voluptates perspiciatis aliquam eos. Veniam possimus molestiae a molestiae architecto dolor.","Oman","","Candaceport","38930-6461","../fixtures/female7.jpg","../fixtures/female7.jpg","../fixtures/female1.jpg","","","2","13ccf494add23baa408d30203d865e63","1986-10-06 08:32:28","1","0","1989-04-22 13:13:59","1971-01-17 15:31:07");
INSERT INTO user_tag (user_id, tag_id) VALUES ("253","27");
INSERT INTO user_tag (user_id, tag_id) VALUES ("253","19");
INSERT INTO user_tag (user_id, tag_id) VALUES ("253","33");

INSERT INTO connected (user_id, connect_date) VALUES ("253","2017-06-04 06:20:25");
INSERT INTO likes (like_id, liked_id, like_date) VALUES ("301","253","2017-04-06 17:08:05");
INSERT INTO likes (like_id, liked_id, like_date) VALUES ("379","253","2017-06-24 15:55:17");
INSERT INTO likes (like_id, liked_id, like_date) VALUES ("243","253","2017-10-29 18:14:33");
INSERT INTO likes (like_id, liked_id, like_date) VALUES ("92","253","2017-03-16 01:08:21");
INSERT INTO likes (like_id, liked_id, like_date) VALUES ("277","253","2017-06-29 10:20:08");
INSERT INTO likes (like_id, liked_id, like_date) VALUES ("363","253","2017-04-26 23:47:07");
INSERT INTO views (viewer_id, viewed_id, view_date) VALUES ("86","253","2017-10-30 09:34:41");
INSERT INTO views (viewer_id, viewed_id, view_date) VALUES ("445","253","2017-05-04 11:55:56");
INSERT INTO views (viewer_id, viewed_id, view_date) VALUES ("92","253","2017-08-04 20:34:23");
INSERT INTO views (viewer_id, viewed_id, view_date) VALUES ("393","253","2017-08-23 06:27:03");
INSERT INTO views (viewer_id, viewed_id, view_date) VALUES ("343","253","2017-07-25 07:21:16");
INSERT INTO views (viewer_id, viewed_id, view_date) VALUES ("265","253","2017-09-20 01:55:05");
INSERT INTO views (viewer_id, viewed_id, view_date) VALUES ("415","253","2017-05-05 05:22:24");
INSERT INTO views (viewer_id, viewed_id, view_date) VALUES ("32","253","2017-08-16 12:04:36");
INSERT INTO views (viewer_id, viewed_id, view_date) VALUES ("408","253","2018-01-08 00:12:32");
INSERT INTO views (viewer_id, viewed_id, view_date) VALUES ("125","253","2017-10-05 12:09:56");
INSERT INTO views (viewer_id, viewed_id, view_date) VALUES ("148","253","2017-04-28 23:21:54");
INSERT INTO views (viewer_id, viewed_id, view_date) VALUES ("400","253","2017-11-30 14:39:47");
INSERT INTO views (viewer_id, viewed_id, view_date) VALUES ("31","253","2017-12-19 09:31:19");
INSERT INTO views (viewer_id, viewed_id, view_date) VALUES ("302","253","2017-04-03 18:44:15");
INSERT INTO views (viewer_id, viewed_id, view_date) VALUES ("194","253","2017-08-05 23:29:20");
INSERT INTO views (viewer_id, viewed_id, view_date) VALUES ("68","253","2018-02-02 21:30:30");


INSERT INTO user (id, first_name, last_name, username, email, password, birthdate, gender, orientation, bio, country, state, city, zip, file_1, file_2, file_3, file_4, file_5, score, token, token_date, active, register, created_at, updated_at) VALUES ("254","Cyril","Tromp","roscoecole","franecki.abbigail@hotmail.com","$2y$10$jzRVC/521VneygmVx4uE/OMGaZ0CLC8DeN0eZNRSk1MIRcKxetFj6","1974-03-12 04:11:09","2","2","Magni omnis ea similique labore. Accusamus esse doloremque blanditiis fugiat rem. Tempore voluptas et neque alias nemo omnis voluptas nulla. Eos ea fugit perspiciatis in necessitatibus necessitatibus id non. Voluptatum explicabo necessitatibus facilis voluptas.","Morocco","","West Paigeberg","73061","../fixtures/female1.jpg","../fixtures/female2.jpg","","","","39","026c8b7109f153b25646c4ae42694677","1979-09-20 13:56:52","0","0","2015-06-23 13:32:03","1989-01-03 08:59:26");
INSERT INTO user_tag (user_id, tag_id) VALUES ("254","9");
INSERT INTO user_tag (user_id, tag_id) VALUES ("254","34");
INSERT INTO user_tag (user_id, tag_id) VALUES ("254","47");
INSERT INTO user_tag (user_id, tag_id) VALUES ("254","47");
INSERT INTO user_tag (user_id, tag_id) VALUES ("254","1");
INSERT INTO user_tag (user_id, tag_id) VALUES ("254","5");
INSERT INTO user_tag (user_id, tag_id) VALUES ("254","36");
INSERT INTO user_tag (user_id, tag_id) VALUES ("254","3");
INSERT INTO user_tag (user_id, tag_id) VALUES ("254","36");
INSERT INTO user_tag (user_id, tag_id) VALUES ("254","50");
INSERT INTO user_tag (user_id, tag_id) VALUES ("254","47");
INSERT INTO user_tag (user_id, tag_id) VALUES ("254","26");

INSERT INTO connected (user_id, connect_date) VALUES ("254","2017-07-20 16:31:54");
INSERT INTO likes (like_id, liked_id, like_date) VALUES ("486","254","2017-06-12 19:04:12");
INSERT INTO likes (like_id, liked_id, like_date) VALUES ("50","254","2017-05-20 22:47:11");
INSERT INTO likes (like_id, liked_id, like_date) VALUES ("281","254","2017-02-28 22:50:02");
INSERT INTO likes (like_id, liked_id, like_date) VALUES ("301","254","2017-08-27 04:32:44");
INSERT INTO likes (like_id, liked_id, like_date) VALUES ("246","254","2017-04-29 02:51:09");
INSERT INTO likes (like_id, liked_id, like_date) VALUES ("425","254","2017-07-05 23:57:42");
INSERT INTO views (viewer_id, viewed_id, view_date) VALUES ("207","254","2017-05-01 11:13:45");
INSERT INTO views (viewer_id, viewed_id, view_date) VALUES ("133","254","2018-01-13 03:09:30");
INSERT INTO views (viewer_id, viewed_id, view_date) VALUES ("345","254","2017-09-23 09:04:52");
INSERT INTO views (viewer_id, viewed_id, view_date) VALUES ("394","254","2017-10-22 12:55:43");
INSERT INTO views (viewer_id, viewed_id, view_date) VALUES ("500","254","2017-05-27 05:19:19");
INSERT INTO views (viewer_id, viewed_id, view_date) VALUES ("366","254","2017-03-22 04:03:39");
INSERT INTO views (viewer_id, viewed_id, view_date) VALUES ("430","254","2018-02-10 19:07:12");
INSERT INTO views (viewer_id, viewed_id, view_date) VALUES ("23","254","2018-01-13 10:41:50");
INSERT INTO views (viewer_id, viewed_id, view_date) VALUES ("301","254","2018-01-11 17:42:19");
INSERT INTO views (viewer_id, viewed_id, view_date) VALUES ("139","254","2017-02-17 18:03:10");
INSERT INTO views (viewer_id, viewed_id, view_date) VALUES ("453","254","2017-12-18 21:42:06");
INSERT INTO views (viewer_id, viewed_id, view_date) VALUES ("268","254","2017-11-26 13:39:02");


INSERT INTO user (id, first_name, last_name, username, email, password, birthdate, gender, orientation, bio, country, state, city, zip, file_1, file_2, file_3, file_4, file_5, score, token, token_date, active, register, created_at, updated_at) VALUES ("255","Dayana","Schneider","nicklaus79","ybraun@hotmail.com","$2y$10$1d4yMxyLGkBPZhqBxYibPO604jyBX/NFuG6atTLcI4xrH4UJnp9jS","1960-06-02 14:22:58","1","3","Dolore maxime praesentium qui et laboriosam. Incidunt quis nobis eos aliquid optio magni modi. Suscipit voluptatem provident assumenda officia facilis voluptatem sit.","Ghana","","Riceton","65012","../fixtures/male2.jpg","../fixtures/male7.jpg","","","","34","5236d2a3ae655827208f842a73a19bec","2010-11-14 01:23:42","0","0","1983-11-25 20:29:39","1982-08-08 11:10:38");
INSERT INTO user_tag (user_id, tag_id) VALUES ("255","47");
INSERT INTO user_tag (user_id, tag_id) VALUES ("255","15");
INSERT INTO user_tag (user_id, tag_id) VALUES ("255","40");
INSERT INTO user_tag (user_id, tag_id) VALUES ("255","28");
INSERT INTO user_tag (user_id, tag_id) VALUES ("255","46");
INSERT INTO user_tag (user_id, tag_id) VALUES ("255","14");
INSERT INTO user_tag (user_id, tag_id) VALUES ("255","35");
INSERT INTO user_tag (user_id, tag_id) VALUES ("255","5");
INSERT INTO user_tag (user_id, tag_id) VALUES ("255","1");

INSERT INTO connected (user_id, connect_date) VALUES ("255","2017-05-03 13:40:51");
INSERT INTO likes (like_id, liked_id, like_date) VALUES ("63","255","2017-11-06 14:38:38");
INSERT INTO likes (like_id, liked_id, like_date) VALUES ("274","255","2017-05-08 16:18:38");
INSERT INTO likes (like_id, liked_id, like_date) VALUES ("170","255","2018-01-14 12:38:01");
INSERT INTO likes (like_id, liked_id, like_date) VALUES ("397","255","2017-04-16 07:09:14");
INSERT INTO likes (like_id, liked_id, like_date) VALUES ("24","255","2017-03-20 17:30:12");
INSERT INTO likes (like_id, liked_id, like_date) VALUES ("109","255","2017-12-26 06:00:06");
INSERT INTO likes (like_id, liked_id, like_date) VALUES ("148","255","2017-08-15 01:02:48");
INSERT INTO likes (like_id, liked_id, like_date) VALUES ("378","255","2017-04-29 15:39:00");
INSERT INTO likes (like_id, liked_id, like_date) VALUES ("436","255","2017-05-26 06:48:22");
INSERT INTO likes (like_id, liked_id, like_date) VALUES ("416","255","2017-09-11 13:44:48");
INSERT INTO likes (like_id, liked_id, like_date) VALUES ("202","255","2017-06-15 09:11:14");
INSERT INTO likes (like_id, liked_id, like_date) VALUES ("343","255","2017-06-01 01:36:35");
INSERT INTO likes (like_id, liked_id, like_date) VALUES ("20","255","2017-09-01 04:12:26");
INSERT INTO likes (like_id, liked_id, like_date) VALUES ("67","255","2017-06-03 00:09:48");
INSERT INTO likes (like_id, liked_id, like_date) VALUES ("21","255","2017-11-17 19:57:52");
INSERT INTO likes (like_id, liked_id, like_date) VALUES ("313","255","2018-01-24 02:50:05");
INSERT INTO likes (like_id, liked_id, like_date) VALUES ("253","255","2017-03-06 18:48:48");
INSERT INTO likes (like_id, liked_id, like_date) VALUES ("401","255","2017-06-18 07:54:28");
INSERT INTO views (viewer_id, viewed_id, view_date) VALUES ("288","255","2017-05-15 01:07:44");
INSERT INTO views (viewer_id, viewed_id, view_date) VALUES ("41","255","2017-10-27 02:43:34");
INSERT INTO views (viewer_id, viewed_id, view_date) VALUES ("20","255","2017-12-27 11:03:34");
INSERT INTO views (viewer_id, viewed_id, view_date) VALUES ("206","255","2017-08-15 13:09:35");
INSERT INTO views (viewer_id, viewed_id, view_date) VALUES ("386","255","2017-10-02 23:21:37");
INSERT INTO views (viewer_id, viewed_id, view_date) VALUES ("169","255","2017-03-01 03:04:05");
INSERT INTO views (viewer_id, viewed_id, view_date) VALUES ("433","255","2017-11-04 15:18:03");
INSERT INTO views (viewer_id, viewed_id, view_date) VALUES ("122","255","2017-08-25 20:06:25");
INSERT INTO views (viewer_id, viewed_id, view_date) VALUES ("394","255","2017-05-15 14:34:27");
INSERT INTO views (viewer_id, viewed_id, view_date) VALUES ("427","255","2017-08-25 15:16:31");
INSERT INTO views (viewer_id, viewed_id, view_date) VALUES ("211","255","2017-10-07 20:42:39");
INSERT INTO views (viewer_id, viewed_id, view_date) VALUES ("380","255","2017-12-10 12:40:30");
INSERT INTO views (viewer_id, viewed_id, view_date) VALUES ("427","255","2017-05-15 00:05:03");
INSERT INTO views (viewer_id, viewed_id, view_date) VALUES ("323","255","2017-09-05 17:19:57");
INSERT INTO views (viewer_id, viewed_id, view_date) VALUES ("14","255","2017-12-11 11:19:14");
INSERT INTO views (viewer_id, viewed_id, view_date) VALUES ("78","255","2017-07-30 22:36:51");
INSERT INTO views (viewer_id, viewed_id, view_date) VALUES ("125","255","2017-06-16 11:32:03");
INSERT INTO views (viewer_id, viewed_id, view_date) VALUES ("462","255","2017-12-21 02:16:00");
INSERT INTO views (viewer_id, viewed_id, view_date) VALUES ("171","255","2017-08-09 14:48:25");
INSERT INTO views (viewer_id, viewed_id, view_date) VALUES ("124","255","2017-10-14 07:56:01");


INSERT INTO user (id, first_name, last_name, username, email, password, birthdate, gender, orientation, bio, country, state, city, zip, file_1, file_2, file_3, file_4, file_5, score, token, token_date, active, register, created_at, updated_at) VALUES ("256","Judah","Bayer","ansley54","wolf.ansley@hotmail.com","$2y$10$FCNizT5FvyYSuE6kFJ.sLefOFVrEyuN2KmYm.f.MyVR.Jc0b/nqh6","1967-08-25 13:09:22","2","1","Accusantium perspiciatis nulla repudiandae dolores ut. Est eos eum voluptate aliquid dolore. Nesciunt accusantium nisi facilis tempora. Cumque alias pariatur necessitatibus reiciendis.","Kazakhstan","","Eulafort","73972-7642","../fixtures/female1.jpg","../fixtures/female6.jpg","","","","67","07fecbef88855053a639fe7d29034b68","1977-04-25 17:20:02","1","0","1989-03-02 05:32:34","1990-08-15 22:00:34");
INSERT INTO user_tag (user_id, tag_id) VALUES ("256","47");

INSERT INTO connected (user_id, connect_date) VALUES ("256","2017-07-22 19:38:06");
INSERT INTO likes (like_id, liked_id, like_date) VALUES ("461","256","2017-05-26 23:39:53");
INSERT INTO likes (like_id, liked_id, like_date) VALUES ("218","256","2017-09-22 17:58:28");
INSERT INTO likes (like_id, liked_id, like_date) VALUES ("60","256","2017-11-07 19:46:21");
INSERT INTO likes (like_id, liked_id, like_date) VALUES ("458","256","2017-03-11 00:21:10");
INSERT INTO likes (like_id, liked_id, like_date) VALUES ("178","256","2017-11-28 17:18:13");
INSERT INTO likes (like_id, liked_id, like_date) VALUES ("249","256","2017-08-28 00:01:11");
INSERT INTO likes (like_id, liked_id, like_date) VALUES ("152","256","2017-08-06 07:07:00");
INSERT INTO likes (like_id, liked_id, like_date) VALUES ("441","256","2017-09-25 21:26:14");
INSERT INTO likes (like_id, liked_id, like_date) VALUES ("471","256","2017-04-06 16:15:38");
INSERT INTO likes (like_id, liked_id, like_date) VALUES ("54","256","2017-12-29 20:00:53");
INSERT INTO likes (like_id, liked_id, like_date) VALUES ("392","256","2017-11-05 21:16:11");
INSERT INTO likes (like_id, liked_id, like_date) VALUES ("498","256","2018-02-11 13:16:12");
INSERT INTO likes (like_id, liked_id, like_date) VALUES ("308","256","2017-12-24 07:20:07");
INSERT INTO likes (like_id, liked_id, like_date) VALUES ("265","256","2017-07-13 09:14:29");
INSERT INTO likes (like_id, liked_id, like_date) VALUES ("2","256","2018-02-08 19:13:35");
INSERT INTO likes (like_id, liked_id, like_date) VALUES ("251","256","2017-12-30 19:50:22");
INSERT INTO likes (like_id, liked_id, like_date) VALUES ("50","256","2018-01-10 20:00:12");
INSERT INTO likes (like_id, liked_id, like_date) VALUES ("138","256","2017-10-04 17:34:39");
INSERT INTO likes (like_id, liked_id, like_date) VALUES ("194","256","2017-10-03 16:41:16");
INSERT INTO likes (like_id, liked_id, like_date) VALUES ("256","256","2017-12-26 06:38:05");
INSERT INTO views (viewer_id, viewed_id, view_date) VALUES ("80","256","2017-09-21 21:51:32");
INSERT INTO views (viewer_id, viewed_id, view_date) VALUES ("114","256","2017-05-29 09:56:06");
INSERT INTO views (viewer_id, viewed_id, view_date) VALUES ("364","256","2017-10-13 01:35:08");
INSERT INTO views (viewer_id, viewed_id, view_date) VALUES ("470","256","2017-04-26 05:35:08");
INSERT INTO views (viewer_id, viewed_id, view_date) VALUES ("364","256","2017-04-10 02:08:02");
INSERT INTO views (viewer_id, viewed_id, view_date) VALUES ("108","256","2018-01-23 10:02:36");
INSERT INTO views (viewer_id, viewed_id, view_date) VALUES ("15","256","2018-01-25 10:56:34");
INSERT INTO views (viewer_id, viewed_id, view_date) VALUES ("26","256","2018-01-07 07:03:15");
INSERT INTO views (viewer_id, viewed_id, view_date) VALUES ("175","256","2017-03-27 17:57:06");
INSERT INTO views (viewer_id, viewed_id, view_date) VALUES ("361","256","2017-04-13 00:53:10");
INSERT INTO views (viewer_id, viewed_id, view_date) VALUES ("312","256","2017-04-18 11:02:05");
INSERT INTO views (viewer_id, viewed_id, view_date) VALUES ("354","256","2017-08-16 16:28:36");
INSERT INTO views (viewer_id, viewed_id, view_date) VALUES ("124","256","2018-01-19 18:05:58");
INSERT INTO views (viewer_id, viewed_id, view_date) VALUES ("346","256","2017-06-02 02:29:42");
INSERT INTO views (viewer_id, viewed_id, view_date) VALUES ("15","256","2017-10-03 19:19:00");
INSERT INTO views (viewer_id, viewed_id, view_date) VALUES ("403","256","2017-06-14 10:10:27");
INSERT INTO views (viewer_id, viewed_id, view_date) VALUES ("251","256","2017-05-09 04:58:48");
INSERT INTO views (viewer_id, viewed_id, view_date) VALUES ("150","256","2017-12-08 05:17:29");


INSERT INTO user (id, first_name, last_name, username, email, password, birthdate, gender, orientation, bio, country, state, city, zip, file_1, file_2, file_3, file_4, file_5, score, token, token_date, active, register, created_at, updated_at) VALUES ("257","Jerad","Kshlerin","jacobihowell","arden62@yahoo.com","$2y$10$VJ4YbMa5ofKE6UUzSX8EmOz5GmQwkzQaknXXLpTj716cnBpi1a6Ra","1963-09-13 08:46:11","2","3","Dolor esse aut consequatur atque. Libero similique voluptatem incidunt est. Sunt ea nulla et iure inventore.","Netherlands Antilles","","North Robbiechester","20572","../fixtures/female1.jpg","../fixtures/female1.jpg","../fixtures/female6.jpg","../fixtures/female3.jpg","../fixtures/female3.jpg","32","9067c79e6b5059f2dfb8c8bddbd102a4","1977-12-07 23:50:12","0","0","1996-09-20 09:31:43","1972-05-07 00:13:30");
INSERT INTO user_tag (user_id, tag_id) VALUES ("257","5");
INSERT INTO user_tag (user_id, tag_id) VALUES ("257","27");
INSERT INTO user_tag (user_id, tag_id) VALUES ("257","46");
INSERT INTO user_tag (user_id, tag_id) VALUES ("257","7");
INSERT INTO user_tag (user_id, tag_id) VALUES ("257","12");
INSERT INTO user_tag (user_id, tag_id) VALUES ("257","10");
INSERT INTO user_tag (user_id, tag_id) VALUES ("257","17");
INSERT INTO user_tag (user_id, tag_id) VALUES ("257","13");
INSERT INTO user_tag (user_id, tag_id) VALUES ("257","15");
INSERT INTO user_tag (user_id, tag_id) VALUES ("257","25");
INSERT INTO user_tag (user_id, tag_id) VALUES ("257","9");
INSERT INTO user_tag (user_id, tag_id) VALUES ("257","5");

INSERT INTO connected (user_id, connect_date) VALUES ("257","2017-04-30 12:48:06");
INSERT INTO likes (like_id, liked_id, like_date) VALUES ("412","257","2018-01-07 09:49:56");
INSERT INTO likes (like_id, liked_id, like_date) VALUES ("402","257","2017-04-22 14:04:30");
INSERT INTO likes (like_id, liked_id, like_date) VALUES ("106","257","2017-04-02 10:51:41");
INSERT INTO likes (like_id, liked_id, like_date) VALUES ("128","257","2017-07-02 13:36:15");
INSERT INTO likes (like_id, liked_id, like_date) VALUES ("384","257","2017-04-27 13:41:09");
INSERT INTO likes (like_id, liked_id, like_date) VALUES ("208","257","2017-08-24 06:20:22");
INSERT INTO likes (like_id, liked_id, like_date) VALUES ("153","257","2017-08-29 15:18:54");
INSERT INTO likes (like_id, liked_id, like_date) VALUES ("167","257","2017-07-29 10:49:02");
INSERT INTO likes (like_id, liked_id, like_date) VALUES ("441","257","2017-04-10 00:42:24");
INSERT INTO likes (like_id, liked_id, like_date) VALUES ("213","257","2017-05-11 08:50:33");
INSERT INTO likes (like_id, liked_id, like_date) VALUES ("168","257","2017-09-23 13:54:34");
INSERT INTO likes (like_id, liked_id, like_date) VALUES ("245","257","2017-04-08 16:08:09");
INSERT INTO likes (like_id, liked_id, like_date) VALUES ("267","257","2018-01-21 19:02:23");
INSERT INTO likes (like_id, liked_id, like_date) VALUES ("32","257","2017-12-14 05:57:20");
INSERT INTO likes (like_id, liked_id, like_date) VALUES ("398","257","2017-05-12 11:17:49");
INSERT INTO likes (like_id, liked_id, like_date) VALUES ("484","257","2017-12-04 14:37:41");
INSERT INTO likes (like_id, liked_id, like_date) VALUES ("487","257","2017-08-21 00:56:13");
INSERT INTO likes (like_id, liked_id, like_date) VALUES ("73","257","2017-05-27 09:21:48");
INSERT INTO likes (like_id, liked_id, like_date) VALUES ("189","257","2017-04-30 10:35:22");
INSERT INTO views (viewer_id, viewed_id, view_date) VALUES ("195","257","2017-08-21 00:38:50");
INSERT INTO views (viewer_id, viewed_id, view_date) VALUES ("253","257","2017-09-14 23:15:13");
INSERT INTO views (viewer_id, viewed_id, view_date) VALUES ("334","257","2018-01-10 04:13:24");
INSERT INTO views (viewer_id, viewed_id, view_date) VALUES ("136","257","2017-04-11 12:31:23");
INSERT INTO views (viewer_id, viewed_id, view_date) VALUES ("370","257","2017-06-11 01:40:30");
INSERT INTO views (viewer_id, viewed_id, view_date) VALUES ("286","257","2017-03-08 19:39:02");
INSERT INTO views (viewer_id, viewed_id, view_date) VALUES ("335","257","2017-10-15 08:05:12");
INSERT INTO views (viewer_id, viewed_id, view_date) VALUES ("64","257","2017-07-15 18:19:25");


INSERT INTO user (id, first_name, last_name, username, email, password, birthdate, gender, orientation, bio, country, state, city, zip, file_1, file_2, file_3, file_4, file_5, score, token, token_date, active, register, created_at, updated_at) VALUES ("258","Georgette","Gibson","fboyer","runolfsdottir.berta@goodwin.biz","$2y$10$A22ygEjXsiudOD5dDKdwzOj6wseIzFMmvDeafo5ZUrWbZslTLQSH2","1994-03-17 12:25:04","2","2","Vitae commodi voluptatum molestias sit. Dicta velit occaecati consequuntur consequatur eum iusto excepturi. Totam sequi doloribus rerum sint. Consequuntur adipisci voluptate quisquam amet non.","Cook Islands","","East Ramonaton","56088","../fixtures/female7.jpg","../fixtures/female5.jpg","../fixtures/female3.jpg","","","67","871f1d4021c591955b833b8b23c2b00c","1989-03-19 16:42:15","1","0","1974-02-08 11:56:28","2002-11-09 14:44:57");
INSERT INTO user_tag (user_id, tag_id) VALUES ("258","9");
INSERT INTO user_tag (user_id, tag_id) VALUES ("258","43");
INSERT INTO user_tag (user_id, tag_id) VALUES ("258","6");
INSERT INTO user_tag (user_id, tag_id) VALUES ("258","29");
INSERT INTO user_tag (user_id, tag_id) VALUES ("258","19");

INSERT INTO connected (user_id, connect_date) VALUES ("258","2017-05-20 08:34:31");
INSERT INTO likes (like_id, liked_id, like_date) VALUES ("430","258","2017-02-21 11:44:57");
INSERT INTO likes (like_id, liked_id, like_date) VALUES ("28","258","2017-06-02 22:20:05");
INSERT INTO likes (like_id, liked_id, like_date) VALUES ("374","258","2017-09-30 22:41:20");
INSERT INTO likes (like_id, liked_id, like_date) VALUES ("305","258","2017-10-07 04:35:39");
INSERT INTO likes (like_id, liked_id, like_date) VALUES ("296","258","2017-11-04 12:30:11");
INSERT INTO likes (like_id, liked_id, like_date) VALUES ("448","258","2017-05-07 00:08:10");
INSERT INTO views (viewer_id, viewed_id, view_date) VALUES ("403","258","2017-03-11 16:10:31");
INSERT INTO views (viewer_id, viewed_id, view_date) VALUES ("392","258","2017-10-31 20:11:58");
INSERT INTO views (viewer_id, viewed_id, view_date) VALUES ("140","258","2017-03-17 01:18:51");
INSERT INTO views (viewer_id, viewed_id, view_date) VALUES ("369","258","2017-03-16 18:55:43");
INSERT INTO views (viewer_id, viewed_id, view_date) VALUES ("463","258","2018-01-31 02:52:35");
INSERT INTO views (viewer_id, viewed_id, view_date) VALUES ("331","258","2018-02-06 07:02:53");
INSERT INTO views (viewer_id, viewed_id, view_date) VALUES ("72","258","2017-06-17 21:19:24");
INSERT INTO views (viewer_id, viewed_id, view_date) VALUES ("26","258","2017-09-20 04:46:48");
INSERT INTO views (viewer_id, viewed_id, view_date) VALUES ("365","258","2017-06-06 12:30:34");
INSERT INTO views (viewer_id, viewed_id, view_date) VALUES ("341","258","2018-01-24 13:45:14");
INSERT INTO views (viewer_id, viewed_id, view_date) VALUES ("194","258","2017-04-25 20:58:03");
INSERT INTO views (viewer_id, viewed_id, view_date) VALUES ("472","258","2017-12-06 02:45:57");
INSERT INTO views (viewer_id, viewed_id, view_date) VALUES ("261","258","2017-12-07 15:59:41");
INSERT INTO views (viewer_id, viewed_id, view_date) VALUES ("316","258","2017-11-24 21:38:11");
INSERT INTO views (viewer_id, viewed_id, view_date) VALUES ("274","258","2017-11-14 00:53:20");
INSERT INTO views (viewer_id, viewed_id, view_date) VALUES ("18","258","2017-07-24 13:22:44");
INSERT INTO views (viewer_id, viewed_id, view_date) VALUES ("200","258","2017-02-28 11:03:34");
INSERT INTO views (viewer_id, viewed_id, view_date) VALUES ("284","258","2018-02-07 23:03:25");


INSERT INTO user (id, first_name, last_name, username, email, password, birthdate, gender, orientation, bio, country, state, city, zip, file_1, file_2, file_3, file_4, file_5, score, token, token_date, active, register, created_at, updated_at) VALUES ("259","Russ","Frami","ursulabins","zane.gutmann@pfeffer.com","$2y$10$Cw7HRG5MFuMz..3cP/l/EeztcgNyLO.9KCb/jvxcRl1hVjJdVPb92","1966-12-03 22:23:22","1","1","Dolores ab sunt et. Iure sit totam reprehenderit harum fugiat qui officiis. Distinctio nesciunt quod inventore inventore omnis atque sed. Et minima quas quam vitae doloremque aut soluta.","Ecuador","","Howeborough","19165-9438","../fixtures/male9.jpg","../fixtures/male3.jpg","../fixtures/male8.jpg","../fixtures/male6.jpg","../fixtures/male8.jpg","9","5297da22e96ee93a0e13e44661f4f59c","1976-12-09 21:49:29","1","1","2001-09-20 16:33:57","2014-07-23 22:20:42");
INSERT INTO user_tag (user_id, tag_id) VALUES ("259","23");
INSERT INTO user_tag (user_id, tag_id) VALUES ("259","49");
INSERT INTO user_tag (user_id, tag_id) VALUES ("259","6");
INSERT INTO user_tag (user_id, tag_id) VALUES ("259","16");
INSERT INTO user_tag (user_id, tag_id) VALUES ("259","26");

INSERT INTO connected (user_id, connect_date) VALUES ("259","2017-05-12 14:49:11");
INSERT INTO likes (like_id, liked_id, like_date) VALUES ("332","259","2017-03-29 02:39:44");
INSERT INTO likes (like_id, liked_id, like_date) VALUES ("67","259","2017-11-13 05:52:03");
INSERT INTO likes (like_id, liked_id, like_date) VALUES ("290","259","2017-09-15 10:07:25");
INSERT INTO views (viewer_id, viewed_id, view_date) VALUES ("41","259","2017-08-02 11:11:05");
INSERT INTO views (viewer_id, viewed_id, view_date) VALUES ("319","259","2017-12-07 18:33:50");
INSERT INTO views (viewer_id, viewed_id, view_date) VALUES ("200","259","2017-09-24 21:46:21");
INSERT INTO views (viewer_id, viewed_id, view_date) VALUES ("142","259","2018-02-08 12:03:10");
INSERT INTO views (viewer_id, viewed_id, view_date) VALUES ("462","259","2018-01-05 16:48:03");
INSERT INTO views (viewer_id, viewed_id, view_date) VALUES ("134","259","2017-02-27 03:19:15");
INSERT INTO views (viewer_id, viewed_id, view_date) VALUES ("182","259","2017-08-01 13:54:37");
INSERT INTO views (viewer_id, viewed_id, view_date) VALUES ("324","259","2017-12-27 17:44:39");
INSERT INTO views (viewer_id, viewed_id, view_date) VALUES ("88","259","2017-07-31 19:17:38");
INSERT INTO views (viewer_id, viewed_id, view_date) VALUES ("200","259","2017-12-04 23:55:30");
INSERT INTO views (viewer_id, viewed_id, view_date) VALUES ("498","259","2017-02-20 10:42:58");
INSERT INTO views (viewer_id, viewed_id, view_date) VALUES ("179","259","2017-04-13 06:10:23");
INSERT INTO views (viewer_id, viewed_id, view_date) VALUES ("260","259","2017-09-07 10:27:47");
INSERT INTO views (viewer_id, viewed_id, view_date) VALUES ("391","259","2017-10-11 02:19:16");
INSERT INTO views (viewer_id, viewed_id, view_date) VALUES ("65","259","2017-03-20 07:35:55");
INSERT INTO views (viewer_id, viewed_id, view_date) VALUES ("158","259","2017-12-18 15:48:03");
INSERT INTO views (viewer_id, viewed_id, view_date) VALUES ("9","259","2017-11-20 23:26:43");
INSERT INTO views (viewer_id, viewed_id, view_date) VALUES ("97","259","2017-07-19 12:19:45");
INSERT INTO views (viewer_id, viewed_id, view_date) VALUES ("446","259","2017-05-07 07:10:43");
INSERT INTO views (viewer_id, viewed_id, view_date) VALUES ("234","259","2018-02-13 10:53:50");
INSERT INTO views (viewer_id, viewed_id, view_date) VALUES ("192","259","2017-03-31 22:39:11");
INSERT INTO views (viewer_id, viewed_id, view_date) VALUES ("270","259","2017-11-03 21:09:12");
INSERT INTO views (viewer_id, viewed_id, view_date) VALUES ("390","259","2017-08-06 08:30:46");


INSERT INTO user (id, first_name, last_name, username, email, password, birthdate, gender, orientation, bio, country, state, city, zip, file_1, file_2, file_3, file_4, file_5, score, token, token_date, active, register, created_at, updated_at) VALUES ("260","Benedict","Hamill","luisahauck","newton.feil@mclaughlin.com","$2y$10$tSvo9Bz2DReMe/v05qOOM.QTqqK3brjQ0kFbnK24vHsl7nLmEoJyG","1965-01-23 16:24:00","2","3","Quod exercitationem voluptatem magnam ut. Voluptas porro reiciendis inventore. Perspiciatis enim quae inventore hic modi qui. Odio ut repellendus numquam ea possimus consequuntur et. Corrupti totam dolores totam commodi.","Algeria","","East Rodrigo","56041","../fixtures/female6.jpg","../fixtures/female6.jpg","../fixtures/female2.jpg","","","98","d672966b43a85e44dea6a9bffb1d9c14","1994-03-09 04:06:00","0","0","1982-02-04 15:22:25","1991-10-05 03:21:46");
INSERT INTO user_tag (user_id, tag_id) VALUES ("260","48");
INSERT INTO user_tag (user_id, tag_id) VALUES ("260","27");

INSERT INTO connected (user_id, connect_date) VALUES ("260","2017-02-25 02:44:50");
INSERT INTO likes (like_id, liked_id, like_date) VALUES ("198","260","2017-06-03 20:10:58");
INSERT INTO likes (like_id, liked_id, like_date) VALUES ("495","260","2017-12-14 05:52:46");
INSERT INTO likes (like_id, liked_id, like_date) VALUES ("159","260","2017-04-01 07:57:44");
INSERT INTO likes (like_id, liked_id, like_date) VALUES ("486","260","2017-11-04 22:07:41");
INSERT INTO likes (like_id, liked_id, like_date) VALUES ("481","260","2017-10-17 22:12:03");
INSERT INTO likes (like_id, liked_id, like_date) VALUES ("110","260","2017-04-26 14:17:16");
INSERT INTO likes (like_id, liked_id, like_date) VALUES ("178","260","2017-11-06 23:37:22");
INSERT INTO likes (like_id, liked_id, like_date) VALUES ("208","260","2017-04-04 10:21:40");
INSERT INTO likes (like_id, liked_id, like_date) VALUES ("190","260","2017-02-21 03:29:51");
INSERT INTO likes (like_id, liked_id, like_date) VALUES ("217","260","2017-08-11 17:38:54");
INSERT INTO likes (like_id, liked_id, like_date) VALUES ("227","260","2017-11-27 21:18:21");
INSERT INTO likes (like_id, liked_id, like_date) VALUES ("46","260","2017-05-03 18:33:07");
INSERT INTO likes (like_id, liked_id, like_date) VALUES ("130","260","2017-11-25 01:49:42");
INSERT INTO likes (like_id, liked_id, like_date) VALUES ("109","260","2018-01-23 04:03:13");
INSERT INTO likes (like_id, liked_id, like_date) VALUES ("2","260","2017-12-30 17:18:46");
INSERT INTO likes (like_id, liked_id, like_date) VALUES ("76","260","2017-07-02 06:31:29");
INSERT INTO likes (like_id, liked_id, like_date) VALUES ("249","260","2017-05-26 11:32:24");
INSERT INTO likes (like_id, liked_id, like_date) VALUES ("194","260","2017-06-07 19:35:56");
INSERT INTO likes (like_id, liked_id, like_date) VALUES ("106","260","2017-07-24 02:22:46");
INSERT INTO likes (like_id, liked_id, like_date) VALUES ("151","260","2017-11-11 22:34:36");
INSERT INTO views (viewer_id, viewed_id, view_date) VALUES ("79","260","2018-01-16 15:36:22");
INSERT INTO views (viewer_id, viewed_id, view_date) VALUES ("327","260","2018-01-07 09:26:58");
INSERT INTO views (viewer_id, viewed_id, view_date) VALUES ("54","260","2017-06-03 22:50:48");
INSERT INTO views (viewer_id, viewed_id, view_date) VALUES ("56","260","2017-09-01 22:29:02");
INSERT INTO views (viewer_id, viewed_id, view_date) VALUES ("151","260","2017-05-05 12:08:13");
INSERT INTO views (viewer_id, viewed_id, view_date) VALUES ("38","260","2017-08-05 10:37:34");
INSERT INTO views (viewer_id, viewed_id, view_date) VALUES ("297","260","2017-07-06 15:54:20");
INSERT INTO views (viewer_id, viewed_id, view_date) VALUES ("383","260","2017-07-28 17:30:30");
INSERT INTO views (viewer_id, viewed_id, view_date) VALUES ("187","260","2018-02-11 17:41:17");
INSERT INTO views (viewer_id, viewed_id, view_date) VALUES ("165","260","2017-10-10 23:07:18");


INSERT INTO user (id, first_name, last_name, username, email, password, birthdate, gender, orientation, bio, country, state, city, zip, file_1, file_2, file_3, file_4, file_5, score, token, token_date, active, register, created_at, updated_at) VALUES ("261","Janae","Kshlerin","dominic60","fbosco@mann.com","$2y$10$8G4nNLKdxvumEaUfvZcW5u1Y9HSKUyF5B4XYeMi8TSfsvpKzWbDri","1950-01-13 23:47:12","1","1","Ducimus veritatis maxime eum ducimus sunt consequatur. Et veritatis quae laboriosam. Et voluptatem maiores quo officia minus sapiente.","Ethiopia","","Rosenbaumside","09105","../fixtures/male1.jpg","","","","","92","aacc53a2e07292cd13d5c3ab2d68676f","2007-06-17 01:04:20","0","0","1975-09-22 12:24:05","2012-04-03 20:09:54");
INSERT INTO user_tag (user_id, tag_id) VALUES ("261","3");
INSERT INTO user_tag (user_id, tag_id) VALUES ("261","29");
INSERT INTO user_tag (user_id, tag_id) VALUES ("261","16");
INSERT INTO user_tag (user_id, tag_id) VALUES ("261","4");
INSERT INTO user_tag (user_id, tag_id) VALUES ("261","39");
INSERT INTO user_tag (user_id, tag_id) VALUES ("261","46");
INSERT INTO user_tag (user_id, tag_id) VALUES ("261","24");
INSERT INTO user_tag (user_id, tag_id) VALUES ("261","6");
INSERT INTO user_tag (user_id, tag_id) VALUES ("261","7");
INSERT INTO user_tag (user_id, tag_id) VALUES ("261","34");
INSERT INTO user_tag (user_id, tag_id) VALUES ("261","7");
INSERT INTO user_tag (user_id, tag_id) VALUES ("261","4");

INSERT INTO connected (user_id, connect_date) VALUES ("261","2017-05-10 06:33:34");
INSERT INTO likes (like_id, liked_id, like_date) VALUES ("131","261","2018-01-01 12:12:48");
INSERT INTO likes (like_id, liked_id, like_date) VALUES ("424","261","2017-11-12 01:04:25");
INSERT INTO likes (like_id, liked_id, like_date) VALUES ("99","261","2017-05-08 11:42:32");
INSERT INTO likes (like_id, liked_id, like_date) VALUES ("281","261","2017-04-06 21:01:41");
INSERT INTO likes (like_id, liked_id, like_date) VALUES ("242","261","2017-10-29 10:21:17");
INSERT INTO likes (like_id, liked_id, like_date) VALUES ("83","261","2017-12-08 00:16:08");
INSERT INTO likes (like_id, liked_id, like_date) VALUES ("369","261","2017-11-17 02:28:43");
INSERT INTO likes (like_id, liked_id, like_date) VALUES ("252","261","2017-12-06 04:14:23");
INSERT INTO likes (like_id, liked_id, like_date) VALUES ("350","261","2017-11-13 02:42:18");
INSERT INTO likes (like_id, liked_id, like_date) VALUES ("470","261","2017-07-09 20:01:12");
INSERT INTO likes (like_id, liked_id, like_date) VALUES ("395","261","2017-08-03 03:38:52");
INSERT INTO likes (like_id, liked_id, like_date) VALUES ("313","261","2017-03-28 03:37:59");
INSERT INTO likes (like_id, liked_id, like_date) VALUES ("495","261","2018-01-27 01:10:56");


INSERT INTO user (id, first_name, last_name, username, email, password, birthdate, gender, orientation, bio, country, state, city, zip, file_1, file_2, file_3, file_4, file_5, score, token, token_date, active, register, created_at, updated_at) VALUES ("262","Forest","Carter","croninrosario","shields.ole@gmail.com","$2y$10$YRkG9q5tlUkXFW6Do./jhuVOHb7x300ZSzThL6yMqFNAjBZkC/Fr.","1954-07-14 18:28:44","1","3","Qui libero sequi fuga molestias tempore. Quas exercitationem et natus veritatis. Est voluptate amet placeat et iste nostrum repellat. Sed similique eum et deserunt qui voluptas.","Australia","","Doviebury","41250","../fixtures/male2.jpg","../fixtures/male7.jpg","../fixtures/male7.jpg","../fixtures/male8.jpg","../fixtures/male2.jpg","18","2fa8ecfe72c73dfe09d74a1e2315181f","2015-01-03 22:33:28","1","1","1981-07-31 12:11:17","1971-09-27 14:38:35");
INSERT INTO user_tag (user_id, tag_id) VALUES ("262","11");
INSERT INTO user_tag (user_id, tag_id) VALUES ("262","44");
INSERT INTO user_tag (user_id, tag_id) VALUES ("262","26");
INSERT INTO user_tag (user_id, tag_id) VALUES ("262","38");
INSERT INTO user_tag (user_id, tag_id) VALUES ("262","7");

INSERT INTO connected (user_id, connect_date) VALUES ("262","2017-02-28 15:29:54");
INSERT INTO likes (like_id, liked_id, like_date) VALUES ("411","262","2017-06-09 02:16:46");
INSERT INTO likes (like_id, liked_id, like_date) VALUES ("186","262","2017-12-08 23:14:38");
INSERT INTO likes (like_id, liked_id, like_date) VALUES ("313","262","2017-10-28 02:18:27");
INSERT INTO likes (like_id, liked_id, like_date) VALUES ("159","262","2017-10-29 14:06:41");
INSERT INTO likes (like_id, liked_id, like_date) VALUES ("248","262","2017-08-03 00:48:49");
INSERT INTO likes (like_id, liked_id, like_date) VALUES ("170","262","2017-04-09 23:30:38");
INSERT INTO likes (like_id, liked_id, like_date) VALUES ("222","262","2017-04-08 06:10:13");
INSERT INTO likes (like_id, liked_id, like_date) VALUES ("80","262","2017-10-10 20:25:45");
INSERT INTO likes (like_id, liked_id, like_date) VALUES ("361","262","2017-04-24 15:40:29");
INSERT INTO likes (like_id, liked_id, like_date) VALUES ("376","262","2018-01-27 02:45:09");
INSERT INTO views (viewer_id, viewed_id, view_date) VALUES ("457","262","2018-01-16 13:30:33");
INSERT INTO views (viewer_id, viewed_id, view_date) VALUES ("417","262","2017-09-21 00:01:24");
INSERT INTO views (viewer_id, viewed_id, view_date) VALUES ("478","262","2017-06-28 12:07:46");
INSERT INTO views (viewer_id, viewed_id, view_date) VALUES ("476","262","2017-04-26 13:08:15");
INSERT INTO views (viewer_id, viewed_id, view_date) VALUES ("142","262","2018-01-27 06:30:51");
INSERT INTO views (viewer_id, viewed_id, view_date) VALUES ("196","262","2017-04-12 17:04:04");
INSERT INTO views (viewer_id, viewed_id, view_date) VALUES ("111","262","2018-01-10 14:38:02");
INSERT INTO views (viewer_id, viewed_id, view_date) VALUES ("439","262","2017-04-23 06:07:44");
INSERT INTO views (viewer_id, viewed_id, view_date) VALUES ("250","262","2017-11-17 04:11:22");
INSERT INTO views (viewer_id, viewed_id, view_date) VALUES ("431","262","2017-08-18 03:34:14");
INSERT INTO views (viewer_id, viewed_id, view_date) VALUES ("204","262","2018-01-25 22:02:01");
INSERT INTO views (viewer_id, viewed_id, view_date) VALUES ("368","262","2017-06-19 05:46:42");
INSERT INTO views (viewer_id, viewed_id, view_date) VALUES ("189","262","2017-04-27 01:17:32");
INSERT INTO views (viewer_id, viewed_id, view_date) VALUES ("243","262","2017-12-13 14:43:03");


INSERT INTO user (id, first_name, last_name, username, email, password, birthdate, gender, orientation, bio, country, state, city, zip, file_1, file_2, file_3, file_4, file_5, score, token, token_date, active, register, created_at, updated_at) VALUES ("263","Meda","Luettgen","venawilliamson","gilda.renner@armstrong.com","$2y$10$qpKpVVMU1JC3Auc0qBys.eGwa14FOgW0O/thqDfFW.x9Ft6jlFNAW","1955-05-23 07:17:34","1","1","Beatae hic similique unde voluptatem vero sed. Vel et deleniti nobis quia tempore ab sunt. Voluptates iure perspiciatis optio omnis delectus ipsum id. Iste qui sunt rem ipsa.","Hong Kong","","East Myrnaport","39578","../fixtures/male6.jpg","","","","","89","beb3579a286cb91435b7008f3f3d77c1","1995-06-11 15:36:13","1","1","1994-03-11 09:19:16","2010-12-29 00:27:10");
INSERT INTO user_tag (user_id, tag_id) VALUES ("263","36");
INSERT INTO user_tag (user_id, tag_id) VALUES ("263","16");
INSERT INTO user_tag (user_id, tag_id) VALUES ("263","26");
INSERT INTO user_tag (user_id, tag_id) VALUES ("263","50");
INSERT INTO user_tag (user_id, tag_id) VALUES ("263","23");
INSERT INTO user_tag (user_id, tag_id) VALUES ("263","1");

INSERT INTO connected (user_id, connect_date) VALUES ("263","2017-11-08 22:13:32");
INSERT INTO likes (like_id, liked_id, like_date) VALUES ("319","263","2017-10-26 10:07:19");
INSERT INTO likes (like_id, liked_id, like_date) VALUES ("71","263","2017-12-19 12:41:00");
INSERT INTO likes (like_id, liked_id, like_date) VALUES ("124","263","2017-03-23 20:03:32");
INSERT INTO likes (like_id, liked_id, like_date) VALUES ("376","263","2017-10-07 16:17:29");
INSERT INTO likes (like_id, liked_id, like_date) VALUES ("271","263","2017-07-31 12:44:33");
INSERT INTO likes (like_id, liked_id, like_date) VALUES ("308","263","2017-11-12 18:20:19");
INSERT INTO likes (like_id, liked_id, like_date) VALUES ("7","263","2017-11-05 08:27:41");
INSERT INTO likes (like_id, liked_id, like_date) VALUES ("483","263","2017-03-25 09:39:27");
INSERT INTO likes (like_id, liked_id, like_date) VALUES ("212","263","2017-06-15 21:14:30");
INSERT INTO likes (like_id, liked_id, like_date) VALUES ("377","263","2017-07-11 12:24:26");
INSERT INTO likes (like_id, liked_id, like_date) VALUES ("193","263","2017-08-10 23:56:56");
INSERT INTO likes (like_id, liked_id, like_date) VALUES ("499","263","2017-12-25 15:33:13");
INSERT INTO likes (like_id, liked_id, like_date) VALUES ("194","263","2017-08-28 02:44:00");
INSERT INTO likes (like_id, liked_id, like_date) VALUES ("289","263","2017-05-17 00:54:14");
INSERT INTO likes (like_id, liked_id, like_date) VALUES ("347","263","2017-06-14 14:54:52");
INSERT INTO likes (like_id, liked_id, like_date) VALUES ("383","263","2017-09-09 16:00:55");
INSERT INTO likes (like_id, liked_id, like_date) VALUES ("156","263","2017-07-05 20:01:11");
INSERT INTO likes (like_id, liked_id, like_date) VALUES ("467","263","2017-11-04 17:23:01");
INSERT INTO views (viewer_id, viewed_id, view_date) VALUES ("423","263","2017-07-18 12:49:54");
INSERT INTO views (viewer_id, viewed_id, view_date) VALUES ("212","263","2017-05-07 18:23:32");
INSERT INTO views (viewer_id, viewed_id, view_date) VALUES ("34","263","2018-01-30 03:52:20");
INSERT INTO views (viewer_id, viewed_id, view_date) VALUES ("388","263","2018-01-07 14:52:48");
INSERT INTO views (viewer_id, viewed_id, view_date) VALUES ("308","263","2017-05-30 00:41:49");
INSERT INTO views (viewer_id, viewed_id, view_date) VALUES ("125","263","2018-01-23 02:39:26");
INSERT INTO views (viewer_id, viewed_id, view_date) VALUES ("55","263","2017-08-11 17:58:31");
INSERT INTO views (viewer_id, viewed_id, view_date) VALUES ("430","263","2018-01-25 12:41:00");
INSERT INTO views (viewer_id, viewed_id, view_date) VALUES ("329","263","2017-04-14 02:00:05");
INSERT INTO views (viewer_id, viewed_id, view_date) VALUES ("9","263","2017-08-05 15:39:07");
INSERT INTO views (viewer_id, viewed_id, view_date) VALUES ("484","263","2017-04-28 20:21:01");
INSERT INTO views (viewer_id, viewed_id, view_date) VALUES ("173","263","2017-02-27 11:59:08");
INSERT INTO views (viewer_id, viewed_id, view_date) VALUES ("346","263","2017-09-18 02:31:29");
INSERT INTO views (viewer_id, viewed_id, view_date) VALUES ("104","263","2017-06-01 17:11:31");
INSERT INTO views (viewer_id, viewed_id, view_date) VALUES ("312","263","2017-08-01 06:23:28");
INSERT INTO views (viewer_id, viewed_id, view_date) VALUES ("500","263","2018-01-20 08:46:38");
INSERT INTO views (viewer_id, viewed_id, view_date) VALUES ("304","263","2017-07-15 01:43:39");


INSERT INTO user (id, first_name, last_name, username, email, password, birthdate, gender, orientation, bio, country, state, city, zip, file_1, file_2, file_3, file_4, file_5, score, token, token_date, active, register, created_at, updated_at) VALUES ("264","Abdullah","Kozey","steuberhettie","lucienne.pouros@hotmail.com","$2y$10$Hsxsdp6k2Acj.Zh.tLM7EOqmGFvsffn55BMSFWCGJJYaloH7ebM6K","1965-06-08 13:47:44","2","2","Rerum ratione illum mollitia deserunt voluptatem eaque. Quia et reiciendis modi. Quod eum provident saepe voluptates.","Mongolia","","Gisselleshire","87380-7392","../fixtures/female7.jpg","../fixtures/female6.jpg","","","","49","8b3bc6ea06f163ba1f5567f22f54dc25","1980-09-01 22:15:28","0","0","2007-12-06 13:22:25","2014-07-15 00:24:45");
INSERT INTO user_tag (user_id, tag_id) VALUES ("264","2");
INSERT INTO user_tag (user_id, tag_id) VALUES ("264","4");
INSERT INTO user_tag (user_id, tag_id) VALUES ("264","31");
INSERT INTO user_tag (user_id, tag_id) VALUES ("264","14");
INSERT INTO user_tag (user_id, tag_id) VALUES ("264","9");
INSERT INTO user_tag (user_id, tag_id) VALUES ("264","45");
INSERT INTO user_tag (user_id, tag_id) VALUES ("264","31");
INSERT INTO user_tag (user_id, tag_id) VALUES ("264","48");

INSERT INTO connected (user_id, connect_date) VALUES ("264","2017-06-23 00:47:31");
INSERT INTO likes (like_id, liked_id, like_date) VALUES ("444","264","2017-04-11 10:49:11");
INSERT INTO likes (like_id, liked_id, like_date) VALUES ("173","264","2017-05-02 00:54:06");
INSERT INTO likes (like_id, liked_id, like_date) VALUES ("350","264","2017-03-03 12:21:02");
INSERT INTO likes (like_id, liked_id, like_date) VALUES ("34","264","2017-12-09 01:29:22");
INSERT INTO likes (like_id, liked_id, like_date) VALUES ("438","264","2017-07-31 01:10:55");
INSERT INTO likes (like_id, liked_id, like_date) VALUES ("411","264","2017-08-27 01:53:51");
INSERT INTO likes (like_id, liked_id, like_date) VALUES ("253","264","2017-12-30 04:03:48");
INSERT INTO likes (like_id, liked_id, like_date) VALUES ("121","264","2017-09-12 16:32:33");
INSERT INTO likes (like_id, liked_id, like_date) VALUES ("74","264","2017-09-06 22:55:50");
INSERT INTO likes (like_id, liked_id, like_date) VALUES ("426","264","2017-12-12 04:25:09");
INSERT INTO likes (like_id, liked_id, like_date) VALUES ("409","264","2017-04-15 09:47:09");
INSERT INTO likes (like_id, liked_id, like_date) VALUES ("170","264","2017-05-10 22:40:52");
INSERT INTO likes (like_id, liked_id, like_date) VALUES ("213","264","2017-03-28 05:59:48");
INSERT INTO likes (like_id, liked_id, like_date) VALUES ("12","264","2017-06-04 06:22:14");
INSERT INTO likes (like_id, liked_id, like_date) VALUES ("226","264","2017-11-26 09:53:52");
INSERT INTO likes (like_id, liked_id, like_date) VALUES ("87","264","2017-10-07 15:51:24");
INSERT INTO likes (like_id, liked_id, like_date) VALUES ("209","264","2017-02-26 10:21:21");
INSERT INTO likes (like_id, liked_id, like_date) VALUES ("398","264","2017-06-09 19:42:06");
INSERT INTO likes (like_id, liked_id, like_date) VALUES ("71","264","2017-02-21 07:17:05");
INSERT INTO views (viewer_id, viewed_id, view_date) VALUES ("237","264","2017-10-15 09:21:54");
INSERT INTO views (viewer_id, viewed_id, view_date) VALUES ("166","264","2017-07-22 05:41:44");
INSERT INTO views (viewer_id, viewed_id, view_date) VALUES ("472","264","2017-09-14 02:57:29");
INSERT INTO views (viewer_id, viewed_id, view_date) VALUES ("146","264","2017-06-05 12:42:04");
INSERT INTO views (viewer_id, viewed_id, view_date) VALUES ("101","264","2017-03-04 16:32:27");
INSERT INTO views (viewer_id, viewed_id, view_date) VALUES ("336","264","2017-11-06 19:54:45");
INSERT INTO views (viewer_id, viewed_id, view_date) VALUES ("444","264","2017-12-15 08:37:04");
INSERT INTO views (viewer_id, viewed_id, view_date) VALUES ("6","264","2017-04-08 12:42:28");
INSERT INTO views (viewer_id, viewed_id, view_date) VALUES ("104","264","2017-06-24 12:45:41");
INSERT INTO views (viewer_id, viewed_id, view_date) VALUES ("79","264","2018-02-15 09:46:53");
INSERT INTO views (viewer_id, viewed_id, view_date) VALUES ("51","264","2017-04-12 04:51:15");
INSERT INTO views (viewer_id, viewed_id, view_date) VALUES ("400","264","2018-02-03 04:38:55");
INSERT INTO views (viewer_id, viewed_id, view_date) VALUES ("200","264","2017-12-05 07:45:12");
INSERT INTO views (viewer_id, viewed_id, view_date) VALUES ("177","264","2017-04-14 18:22:30");
INSERT INTO views (viewer_id, viewed_id, view_date) VALUES ("94","264","2017-11-23 11:11:48");
INSERT INTO views (viewer_id, viewed_id, view_date) VALUES ("440","264","2017-09-30 23:07:55");
INSERT INTO views (viewer_id, viewed_id, view_date) VALUES ("144","264","2017-08-27 16:00:49");
INSERT INTO views (viewer_id, viewed_id, view_date) VALUES ("296","264","2017-11-10 01:09:39");
INSERT INTO views (viewer_id, viewed_id, view_date) VALUES ("321","264","2017-03-29 02:04:24");
INSERT INTO views (viewer_id, viewed_id, view_date) VALUES ("130","264","2017-07-11 11:43:11");


INSERT INTO user (id, first_name, last_name, username, email, password, birthdate, gender, orientation, bio, country, state, city, zip, file_1, file_2, file_3, file_4, file_5, score, token, token_date, active, register, created_at, updated_at) VALUES ("265","Gerhard","Runolfsson","delbertkling","ricardo07@hamill.com","$2y$10$xn7BnIysPkKktrWWBGtHg.NqD/V2G28.sAfh9hBDMob/soXDJUjBK","1962-06-15 10:20:28","2","1","Dolores illo corporis sunt ad id. Est ratione ex id tempore. Beatae animi deleniti vero perspiciatis. Suscipit quos modi iure exercitationem pariatur vero nam.","Guatemala","","Jerdeside","25481","../fixtures/female6.jpg","../fixtures/female2.jpg","../fixtures/female7.jpg","","","33","ba4dde3f17a28fe847b44ee2960d0bbf","2015-01-02 22:01:16","1","1","1987-01-01 20:15:21","1996-12-16 08:33:20");
INSERT INTO user_tag (user_id, tag_id) VALUES ("265","26");
INSERT INTO user_tag (user_id, tag_id) VALUES ("265","12");
INSERT INTO user_tag (user_id, tag_id) VALUES ("265","44");
INSERT INTO user_tag (user_id, tag_id) VALUES ("265","46");
INSERT INTO user_tag (user_id, tag_id) VALUES ("265","44");
INSERT INTO user_tag (user_id, tag_id) VALUES ("265","23");
INSERT INTO user_tag (user_id, tag_id) VALUES ("265","42");
INSERT INTO user_tag (user_id, tag_id) VALUES ("265","40");
INSERT INTO user_tag (user_id, tag_id) VALUES ("265","41");
INSERT INTO user_tag (user_id, tag_id) VALUES ("265","32");
INSERT INTO user_tag (user_id, tag_id) VALUES ("265","15");
INSERT INTO user_tag (user_id, tag_id) VALUES ("265","1");
INSERT INTO user_tag (user_id, tag_id) VALUES ("265","43");
INSERT INTO user_tag (user_id, tag_id) VALUES ("265","34");
INSERT INTO user_tag (user_id, tag_id) VALUES ("265","9");

INSERT INTO connected (user_id, connect_date) VALUES ("265","2017-07-19 16:32:25");
INSERT INTO likes (like_id, liked_id, like_date) VALUES ("57","265","2018-01-22 22:07:45");
INSERT INTO likes (like_id, liked_id, like_date) VALUES ("60","265","2017-09-30 05:21:41");
INSERT INTO likes (like_id, liked_id, like_date) VALUES ("8","265","2017-09-12 17:55:57");
INSERT INTO likes (like_id, liked_id, like_date) VALUES ("423","265","2017-06-10 12:42:10");
INSERT INTO likes (like_id, liked_id, like_date) VALUES ("346","265","2017-08-29 22:11:23");
INSERT INTO likes (like_id, liked_id, like_date) VALUES ("300","265","2017-12-12 14:56:12");
INSERT INTO views (viewer_id, viewed_id, view_date) VALUES ("94","265","2018-01-25 04:51:54");
INSERT INTO views (viewer_id, viewed_id, view_date) VALUES ("254","265","2017-10-25 05:03:50");
INSERT INTO views (viewer_id, viewed_id, view_date) VALUES ("468","265","2017-05-15 09:31:56");


INSERT INTO user (id, first_name, last_name, username, email, password, birthdate, gender, orientation, bio, country, state, city, zip, file_1, file_2, file_3, file_4, file_5, score, token, token_date, active, register, created_at, updated_at) VALUES ("266","Ferne","Huel","schuylerlehner","hettinger.will@kunde.com","$2y$10$L50h9yR/g4Xc0XUmaNg5u.Z...lR3/PoL0nEkFU492axPA8TR7lUK","1951-04-04 23:24:57","2","2","Ut aut quod itaque quasi sed reprehenderit. Dolorem recusandae culpa officiis quo provident eius aspernatur dolorem. Necessitatibus exercitationem et sit consequatur delectus ab ea. Numquam molestiae necessitatibus asperiores vel qui autem facere sapiente.","Guinea-Bissau","","Port Eleanore","27290-0967","../fixtures/female10.jpg","","","","","73","ffdb1d0a8f9b6c5a4df170788af196bb","1996-11-01 07:35:39","1","1","1984-02-04 13:51:35","2002-05-01 16:48:43");
INSERT INTO user_tag (user_id, tag_id) VALUES ("266","44");
INSERT INTO user_tag (user_id, tag_id) VALUES ("266","9");
INSERT INTO user_tag (user_id, tag_id) VALUES ("266","27");
INSERT INTO user_tag (user_id, tag_id) VALUES ("266","31");
INSERT INTO user_tag (user_id, tag_id) VALUES ("266","6");
INSERT INTO user_tag (user_id, tag_id) VALUES ("266","6");
INSERT INTO user_tag (user_id, tag_id) VALUES ("266","47");
INSERT INTO user_tag (user_id, tag_id) VALUES ("266","28");
INSERT INTO user_tag (user_id, tag_id) VALUES ("266","6");
INSERT INTO user_tag (user_id, tag_id) VALUES ("266","20");

INSERT INTO connected (user_id, connect_date) VALUES ("266","2017-12-03 11:25:02");
INSERT INTO likes (like_id, liked_id, like_date) VALUES ("79","266","2017-05-13 21:39:19");
INSERT INTO likes (like_id, liked_id, like_date) VALUES ("416","266","2017-10-21 16:16:33");
INSERT INTO likes (like_id, liked_id, like_date) VALUES ("23","266","2017-08-01 21:20:48");
INSERT INTO likes (like_id, liked_id, like_date) VALUES ("265","266","2017-12-10 15:40:58");
INSERT INTO likes (like_id, liked_id, like_date) VALUES ("489","266","2017-09-26 19:32:27");
INSERT INTO views (viewer_id, viewed_id, view_date) VALUES ("152","266","2017-02-16 09:07:57");
INSERT INTO views (viewer_id, viewed_id, view_date) VALUES ("327","266","2017-04-01 19:50:54");
INSERT INTO views (viewer_id, viewed_id, view_date) VALUES ("69","266","2017-05-12 00:03:30");
INSERT INTO views (viewer_id, viewed_id, view_date) VALUES ("436","266","2017-11-12 07:42:06");
INSERT INTO views (viewer_id, viewed_id, view_date) VALUES ("53","266","2017-02-22 12:41:13");
INSERT INTO views (viewer_id, viewed_id, view_date) VALUES ("476","266","2017-07-09 12:27:48");
INSERT INTO views (viewer_id, viewed_id, view_date) VALUES ("460","266","2017-06-07 23:36:24");
INSERT INTO views (viewer_id, viewed_id, view_date) VALUES ("429","266","2017-08-03 15:04:26");


INSERT INTO user (id, first_name, last_name, username, email, password, birthdate, gender, orientation, bio, country, state, city, zip, file_1, file_2, file_3, file_4, file_5, score, token, token_date, active, register, created_at, updated_at) VALUES ("267","Kaden","Homenick","millercarolyne","milan.windler@romaguera.info","$2y$10$Rps.BmkFh2N2behGZQkdOOfMc18/dnpLplbcEpLivfIZXYcOL.FPO","1997-11-03 09:04:21","1","2","Cum accusantium quisquam accusantium qui debitis est eaque nam. Praesentium aut et aspernatur nemo distinctio at. Asperiores perferendis quis sit minus et quaerat dolores. Totam quia et occaecati quo molestias eum et.","Bosnia and Herzegovina","","South Asha","84678-5833","../fixtures/male2.jpg","../fixtures/male2.jpg","../fixtures/male2.jpg","../fixtures/male7.jpg","","58","0de19d01bf3e9aea5d51e5fe3454165f","2016-07-04 13:54:53","0","0","2010-08-27 06:56:30","1989-11-12 03:12:07");
INSERT INTO user_tag (user_id, tag_id) VALUES ("267","37");
INSERT INTO user_tag (user_id, tag_id) VALUES ("267","32");
INSERT INTO user_tag (user_id, tag_id) VALUES ("267","28");
INSERT INTO user_tag (user_id, tag_id) VALUES ("267","45");
INSERT INTO user_tag (user_id, tag_id) VALUES ("267","46");
INSERT INTO user_tag (user_id, tag_id) VALUES ("267","12");
INSERT INTO user_tag (user_id, tag_id) VALUES ("267","28");
INSERT INTO user_tag (user_id, tag_id) VALUES ("267","31");
INSERT INTO user_tag (user_id, tag_id) VALUES ("267","10");
INSERT INTO user_tag (user_id, tag_id) VALUES ("267","14");
INSERT INTO user_tag (user_id, tag_id) VALUES ("267","30");

INSERT INTO connected (user_id, connect_date) VALUES ("267","2017-07-09 05:26:03");
INSERT INTO likes (like_id, liked_id, like_date) VALUES ("202","267","2017-11-19 20:12:14");
INSERT INTO likes (like_id, liked_id, like_date) VALUES ("413","267","2017-06-22 19:03:24");
INSERT INTO likes (like_id, liked_id, like_date) VALUES ("227","267","2017-04-02 23:36:10");
INSERT INTO likes (like_id, liked_id, like_date) VALUES ("37","267","2018-01-04 07:38:22");
INSERT INTO likes (like_id, liked_id, like_date) VALUES ("143","267","2018-01-01 17:04:34");
INSERT INTO likes (like_id, liked_id, like_date) VALUES ("123","267","2017-09-04 22:14:14");
INSERT INTO likes (like_id, liked_id, like_date) VALUES ("263","267","2017-09-07 08:21:27");
INSERT INTO likes (like_id, liked_id, like_date) VALUES ("359","267","2017-07-06 10:19:01");
INSERT INTO likes (like_id, liked_id, like_date) VALUES ("125","267","2017-04-05 23:19:07");
INSERT INTO likes (like_id, liked_id, like_date) VALUES ("5","267","2017-07-05 02:54:44");
INSERT INTO likes (like_id, liked_id, like_date) VALUES ("92","267","2017-04-18 02:48:51");
INSERT INTO likes (like_id, liked_id, like_date) VALUES ("473","267","2018-02-02 04:56:05");
INSERT INTO likes (like_id, liked_id, like_date) VALUES ("84","267","2018-01-14 14:58:26");
INSERT INTO likes (like_id, liked_id, like_date) VALUES ("24","267","2017-03-20 09:24:41");
INSERT INTO likes (like_id, liked_id, like_date) VALUES ("156","267","2017-10-15 06:52:34");
INSERT INTO likes (like_id, liked_id, like_date) VALUES ("470","267","2017-10-28 01:22:50");
INSERT INTO likes (like_id, liked_id, like_date) VALUES ("187","267","2017-04-02 15:40:05");
INSERT INTO likes (like_id, liked_id, like_date) VALUES ("385","267","2017-08-06 04:39:31");
INSERT INTO likes (like_id, liked_id, like_date) VALUES ("342","267","2017-08-30 18:04:40");
INSERT INTO views (viewer_id, viewed_id, view_date) VALUES ("166","267","2017-05-24 12:31:16");
INSERT INTO views (viewer_id, viewed_id, view_date) VALUES ("471","267","2017-08-26 15:38:07");
INSERT INTO views (viewer_id, viewed_id, view_date) VALUES ("481","267","2017-07-16 17:28:26");
INSERT INTO views (viewer_id, viewed_id, view_date) VALUES ("466","267","2017-08-22 07:48:55");
INSERT INTO views (viewer_id, viewed_id, view_date) VALUES ("330","267","2017-03-10 22:44:42");
INSERT INTO views (viewer_id, viewed_id, view_date) VALUES ("8","267","2017-04-03 09:52:15");
INSERT INTO views (viewer_id, viewed_id, view_date) VALUES ("109","267","2017-11-26 09:34:36");
INSERT INTO views (viewer_id, viewed_id, view_date) VALUES ("286","267","2017-06-29 07:04:11");
INSERT INTO views (viewer_id, viewed_id, view_date) VALUES ("478","267","2017-07-09 10:17:05");
INSERT INTO views (viewer_id, viewed_id, view_date) VALUES ("367","267","2017-05-09 16:47:24");
INSERT INTO views (viewer_id, viewed_id, view_date) VALUES ("58","267","2017-03-30 08:05:27");
INSERT INTO views (viewer_id, viewed_id, view_date) VALUES ("303","267","2018-01-11 10:10:42");
INSERT INTO views (viewer_id, viewed_id, view_date) VALUES ("345","267","2017-05-25 23:15:23");
INSERT INTO views (viewer_id, viewed_id, view_date) VALUES ("349","267","2018-01-06 09:45:14");
INSERT INTO views (viewer_id, viewed_id, view_date) VALUES ("83","267","2017-04-06 21:11:46");
INSERT INTO views (viewer_id, viewed_id, view_date) VALUES ("429","267","2017-03-06 10:43:49");
INSERT INTO views (viewer_id, viewed_id, view_date) VALUES ("61","267","2017-02-25 14:06:46");
INSERT INTO views (viewer_id, viewed_id, view_date) VALUES ("246","267","2017-09-11 09:18:08");
INSERT INTO views (viewer_id, viewed_id, view_date) VALUES ("253","267","2017-05-13 05:28:47");
INSERT INTO views (viewer_id, viewed_id, view_date) VALUES ("386","267","2017-07-01 19:54:53");


INSERT INTO user (id, first_name, last_name, username, email, password, birthdate, gender, orientation, bio, country, state, city, zip, file_1, file_2, file_3, file_4, file_5, score, token, token_date, active, register, created_at, updated_at) VALUES ("268","Tad","Gutmann","raphaelledenesik","smith.justus@gmail.com","$2y$10$xvUjxNxJLGpYBmVXISdaBO5Vc5rx2jwoJccuGZhK6NstcP9FqaY1G","1973-07-31 15:53:08","1","3","Aut eum cupiditate voluptatem est vel ut. Occaecati quo ab praesentium tempora et excepturi velit. Quos perferendis a et est inventore occaecati natus.","Faroe Islands","","Hesterville","93818","../fixtures/male1.jpg","","","","","41","680789cf6ab49f14d5853ca3453d0d98","1989-05-21 21:55:44","1","0","1976-08-18 20:08:49","1997-09-04 18:53:19");
INSERT INTO user_tag (user_id, tag_id) VALUES ("268","6");
INSERT INTO user_tag (user_id, tag_id) VALUES ("268","19");
INSERT INTO user_tag (user_id, tag_id) VALUES ("268","45");
INSERT INTO user_tag (user_id, tag_id) VALUES ("268","40");

INSERT INTO connected (user_id, connect_date) VALUES ("268","2017-05-06 18:35:24");
INSERT INTO likes (like_id, liked_id, like_date) VALUES ("155","268","2017-07-15 06:30:01");
INSERT INTO likes (like_id, liked_id, like_date) VALUES ("46","268","2017-08-13 05:50:54");
INSERT INTO likes (like_id, liked_id, like_date) VALUES ("392","268","2017-04-19 21:05:14");
INSERT INTO likes (like_id, liked_id, like_date) VALUES ("442","268","2017-07-11 19:07:20");
INSERT INTO likes (like_id, liked_id, like_date) VALUES ("47","268","2017-12-05 01:59:02");
INSERT INTO likes (like_id, liked_id, like_date) VALUES ("470","268","2017-04-01 11:47:34");
INSERT INTO likes (like_id, liked_id, like_date) VALUES ("372","268","2017-11-08 04:28:23");
INSERT INTO likes (like_id, liked_id, like_date) VALUES ("137","268","2017-04-20 17:24:44");
INSERT INTO likes (like_id, liked_id, like_date) VALUES ("215","268","2017-10-09 11:55:32");
INSERT INTO likes (like_id, liked_id, like_date) VALUES ("346","268","2017-02-20 11:28:44");
INSERT INTO likes (like_id, liked_id, like_date) VALUES ("22","268","2017-07-01 16:37:39");
INSERT INTO likes (like_id, liked_id, like_date) VALUES ("369","268","2017-04-13 14:18:04");
INSERT INTO likes (like_id, liked_id, like_date) VALUES ("225","268","2017-04-09 17:10:51");
INSERT INTO likes (like_id, liked_id, like_date) VALUES ("192","268","2018-01-18 12:33:20");
INSERT INTO likes (like_id, liked_id, like_date) VALUES ("100","268","2017-05-27 23:02:00");
INSERT INTO likes (like_id, liked_id, like_date) VALUES ("247","268","2017-10-03 06:29:07");
INSERT INTO views (viewer_id, viewed_id, view_date) VALUES ("141","268","2018-01-18 04:06:55");
INSERT INTO views (viewer_id, viewed_id, view_date) VALUES ("92","268","2017-12-07 00:55:56");
INSERT INTO views (viewer_id, viewed_id, view_date) VALUES ("361","268","2017-05-20 22:59:45");
INSERT INTO views (viewer_id, viewed_id, view_date) VALUES ("483","268","2018-01-05 14:57:05");


INSERT INTO user (id, first_name, last_name, username, email, password, birthdate, gender, orientation, bio, country, state, city, zip, file_1, file_2, file_3, file_4, file_5, score, token, token_date, active, register, created_at, updated_at) VALUES ("269","Monserrate","Mayert","bbrown","lyla.fadel@hotmail.com","$2y$10$EDmjCtQg7eCk442s3uYneOy3drk3cHphGD5.9tVqyYa/Xrj5A5TVq","1973-05-05 09:46:43","1","3","Est officia cumque ipsam perferendis vel cumque rerum. Eius ducimus repellendus enim pariatur ut voluptas. Doloribus necessitatibus corporis esse mollitia. Fugit et eligendi nihil recusandae.","Panama","","West Gabe","42100-2118","../fixtures/male3.jpg","../fixtures/male10.jpg","../fixtures/male9.jpg","../fixtures/male8.jpg","","28","2137165fc24a7c5388747fd7397a37c2","1982-10-30 14:50:54","0","0","1970-04-08 04:48:27","2008-07-11 23:24:31");
INSERT INTO user_tag (user_id, tag_id) VALUES ("269","12");
INSERT INTO user_tag (user_id, tag_id) VALUES ("269","9");
INSERT INTO user_tag (user_id, tag_id) VALUES ("269","42");

INSERT INTO connected (user_id, connect_date) VALUES ("269","2017-12-09 00:55:22");
INSERT INTO likes (like_id, liked_id, like_date) VALUES ("89","269","2017-10-06 23:05:50");
INSERT INTO likes (like_id, liked_id, like_date) VALUES ("370","269","2017-09-21 23:53:41");
INSERT INTO likes (like_id, liked_id, like_date) VALUES ("10","269","2017-03-26 07:51:24");
INSERT INTO likes (like_id, liked_id, like_date) VALUES ("492","269","2017-10-03 00:49:17");
INSERT INTO views (viewer_id, viewed_id, view_date) VALUES ("190","269","2017-08-30 20:32:38");
INSERT INTO views (viewer_id, viewed_id, view_date) VALUES ("286","269","2017-12-05 01:37:58");
INSERT INTO views (viewer_id, viewed_id, view_date) VALUES ("440","269","2018-01-01 11:27:57");
INSERT INTO views (viewer_id, viewed_id, view_date) VALUES ("398","269","2017-05-07 07:45:28");
INSERT INTO views (viewer_id, viewed_id, view_date) VALUES ("321","269","2017-08-12 19:20:03");
INSERT INTO views (viewer_id, viewed_id, view_date) VALUES ("118","269","2017-12-01 08:33:09");
INSERT INTO views (viewer_id, viewed_id, view_date) VALUES ("34","269","2017-02-18 16:31:05");
INSERT INTO views (viewer_id, viewed_id, view_date) VALUES ("378","269","2017-10-30 18:15:06");
INSERT INTO views (viewer_id, viewed_id, view_date) VALUES ("320","269","2017-09-13 05:48:36");
INSERT INTO views (viewer_id, viewed_id, view_date) VALUES ("185","269","2017-12-24 18:28:25");
INSERT INTO views (viewer_id, viewed_id, view_date) VALUES ("75","269","2017-06-30 00:35:19");
INSERT INTO views (viewer_id, viewed_id, view_date) VALUES ("241","269","2017-02-27 18:15:44");
INSERT INTO views (viewer_id, viewed_id, view_date) VALUES ("27","269","2017-04-10 17:58:47");
INSERT INTO views (viewer_id, viewed_id, view_date) VALUES ("390","269","2017-07-04 09:18:03");
INSERT INTO views (viewer_id, viewed_id, view_date) VALUES ("65","269","2017-08-01 23:35:16");
INSERT INTO views (viewer_id, viewed_id, view_date) VALUES ("396","269","2017-08-07 19:54:24");
INSERT INTO views (viewer_id, viewed_id, view_date) VALUES ("163","269","2017-09-04 07:34:17");
INSERT INTO views (viewer_id, viewed_id, view_date) VALUES ("120","269","2017-02-19 08:00:01");


INSERT INTO user (id, first_name, last_name, username, email, password, birthdate, gender, orientation, bio, country, state, city, zip, file_1, file_2, file_3, file_4, file_5, score, token, token_date, active, register, created_at, updated_at) VALUES ("270","Alexa","Davis","oriestanton","gislason.della@emard.com","$2y$10$hnYiF20rY0DaKUnhq5Yiw./mVIlQyGoB55u3at0G3x/qdIwi.zu/a","1951-03-23 09:23:33","2","2","Non fugit cupiditate rem. Laborum tempora provident quaerat quo vero ea qui. Beatae voluptates accusantium pariatur dolores. Dolorum et quo est tempore nesciunt ut distinctio.","Tuvalu","","Marionborough","22348-6886","../fixtures/female1.jpg","../fixtures/female10.jpg","","","","66","79a4a0b13e805c54a16f5c779a621704","2009-04-25 14:33:56","1","1","1997-04-06 16:09:01","1997-08-24 08:12:16");
INSERT INTO user_tag (user_id, tag_id) VALUES ("270","17");
INSERT INTO user_tag (user_id, tag_id) VALUES ("270","1");
INSERT INTO user_tag (user_id, tag_id) VALUES ("270","47");
INSERT INTO user_tag (user_id, tag_id) VALUES ("270","43");
INSERT INTO user_tag (user_id, tag_id) VALUES ("270","27");
INSERT INTO user_tag (user_id, tag_id) VALUES ("270","25");
INSERT INTO user_tag (user_id, tag_id) VALUES ("270","3");
INSERT INTO user_tag (user_id, tag_id) VALUES ("270","18");
INSERT INTO user_tag (user_id, tag_id) VALUES ("270","13");
INSERT INTO user_tag (user_id, tag_id) VALUES ("270","24");
INSERT INTO user_tag (user_id, tag_id) VALUES ("270","18");
INSERT INTO user_tag (user_id, tag_id) VALUES ("270","14");

INSERT INTO connected (user_id, connect_date) VALUES ("270","2018-02-03 06:44:09");
INSERT INTO likes (like_id, liked_id, like_date) VALUES ("400","270","2018-01-28 18:16:39");
INSERT INTO likes (like_id, liked_id, like_date) VALUES ("132","270","2017-10-12 10:19:39");
INSERT INTO likes (like_id, liked_id, like_date) VALUES ("222","270","2017-03-17 07:55:19");
INSERT INTO likes (like_id, liked_id, like_date) VALUES ("472","270","2017-09-29 17:50:23");
INSERT INTO likes (like_id, liked_id, like_date) VALUES ("274","270","2017-11-14 04:38:50");
INSERT INTO likes (like_id, liked_id, like_date) VALUES ("249","270","2017-08-13 16:17:33");
INSERT INTO likes (like_id, liked_id, like_date) VALUES ("49","270","2017-07-13 08:46:53");
INSERT INTO likes (like_id, liked_id, like_date) VALUES ("363","270","2017-03-25 20:35:53");
INSERT INTO likes (like_id, liked_id, like_date) VALUES ("201","270","2017-10-20 17:26:48");
INSERT INTO likes (like_id, liked_id, like_date) VALUES ("30","270","2017-05-11 02:12:37");
INSERT INTO likes (like_id, liked_id, like_date) VALUES ("45","270","2017-03-05 01:25:29");
INSERT INTO likes (like_id, liked_id, like_date) VALUES ("231","270","2017-08-25 15:22:33");
INSERT INTO likes (like_id, liked_id, like_date) VALUES ("10","270","2017-07-05 09:19:38");
INSERT INTO likes (like_id, liked_id, like_date) VALUES ("474","270","2017-08-31 00:29:09");
INSERT INTO views (viewer_id, viewed_id, view_date) VALUES ("296","270","2017-03-24 13:39:25");
INSERT INTO views (viewer_id, viewed_id, view_date) VALUES ("427","270","2017-10-24 21:28:12");
INSERT INTO views (viewer_id, viewed_id, view_date) VALUES ("117","270","2017-07-22 01:22:34");
INSERT INTO views (viewer_id, viewed_id, view_date) VALUES ("11","270","2017-06-09 14:28:59");
INSERT INTO views (viewer_id, viewed_id, view_date) VALUES ("479","270","2017-06-04 08:56:45");
INSERT INTO views (viewer_id, viewed_id, view_date) VALUES ("136","270","2017-11-19 14:33:15");
INSERT INTO views (viewer_id, viewed_id, view_date) VALUES ("108","270","2017-10-30 16:40:12");
INSERT INTO views (viewer_id, viewed_id, view_date) VALUES ("391","270","2018-01-16 05:11:48");
INSERT INTO views (viewer_id, viewed_id, view_date) VALUES ("497","270","2017-06-03 12:54:11");
INSERT INTO views (viewer_id, viewed_id, view_date) VALUES ("370","270","2017-04-06 13:32:38");
INSERT INTO views (viewer_id, viewed_id, view_date) VALUES ("358","270","2017-07-23 10:48:55");
INSERT INTO views (viewer_id, viewed_id, view_date) VALUES ("426","270","2017-03-22 16:07:29");
INSERT INTO views (viewer_id, viewed_id, view_date) VALUES ("201","270","2017-08-26 02:31:47");
INSERT INTO views (viewer_id, viewed_id, view_date) VALUES ("57","270","2017-05-30 04:12:45");
INSERT INTO views (viewer_id, viewed_id, view_date) VALUES ("342","270","2017-03-29 06:51:58");
INSERT INTO views (viewer_id, viewed_id, view_date) VALUES ("20","270","2017-05-08 12:52:02");
INSERT INTO views (viewer_id, viewed_id, view_date) VALUES ("424","270","2017-08-30 10:28:57");
INSERT INTO views (viewer_id, viewed_id, view_date) VALUES ("315","270","2018-01-28 22:21:37");
INSERT INTO views (viewer_id, viewed_id, view_date) VALUES ("394","270","2017-07-09 20:28:59");
INSERT INTO views (viewer_id, viewed_id, view_date) VALUES ("42","270","2017-06-07 08:31:46");
INSERT INTO views (viewer_id, viewed_id, view_date) VALUES ("309","270","2017-09-10 12:26:50");
INSERT INTO views (viewer_id, viewed_id, view_date) VALUES ("43","270","2017-04-25 11:17:30");
INSERT INTO views (viewer_id, viewed_id, view_date) VALUES ("249","270","2018-01-07 20:12:55");
INSERT INTO views (viewer_id, viewed_id, view_date) VALUES ("365","270","2017-08-12 16:05:38");


INSERT INTO user (id, first_name, last_name, username, email, password, birthdate, gender, orientation, bio, country, state, city, zip, file_1, file_2, file_3, file_4, file_5, score, token, token_date, active, register, created_at, updated_at) VALUES ("271","Lysanne","Davis","margarettaprice","geovany48@murphy.com","$2y$10$5MMaXaiw.OHpSMvyOFIZvuG3.6IXWTHFLHgkhuYM9.zoqveiS2DVa","1970-01-29 07:22:26","1","1","Nihil facere ullam aperiam rerum esse repellat. Eius reprehenderit impedit minima fugiat accusamus voluptate earum. Quos enim dolorem neque ut numquam eligendi. Quibusdam eveniet impedit porro magnam sit. Enim necessitatibus rem atque eum.","India","","Rebekaville","64947-0742","../fixtures/male8.jpg","../fixtures/male10.jpg","../fixtures/male9.jpg","","","71","2461bc1ece9455016c4eea16ca83cbbf","1976-04-24 14:41:17","0","0","1972-11-04 18:14:01","1980-11-06 08:36:08");
INSERT INTO user_tag (user_id, tag_id) VALUES ("271","11");
INSERT INTO user_tag (user_id, tag_id) VALUES ("271","3");
INSERT INTO user_tag (user_id, tag_id) VALUES ("271","35");
INSERT INTO user_tag (user_id, tag_id) VALUES ("271","41");
INSERT INTO user_tag (user_id, tag_id) VALUES ("271","42");
INSERT INTO user_tag (user_id, tag_id) VALUES ("271","7");
INSERT INTO user_tag (user_id, tag_id) VALUES ("271","2");
INSERT INTO user_tag (user_id, tag_id) VALUES ("271","44");
INSERT INTO user_tag (user_id, tag_id) VALUES ("271","46");
INSERT INTO user_tag (user_id, tag_id) VALUES ("271","27");
INSERT INTO user_tag (user_id, tag_id) VALUES ("271","7");

INSERT INTO connected (user_id, connect_date) VALUES ("271","2017-06-19 00:14:54");
INSERT INTO likes (like_id, liked_id, like_date) VALUES ("376","271","2018-01-06 23:14:20");
INSERT INTO likes (like_id, liked_id, like_date) VALUES ("255","271","2017-05-14 06:03:50");
INSERT INTO likes (like_id, liked_id, like_date) VALUES ("378","271","2018-02-07 14:57:08");
INSERT INTO likes (like_id, liked_id, like_date) VALUES ("72","271","2017-08-21 23:55:01");
INSERT INTO views (viewer_id, viewed_id, view_date) VALUES ("495","271","2017-10-28 07:04:02");
INSERT INTO views (viewer_id, viewed_id, view_date) VALUES ("319","271","2017-09-11 05:21:28");
INSERT INTO views (viewer_id, viewed_id, view_date) VALUES ("278","271","2017-08-29 13:32:07");
INSERT INTO views (viewer_id, viewed_id, view_date) VALUES ("212","271","2017-07-18 18:53:30");
INSERT INTO views (viewer_id, viewed_id, view_date) VALUES ("457","271","2017-06-03 10:05:57");
INSERT INTO views (viewer_id, viewed_id, view_date) VALUES ("390","271","2017-08-05 04:24:04");
INSERT INTO views (viewer_id, viewed_id, view_date) VALUES ("352","271","2017-12-25 06:39:35");
INSERT INTO views (viewer_id, viewed_id, view_date) VALUES ("35","271","2017-07-24 10:26:32");
INSERT INTO views (viewer_id, viewed_id, view_date) VALUES ("102","271","2017-12-31 17:49:37");
INSERT INTO views (viewer_id, viewed_id, view_date) VALUES ("293","271","2018-01-17 05:44:12");
INSERT INTO views (viewer_id, viewed_id, view_date) VALUES ("362","271","2017-04-02 17:54:00");
INSERT INTO views (viewer_id, viewed_id, view_date) VALUES ("355","271","2017-11-10 10:36:00");
INSERT INTO views (viewer_id, viewed_id, view_date) VALUES ("352","271","2017-05-30 22:06:45");
INSERT INTO views (viewer_id, viewed_id, view_date) VALUES ("292","271","2017-04-25 23:52:54");


INSERT INTO user (id, first_name, last_name, username, email, password, birthdate, gender, orientation, bio, country, state, city, zip, file_1, file_2, file_3, file_4, file_5, score, token, token_date, active, register, created_at, updated_at) VALUES ("272","Rocio","Robel","qbins","drake51@howe.net","$2y$10$wQ5XdmS1S93WNRnRvtUx0eJlvN9dIupdXzgl.pNNdKBLHmrUKTPmK","1988-08-16 10:28:33","1","2","Consequatur tempora voluptatem et voluptates. In et est perferendis. Ea neque vel deserunt.","Mauritania","","North Edythe","83110","../fixtures/male1.jpg","../fixtures/male9.jpg","../fixtures/male4.jpg","../fixtures/male1.jpg","../fixtures/male10.jpg","70","db40a2f063b5f9b099532a47865fd9c4","1972-01-16 18:58:15","1","0","1980-06-05 10:11:41","2004-05-11 12:07:55");
INSERT INTO user_tag (user_id, tag_id) VALUES ("272","19");
INSERT INTO user_tag (user_id, tag_id) VALUES ("272","41");
INSERT INTO user_tag (user_id, tag_id) VALUES ("272","36");
INSERT INTO user_tag (user_id, tag_id) VALUES ("272","42");

INSERT INTO connected (user_id, connect_date) VALUES ("272","2018-02-06 07:31:54");
INSERT INTO likes (like_id, liked_id, like_date) VALUES ("388","272","2017-10-27 10:02:55");
INSERT INTO likes (like_id, liked_id, like_date) VALUES ("400","272","2017-12-12 13:31:31");
INSERT INTO likes (like_id, liked_id, like_date) VALUES ("331","272","2017-10-04 21:00:57");
INSERT INTO likes (like_id, liked_id, like_date) VALUES ("358","272","2017-11-07 12:43:44");
INSERT INTO likes (like_id, liked_id, like_date) VALUES ("404","272","2017-07-25 15:40:34");
INSERT INTO likes (like_id, liked_id, like_date) VALUES ("218","272","2017-08-12 23:23:57");
INSERT INTO likes (like_id, liked_id, like_date) VALUES ("300","272","2017-03-09 20:34:11");
INSERT INTO likes (like_id, liked_id, like_date) VALUES ("6","272","2017-08-24 06:17:27");
INSERT INTO views (viewer_id, viewed_id, view_date) VALUES ("156","272","2017-04-28 07:42:51");
INSERT INTO views (viewer_id, viewed_id, view_date) VALUES ("374","272","2017-08-19 13:27:29");
INSERT INTO views (viewer_id, viewed_id, view_date) VALUES ("40","272","2017-04-13 01:10:23");
INSERT INTO views (viewer_id, viewed_id, view_date) VALUES ("287","272","2017-03-19 21:37:00");
INSERT INTO views (viewer_id, viewed_id, view_date) VALUES ("85","272","2018-01-17 14:02:10");
INSERT INTO views (viewer_id, viewed_id, view_date) VALUES ("277","272","2017-10-09 17:34:24");
INSERT INTO views (viewer_id, viewed_id, view_date) VALUES ("120","272","2018-01-28 16:27:34");
INSERT INTO views (viewer_id, viewed_id, view_date) VALUES ("300","272","2017-04-05 13:22:23");
INSERT INTO views (viewer_id, viewed_id, view_date) VALUES ("386","272","2017-11-03 18:58:57");
INSERT INTO views (viewer_id, viewed_id, view_date) VALUES ("68","272","2017-07-02 08:18:37");
INSERT INTO views (viewer_id, viewed_id, view_date) VALUES ("41","272","2017-08-06 03:03:28");
INSERT INTO views (viewer_id, viewed_id, view_date) VALUES ("9","272","2017-07-24 14:50:09");
INSERT INTO views (viewer_id, viewed_id, view_date) VALUES ("44","272","2017-07-11 16:00:43");
INSERT INTO views (viewer_id, viewed_id, view_date) VALUES ("499","272","2017-02-18 16:21:43");
INSERT INTO views (viewer_id, viewed_id, view_date) VALUES ("119","272","2017-05-23 09:55:26");
INSERT INTO views (viewer_id, viewed_id, view_date) VALUES ("165","272","2017-08-08 16:42:25");
INSERT INTO views (viewer_id, viewed_id, view_date) VALUES ("204","272","2017-11-26 20:26:05");


INSERT INTO user (id, first_name, last_name, username, email, password, birthdate, gender, orientation, bio, country, state, city, zip, file_1, file_2, file_3, file_4, file_5, score, token, token_date, active, register, created_at, updated_at) VALUES ("273","Sienna","Hyatt","cordell56","crona.bradley@swaniawski.com","$2y$10$WZVBru.J8vUPKM9qsEep1edc/6rUvpVvHA.nTTf3hxPj73QqLDeZ.","1980-08-02 07:03:01","2","2","Suscipit animi et voluptatibus omnis illo. Veritatis quas numquam neque ut ex perferendis.","New Zealand","","New Miracle","79128-3444","../fixtures/female8.jpg","","","","","45","9c802fd8a3e4214a8367baa8a9a39838","1991-08-20 00:07:35","1","1","2000-01-20 08:35:30","1986-07-05 06:28:34");
INSERT INTO user_tag (user_id, tag_id) VALUES ("273","21");

INSERT INTO connected (user_id, connect_date) VALUES ("273","2017-11-04 15:42:47");
INSERT INTO likes (like_id, liked_id, like_date) VALUES ("311","273","2017-05-30 15:42:41");
INSERT INTO views (viewer_id, viewed_id, view_date) VALUES ("302","273","2017-11-03 17:39:41");
INSERT INTO views (viewer_id, viewed_id, view_date) VALUES ("473","273","2017-10-15 22:38:12");
INSERT INTO views (viewer_id, viewed_id, view_date) VALUES ("244","273","2017-04-02 19:04:37");
INSERT INTO views (viewer_id, viewed_id, view_date) VALUES ("354","273","2017-07-22 13:24:05");
INSERT INTO views (viewer_id, viewed_id, view_date) VALUES ("211","273","2017-12-19 13:02:59");
INSERT INTO views (viewer_id, viewed_id, view_date) VALUES ("171","273","2017-09-09 20:30:35");
INSERT INTO views (viewer_id, viewed_id, view_date) VALUES ("365","273","2017-04-25 11:40:45");
INSERT INTO views (viewer_id, viewed_id, view_date) VALUES ("22","273","2017-11-24 07:00:31");
INSERT INTO views (viewer_id, viewed_id, view_date) VALUES ("473","273","2017-09-18 16:30:46");
INSERT INTO views (viewer_id, viewed_id, view_date) VALUES ("439","273","2017-10-29 02:40:42");
INSERT INTO views (viewer_id, viewed_id, view_date) VALUES ("189","273","2017-06-10 13:54:13");
INSERT INTO views (viewer_id, viewed_id, view_date) VALUES ("46","273","2017-04-07 13:28:21");
INSERT INTO views (viewer_id, viewed_id, view_date) VALUES ("403","273","2018-02-13 13:53:58");
INSERT INTO views (viewer_id, viewed_id, view_date) VALUES ("459","273","2017-03-26 06:31:32");
INSERT INTO views (viewer_id, viewed_id, view_date) VALUES ("227","273","2017-09-04 10:50:46");
INSERT INTO views (viewer_id, viewed_id, view_date) VALUES ("142","273","2017-08-26 06:20:36");
INSERT INTO views (viewer_id, viewed_id, view_date) VALUES ("49","273","2017-06-08 09:59:21");
INSERT INTO views (viewer_id, viewed_id, view_date) VALUES ("354","273","2017-10-14 20:27:18");


INSERT INTO user (id, first_name, last_name, username, email, password, birthdate, gender, orientation, bio, country, state, city, zip, file_1, file_2, file_3, file_4, file_5, score, token, token_date, active, register, created_at, updated_at) VALUES ("274","Chyna","Grimes","cassandra29","lehner.meda@yahoo.com","$2y$10$Cqg5eJeoa9UWk2KXxEeKj.uS3jpp37/mNN.zJkZR7uRC6hf9t28RK","1989-08-24 23:23:00","1","1","Voluptatem sed qui et totam laboriosam sit sit. Numquam aut qui quibusdam.","Morocco","","Marcelville","22036-7920","../fixtures/male1.jpg","../fixtures/male1.jpg","../fixtures/male4.jpg","../fixtures/male4.jpg","../fixtures/male7.jpg","52","f7f83383aef2922e4165b996cda5ec0a","2002-03-13 17:20:36","1","0","2009-05-01 06:30:08","1994-03-23 17:00:02");
INSERT INTO user_tag (user_id, tag_id) VALUES ("274","42");
INSERT INTO user_tag (user_id, tag_id) VALUES ("274","19");
INSERT INTO user_tag (user_id, tag_id) VALUES ("274","47");
INSERT INTO user_tag (user_id, tag_id) VALUES ("274","31");
INSERT INTO user_tag (user_id, tag_id) VALUES ("274","38");
INSERT INTO user_tag (user_id, tag_id) VALUES ("274","2");
INSERT INTO user_tag (user_id, tag_id) VALUES ("274","30");
INSERT INTO user_tag (user_id, tag_id) VALUES ("274","49");
INSERT INTO user_tag (user_id, tag_id) VALUES ("274","50");
INSERT INTO user_tag (user_id, tag_id) VALUES ("274","35");

INSERT INTO connected (user_id, connect_date) VALUES ("274","2017-07-26 08:17:40");
INSERT INTO likes (like_id, liked_id, like_date) VALUES ("279","274","2017-04-10 13:01:41");
INSERT INTO likes (like_id, liked_id, like_date) VALUES ("47","274","2017-04-09 11:47:42");
INSERT INTO likes (like_id, liked_id, like_date) VALUES ("30","274","2017-10-14 19:51:31");
INSERT INTO likes (like_id, liked_id, like_date) VALUES ("306","274","2017-05-28 08:07:45");
INSERT INTO likes (like_id, liked_id, like_date) VALUES ("495","274","2017-07-01 22:55:44");
INSERT INTO likes (like_id, liked_id, like_date) VALUES ("341","274","2017-09-26 19:13:53");
INSERT INTO likes (like_id, liked_id, like_date) VALUES ("97","274","2017-09-15 15:26:47");
INSERT INTO likes (like_id, liked_id, like_date) VALUES ("351","274","2017-05-31 17:32:33");
INSERT INTO likes (like_id, liked_id, like_date) VALUES ("96","274","2017-08-15 14:41:02");
INSERT INTO likes (like_id, liked_id, like_date) VALUES ("150","274","2017-08-08 13:41:41");
INSERT INTO likes (like_id, liked_id, like_date) VALUES ("188","274","2017-10-23 02:15:27");
INSERT INTO likes (like_id, liked_id, like_date) VALUES ("311","274","2017-02-21 23:57:40");
INSERT INTO likes (like_id, liked_id, like_date) VALUES ("295","274","2018-01-02 12:01:24");
INSERT INTO likes (like_id, liked_id, like_date) VALUES ("100","274","2017-12-23 02:17:11");
INSERT INTO views (viewer_id, viewed_id, view_date) VALUES ("280","274","2017-03-03 16:55:44");
INSERT INTO views (viewer_id, viewed_id, view_date) VALUES ("10","274","2017-09-07 14:01:41");
INSERT INTO views (viewer_id, viewed_id, view_date) VALUES ("289","274","2017-11-28 15:26:02");
INSERT INTO views (viewer_id, viewed_id, view_date) VALUES ("463","274","2017-05-15 12:39:44");
INSERT INTO views (viewer_id, viewed_id, view_date) VALUES ("228","274","2017-06-17 04:24:55");
INSERT INTO views (viewer_id, viewed_id, view_date) VALUES ("85","274","2017-11-29 16:52:39");
INSERT INTO views (viewer_id, viewed_id, view_date) VALUES ("211","274","2017-07-22 20:19:27");
INSERT INTO views (viewer_id, viewed_id, view_date) VALUES ("499","274","2017-11-24 23:45:22");
INSERT INTO views (viewer_id, viewed_id, view_date) VALUES ("264","274","2017-11-20 05:46:09");
INSERT INTO views (viewer_id, viewed_id, view_date) VALUES ("312","274","2017-07-23 13:05:37");
INSERT INTO views (viewer_id, viewed_id, view_date) VALUES ("242","274","2018-01-19 03:13:33");
INSERT INTO views (viewer_id, viewed_id, view_date) VALUES ("380","274","2017-12-22 17:48:23");
INSERT INTO views (viewer_id, viewed_id, view_date) VALUES ("279","274","2017-07-12 12:18:31");
INSERT INTO views (viewer_id, viewed_id, view_date) VALUES ("42","274","2017-09-22 12:30:04");
INSERT INTO views (viewer_id, viewed_id, view_date) VALUES ("403","274","2018-01-22 12:43:41");
INSERT INTO views (viewer_id, viewed_id, view_date) VALUES ("497","274","2017-07-07 08:09:15");
INSERT INTO views (viewer_id, viewed_id, view_date) VALUES ("31","274","2017-03-05 18:37:10");
INSERT INTO views (viewer_id, viewed_id, view_date) VALUES ("475","274","2017-07-16 06:57:43");
INSERT INTO views (viewer_id, viewed_id, view_date) VALUES ("459","274","2017-03-27 15:39:30");
INSERT INTO views (viewer_id, viewed_id, view_date) VALUES ("498","274","2018-01-30 10:55:54");


INSERT INTO user (id, first_name, last_name, username, email, password, birthdate, gender, orientation, bio, country, state, city, zip, file_1, file_2, file_3, file_4, file_5, score, token, token_date, active, register, created_at, updated_at) VALUES ("275","Ricky","Larkin","theresehoppe","megane87@hotmail.com","$2y$10$fdFgn4GUc0YcKYnTJErR8uzchiO1NberGL/Q6nETwjNhmmdV.8AYS","1955-10-21 00:10:31","2","2","Iste perferendis consequatur suscipit sed aut voluptate et. Dolorum eaque sit sint est quia esse quae necessitatibus. Eos consequatur aut eaque maiores maxime assumenda. Et ipsum et qui.","Haiti","","East Shemar","95666","../fixtures/female8.jpg","../fixtures/female8.jpg","","","","98","8cd668d1bc87e3abbcffe0c997e18382","2005-12-20 11:17:24","0","0","1974-06-22 04:43:51","1987-09-16 08:25:31");
INSERT INTO user_tag (user_id, tag_id) VALUES ("275","12");
INSERT INTO user_tag (user_id, tag_id) VALUES ("275","36");
INSERT INTO user_tag (user_id, tag_id) VALUES ("275","48");
INSERT INTO user_tag (user_id, tag_id) VALUES ("275","27");
INSERT INTO user_tag (user_id, tag_id) VALUES ("275","3");
INSERT INTO user_tag (user_id, tag_id) VALUES ("275","28");
INSERT INTO user_tag (user_id, tag_id) VALUES ("275","37");
INSERT INTO user_tag (user_id, tag_id) VALUES ("275","40");
INSERT INTO user_tag (user_id, tag_id) VALUES ("275","43");
INSERT INTO user_tag (user_id, tag_id) VALUES ("275","45");
INSERT INTO user_tag (user_id, tag_id) VALUES ("275","32");
INSERT INTO user_tag (user_id, tag_id) VALUES ("275","40");
INSERT INTO user_tag (user_id, tag_id) VALUES ("275","1");
INSERT INTO user_tag (user_id, tag_id) VALUES ("275","26");

INSERT INTO connected (user_id, connect_date) VALUES ("275","2017-07-14 00:34:18");
INSERT INTO likes (like_id, liked_id, like_date) VALUES ("470","275","2017-05-31 10:19:19");
INSERT INTO likes (like_id, liked_id, like_date) VALUES ("250","275","2018-02-08 18:26:14");
INSERT INTO likes (like_id, liked_id, like_date) VALUES ("162","275","2018-01-01 20:14:01");
INSERT INTO likes (like_id, liked_id, like_date) VALUES ("85","275","2017-08-18 19:51:42");
INSERT INTO likes (like_id, liked_id, like_date) VALUES ("333","275","2017-11-09 11:07:14");
INSERT INTO likes (like_id, liked_id, like_date) VALUES ("9","275","2017-11-16 04:19:15");
INSERT INTO views (viewer_id, viewed_id, view_date) VALUES ("92","275","2017-11-22 06:43:07");
INSERT INTO views (viewer_id, viewed_id, view_date) VALUES ("178","275","2017-03-12 17:48:54");
INSERT INTO views (viewer_id, viewed_id, view_date) VALUES ("265","275","2017-02-26 05:39:40");
INSERT INTO views (viewer_id, viewed_id, view_date) VALUES ("293","275","2017-12-26 03:01:49");
INSERT INTO views (viewer_id, viewed_id, view_date) VALUES ("127","275","2017-04-30 15:32:44");
INSERT INTO views (viewer_id, viewed_id, view_date) VALUES ("357","275","2017-12-21 23:19:03");
INSERT INTO views (viewer_id, viewed_id, view_date) VALUES ("424","275","2017-08-12 09:10:25");
INSERT INTO views (viewer_id, viewed_id, view_date) VALUES ("41","275","2018-01-16 18:55:35");
INSERT INTO views (viewer_id, viewed_id, view_date) VALUES ("305","275","2017-06-10 07:10:14");
INSERT INTO views (viewer_id, viewed_id, view_date) VALUES ("115","275","2017-05-18 13:05:32");
INSERT INTO views (viewer_id, viewed_id, view_date) VALUES ("50","275","2017-08-13 07:54:22");
INSERT INTO views (viewer_id, viewed_id, view_date) VALUES ("188","275","2017-10-19 10:21:25");
INSERT INTO views (viewer_id, viewed_id, view_date) VALUES ("315","275","2017-10-19 20:33:58");
INSERT INTO views (viewer_id, viewed_id, view_date) VALUES ("468","275","2017-04-20 06:09:34");
INSERT INTO views (viewer_id, viewed_id, view_date) VALUES ("9","275","2018-01-01 23:01:25");
INSERT INTO views (viewer_id, viewed_id, view_date) VALUES ("428","275","2017-02-23 17:59:29");
INSERT INTO views (viewer_id, viewed_id, view_date) VALUES ("17","275","2017-03-08 18:43:19");


INSERT INTO user (id, first_name, last_name, username, email, password, birthdate, gender, orientation, bio, country, state, city, zip, file_1, file_2, file_3, file_4, file_5, score, token, token_date, active, register, created_at, updated_at) VALUES ("276","Bobbie","Koss","cristalbechtelar","ebert.virginia@kuhn.net","$2y$10$Ga2ABOnt0SU2ZgslZF7EcuLnQWHkQVqOk11vZs1oAqcmKSzJER/BS","1989-08-29 08:36:55","1","1","Ea eos occaecati amet. Commodi ea sit perferendis voluptatem expedita. Tempore eaque non non repellendus hic porro ut. Fuga qui autem doloremque odio blanditiis in.","Sri Lanka","","Bethanystad","78376-8174","../fixtures/male9.jpg","../fixtures/male3.jpg","","","","83","164c62ad1645dd7f956da53cdf68254a","1983-10-19 19:18:34","0","0","1970-11-21 18:49:58","1993-12-10 18:32:53");
INSERT INTO user_tag (user_id, tag_id) VALUES ("276","17");
INSERT INTO user_tag (user_id, tag_id) VALUES ("276","37");
INSERT INTO user_tag (user_id, tag_id) VALUES ("276","11");
INSERT INTO user_tag (user_id, tag_id) VALUES ("276","33");
INSERT INTO user_tag (user_id, tag_id) VALUES ("276","5");
INSERT INTO user_tag (user_id, tag_id) VALUES ("276","28");
INSERT INTO user_tag (user_id, tag_id) VALUES ("276","31");
INSERT INTO user_tag (user_id, tag_id) VALUES ("276","38");

INSERT INTO connected (user_id, connect_date) VALUES ("276","2017-04-06 06:24:33");
INSERT INTO likes (like_id, liked_id, like_date) VALUES ("5","276","2018-01-01 00:26:12");
INSERT INTO likes (like_id, liked_id, like_date) VALUES ("297","276","2017-08-23 14:55:41");
INSERT INTO likes (like_id, liked_id, like_date) VALUES ("364","276","2017-12-27 19:36:39");
INSERT INTO likes (like_id, liked_id, like_date) VALUES ("427","276","2017-05-01 18:07:18");
INSERT INTO likes (like_id, liked_id, like_date) VALUES ("294","276","2017-10-18 01:54:53");
INSERT INTO likes (like_id, liked_id, like_date) VALUES ("333","276","2017-10-28 05:49:37");
INSERT INTO likes (like_id, liked_id, like_date) VALUES ("18","276","2017-12-02 15:09:00");
INSERT INTO likes (like_id, liked_id, like_date) VALUES ("362","276","2018-01-19 14:47:14");
INSERT INTO likes (like_id, liked_id, like_date) VALUES ("471","276","2017-10-08 23:36:56");
INSERT INTO likes (like_id, liked_id, like_date) VALUES ("40","276","2017-04-19 02:21:44");
INSERT INTO likes (like_id, liked_id, like_date) VALUES ("490","276","2018-01-13 13:53:15");
INSERT INTO likes (like_id, liked_id, like_date) VALUES ("89","276","2017-10-11 10:34:33");
INSERT INTO likes (like_id, liked_id, like_date) VALUES ("456","276","2017-08-24 07:32:35");
INSERT INTO likes (like_id, liked_id, like_date) VALUES ("248","276","2017-06-21 11:29:24");
INSERT INTO views (viewer_id, viewed_id, view_date) VALUES ("34","276","2017-03-16 18:05:08");
INSERT INTO views (viewer_id, viewed_id, view_date) VALUES ("448","276","2017-04-14 00:24:13");
INSERT INTO views (viewer_id, viewed_id, view_date) VALUES ("272","276","2017-08-08 08:36:46");
INSERT INTO views (viewer_id, viewed_id, view_date) VALUES ("165","276","2018-01-02 00:49:02");
INSERT INTO views (viewer_id, viewed_id, view_date) VALUES ("193","276","2017-06-07 00:13:12");
INSERT INTO views (viewer_id, viewed_id, view_date) VALUES ("15","276","2017-06-03 09:09:15");
INSERT INTO views (viewer_id, viewed_id, view_date) VALUES ("247","276","2017-10-21 22:54:31");
INSERT INTO views (viewer_id, viewed_id, view_date) VALUES ("347","276","2017-11-28 18:35:40");
INSERT INTO views (viewer_id, viewed_id, view_date) VALUES ("334","276","2017-11-27 20:10:14");
INSERT INTO views (viewer_id, viewed_id, view_date) VALUES ("432","276","2017-11-22 15:29:55");
INSERT INTO views (viewer_id, viewed_id, view_date) VALUES ("386","276","2017-10-03 04:33:34");
INSERT INTO views (viewer_id, viewed_id, view_date) VALUES ("132","276","2017-09-07 14:33:10");
INSERT INTO views (viewer_id, viewed_id, view_date) VALUES ("51","276","2017-11-21 13:06:21");
INSERT INTO views (viewer_id, viewed_id, view_date) VALUES ("186","276","2017-09-02 00:23:25");
INSERT INTO views (viewer_id, viewed_id, view_date) VALUES ("139","276","2017-05-14 04:06:36");
INSERT INTO views (viewer_id, viewed_id, view_date) VALUES ("265","276","2017-10-23 23:04:22");
INSERT INTO views (viewer_id, viewed_id, view_date) VALUES ("75","276","2017-04-23 23:50:09");
INSERT INTO views (viewer_id, viewed_id, view_date) VALUES ("225","276","2018-02-10 03:09:07");
INSERT INTO views (viewer_id, viewed_id, view_date) VALUES ("444","276","2017-11-01 21:44:42");
INSERT INTO views (viewer_id, viewed_id, view_date) VALUES ("429","276","2017-04-09 00:00:55");


INSERT INTO user (id, first_name, last_name, username, email, password, birthdate, gender, orientation, bio, country, state, city, zip, file_1, file_2, file_3, file_4, file_5, score, token, token_date, active, register, created_at, updated_at) VALUES ("277","Joana","Feest","olin24","hailie.swift@yahoo.com","$2y$10$liqc33tVe2XVjr0Ln4wjuOnyR5JnHYMCZ4ys6TQGBvOBZZo7LJhCm","1984-02-15 04:16:14","2","2","Magnam atque qui et libero quia similique. Ullam eum voluptatem nisi minus sit tempore.","India","","Millerstad","60184-4711","../fixtures/female6.jpg","../fixtures/female1.jpg","","","","36","25bbdefca84625cc506173698b9f7d33","2012-04-04 18:13:09","0","0","1986-05-08 17:44:58","2014-09-01 01:11:00");
INSERT INTO user_tag (user_id, tag_id) VALUES ("277","12");
INSERT INTO user_tag (user_id, tag_id) VALUES ("277","39");

INSERT INTO connected (user_id, connect_date) VALUES ("277","2017-02-26 09:02:56");
INSERT INTO likes (like_id, liked_id, like_date) VALUES ("445","277","2017-12-22 14:10:04");
INSERT INTO likes (like_id, liked_id, like_date) VALUES ("123","277","2017-11-07 03:52:12");
INSERT INTO likes (like_id, liked_id, like_date) VALUES ("55","277","2017-03-20 21:34:05");
INSERT INTO views (viewer_id, viewed_id, view_date) VALUES ("314","277","2017-12-26 02:29:00");
INSERT INTO views (viewer_id, viewed_id, view_date) VALUES ("360","277","2017-05-12 00:32:04");
INSERT INTO views (viewer_id, viewed_id, view_date) VALUES ("251","277","2017-03-05 10:56:41");
INSERT INTO views (viewer_id, viewed_id, view_date) VALUES ("470","277","2018-01-12 15:46:57");
INSERT INTO views (viewer_id, viewed_id, view_date) VALUES ("241","277","2017-06-22 23:21:17");
INSERT INTO views (viewer_id, viewed_id, view_date) VALUES ("184","277","2018-02-12 02:28:30");
INSERT INTO views (viewer_id, viewed_id, view_date) VALUES ("382","277","2017-12-29 23:57:17");
INSERT INTO views (viewer_id, viewed_id, view_date) VALUES ("441","277","2017-02-16 12:13:02");
INSERT INTO views (viewer_id, viewed_id, view_date) VALUES ("471","277","2017-10-25 21:43:07");
INSERT INTO views (viewer_id, viewed_id, view_date) VALUES ("331","277","2018-02-07 03:57:26");
INSERT INTO views (viewer_id, viewed_id, view_date) VALUES ("112","277","2017-04-29 00:11:29");
INSERT INTO views (viewer_id, viewed_id, view_date) VALUES ("77","277","2018-02-03 18:39:18");
INSERT INTO views (viewer_id, viewed_id, view_date) VALUES ("498","277","2017-06-07 12:30:27");
INSERT INTO views (viewer_id, viewed_id, view_date) VALUES ("428","277","2017-02-24 04:39:49");
INSERT INTO views (viewer_id, viewed_id, view_date) VALUES ("366","277","2017-02-24 17:23:19");
INSERT INTO views (viewer_id, viewed_id, view_date) VALUES ("105","277","2017-04-25 22:06:19");
INSERT INTO views (viewer_id, viewed_id, view_date) VALUES ("493","277","2017-11-21 06:43:25");
INSERT INTO views (viewer_id, viewed_id, view_date) VALUES ("272","277","2017-08-17 10:56:25");
INSERT INTO views (viewer_id, viewed_id, view_date) VALUES ("358","277","2017-03-27 08:00:30");
INSERT INTO views (viewer_id, viewed_id, view_date) VALUES ("207","277","2017-10-19 06:03:21");
INSERT INTO views (viewer_id, viewed_id, view_date) VALUES ("477","277","2017-12-07 12:42:33");
INSERT INTO views (viewer_id, viewed_id, view_date) VALUES ("14","277","2017-10-12 04:29:53");
INSERT INTO views (viewer_id, viewed_id, view_date) VALUES ("386","277","2017-08-15 03:33:21");
INSERT INTO views (viewer_id, viewed_id, view_date) VALUES ("179","277","2017-05-08 20:41:14");
INSERT INTO views (viewer_id, viewed_id, view_date) VALUES ("395","277","2017-08-29 14:15:54");
INSERT INTO views (viewer_id, viewed_id, view_date) VALUES ("214","277","2017-05-04 20:10:01");
INSERT INTO views (viewer_id, viewed_id, view_date) VALUES ("491","277","2017-05-29 03:06:52");
INSERT INTO views (viewer_id, viewed_id, view_date) VALUES ("18","277","2017-06-24 16:48:35");
INSERT INTO views (viewer_id, viewed_id, view_date) VALUES ("30","277","2017-10-24 04:30:42");
INSERT INTO views (viewer_id, viewed_id, view_date) VALUES ("447","277","2018-01-07 10:10:14");
INSERT INTO views (viewer_id, viewed_id, view_date) VALUES ("430","277","2017-08-15 15:06:23");
INSERT INTO views (viewer_id, viewed_id, view_date) VALUES ("120","277","2017-11-03 09:07:39");
INSERT INTO views (viewer_id, viewed_id, view_date) VALUES ("32","277","2017-11-04 11:42:38");
INSERT INTO views (viewer_id, viewed_id, view_date) VALUES ("468","277","2017-10-25 19:34:36");
INSERT INTO views (viewer_id, viewed_id, view_date) VALUES ("42","277","2018-01-16 10:07:43");


INSERT INTO user (id, first_name, last_name, username, email, password, birthdate, gender, orientation, bio, country, state, city, zip, file_1, file_2, file_3, file_4, file_5, score, token, token_date, active, register, created_at, updated_at) VALUES ("278","Kaden","Wilderman","framievie","aschaefer@gmail.com","$2y$10$75eNKOL5HZ2fTVxSEqcz9.2nY9QbQpCUZI7YpCd1sQ5xX1seRnLYa","1979-09-16 14:02:08","2","1","Distinctio dolores nesciunt eligendi laudantium dolorum. Omnis doloremque eius atque velit.","Myanmar","","West Jordy","62906-0637","../fixtures/female5.jpg","../fixtures/female7.jpg","../fixtures/female10.jpg","../fixtures/female5.jpg","","60","5a1e5c8e3a5b9ed1950651382fa40806","2016-04-16 19:54:02","0","0","1978-04-14 10:57:13","1978-10-04 05:44:46");
INSERT INTO user_tag (user_id, tag_id) VALUES ("278","13");
INSERT INTO user_tag (user_id, tag_id) VALUES ("278","5");
INSERT INTO user_tag (user_id, tag_id) VALUES ("278","27");
INSERT INTO user_tag (user_id, tag_id) VALUES ("278","42");
INSERT INTO user_tag (user_id, tag_id) VALUES ("278","1");
INSERT INTO user_tag (user_id, tag_id) VALUES ("278","16");
INSERT INTO user_tag (user_id, tag_id) VALUES ("278","46");
INSERT INTO user_tag (user_id, tag_id) VALUES ("278","45");
INSERT INTO user_tag (user_id, tag_id) VALUES ("278","11");
INSERT INTO user_tag (user_id, tag_id) VALUES ("278","23");

INSERT INTO connected (user_id, connect_date) VALUES ("278","2017-04-22 13:17:30");
INSERT INTO likes (like_id, liked_id, like_date) VALUES ("405","278","2017-03-04 18:03:56");
INSERT INTO likes (like_id, liked_id, like_date) VALUES ("491","278","2017-04-13 13:21:57");
INSERT INTO likes (like_id, liked_id, like_date) VALUES ("246","278","2017-05-04 03:16:09");
INSERT INTO likes (like_id, liked_id, like_date) VALUES ("406","278","2017-10-10 08:53:32");
INSERT INTO likes (like_id, liked_id, like_date) VALUES ("400","278","2017-11-13 22:33:53");
INSERT INTO likes (like_id, liked_id, like_date) VALUES ("4","278","2017-11-20 02:18:42");
INSERT INTO likes (like_id, liked_id, like_date) VALUES ("5","278","2017-05-13 04:17:56");
INSERT INTO likes (like_id, liked_id, like_date) VALUES ("416","278","2018-01-08 15:14:26");
INSERT INTO likes (like_id, liked_id, like_date) VALUES ("325","278","2017-05-24 00:15:45");
INSERT INTO likes (like_id, liked_id, like_date) VALUES ("12","278","2018-01-03 03:01:20");
INSERT INTO likes (like_id, liked_id, like_date) VALUES ("239","278","2018-01-04 00:38:21");
INSERT INTO views (viewer_id, viewed_id, view_date) VALUES ("172","278","2017-10-20 10:17:41");
INSERT INTO views (viewer_id, viewed_id, view_date) VALUES ("91","278","2017-07-20 22:17:06");
INSERT INTO views (viewer_id, viewed_id, view_date) VALUES ("82","278","2017-06-11 03:23:37");
INSERT INTO views (viewer_id, viewed_id, view_date) VALUES ("80","278","2017-05-16 03:50:01");
INSERT INTO views (viewer_id, viewed_id, view_date) VALUES ("199","278","2017-10-23 01:22:39");
INSERT INTO views (viewer_id, viewed_id, view_date) VALUES ("406","278","2017-10-02 17:28:00");
INSERT INTO views (viewer_id, viewed_id, view_date) VALUES ("396","278","2017-02-16 04:59:48");
INSERT INTO views (viewer_id, viewed_id, view_date) VALUES ("322","278","2017-07-25 03:54:36");
INSERT INTO views (viewer_id, viewed_id, view_date) VALUES ("33","278","2017-06-10 09:16:50");
INSERT INTO views (viewer_id, viewed_id, view_date) VALUES ("36","278","2017-10-15 08:11:57");
INSERT INTO views (viewer_id, viewed_id, view_date) VALUES ("446","278","2017-07-30 21:46:58");


INSERT INTO user (id, first_name, last_name, username, email, password, birthdate, gender, orientation, bio, country, state, city, zip, file_1, file_2, file_3, file_4, file_5, score, token, token_date, active, register, created_at, updated_at) VALUES ("279","Chaz","McClure","landen24","rhane@yahoo.com","$2y$10$IGEsGsnHsQ3p80jdbTFH3O/m0wOVCy.Sk7vjWgLJ1qoEjKQMhdikK","1982-11-06 02:52:29","1","1","Quidem tempore et sed tenetur aperiam dolorem quia atque. Qui velit sapiente mollitia. Sunt dolorem voluptatem quibusdam distinctio inventore doloribus accusamus voluptas.","Romania","","Shaneberg","21050","../fixtures/male3.jpg","../fixtures/male7.jpg","../fixtures/male6.jpg","../fixtures/male6.jpg","../fixtures/male5.jpg","81","33e01a43fd536e60d01ec394b38c5a79","1992-12-27 17:19:17","1","1","2003-12-15 15:46:49","1975-05-24 02:09:44");
INSERT INTO user_tag (user_id, tag_id) VALUES ("279","11");
INSERT INTO user_tag (user_id, tag_id) VALUES ("279","38");
INSERT INTO user_tag (user_id, tag_id) VALUES ("279","46");
INSERT INTO user_tag (user_id, tag_id) VALUES ("279","12");
INSERT INTO user_tag (user_id, tag_id) VALUES ("279","49");
INSERT INTO user_tag (user_id, tag_id) VALUES ("279","14");
INSERT INTO user_tag (user_id, tag_id) VALUES ("279","46");

INSERT INTO connected (user_id, connect_date) VALUES ("279","2017-08-13 11:41:02");
INSERT INTO likes (like_id, liked_id, like_date) VALUES ("352","279","2017-08-15 20:19:40");
INSERT INTO likes (like_id, liked_id, like_date) VALUES ("202","279","2018-01-11 04:11:03");
INSERT INTO likes (like_id, liked_id, like_date) VALUES ("443","279","2017-10-28 07:14:00");
INSERT INTO likes (like_id, liked_id, like_date) VALUES ("209","279","2017-09-21 11:34:02");
INSERT INTO likes (like_id, liked_id, like_date) VALUES ("222","279","2017-08-02 19:53:12");
INSERT INTO likes (like_id, liked_id, like_date) VALUES ("358","279","2017-10-28 23:28:52");
INSERT INTO likes (like_id, liked_id, like_date) VALUES ("143","279","2017-04-02 06:17:09");
INSERT INTO likes (like_id, liked_id, like_date) VALUES ("313","279","2017-11-30 15:37:15");
INSERT INTO views (viewer_id, viewed_id, view_date) VALUES ("146","279","2017-12-13 07:09:56");
INSERT INTO views (viewer_id, viewed_id, view_date) VALUES ("211","279","2017-06-16 18:00:22");


INSERT INTO user (id, first_name, last_name, username, email, password, birthdate, gender, orientation, bio, country, state, city, zip, file_1, file_2, file_3, file_4, file_5, score, token, token_date, active, register, created_at, updated_at) VALUES ("280","Alison","Welch","marcboehm","laury.becker@ferry.com","$2y$10$E/g92vVJ8WXXmqRXwF6EbeAAalMWyj2MTYm69OSDtcMWUhss69am6","1979-07-24 08:56:16","1","3","In et quos inventore corrupti. Sit perferendis aut corrupti quia ut. Nisi et sapiente minus vitae libero qui architecto.","Iran","","West Lonzobury","66117","../fixtures/male7.jpg","../fixtures/male1.jpg","../fixtures/male6.jpg","../fixtures/male9.jpg","","35","4889595db069da0a6d9dff80d5209d6c","1984-07-24 09:15:13","1","1","1987-04-14 13:27:46","1984-10-18 02:39:50");
INSERT INTO user_tag (user_id, tag_id) VALUES ("280","4");
INSERT INTO user_tag (user_id, tag_id) VALUES ("280","33");
INSERT INTO user_tag (user_id, tag_id) VALUES ("280","44");
INSERT INTO user_tag (user_id, tag_id) VALUES ("280","17");
INSERT INTO user_tag (user_id, tag_id) VALUES ("280","23");
INSERT INTO user_tag (user_id, tag_id) VALUES ("280","23");
INSERT INTO user_tag (user_id, tag_id) VALUES ("280","23");
INSERT INTO user_tag (user_id, tag_id) VALUES ("280","3");
INSERT INTO user_tag (user_id, tag_id) VALUES ("280","19");

INSERT INTO connected (user_id, connect_date) VALUES ("280","2017-10-10 22:13:28");
INSERT INTO likes (like_id, liked_id, like_date) VALUES ("400","280","2017-11-27 14:10:13");
INSERT INTO likes (like_id, liked_id, like_date) VALUES ("384","280","2017-05-03 09:45:20");
INSERT INTO likes (like_id, liked_id, like_date) VALUES ("36","280","2017-12-15 18:54:40");
INSERT INTO likes (like_id, liked_id, like_date) VALUES ("183","280","2017-04-21 09:29:41");
INSERT INTO likes (like_id, liked_id, like_date) VALUES ("241","280","2017-11-16 11:12:19");
INSERT INTO likes (like_id, liked_id, like_date) VALUES ("95","280","2017-12-05 07:46:24");
INSERT INTO likes (like_id, liked_id, like_date) VALUES ("105","280","2017-06-03 23:57:28");
INSERT INTO likes (like_id, liked_id, like_date) VALUES ("486","280","2017-10-04 19:48:01");
INSERT INTO likes (like_id, liked_id, like_date) VALUES ("176","280","2018-01-04 16:02:56");
INSERT INTO likes (like_id, liked_id, like_date) VALUES ("190","280","2017-05-07 20:54:33");
INSERT INTO likes (like_id, liked_id, like_date) VALUES ("411","280","2017-03-16 05:41:15");
INSERT INTO likes (like_id, liked_id, like_date) VALUES ("16","280","2017-05-03 05:33:51");
INSERT INTO likes (like_id, liked_id, like_date) VALUES ("494","280","2017-06-15 04:14:49");
INSERT INTO likes (like_id, liked_id, like_date) VALUES ("27","280","2017-04-22 14:49:31");
INSERT INTO views (viewer_id, viewed_id, view_date) VALUES ("455","280","2017-05-17 17:35:29");
INSERT INTO views (viewer_id, viewed_id, view_date) VALUES ("57","280","2017-05-27 07:33:31");
INSERT INTO views (viewer_id, viewed_id, view_date) VALUES ("121","280","2017-11-28 23:43:10");
INSERT INTO views (viewer_id, viewed_id, view_date) VALUES ("493","280","2017-06-13 14:22:35");
INSERT INTO views (viewer_id, viewed_id, view_date) VALUES ("42","280","2017-08-15 04:32:21");
INSERT INTO views (viewer_id, viewed_id, view_date) VALUES ("216","280","2018-01-12 06:48:53");
INSERT INTO views (viewer_id, viewed_id, view_date) VALUES ("455","280","2017-12-06 15:27:36");
INSERT INTO views (viewer_id, viewed_id, view_date) VALUES ("70","280","2017-05-24 14:49:03");
INSERT INTO views (viewer_id, viewed_id, view_date) VALUES ("192","280","2017-09-05 22:13:00");
INSERT INTO views (viewer_id, viewed_id, view_date) VALUES ("24","280","2018-02-12 08:27:34");
INSERT INTO views (viewer_id, viewed_id, view_date) VALUES ("351","280","2017-11-15 19:29:16");


INSERT INTO user (id, first_name, last_name, username, email, password, birthdate, gender, orientation, bio, country, state, city, zip, file_1, file_2, file_3, file_4, file_5, score, token, token_date, active, register, created_at, updated_at) VALUES ("281","Wilhelmine","Schuppe","ernestina68","everardo25@johns.com","$2y$10$vxvTxxVnd7BU8sQut3oat.0ggTCFdkWfWDRK464X/sNCDrAhOFU4S","1956-11-27 02:52:57","2","2","Dolores eligendi iste ut itaque voluptas iure. Odio nemo exercitationem dignissimos suscipit et. Impedit eos voluptatum dolorem aspernatur vel consequatur.","Singapore","","North Samsonport","35368-5886","../fixtures/female1.jpg","","","","","81","cd193ce330d7c608020245bc1510d8bb","1991-05-18 19:17:24","0","0","2004-01-03 14:15:36","2003-09-19 01:19:04");
INSERT INTO user_tag (user_id, tag_id) VALUES ("281","6");
INSERT INTO user_tag (user_id, tag_id) VALUES ("281","19");
INSERT INTO user_tag (user_id, tag_id) VALUES ("281","35");
INSERT INTO user_tag (user_id, tag_id) VALUES ("281","10");
INSERT INTO user_tag (user_id, tag_id) VALUES ("281","23");
INSERT INTO user_tag (user_id, tag_id) VALUES ("281","13");
INSERT INTO user_tag (user_id, tag_id) VALUES ("281","29");
INSERT INTO user_tag (user_id, tag_id) VALUES ("281","32");
INSERT INTO user_tag (user_id, tag_id) VALUES ("281","1");
INSERT INTO user_tag (user_id, tag_id) VALUES ("281","28");
INSERT INTO user_tag (user_id, tag_id) VALUES ("281","1");
INSERT INTO user_tag (user_id, tag_id) VALUES ("281","47");
INSERT INTO user_tag (user_id, tag_id) VALUES ("281","17");

INSERT INTO connected (user_id, connect_date) VALUES ("281","2017-06-09 07:35:05");
INSERT INTO likes (like_id, liked_id, like_date) VALUES ("397","281","2017-12-21 06:23:21");
INSERT INTO likes (like_id, liked_id, like_date) VALUES ("55","281","2017-04-08 19:44:08");
INSERT INTO likes (like_id, liked_id, like_date) VALUES ("343","281","2017-06-12 11:40:14");
INSERT INTO likes (like_id, liked_id, like_date) VALUES ("482","281","2017-06-15 09:56:28");
INSERT INTO likes (like_id, liked_id, like_date) VALUES ("364","281","2017-06-04 17:55:03");
INSERT INTO likes (like_id, liked_id, like_date) VALUES ("483","281","2017-08-07 18:15:00");
INSERT INTO likes (like_id, liked_id, like_date) VALUES ("447","281","2018-01-21 04:57:05");
INSERT INTO likes (like_id, liked_id, like_date) VALUES ("238","281","2017-11-23 06:38:12");
INSERT INTO likes (like_id, liked_id, like_date) VALUES ("317","281","2017-04-07 00:04:31");
INSERT INTO likes (like_id, liked_id, like_date) VALUES ("287","281","2017-04-14 20:12:09");
INSERT INTO likes (like_id, liked_id, like_date) VALUES ("326","281","2017-04-09 15:00:46");
INSERT INTO views (viewer_id, viewed_id, view_date) VALUES ("53","281","2017-07-04 03:08:31");
INSERT INTO views (viewer_id, viewed_id, view_date) VALUES ("243","281","2017-06-12 04:47:21");
INSERT INTO views (viewer_id, viewed_id, view_date) VALUES ("220","281","2017-10-09 20:38:54");
INSERT INTO views (viewer_id, viewed_id, view_date) VALUES ("462","281","2017-10-31 00:25:48");
INSERT INTO views (viewer_id, viewed_id, view_date) VALUES ("32","281","2017-11-16 05:32:23");
INSERT INTO views (viewer_id, viewed_id, view_date) VALUES ("362","281","2017-03-12 01:52:34");
INSERT INTO views (viewer_id, viewed_id, view_date) VALUES ("217","281","2017-04-29 07:31:00");
INSERT INTO views (viewer_id, viewed_id, view_date) VALUES ("168","281","2017-07-10 12:12:51");
INSERT INTO views (viewer_id, viewed_id, view_date) VALUES ("67","281","2017-04-27 02:09:52");
INSERT INTO views (viewer_id, viewed_id, view_date) VALUES ("31","281","2017-09-07 18:32:30");
INSERT INTO views (viewer_id, viewed_id, view_date) VALUES ("225","281","2018-01-01 08:50:15");
INSERT INTO views (viewer_id, viewed_id, view_date) VALUES ("270","281","2017-07-24 21:54:18");


INSERT INTO user (id, first_name, last_name, username, email, password, birthdate, gender, orientation, bio, country, state, city, zip, file_1, file_2, file_3, file_4, file_5, score, token, token_date, active, register, created_at, updated_at) VALUES ("282","Electa","Padberg","hyattabdiel","alana40@gmail.com","$2y$10$eF4PHBRX/98BWXbAFaYbJumGFCcYElVRD.YXmynyPz27QiqPGinLq","1969-12-03 10:27:27","1","1","Dolorem minima qui optio quisquam est architecto ea aut. Ut eos veniam aut earum. Suscipit expedita optio velit facilis reiciendis accusamus. Culpa quis maxime aut eaque.","Romania","","Keatonhaven","26625","../fixtures/male7.jpg","../fixtures/male3.jpg","../fixtures/male9.jpg","../fixtures/male5.jpg","../fixtures/male3.jpg","52","26c76d52440718263875c75c6d961d4d","1998-11-11 02:08:02","0","0","1981-12-29 06:17:38","2016-02-09 15:14:57");
INSERT INTO user_tag (user_id, tag_id) VALUES ("282","21");
INSERT INTO user_tag (user_id, tag_id) VALUES ("282","46");

INSERT INTO connected (user_id, connect_date) VALUES ("282","2017-08-28 01:03:26");
INSERT INTO likes (like_id, liked_id, like_date) VALUES ("485","282","2018-01-04 12:27:14");
INSERT INTO likes (like_id, liked_id, like_date) VALUES ("154","282","2017-10-29 06:49:47");
INSERT INTO views (viewer_id, viewed_id, view_date) VALUES ("500","282","2017-12-04 04:00:15");
INSERT INTO views (viewer_id, viewed_id, view_date) VALUES ("77","282","2017-03-28 12:55:45");
INSERT INTO views (viewer_id, viewed_id, view_date) VALUES ("84","282","2017-03-20 10:31:19");
INSERT INTO views (viewer_id, viewed_id, view_date) VALUES ("97","282","2017-12-31 12:49:01");
INSERT INTO views (viewer_id, viewed_id, view_date) VALUES ("24","282","2017-11-16 04:27:27");
INSERT INTO views (viewer_id, viewed_id, view_date) VALUES ("247","282","2017-08-09 10:36:59");
INSERT INTO views (viewer_id, viewed_id, view_date) VALUES ("114","282","2017-08-22 08:10:00");
INSERT INTO views (viewer_id, viewed_id, view_date) VALUES ("459","282","2017-10-26 16:15:43");
INSERT INTO views (viewer_id, viewed_id, view_date) VALUES ("187","282","2017-09-21 20:38:41");
INSERT INTO views (viewer_id, viewed_id, view_date) VALUES ("206","282","2017-10-14 07:04:21");
INSERT INTO views (viewer_id, viewed_id, view_date) VALUES ("446","282","2017-11-04 07:42:32");
INSERT INTO views (viewer_id, viewed_id, view_date) VALUES ("415","282","2017-12-29 17:03:58");
INSERT INTO views (viewer_id, viewed_id, view_date) VALUES ("98","282","2017-11-21 15:06:43");
INSERT INTO views (viewer_id, viewed_id, view_date) VALUES ("223","282","2018-01-25 12:49:03");
INSERT INTO views (viewer_id, viewed_id, view_date) VALUES ("14","282","2017-10-23 10:16:43");
INSERT INTO views (viewer_id, viewed_id, view_date) VALUES ("216","282","2018-01-21 19:18:43");
INSERT INTO views (viewer_id, viewed_id, view_date) VALUES ("488","282","2017-06-01 03:59:40");
INSERT INTO views (viewer_id, viewed_id, view_date) VALUES ("192","282","2017-06-05 12:15:24");
INSERT INTO views (viewer_id, viewed_id, view_date) VALUES ("68","282","2017-11-10 04:58:19");
INSERT INTO views (viewer_id, viewed_id, view_date) VALUES ("437","282","2017-11-18 21:25:34");
INSERT INTO views (viewer_id, viewed_id, view_date) VALUES ("82","282","2017-07-21 16:51:27");
INSERT INTO views (viewer_id, viewed_id, view_date) VALUES ("314","282","2017-03-15 23:07:35");
INSERT INTO views (viewer_id, viewed_id, view_date) VALUES ("128","282","2017-05-06 06:18:52");
INSERT INTO views (viewer_id, viewed_id, view_date) VALUES ("422","282","2017-07-16 07:44:55");
INSERT INTO views (viewer_id, viewed_id, view_date) VALUES ("427","282","2017-02-24 22:11:53");
INSERT INTO views (viewer_id, viewed_id, view_date) VALUES ("2","282","2017-08-18 08:15:01");


INSERT INTO user (id, first_name, last_name, username, email, password, birthdate, gender, orientation, bio, country, state, city, zip, file_1, file_2, file_3, file_4, file_5, score, token, token_date, active, register, created_at, updated_at) VALUES ("283","Ryley","Gislason","rkilback","ted61@yahoo.com","$2y$10$fUUvi.pHLGp9mqDjQD0gi.GpdEcRni5CflpDTPWMset4bKX.Lswkq","1952-12-15 23:24:40","1","3","Omnis doloremque quia rerum laboriosam animi assumenda. Voluptatum dignissimos eum rerum placeat tempora. Et sint sint ex rerum. Veritatis autem pariatur aut placeat sunt. Quaerat quaerat enim tempora aperiam dolores pariatur necessitatibus.","Czech Republic","","West Antone","35488","../fixtures/male5.jpg","","","","","50","7341fa85d33891e56c7bd8d7f2e8cf5a","1989-01-30 13:57:17","0","0","2007-10-02 03:33:15","2005-01-03 16:46:00");
INSERT INTO user_tag (user_id, tag_id) VALUES ("283","11");
INSERT INTO user_tag (user_id, tag_id) VALUES ("283","33");
INSERT INTO user_tag (user_id, tag_id) VALUES ("283","40");
INSERT INTO user_tag (user_id, tag_id) VALUES ("283","27");
INSERT INTO user_tag (user_id, tag_id) VALUES ("283","7");
INSERT INTO user_tag (user_id, tag_id) VALUES ("283","27");
INSERT INTO user_tag (user_id, tag_id) VALUES ("283","7");
INSERT INTO user_tag (user_id, tag_id) VALUES ("283","46");
INSERT INTO user_tag (user_id, tag_id) VALUES ("283","3");
INSERT INTO user_tag (user_id, tag_id) VALUES ("283","50");
INSERT INTO user_tag (user_id, tag_id) VALUES ("283","37");

INSERT INTO connected (user_id, connect_date) VALUES ("283","2017-11-04 01:20:36");
INSERT INTO likes (like_id, liked_id, like_date) VALUES ("2","283","2017-03-19 11:55:46");
INSERT INTO likes (like_id, liked_id, like_date) VALUES ("224","283","2017-12-05 15:58:12");
INSERT INTO likes (like_id, liked_id, like_date) VALUES ("159","283","2017-09-28 02:58:22");
INSERT INTO likes (like_id, liked_id, like_date) VALUES ("472","283","2017-06-05 22:04:03");
INSERT INTO likes (like_id, liked_id, like_date) VALUES ("231","283","2017-12-22 14:30:13");
INSERT INTO views (viewer_id, viewed_id, view_date) VALUES ("112","283","2017-05-29 23:12:54");
INSERT INTO views (viewer_id, viewed_id, view_date) VALUES ("490","283","2017-06-26 19:10:13");
INSERT INTO views (viewer_id, viewed_id, view_date) VALUES ("40","283","2017-05-24 16:39:17");
INSERT INTO views (viewer_id, viewed_id, view_date) VALUES ("394","283","2017-05-19 04:03:00");
INSERT INTO views (viewer_id, viewed_id, view_date) VALUES ("27","283","2017-05-08 18:14:21");
INSERT INTO views (viewer_id, viewed_id, view_date) VALUES ("132","283","2017-06-14 01:00:49");
INSERT INTO views (viewer_id, viewed_id, view_date) VALUES ("126","283","2017-11-15 16:22:12");
INSERT INTO views (viewer_id, viewed_id, view_date) VALUES ("477","283","2017-09-23 04:34:42");
INSERT INTO views (viewer_id, viewed_id, view_date) VALUES ("459","283","2017-10-31 20:57:06");
INSERT INTO views (viewer_id, viewed_id, view_date) VALUES ("344","283","2017-05-31 19:08:42");


INSERT INTO user (id, first_name, last_name, username, email, password, birthdate, gender, orientation, bio, country, state, city, zip, file_1, file_2, file_3, file_4, file_5, score, token, token_date, active, register, created_at, updated_at) VALUES ("284","Manley","Fadel","lhuel","umckenzie@abbott.com","$2y$10$nJwnbHtf0pRFHtLI5PdVZuZAZXGTFM5gtr19rrMhaGU74FlfeqvxW","1979-07-20 18:23:36","2","3","Rem ab illum aut molestiae. Aut maiores similique quis. Mollitia recusandae nam assumenda sunt. Placeat minus quo ab et.","Bangladesh","","West Josiah","02676","../fixtures/female3.jpg","../fixtures/female5.jpg","../fixtures/female4.jpg","../fixtures/female1.jpg","../fixtures/female1.jpg","6","f975788922a0c423865f09d6017ee682","2005-04-23 11:50:05","1","0","1995-11-22 07:34:20","1986-08-12 09:27:59");
INSERT INTO user_tag (user_id, tag_id) VALUES ("284","2");
INSERT INTO user_tag (user_id, tag_id) VALUES ("284","18");
INSERT INTO user_tag (user_id, tag_id) VALUES ("284","16");
INSERT INTO user_tag (user_id, tag_id) VALUES ("284","22");
INSERT INTO user_tag (user_id, tag_id) VALUES ("284","42");
INSERT INTO user_tag (user_id, tag_id) VALUES ("284","31");
INSERT INTO user_tag (user_id, tag_id) VALUES ("284","44");
INSERT INTO user_tag (user_id, tag_id) VALUES ("284","26");
INSERT INTO user_tag (user_id, tag_id) VALUES ("284","5");
INSERT INTO user_tag (user_id, tag_id) VALUES ("284","31");
INSERT INTO user_tag (user_id, tag_id) VALUES ("284","24");
INSERT INTO user_tag (user_id, tag_id) VALUES ("284","7");
INSERT INTO user_tag (user_id, tag_id) VALUES ("284","12");
INSERT INTO user_tag (user_id, tag_id) VALUES ("284","31");
INSERT INTO user_tag (user_id, tag_id) VALUES ("284","15");

INSERT INTO connected (user_id, connect_date) VALUES ("284","2017-03-03 08:42:25");
INSERT INTO likes (like_id, liked_id, like_date) VALUES ("302","284","2017-11-21 03:47:58");
INSERT INTO likes (like_id, liked_id, like_date) VALUES ("194","284","2017-05-24 20:55:06");
INSERT INTO views (viewer_id, viewed_id, view_date) VALUES ("293","284","2017-05-04 18:44:47");
INSERT INTO views (viewer_id, viewed_id, view_date) VALUES ("225","284","2017-02-25 05:24:25");
INSERT INTO views (viewer_id, viewed_id, view_date) VALUES ("249","284","2017-08-03 19:02:37");
INSERT INTO views (viewer_id, viewed_id, view_date) VALUES ("210","284","2017-09-23 10:33:24");
INSERT INTO views (viewer_id, viewed_id, view_date) VALUES ("104","284","2018-01-06 20:16:03");
INSERT INTO views (viewer_id, viewed_id, view_date) VALUES ("413","284","2017-03-02 18:32:47");
INSERT INTO views (viewer_id, viewed_id, view_date) VALUES ("62","284","2018-01-29 11:21:01");
INSERT INTO views (viewer_id, viewed_id, view_date) VALUES ("377","284","2017-05-12 05:36:54");
INSERT INTO views (viewer_id, viewed_id, view_date) VALUES ("467","284","2017-12-15 05:27:04");
INSERT INTO views (viewer_id, viewed_id, view_date) VALUES ("246","284","2018-01-03 01:16:10");
INSERT INTO views (viewer_id, viewed_id, view_date) VALUES ("311","284","2017-12-12 09:26:49");
INSERT INTO views (viewer_id, viewed_id, view_date) VALUES ("55","284","2017-09-06 02:02:07");
INSERT INTO views (viewer_id, viewed_id, view_date) VALUES ("235","284","2017-06-22 00:13:40");
INSERT INTO views (viewer_id, viewed_id, view_date) VALUES ("183","284","2017-05-06 09:10:20");


INSERT INTO user (id, first_name, last_name, username, email, password, birthdate, gender, orientation, bio, country, state, city, zip, file_1, file_2, file_3, file_4, file_5, score, token, token_date, active, register, created_at, updated_at) VALUES ("285","Alda","Kirlin","kiradickinson","xthompson@fadel.com","$2y$10$JY3BLdTr7WgxTbloVDM5duTtlSqB0ZKRB6EIy1l.00t5LHkIvis9.","1980-01-26 23:53:18","1","1","Nihil occaecati ea molestiae culpa aut. Qui est ab et similique. Quam quia beatae id.","Nigeria","","Jadastad","36624-7288","../fixtures/male5.jpg","../fixtures/male6.jpg","../fixtures/male7.jpg","../fixtures/male3.jpg","../fixtures/male6.jpg","65","42f6fd2a60afcb46d3c469d077a8dde9","2000-05-21 18:09:17","0","0","1982-02-15 07:13:16","1997-12-04 22:26:17");
INSERT INTO user_tag (user_id, tag_id) VALUES ("285","8");
INSERT INTO user_tag (user_id, tag_id) VALUES ("285","49");
INSERT INTO user_tag (user_id, tag_id) VALUES ("285","27");
INSERT INTO user_tag (user_id, tag_id) VALUES ("285","34");
INSERT INTO user_tag (user_id, tag_id) VALUES ("285","48");
INSERT INTO user_tag (user_id, tag_id) VALUES ("285","17");

INSERT INTO connected (user_id, connect_date) VALUES ("285","2017-03-10 23:58:27");
INSERT INTO likes (like_id, liked_id, like_date) VALUES ("141","285","2017-08-05 16:15:23");
INSERT INTO likes (like_id, liked_id, like_date) VALUES ("63","285","2017-12-03 06:00:23");
INSERT INTO likes (like_id, liked_id, like_date) VALUES ("127","285","2017-04-03 01:30:25");
INSERT INTO likes (like_id, liked_id, like_date) VALUES ("460","285","2018-01-17 16:19:24");
INSERT INTO likes (like_id, liked_id, like_date) VALUES ("132","285","2017-02-22 07:07:16");
INSERT INTO likes (like_id, liked_id, like_date) VALUES ("385","285","2017-12-20 18:34:54");
INSERT INTO likes (like_id, liked_id, like_date) VALUES ("218","285","2017-04-04 14:56:42");
INSERT INTO likes (like_id, liked_id, like_date) VALUES ("21","285","2017-12-30 20:55:59");
INSERT INTO likes (like_id, liked_id, like_date) VALUES ("423","285","2017-10-26 06:17:11");
INSERT INTO likes (like_id, liked_id, like_date) VALUES ("301","285","2017-10-17 16:35:59");
INSERT INTO likes (like_id, liked_id, like_date) VALUES ("413","285","2017-07-20 06:33:37");
INSERT INTO likes (like_id, liked_id, like_date) VALUES ("66","285","2017-03-31 15:35:19");
INSERT INTO likes (like_id, liked_id, like_date) VALUES ("54","285","2017-10-15 01:57:46");
INSERT INTO likes (like_id, liked_id, like_date) VALUES ("302","285","2018-01-21 10:30:15");
INSERT INTO views (viewer_id, viewed_id, view_date) VALUES ("213","285","2018-01-07 06:55:05");
INSERT INTO views (viewer_id, viewed_id, view_date) VALUES ("297","285","2017-09-03 07:05:21");
INSERT INTO views (viewer_id, viewed_id, view_date) VALUES ("355","285","2017-05-14 12:59:03");
INSERT INTO views (viewer_id, viewed_id, view_date) VALUES ("235","285","2017-03-29 23:31:05");
INSERT INTO views (viewer_id, viewed_id, view_date) VALUES ("107","285","2017-02-17 15:32:19");
INSERT INTO views (viewer_id, viewed_id, view_date) VALUES ("28","285","2017-09-30 18:32:24");
INSERT INTO views (viewer_id, viewed_id, view_date) VALUES ("424","285","2017-08-15 21:34:21");
INSERT INTO views (viewer_id, viewed_id, view_date) VALUES ("422","285","2017-04-24 23:51:45");
INSERT INTO views (viewer_id, viewed_id, view_date) VALUES ("119","285","2017-11-18 15:44:56");
INSERT INTO views (viewer_id, viewed_id, view_date) VALUES ("321","285","2017-04-26 19:18:52");
INSERT INTO views (viewer_id, viewed_id, view_date) VALUES ("436","285","2017-05-22 09:26:11");
INSERT INTO views (viewer_id, viewed_id, view_date) VALUES ("386","285","2018-02-14 23:41:07");
INSERT INTO views (viewer_id, viewed_id, view_date) VALUES ("458","285","2017-08-12 16:29:07");
INSERT INTO views (viewer_id, viewed_id, view_date) VALUES ("132","285","2017-05-17 03:23:05");


INSERT INTO user (id, first_name, last_name, username, email, password, birthdate, gender, orientation, bio, country, state, city, zip, file_1, file_2, file_3, file_4, file_5, score, token, token_date, active, register, created_at, updated_at) VALUES ("286","Roberto","Schneider","morissettevesta","bergstrom.walter@hotmail.com","$2y$10$sl/oZ8Qa1/LLhpH7uS0Y.uibgG9C12Ll1EzMggdo1RiHxk3Knb2.S","1972-08-17 19:28:24","2","1","Sapiente blanditiis labore aspernatur porro natus impedit quis. Veniam hic quasi rerum suscipit. In alias nesciunt quis possimus.","Montenegro","","Marquardttown","26280-0676","../fixtures/female7.jpg","../fixtures/female1.jpg","../fixtures/female5.jpg","../fixtures/female9.jpg","","93","0911ef7a3b4c02838c421901400e4f0b","1982-03-20 00:58:16","0","0","2002-12-17 04:44:30","1998-10-16 07:40:39");
INSERT INTO user_tag (user_id, tag_id) VALUES ("286","1");
INSERT INTO user_tag (user_id, tag_id) VALUES ("286","3");
INSERT INTO user_tag (user_id, tag_id) VALUES ("286","44");
INSERT INTO user_tag (user_id, tag_id) VALUES ("286","46");

INSERT INTO connected (user_id, connect_date) VALUES ("286","2017-06-01 21:26:29");
INSERT INTO likes (like_id, liked_id, like_date) VALUES ("395","286","2017-09-22 21:38:51");
INSERT INTO likes (like_id, liked_id, like_date) VALUES ("403","286","2017-05-25 08:11:26");
INSERT INTO likes (like_id, liked_id, like_date) VALUES ("493","286","2017-12-31 10:24:54");
INSERT INTO likes (like_id, liked_id, like_date) VALUES ("390","286","2017-10-13 09:30:57");
INSERT INTO likes (like_id, liked_id, like_date) VALUES ("185","286","2018-02-02 13:26:02");
INSERT INTO likes (like_id, liked_id, like_date) VALUES ("456","286","2017-06-21 03:32:07");
INSERT INTO likes (like_id, liked_id, like_date) VALUES ("118","286","2017-10-09 20:45:28");
INSERT INTO likes (like_id, liked_id, like_date) VALUES ("398","286","2017-12-07 19:26:42");
INSERT INTO likes (like_id, liked_id, like_date) VALUES ("79","286","2018-01-05 15:35:28");
INSERT INTO likes (like_id, liked_id, like_date) VALUES ("293","286","2017-06-29 08:36:26");
INSERT INTO likes (like_id, liked_id, like_date) VALUES ("220","286","2017-02-16 06:42:48");
INSERT INTO likes (like_id, liked_id, like_date) VALUES ("490","286","2017-11-19 21:25:55");
INSERT INTO likes (like_id, liked_id, like_date) VALUES ("41","286","2017-03-12 22:47:35");
INSERT INTO views (viewer_id, viewed_id, view_date) VALUES ("83","286","2018-02-03 14:06:32");
INSERT INTO views (viewer_id, viewed_id, view_date) VALUES ("318","286","2017-02-21 18:40:11");
INSERT INTO views (viewer_id, viewed_id, view_date) VALUES ("313","286","2017-06-01 08:18:27");
INSERT INTO views (viewer_id, viewed_id, view_date) VALUES ("162","286","2017-06-19 05:07:49");
INSERT INTO views (viewer_id, viewed_id, view_date) VALUES ("411","286","2017-08-14 17:43:56");
INSERT INTO views (viewer_id, viewed_id, view_date) VALUES ("56","286","2018-01-17 19:28:38");
INSERT INTO views (viewer_id, viewed_id, view_date) VALUES ("155","286","2017-03-27 07:13:35");
INSERT INTO views (viewer_id, viewed_id, view_date) VALUES ("288","286","2017-06-13 14:17:06");
INSERT INTO views (viewer_id, viewed_id, view_date) VALUES ("372","286","2017-07-13 08:14:37");
INSERT INTO views (viewer_id, viewed_id, view_date) VALUES ("494","286","2017-06-14 09:46:43");
INSERT INTO views (viewer_id, viewed_id, view_date) VALUES ("273","286","2017-05-07 14:25:44");
INSERT INTO views (viewer_id, viewed_id, view_date) VALUES ("254","286","2017-07-07 15:08:15");
INSERT INTO views (viewer_id, viewed_id, view_date) VALUES ("4","286","2017-12-07 12:17:29");
INSERT INTO views (viewer_id, viewed_id, view_date) VALUES ("71","286","2017-04-06 03:31:33");
INSERT INTO views (viewer_id, viewed_id, view_date) VALUES ("123","286","2017-07-06 23:01:35");
INSERT INTO views (viewer_id, viewed_id, view_date) VALUES ("15","286","2017-03-29 05:46:36");
INSERT INTO views (viewer_id, viewed_id, view_date) VALUES ("56","286","2017-08-23 02:55:22");
INSERT INTO views (viewer_id, viewed_id, view_date) VALUES ("23","286","2017-11-19 00:51:57");
INSERT INTO views (viewer_id, viewed_id, view_date) VALUES ("269","286","2017-12-25 06:26:26");
INSERT INTO views (viewer_id, viewed_id, view_date) VALUES ("269","286","2017-05-07 01:38:01");
INSERT INTO views (viewer_id, viewed_id, view_date) VALUES ("388","286","2017-06-22 12:16:14");
INSERT INTO views (viewer_id, viewed_id, view_date) VALUES ("98","286","2017-11-04 21:54:16");
INSERT INTO views (viewer_id, viewed_id, view_date) VALUES ("11","286","2017-03-13 15:16:55");
INSERT INTO views (viewer_id, viewed_id, view_date) VALUES ("455","286","2018-01-20 21:51:13");
INSERT INTO views (viewer_id, viewed_id, view_date) VALUES ("443","286","2017-08-18 16:39:04");


INSERT INTO user (id, first_name, last_name, username, email, password, birthdate, gender, orientation, bio, country, state, city, zip, file_1, file_2, file_3, file_4, file_5, score, token, token_date, active, register, created_at, updated_at) VALUES ("287","Vance","Rowe","emerald66","collins.nikita@hotmail.com","$2y$10$kThmg./ikqkH720s9haUI.pNlR9GqzWr0uzGsPURqBMfx.Pw3OH6.","1980-03-03 13:37:13","2","3","Quo eos tempora qui non consequatur. Perferendis ab qui voluptates amet est fuga reiciendis. A sit fugiat provident itaque repellendus ut aut doloribus. Voluptatibus nobis quas sed adipisci et consequatur.","Saint Vincent and the Grenadines","","Port Immanuelview","81866","../fixtures/female10.jpg","../fixtures/female3.jpg","","","","92","5424feeff6e3176791a8281dec4eeb33","1985-08-20 06:53:01","1","1","2000-04-18 10:46:01","2009-11-01 22:30:00");
INSERT INTO user_tag (user_id, tag_id) VALUES ("287","41");
INSERT INTO user_tag (user_id, tag_id) VALUES ("287","29");
INSERT INTO user_tag (user_id, tag_id) VALUES ("287","29");
INSERT INTO user_tag (user_id, tag_id) VALUES ("287","25");
INSERT INTO user_tag (user_id, tag_id) VALUES ("287","11");
INSERT INTO user_tag (user_id, tag_id) VALUES ("287","45");
INSERT INTO user_tag (user_id, tag_id) VALUES ("287","31");
INSERT INTO user_tag (user_id, tag_id) VALUES ("287","26");
INSERT INTO user_tag (user_id, tag_id) VALUES ("287","43");
INSERT INTO user_tag (user_id, tag_id) VALUES ("287","42");
INSERT INTO user_tag (user_id, tag_id) VALUES ("287","1");
INSERT INTO user_tag (user_id, tag_id) VALUES ("287","47");

INSERT INTO connected (user_id, connect_date) VALUES ("287","2018-01-25 20:03:30");
INSERT INTO likes (like_id, liked_id, like_date) VALUES ("187","287","2017-02-26 16:18:33");
INSERT INTO likes (like_id, liked_id, like_date) VALUES ("405","287","2017-05-26 04:06:34");
INSERT INTO likes (like_id, liked_id, like_date) VALUES ("45","287","2017-07-27 00:53:18");
INSERT INTO likes (like_id, liked_id, like_date) VALUES ("78","287","2018-01-02 20:00:42");
INSERT INTO likes (like_id, liked_id, like_date) VALUES ("113","287","2017-05-19 08:25:18");
INSERT INTO likes (like_id, liked_id, like_date) VALUES ("392","287","2017-06-23 15:40:52");
INSERT INTO likes (like_id, liked_id, like_date) VALUES ("314","287","2017-04-18 18:33:55");
INSERT INTO likes (like_id, liked_id, like_date) VALUES ("315","287","2017-10-11 13:26:28");
INSERT INTO likes (like_id, liked_id, like_date) VALUES ("115","287","2017-09-27 01:32:47");
INSERT INTO likes (like_id, liked_id, like_date) VALUES ("14","287","2017-07-20 11:53:10");
INSERT INTO likes (like_id, liked_id, like_date) VALUES ("176","287","2017-02-18 22:05:42");
INSERT INTO likes (like_id, liked_id, like_date) VALUES ("350","287","2017-12-15 22:44:59");
INSERT INTO views (viewer_id, viewed_id, view_date) VALUES ("485","287","2017-07-29 17:32:14");
INSERT INTO views (viewer_id, viewed_id, view_date) VALUES ("375","287","2017-11-30 20:28:44");
INSERT INTO views (viewer_id, viewed_id, view_date) VALUES ("411","287","2017-04-20 16:46:10");
INSERT INTO views (viewer_id, viewed_id, view_date) VALUES ("251","287","2017-02-26 13:02:37");
INSERT INTO views (viewer_id, viewed_id, view_date) VALUES ("29","287","2018-02-04 20:25:54");
INSERT INTO views (viewer_id, viewed_id, view_date) VALUES ("413","287","2017-12-18 02:48:54");
INSERT INTO views (viewer_id, viewed_id, view_date) VALUES ("182","287","2017-09-05 03:32:18");
INSERT INTO views (viewer_id, viewed_id, view_date) VALUES ("397","287","2017-11-08 13:54:11");
INSERT INTO views (viewer_id, viewed_id, view_date) VALUES ("9","287","2017-02-26 13:45:34");
INSERT INTO views (viewer_id, viewed_id, view_date) VALUES ("195","287","2018-01-25 05:26:36");
INSERT INTO views (viewer_id, viewed_id, view_date) VALUES ("476","287","2017-11-26 10:58:07");
INSERT INTO views (viewer_id, viewed_id, view_date) VALUES ("288","287","2017-09-09 03:41:12");
INSERT INTO views (viewer_id, viewed_id, view_date) VALUES ("82","287","2017-02-20 17:04:56");
INSERT INTO views (viewer_id, viewed_id, view_date) VALUES ("374","287","2017-05-20 02:06:55");
INSERT INTO views (viewer_id, viewed_id, view_date) VALUES ("42","287","2017-09-06 08:49:42");
INSERT INTO views (viewer_id, viewed_id, view_date) VALUES ("426","287","2017-06-23 08:34:40");
INSERT INTO views (viewer_id, viewed_id, view_date) VALUES ("242","287","2017-10-11 16:27:06");
INSERT INTO views (viewer_id, viewed_id, view_date) VALUES ("328","287","2017-12-16 12:54:03");
INSERT INTO views (viewer_id, viewed_id, view_date) VALUES ("40","287","2017-06-29 17:06:48");


INSERT INTO user (id, first_name, last_name, username, email, password, birthdate, gender, orientation, bio, country, state, city, zip, file_1, file_2, file_3, file_4, file_5, score, token, token_date, active, register, created_at, updated_at) VALUES ("288","Leopold","Bernhard","izabellapaucek","ytorphy@gmail.com","$2y$10$mlRGzLuvDaVDKfc32csagOCyNIzBP5QicY8DcvZFU3fONu5WZe4t2","1975-07-14 13:23:01","1","2","Debitis odit nulla quae dolores reiciendis inventore. Deleniti totam et non id molestiae corrupti ut modi. Repellendus molestias nam vel reprehenderit. Quo aut libero ab qui aspernatur.","Saint Pierre and Miquelon","","Schultzborough","25018","../fixtures/male2.jpg","../fixtures/male10.jpg","../fixtures/male3.jpg","../fixtures/male6.jpg","../fixtures/male4.jpg","82","47e6ba75b45a7a5534c62816bb143434","2008-02-17 21:58:07","0","0","1973-03-08 02:30:06","1977-10-23 19:34:29");
INSERT INTO user_tag (user_id, tag_id) VALUES ("288","12");
INSERT INTO user_tag (user_id, tag_id) VALUES ("288","9");
INSERT INTO user_tag (user_id, tag_id) VALUES ("288","36");

INSERT INTO connected (user_id, connect_date) VALUES ("288","2017-06-18 15:43:13");
INSERT INTO likes (like_id, liked_id, like_date) VALUES ("163","288","2017-12-14 16:04:39");
INSERT INTO likes (like_id, liked_id, like_date) VALUES ("389","288","2017-11-30 08:30:44");
INSERT INTO likes (like_id, liked_id, like_date) VALUES ("125","288","2017-11-18 11:35:01");
INSERT INTO likes (like_id, liked_id, like_date) VALUES ("175","288","2017-11-01 16:17:34");
INSERT INTO views (viewer_id, viewed_id, view_date) VALUES ("77","288","2017-02-17 15:54:57");
INSERT INTO views (viewer_id, viewed_id, view_date) VALUES ("314","288","2017-07-23 13:00:39");
INSERT INTO views (viewer_id, viewed_id, view_date) VALUES ("78","288","2017-07-23 06:25:15");
INSERT INTO views (viewer_id, viewed_id, view_date) VALUES ("307","288","2018-01-16 23:07:10");


INSERT INTO user (id, first_name, last_name, username, email, password, birthdate, gender, orientation, bio, country, state, city, zip, file_1, file_2, file_3, file_4, file_5, score, token, token_date, active, register, created_at, updated_at) VALUES ("289","Ian","Buckridge","jeramie53","chloe.beatty@bins.com","$2y$10$Hpl1wyk6C91ytNPUezqTKuo/Zje8FobmK33Z.SEWzcbCyhaTP22Tm","1969-12-06 09:31:53","2","3","Consequuntur debitis eos et quia expedita perspiciatis praesentium. Optio fuga pariatur qui eum rerum mollitia ab. Ea recusandae optio voluptas iure quo aspernatur.","San Marino","","Chynaberg","21930","../fixtures/female2.jpg","../fixtures/female4.jpg","","","","57","f536a614aa41895197928720975489d0","1993-10-15 13:01:52","0","0","1989-04-13 13:27:16","1997-01-04 07:11:42");
INSERT INTO user_tag (user_id, tag_id) VALUES ("289","41");
INSERT INTO user_tag (user_id, tag_id) VALUES ("289","26");
INSERT INTO user_tag (user_id, tag_id) VALUES ("289","44");
INSERT INTO user_tag (user_id, tag_id) VALUES ("289","10");
INSERT INTO user_tag (user_id, tag_id) VALUES ("289","33");
INSERT INTO user_tag (user_id, tag_id) VALUES ("289","32");
INSERT INTO user_tag (user_id, tag_id) VALUES ("289","29");
INSERT INTO user_tag (user_id, tag_id) VALUES ("289","15");
INSERT INTO user_tag (user_id, tag_id) VALUES ("289","3");

INSERT INTO connected (user_id, connect_date) VALUES ("289","2017-03-18 14:14:21");
INSERT INTO likes (like_id, liked_id, like_date) VALUES ("438","289","2017-02-18 21:52:58");
INSERT INTO likes (like_id, liked_id, like_date) VALUES ("416","289","2017-11-26 16:15:34");
INSERT INTO likes (like_id, liked_id, like_date) VALUES ("213","289","2018-01-02 05:02:04");
INSERT INTO likes (like_id, liked_id, like_date) VALUES ("415","289","2017-06-21 03:51:43");
INSERT INTO likes (like_id, liked_id, like_date) VALUES ("245","289","2017-02-16 19:49:23");
INSERT INTO likes (like_id, liked_id, like_date) VALUES ("207","289","2017-09-06 20:20:50");
INSERT INTO likes (like_id, liked_id, like_date) VALUES ("13","289","2018-02-04 20:43:04");
INSERT INTO likes (like_id, liked_id, like_date) VALUES ("106","289","2017-06-25 03:56:47");
INSERT INTO likes (like_id, liked_id, like_date) VALUES ("183","289","2017-12-17 17:51:22");


INSERT INTO user (id, first_name, last_name, username, email, password, birthdate, gender, orientation, bio, country, state, city, zip, file_1, file_2, file_3, file_4, file_5, score, token, token_date, active, register, created_at, updated_at) VALUES ("290","Gabe","Lowe","vernie08","huels.royal@gmail.com","$2y$10$JrZOgIJEDYr0opuUEWyGje.a5ZNOpNrid2xoDtNZ0bt445yQ3cpZ6","1988-10-04 00:31:24","1","3","Nostrum debitis id voluptatem est illum. Et quod rerum dolor tenetur sed ea. Explicabo ut omnis consequatur. Necessitatibus aut consequatur est ea aliquam adipisci amet.","Bouvet Island (Bouvetoya)","","Electachester","34964-1152","../fixtures/male3.jpg","../fixtures/male6.jpg","","","","64","1cd1e8381cc3484b4bfa6d6dd6a7d3b2","1979-09-20 00:36:35","1","1","1994-08-24 15:11:41","1980-08-14 18:36:23");
INSERT INTO user_tag (user_id, tag_id) VALUES ("290","2");
INSERT INTO user_tag (user_id, tag_id) VALUES ("290","13");
INSERT INTO user_tag (user_id, tag_id) VALUES ("290","11");
INSERT INTO user_tag (user_id, tag_id) VALUES ("290","23");
INSERT INTO user_tag (user_id, tag_id) VALUES ("290","22");
INSERT INTO user_tag (user_id, tag_id) VALUES ("290","34");
INSERT INTO user_tag (user_id, tag_id) VALUES ("290","42");
INSERT INTO user_tag (user_id, tag_id) VALUES ("290","26");
INSERT INTO user_tag (user_id, tag_id) VALUES ("290","26");
INSERT INTO user_tag (user_id, tag_id) VALUES ("290","30");
INSERT INTO user_tag (user_id, tag_id) VALUES ("290","17");
INSERT INTO user_tag (user_id, tag_id) VALUES ("290","35");
INSERT INTO user_tag (user_id, tag_id) VALUES ("290","8");
INSERT INTO user_tag (user_id, tag_id) VALUES ("290","24");

INSERT INTO connected (user_id, connect_date) VALUES ("290","2017-12-19 12:12:36");
INSERT INTO likes (like_id, liked_id, like_date) VALUES ("347","290","2017-12-06 14:23:31");
INSERT INTO likes (like_id, liked_id, like_date) VALUES ("122","290","2017-07-02 18:38:46");
INSERT INTO likes (like_id, liked_id, like_date) VALUES ("82","290","2017-04-25 02:04:52");
INSERT INTO likes (like_id, liked_id, like_date) VALUES ("229","290","2017-11-17 22:00:31");
INSERT INTO likes (like_id, liked_id, like_date) VALUES ("376","290","2017-11-14 21:05:05");
INSERT INTO likes (like_id, liked_id, like_date) VALUES ("155","290","2017-08-15 21:22:48");
INSERT INTO likes (like_id, liked_id, like_date) VALUES ("16","290","2017-09-24 20:34:50");
INSERT INTO likes (like_id, liked_id, like_date) VALUES ("421","290","2017-09-26 04:27:37");
INSERT INTO likes (like_id, liked_id, like_date) VALUES ("221","290","2017-05-12 07:17:00");
INSERT INTO views (viewer_id, viewed_id, view_date) VALUES ("257","290","2017-10-02 09:45:13");
INSERT INTO views (viewer_id, viewed_id, view_date) VALUES ("221","290","2017-10-12 11:19:16");
INSERT INTO views (viewer_id, viewed_id, view_date) VALUES ("224","290","2017-11-03 21:30:01");
INSERT INTO views (viewer_id, viewed_id, view_date) VALUES ("139","290","2017-05-04 20:37:22");
INSERT INTO views (viewer_id, viewed_id, view_date) VALUES ("26","290","2017-02-18 21:13:52");
INSERT INTO views (viewer_id, viewed_id, view_date) VALUES ("285","290","2017-12-25 19:27:04");
INSERT INTO views (viewer_id, viewed_id, view_date) VALUES ("242","290","2017-11-07 06:07:32");
INSERT INTO views (viewer_id, viewed_id, view_date) VALUES ("309","290","2017-05-01 07:39:31");
INSERT INTO views (viewer_id, viewed_id, view_date) VALUES ("374","290","2017-09-24 04:50:53");
INSERT INTO views (viewer_id, viewed_id, view_date) VALUES ("184","290","2017-08-31 12:44:23");
INSERT INTO views (viewer_id, viewed_id, view_date) VALUES ("38","290","2017-05-17 03:46:21");


INSERT INTO user (id, first_name, last_name, username, email, password, birthdate, gender, orientation, bio, country, state, city, zip, file_1, file_2, file_3, file_4, file_5, score, token, token_date, active, register, created_at, updated_at) VALUES ("291","Garnet","Pagac","swiftmariane","vdietrich@schaefer.biz","$2y$10$HRmjIRKqlqGnqxYoSzg7jevvz.E/nHW8ELrmthpHpp9qU7rXgzMA.","1985-02-20 16:42:29","1","3","Debitis tempore libero reiciendis distinctio ut rerum aut. Ut quia aut maxime quis id voluptas vero. Ut perferendis odit doloribus consequatur in. Fugiat praesentium id facere rem blanditiis.","Anguilla","","Schultzburgh","55707","../fixtures/male4.jpg","../fixtures/male1.jpg","../fixtures/male9.jpg","../fixtures/male5.jpg","","62","c7b89e1db35217e5538b5c9a11eb4ea6","1978-04-02 17:05:05","1","0","2009-04-14 12:38:30","1992-03-15 21:57:22");
INSERT INTO user_tag (user_id, tag_id) VALUES ("291","23");
INSERT INTO user_tag (user_id, tag_id) VALUES ("291","6");
INSERT INTO user_tag (user_id, tag_id) VALUES ("291","10");
INSERT INTO user_tag (user_id, tag_id) VALUES ("291","46");

INSERT INTO connected (user_id, connect_date) VALUES ("291","2018-02-05 01:38:49");
INSERT INTO likes (like_id, liked_id, like_date) VALUES ("192","291","2017-07-03 09:22:31");
INSERT INTO likes (like_id, liked_id, like_date) VALUES ("129","291","2017-07-25 08:31:02");
INSERT INTO likes (like_id, liked_id, like_date) VALUES ("369","291","2017-07-04 16:05:02");
INSERT INTO likes (like_id, liked_id, like_date) VALUES ("281","291","2018-02-12 07:10:21");
INSERT INTO likes (like_id, liked_id, like_date) VALUES ("23","291","2017-06-13 15:46:12");
INSERT INTO likes (like_id, liked_id, like_date) VALUES ("206","291","2017-07-09 21:57:19");
INSERT INTO likes (like_id, liked_id, like_date) VALUES ("248","291","2017-11-22 22:09:27");
INSERT INTO likes (like_id, liked_id, like_date) VALUES ("217","291","2017-06-03 09:08:27");
INSERT INTO likes (like_id, liked_id, like_date) VALUES ("496","291","2017-05-13 00:28:25");
INSERT INTO likes (like_id, liked_id, like_date) VALUES ("148","291","2017-11-19 08:00:38");
INSERT INTO likes (like_id, liked_id, like_date) VALUES ("59","291","2018-01-29 08:06:12");
INSERT INTO likes (like_id, liked_id, like_date) VALUES ("421","291","2017-03-22 06:25:59");
INSERT INTO likes (like_id, liked_id, like_date) VALUES ("198","291","2017-11-25 18:42:04");
INSERT INTO likes (like_id, liked_id, like_date) VALUES ("497","291","2017-10-15 18:49:37");
INSERT INTO likes (like_id, liked_id, like_date) VALUES ("81","291","2017-09-02 00:26:12");
INSERT INTO likes (like_id, liked_id, like_date) VALUES ("498","291","2017-08-21 11:26:08");
INSERT INTO likes (like_id, liked_id, like_date) VALUES ("443","291","2017-05-30 19:18:18");
INSERT INTO likes (like_id, liked_id, like_date) VALUES ("77","291","2017-05-23 02:03:55");
INSERT INTO likes (like_id, liked_id, like_date) VALUES ("401","291","2018-02-12 22:17:49");
INSERT INTO likes (like_id, liked_id, like_date) VALUES ("116","291","2017-09-05 04:44:57");
INSERT INTO views (viewer_id, viewed_id, view_date) VALUES ("353","291","2017-06-01 01:41:55");
INSERT INTO views (viewer_id, viewed_id, view_date) VALUES ("193","291","2017-07-13 20:27:59");
INSERT INTO views (viewer_id, viewed_id, view_date) VALUES ("372","291","2017-07-05 10:03:10");
INSERT INTO views (viewer_id, viewed_id, view_date) VALUES ("230","291","2017-03-27 18:39:35");
INSERT INTO views (viewer_id, viewed_id, view_date) VALUES ("474","291","2017-05-29 13:29:56");
INSERT INTO views (viewer_id, viewed_id, view_date) VALUES ("225","291","2017-11-03 16:55:50");
INSERT INTO views (viewer_id, viewed_id, view_date) VALUES ("448","291","2017-12-02 04:11:38");
INSERT INTO views (viewer_id, viewed_id, view_date) VALUES ("176","291","2017-10-06 17:25:39");
INSERT INTO views (viewer_id, viewed_id, view_date) VALUES ("442","291","2017-05-05 09:56:44");
INSERT INTO views (viewer_id, viewed_id, view_date) VALUES ("485","291","2017-03-06 13:45:24");
INSERT INTO views (viewer_id, viewed_id, view_date) VALUES ("498","291","2017-02-21 10:05:42");
INSERT INTO views (viewer_id, viewed_id, view_date) VALUES ("483","291","2018-01-15 04:28:00");
INSERT INTO views (viewer_id, viewed_id, view_date) VALUES ("472","291","2017-09-13 23:33:25");
INSERT INTO views (viewer_id, viewed_id, view_date) VALUES ("410","291","2017-06-24 13:22:54");
INSERT INTO views (viewer_id, viewed_id, view_date) VALUES ("453","291","2017-02-16 18:11:11");
INSERT INTO views (viewer_id, viewed_id, view_date) VALUES ("382","291","2017-09-12 13:46:55");
INSERT INTO views (viewer_id, viewed_id, view_date) VALUES ("215","291","2017-03-24 20:59:43");


INSERT INTO user (id, first_name, last_name, username, email, password, birthdate, gender, orientation, bio, country, state, city, zip, file_1, file_2, file_3, file_4, file_5, score, token, token_date, active, register, created_at, updated_at) VALUES ("292","Shyanne","Thiel","boehmbreanna","funk.osbaldo@lockman.com","$2y$10$BQGq8CzMTbnXnxZK6E8JgeDmgPRULM/yk.79qR9SpR1kp6i0YAxNK","1968-08-21 12:32:39","2","2","Molestiae ipsam quasi laudantium dolorem. Officiis veniam voluptas architecto. Laboriosam omnis eligendi fugiat.","Azerbaijan","","Considineshire","40084","../fixtures/female8.jpg","../fixtures/female8.jpg","../fixtures/female4.jpg","../fixtures/female8.jpg","","26","d4f281784b45af2f26321482d3522f8e","2006-06-18 19:09:57","1","1","2002-12-17 12:51:46","1984-09-07 02:49:28");
INSERT INTO user_tag (user_id, tag_id) VALUES ("292","42");
INSERT INTO user_tag (user_id, tag_id) VALUES ("292","23");
INSERT INTO user_tag (user_id, tag_id) VALUES ("292","47");
INSERT INTO user_tag (user_id, tag_id) VALUES ("292","43");
INSERT INTO user_tag (user_id, tag_id) VALUES ("292","1");
INSERT INTO user_tag (user_id, tag_id) VALUES ("292","16");
INSERT INTO user_tag (user_id, tag_id) VALUES ("292","14");
INSERT INTO user_tag (user_id, tag_id) VALUES ("292","12");
INSERT INTO user_tag (user_id, tag_id) VALUES ("292","5");
INSERT INTO user_tag (user_id, tag_id) VALUES ("292","3");
INSERT INTO user_tag (user_id, tag_id) VALUES ("292","5");
INSERT INTO user_tag (user_id, tag_id) VALUES ("292","16");
INSERT INTO user_tag (user_id, tag_id) VALUES ("292","44");
INSERT INTO user_tag (user_id, tag_id) VALUES ("292","30");
INSERT INTO user_tag (user_id, tag_id) VALUES ("292","6");

INSERT INTO connected (user_id, connect_date) VALUES ("292","2017-08-23 05:44:37");
INSERT INTO likes (like_id, liked_id, like_date) VALUES ("183","292","2017-10-21 10:58:46");
INSERT INTO likes (like_id, liked_id, like_date) VALUES ("102","292","2017-08-10 23:06:25");
INSERT INTO likes (like_id, liked_id, like_date) VALUES ("221","292","2017-02-17 03:40:42");
INSERT INTO views (viewer_id, viewed_id, view_date) VALUES ("385","292","2018-01-21 21:35:20");
INSERT INTO views (viewer_id, viewed_id, view_date) VALUES ("343","292","2017-06-12 00:02:59");
INSERT INTO views (viewer_id, viewed_id, view_date) VALUES ("239","292","2017-10-19 17:42:23");
INSERT INTO views (viewer_id, viewed_id, view_date) VALUES ("29","292","2017-05-06 23:20:12");
INSERT INTO views (viewer_id, viewed_id, view_date) VALUES ("136","292","2017-08-20 00:51:22");


INSERT INTO user (id, first_name, last_name, username, email, password, birthdate, gender, orientation, bio, country, state, city, zip, file_1, file_2, file_3, file_4, file_5, score, token, token_date, active, register, created_at, updated_at) VALUES ("293","Melba","Stracke","dayne07","iliana26@wiegand.info","$2y$10$CXS48Kbe8fspltwIXLqY7O7Y/M57HADlDYF41DywO1PFqYsXuAOu.","1963-08-31 19:24:19","1","3","Eius deserunt laborum eveniet officia sunt animi qui. Sed quis libero perspiciatis officiis quasi. Doloribus voluptatem aut dolorem dolor et doloremque.","Micronesia","","East Osbaldoport","41740-5780","../fixtures/male7.jpg","../fixtures/male9.jpg","../fixtures/male3.jpg","../fixtures/male10.jpg","../fixtures/male6.jpg","72","c948d0c443afd72d72461ffa994b1a7b","2014-03-10 16:34:35","0","0","1986-07-13 07:54:40","1978-02-16 08:06:13");
INSERT INTO user_tag (user_id, tag_id) VALUES ("293","4");
INSERT INTO user_tag (user_id, tag_id) VALUES ("293","40");
INSERT INTO user_tag (user_id, tag_id) VALUES ("293","23");

INSERT INTO connected (user_id, connect_date) VALUES ("293","2017-04-18 08:10:21");
INSERT INTO likes (like_id, liked_id, like_date) VALUES ("188","293","2017-04-28 22:32:19");
INSERT INTO likes (like_id, liked_id, like_date) VALUES ("320","293","2017-12-17 12:33:34");


INSERT INTO user (id, first_name, last_name, username, email, password, birthdate, gender, orientation, bio, country, state, city, zip, file_1, file_2, file_3, file_4, file_5, score, token, token_date, active, register, created_at, updated_at) VALUES ("294","Nicola","Davis","bernhardansley","msauer@yahoo.com","$2y$10$SUWuTlG7ENsjplXybBZ40OlN0jtzhNo83oN6DdoovokQCVS0B9AV.","1972-03-01 00:41:05","1","1","Et hic laborum modi excepturi assumenda quis. Nulla quibusdam quam quia unde minima officia. Distinctio dignissimos ab accusamus non laboriosam non doloremque. Numquam nisi vitae rerum doloremque veniam veritatis.","Ecuador","","Beiertown","36786","../fixtures/male10.jpg","../fixtures/male5.jpg","../fixtures/male10.jpg","../fixtures/male6.jpg","../fixtures/male5.jpg","12","284b64125757c694c3b06072d2d0b47f","1980-05-11 21:34:08","1","0","1970-09-09 11:02:58","1981-08-18 02:16:05");
INSERT INTO user_tag (user_id, tag_id) VALUES ("294","12");
INSERT INTO user_tag (user_id, tag_id) VALUES ("294","43");

INSERT INTO connected (user_id, connect_date) VALUES ("294","2017-05-29 05:46:59");
INSERT INTO likes (like_id, liked_id, like_date) VALUES ("483","294","2017-06-08 16:18:14");
INSERT INTO likes (like_id, liked_id, like_date) VALUES ("210","294","2018-01-05 00:14:34");
INSERT INTO likes (like_id, liked_id, like_date) VALUES ("378","294","2017-03-26 17:02:47");
INSERT INTO likes (like_id, liked_id, like_date) VALUES ("120","294","2018-01-08 21:08:08");
INSERT INTO views (viewer_id, viewed_id, view_date) VALUES ("460","294","2017-05-19 10:57:43");
INSERT INTO views (viewer_id, viewed_id, view_date) VALUES ("393","294","2017-10-19 08:48:40");
INSERT INTO views (viewer_id, viewed_id, view_date) VALUES ("366","294","2017-08-15 20:45:22");
INSERT INTO views (viewer_id, viewed_id, view_date) VALUES ("500","294","2017-02-28 09:26:34");
INSERT INTO views (viewer_id, viewed_id, view_date) VALUES ("63","294","2017-04-11 04:58:52");
INSERT INTO views (viewer_id, viewed_id, view_date) VALUES ("123","294","2017-02-22 16:10:05");
INSERT INTO views (viewer_id, viewed_id, view_date) VALUES ("71","294","2017-03-17 05:37:23");
INSERT INTO views (viewer_id, viewed_id, view_date) VALUES ("171","294","2017-08-14 19:06:12");
INSERT INTO views (viewer_id, viewed_id, view_date) VALUES ("186","294","2017-08-28 18:37:11");
INSERT INTO views (viewer_id, viewed_id, view_date) VALUES ("257","294","2017-05-25 00:45:51");
INSERT INTO views (viewer_id, viewed_id, view_date) VALUES ("87","294","2018-01-08 04:11:59");
INSERT INTO views (viewer_id, viewed_id, view_date) VALUES ("197","294","2017-06-30 10:29:43");
INSERT INTO views (viewer_id, viewed_id, view_date) VALUES ("216","294","2017-06-19 13:55:42");
INSERT INTO views (viewer_id, viewed_id, view_date) VALUES ("426","294","2017-02-20 06:01:19");
INSERT INTO views (viewer_id, viewed_id, view_date) VALUES ("430","294","2017-11-20 13:25:59");
INSERT INTO views (viewer_id, viewed_id, view_date) VALUES ("165","294","2017-09-02 10:18:58");
INSERT INTO views (viewer_id, viewed_id, view_date) VALUES ("213","294","2017-11-15 05:45:40");
INSERT INTO views (viewer_id, viewed_id, view_date) VALUES ("116","294","2018-02-04 22:09:47");
INSERT INTO views (viewer_id, viewed_id, view_date) VALUES ("195","294","2017-09-25 12:17:15");
INSERT INTO views (viewer_id, viewed_id, view_date) VALUES ("240","294","2017-11-02 18:44:18");
INSERT INTO views (viewer_id, viewed_id, view_date) VALUES ("355","294","2017-05-04 04:52:46");
INSERT INTO views (viewer_id, viewed_id, view_date) VALUES ("419","294","2017-03-14 01:12:37");
INSERT INTO views (viewer_id, viewed_id, view_date) VALUES ("58","294","2018-01-04 04:53:39");
INSERT INTO views (viewer_id, viewed_id, view_date) VALUES ("152","294","2017-09-06 16:09:40");
INSERT INTO views (viewer_id, viewed_id, view_date) VALUES ("66","294","2017-12-21 17:52:07");
INSERT INTO views (viewer_id, viewed_id, view_date) VALUES ("107","294","2017-04-18 02:38:18");
INSERT INTO views (viewer_id, viewed_id, view_date) VALUES ("398","294","2017-06-17 09:46:27");
INSERT INTO views (viewer_id, viewed_id, view_date) VALUES ("200","294","2018-01-25 03:21:21");
INSERT INTO views (viewer_id, viewed_id, view_date) VALUES ("429","294","2017-10-11 02:42:22");
INSERT INTO views (viewer_id, viewed_id, view_date) VALUES ("235","294","2017-06-23 16:53:21");
INSERT INTO views (viewer_id, viewed_id, view_date) VALUES ("371","294","2017-06-05 05:53:36");
INSERT INTO views (viewer_id, viewed_id, view_date) VALUES ("128","294","2017-06-26 23:53:30");
INSERT INTO views (viewer_id, viewed_id, view_date) VALUES ("373","294","2017-06-28 09:16:06");
INSERT INTO views (viewer_id, viewed_id, view_date) VALUES ("21","294","2017-07-03 17:56:34");
INSERT INTO views (viewer_id, viewed_id, view_date) VALUES ("364","294","2018-01-17 02:02:24");
INSERT INTO views (viewer_id, viewed_id, view_date) VALUES ("204","294","2017-09-06 19:04:46");


INSERT INTO user (id, first_name, last_name, username, email, password, birthdate, gender, orientation, bio, country, state, city, zip, file_1, file_2, file_3, file_4, file_5, score, token, token_date, active, register, created_at, updated_at) VALUES ("295","Golden","Hamill","gtorp","giles05@miller.com","$2y$10$eNM5QFqwh4XK.G/YuKhiNeXNuBpVNbsI/uXv7IYbS3Y7j63XBV9L.","1992-02-11 16:59:30","2","2","Dolores est autem amet enim voluptas dolores. Sed similique eum voluptates voluptas ut est quo reiciendis. Qui et magni doloribus. Adipisci non sapiente corporis ea asperiores reprehenderit.","Ukraine","","McCulloughfurt","78413","../fixtures/female8.jpg","../fixtures/female9.jpg","../fixtures/female5.jpg","../fixtures/female3.jpg","../fixtures/female2.jpg","85","7fffc6764ed1ee8a5c99763d7276a94a","2000-11-05 13:36:19","1","1","2017-09-17 01:02:46","2014-04-30 00:20:21");
INSERT INTO user_tag (user_id, tag_id) VALUES ("295","41");
INSERT INTO user_tag (user_id, tag_id) VALUES ("295","39");
INSERT INTO user_tag (user_id, tag_id) VALUES ("295","8");
INSERT INTO user_tag (user_id, tag_id) VALUES ("295","3");
INSERT INTO user_tag (user_id, tag_id) VALUES ("295","28");
INSERT INTO user_tag (user_id, tag_id) VALUES ("295","33");
INSERT INTO user_tag (user_id, tag_id) VALUES ("295","22");
INSERT INTO user_tag (user_id, tag_id) VALUES ("295","34");
INSERT INTO user_tag (user_id, tag_id) VALUES ("295","35");
INSERT INTO user_tag (user_id, tag_id) VALUES ("295","44");
INSERT INTO user_tag (user_id, tag_id) VALUES ("295","40");

INSERT INTO connected (user_id, connect_date) VALUES ("295","2017-04-11 03:16:02");
INSERT INTO likes (like_id, liked_id, like_date) VALUES ("172","295","2017-04-06 11:02:10");
INSERT INTO likes (like_id, liked_id, like_date) VALUES ("317","295","2017-11-25 23:40:29");
INSERT INTO likes (like_id, liked_id, like_date) VALUES ("432","295","2017-09-12 13:35:00");
INSERT INTO likes (like_id, liked_id, like_date) VALUES ("438","295","2017-08-28 07:43:40");
INSERT INTO likes (like_id, liked_id, like_date) VALUES ("495","295","2017-07-18 09:15:00");
INSERT INTO likes (like_id, liked_id, like_date) VALUES ("446","295","2017-09-24 16:19:10");
INSERT INTO likes (like_id, liked_id, like_date) VALUES ("79","295","2017-11-12 13:33:20");
INSERT INTO likes (like_id, liked_id, like_date) VALUES ("322","295","2017-06-21 20:09:48");
INSERT INTO likes (like_id, liked_id, like_date) VALUES ("345","295","2017-07-27 12:28:19");
INSERT INTO likes (like_id, liked_id, like_date) VALUES ("123","295","2017-05-13 22:40:54");
INSERT INTO likes (like_id, liked_id, like_date) VALUES ("433","295","2017-11-14 19:05:59");
INSERT INTO likes (like_id, liked_id, like_date) VALUES ("83","295","2017-11-22 15:38:01");
INSERT INTO views (viewer_id, viewed_id, view_date) VALUES ("472","295","2017-05-23 16:03:59");
INSERT INTO views (viewer_id, viewed_id, view_date) VALUES ("192","295","2017-06-09 15:46:18");
INSERT INTO views (viewer_id, viewed_id, view_date) VALUES ("146","295","2018-01-11 13:37:32");
INSERT INTO views (viewer_id, viewed_id, view_date) VALUES ("164","295","2018-01-09 02:25:34");
INSERT INTO views (viewer_id, viewed_id, view_date) VALUES ("233","295","2018-02-08 12:46:35");
INSERT INTO views (viewer_id, viewed_id, view_date) VALUES ("355","295","2017-07-04 05:03:07");
INSERT INTO views (viewer_id, viewed_id, view_date) VALUES ("456","295","2017-12-28 13:22:33");
INSERT INTO views (viewer_id, viewed_id, view_date) VALUES ("437","295","2017-10-18 01:06:49");
INSERT INTO views (viewer_id, viewed_id, view_date) VALUES ("27","295","2017-02-17 02:18:32");


INSERT INTO user (id, first_name, last_name, username, email, password, birthdate, gender, orientation, bio, country, state, city, zip, file_1, file_2, file_3, file_4, file_5, score, token, token_date, active, register, created_at, updated_at) VALUES ("296","Bettie","Stanton","abbottnick","lourdes.collins@mosciski.org","$2y$10$iJU4D4ButJxKn4ne4oVB2uuCkBnpI.LF7im8gYLrvPzzFkXEPDikG","1983-09-30 05:45:20","2","3","Sunt iste ratione ut veniam consequuntur. Dolores praesentium eos ab ratione. Non maiores officia laborum at magnam est necessitatibus.","Paraguay","","Lake Vicky","97976","../fixtures/female6.jpg","../fixtures/female9.jpg","../fixtures/female3.jpg","../fixtures/female4.jpg","","30","1c9c4e8dbd0994cd6cd3397d755c9709","1985-05-14 02:14:09","1","0","1983-10-07 20:10:21","1977-02-13 10:24:51");
INSERT INTO user_tag (user_id, tag_id) VALUES ("296","36");
INSERT INTO user_tag (user_id, tag_id) VALUES ("296","15");
INSERT INTO user_tag (user_id, tag_id) VALUES ("296","17");
INSERT INTO user_tag (user_id, tag_id) VALUES ("296","13");
INSERT INTO user_tag (user_id, tag_id) VALUES ("296","39");
INSERT INTO user_tag (user_id, tag_id) VALUES ("296","31");

INSERT INTO connected (user_id, connect_date) VALUES ("296","2017-08-19 07:52:53");
INSERT INTO likes (like_id, liked_id, like_date) VALUES ("410","296","2017-12-19 14:16:56");
INSERT INTO likes (like_id, liked_id, like_date) VALUES ("205","296","2017-10-07 00:37:22");
INSERT INTO likes (like_id, liked_id, like_date) VALUES ("39","296","2017-06-26 00:53:58");
INSERT INTO likes (like_id, liked_id, like_date) VALUES ("319","296","2017-04-13 17:46:44");
INSERT INTO likes (like_id, liked_id, like_date) VALUES ("290","296","2017-05-18 18:36:50");
INSERT INTO likes (like_id, liked_id, like_date) VALUES ("393","296","2017-06-13 22:06:38");
INSERT INTO likes (like_id, liked_id, like_date) VALUES ("198","296","2017-04-21 13:43:12");
INSERT INTO likes (like_id, liked_id, like_date) VALUES ("157","296","2018-01-14 10:58:11");
INSERT INTO likes (like_id, liked_id, like_date) VALUES ("157","296","2017-08-28 21:24:02");
INSERT INTO likes (like_id, liked_id, like_date) VALUES ("40","296","2018-01-18 11:46:13");
INSERT INTO likes (like_id, liked_id, like_date) VALUES ("237","296","2017-03-30 03:51:14");
INSERT INTO likes (like_id, liked_id, like_date) VALUES ("156","296","2017-11-06 15:01:15");
INSERT INTO likes (like_id, liked_id, like_date) VALUES ("34","296","2017-11-11 06:18:25");
INSERT INTO likes (like_id, liked_id, like_date) VALUES ("252","296","2017-09-25 16:52:04");
INSERT INTO likes (like_id, liked_id, like_date) VALUES ("121","296","2017-07-23 08:55:53");
INSERT INTO likes (like_id, liked_id, like_date) VALUES ("39","296","2018-01-14 22:54:57");
INSERT INTO likes (like_id, liked_id, like_date) VALUES ("464","296","2017-07-08 21:10:40");
INSERT INTO likes (like_id, liked_id, like_date) VALUES ("256","296","2017-07-20 09:50:50");
INSERT INTO likes (like_id, liked_id, like_date) VALUES ("408","296","2017-06-22 18:27:58");
INSERT INTO views (viewer_id, viewed_id, view_date) VALUES ("199","296","2017-09-06 16:36:09");
INSERT INTO views (viewer_id, viewed_id, view_date) VALUES ("279","296","2017-10-10 12:54:35");
INSERT INTO views (viewer_id, viewed_id, view_date) VALUES ("89","296","2017-04-01 04:21:09");
INSERT INTO views (viewer_id, viewed_id, view_date) VALUES ("174","296","2018-02-05 03:29:36");
INSERT INTO views (viewer_id, viewed_id, view_date) VALUES ("24","296","2017-07-26 08:10:08");
INSERT INTO views (viewer_id, viewed_id, view_date) VALUES ("444","296","2017-10-20 04:32:05");
INSERT INTO views (viewer_id, viewed_id, view_date) VALUES ("280","296","2017-09-17 15:00:59");
INSERT INTO views (viewer_id, viewed_id, view_date) VALUES ("101","296","2017-02-17 01:46:50");
INSERT INTO views (viewer_id, viewed_id, view_date) VALUES ("40","296","2017-06-15 01:32:45");
INSERT INTO views (viewer_id, viewed_id, view_date) VALUES ("131","296","2017-10-28 14:21:13");


INSERT INTO user (id, first_name, last_name, username, email, password, birthdate, gender, orientation, bio, country, state, city, zip, file_1, file_2, file_3, file_4, file_5, score, token, token_date, active, register, created_at, updated_at) VALUES ("297","Jeanne","Wintheiser","zbernier","juvenal.collier@mayert.info","$2y$10$Oko9o7BSwmvUpHQSPWpOeuDlLJ7X6pNyOp0EY3Z3QDpMO1bZt2hRO","1949-04-23 11:01:48","1","2","Voluptatem voluptatum voluptas consequatur tempora odit vel. Qui et qui repellendus hic. Reprehenderit quia numquam ut non qui libero.","Faroe Islands","","Weimannborough","39319","../fixtures/male5.jpg","","","","","68","a116f29d962baf331bc9f84932198564","1983-12-29 12:58:09","0","0","1992-02-14 02:12:25","1994-06-07 09:31:24");
INSERT INTO user_tag (user_id, tag_id) VALUES ("297","28");
INSERT INTO user_tag (user_id, tag_id) VALUES ("297","8");
INSERT INTO user_tag (user_id, tag_id) VALUES ("297","12");
INSERT INTO user_tag (user_id, tag_id) VALUES ("297","12");
INSERT INTO user_tag (user_id, tag_id) VALUES ("297","19");

INSERT INTO connected (user_id, connect_date) VALUES ("297","2017-08-16 04:04:49");
INSERT INTO likes (like_id, liked_id, like_date) VALUES ("202","297","2018-01-14 00:45:42");
INSERT INTO likes (like_id, liked_id, like_date) VALUES ("394","297","2017-12-05 15:03:40");
INSERT INTO likes (like_id, liked_id, like_date) VALUES ("7","297","2018-02-10 17:05:27");
INSERT INTO likes (like_id, liked_id, like_date) VALUES ("162","297","2017-03-16 11:33:34");
INSERT INTO likes (like_id, liked_id, like_date) VALUES ("311","297","2018-02-09 19:29:24");
INSERT INTO likes (like_id, liked_id, like_date) VALUES ("24","297","2017-03-03 05:37:37");
INSERT INTO likes (like_id, liked_id, like_date) VALUES ("11","297","2017-09-26 22:51:20");
INSERT INTO likes (like_id, liked_id, like_date) VALUES ("95","297","2017-06-11 19:24:42");
INSERT INTO likes (like_id, liked_id, like_date) VALUES ("48","297","2017-04-17 16:46:40");
INSERT INTO likes (like_id, liked_id, like_date) VALUES ("376","297","2017-12-22 05:19:52");
INSERT INTO likes (like_id, liked_id, like_date) VALUES ("410","297","2018-01-28 18:40:46");
INSERT INTO likes (like_id, liked_id, like_date) VALUES ("442","297","2017-08-06 03:04:01");
INSERT INTO likes (like_id, liked_id, like_date) VALUES ("286","297","2017-06-16 19:29:20");
INSERT INTO likes (like_id, liked_id, like_date) VALUES ("239","297","2017-07-22 03:23:51");
INSERT INTO likes (like_id, liked_id, like_date) VALUES ("174","297","2017-03-28 04:53:50");
INSERT INTO likes (like_id, liked_id, like_date) VALUES ("137","297","2017-07-26 13:27:29");
INSERT INTO likes (like_id, liked_id, like_date) VALUES ("183","297","2017-11-24 14:24:16");
INSERT INTO views (viewer_id, viewed_id, view_date) VALUES ("47","297","2017-04-26 21:02:53");
INSERT INTO views (viewer_id, viewed_id, view_date) VALUES ("471","297","2017-03-01 18:19:08");


INSERT INTO user (id, first_name, last_name, username, email, password, birthdate, gender, orientation, bio, country, state, city, zip, file_1, file_2, file_3, file_4, file_5, score, token, token_date, active, register, created_at, updated_at) VALUES ("298","Cleta","Deckow","kavonarmstrong","dora.huels@hotmail.com","$2y$10$TDMOHxC6LFVCBXdXnGERq.PhzMW1cyE/mQh4BGtM9bvgmt.ojLNXq","1956-08-29 18:47:26","2","2","Voluptatum est nihil est illo voluptatibus quo ipsa error. Voluptate consequatur esse eius numquam tempore. Nisi impedit facere pariatur.","Austria","","Bauchland","72688","../fixtures/female8.jpg","../fixtures/female1.jpg","../fixtures/female1.jpg","../fixtures/female8.jpg","","53","af2e4faff710982e78387a4e75200652","1984-07-12 03:23:04","1","1","2008-09-20 23:58:21","1976-09-13 01:27:32");
INSERT INTO user_tag (user_id, tag_id) VALUES ("298","30");

INSERT INTO connected (user_id, connect_date) VALUES ("298","2017-06-15 01:21:35");
INSERT INTO likes (like_id, liked_id, like_date) VALUES ("243","298","2017-07-11 12:09:08");
INSERT INTO likes (like_id, liked_id, like_date) VALUES ("123","298","2017-04-20 18:49:42");
INSERT INTO likes (like_id, liked_id, like_date) VALUES ("84","298","2017-10-09 21:33:25");
INSERT INTO likes (like_id, liked_id, like_date) VALUES ("67","298","2017-09-02 12:24:02");
INSERT INTO likes (like_id, liked_id, like_date) VALUES ("476","298","2017-05-24 16:43:29");
INSERT INTO likes (like_id, liked_id, like_date) VALUES ("3","298","2017-05-18 19:20:01");
INSERT INTO likes (like_id, liked_id, like_date) VALUES ("340","298","2017-02-23 16:23:15");
INSERT INTO likes (like_id, liked_id, like_date) VALUES ("2","298","2018-01-02 06:48:38");
INSERT INTO likes (like_id, liked_id, like_date) VALUES ("460","298","2017-08-21 07:56:26");
INSERT INTO likes (like_id, liked_id, like_date) VALUES ("40","298","2017-10-17 05:25:03");
INSERT INTO likes (like_id, liked_id, like_date) VALUES ("431","298","2017-08-22 08:50:28");
INSERT INTO likes (like_id, liked_id, like_date) VALUES ("212","298","2018-01-14 13:19:07");
INSERT INTO likes (like_id, liked_id, like_date) VALUES ("260","298","2017-11-26 12:50:27");
INSERT INTO likes (like_id, liked_id, like_date) VALUES ("184","298","2017-07-23 07:12:46");
INSERT INTO likes (like_id, liked_id, like_date) VALUES ("463","298","2017-05-23 06:13:04");
INSERT INTO likes (like_id, liked_id, like_date) VALUES ("1","298","2017-04-30 00:18:27");
INSERT INTO views (viewer_id, viewed_id, view_date) VALUES ("308","298","2017-09-14 23:08:44");
INSERT INTO views (viewer_id, viewed_id, view_date) VALUES ("295","298","2017-03-22 15:44:17");
INSERT INTO views (viewer_id, viewed_id, view_date) VALUES ("480","298","2017-03-12 04:37:28");
INSERT INTO views (viewer_id, viewed_id, view_date) VALUES ("123","298","2017-03-29 04:51:45");
INSERT INTO views (viewer_id, viewed_id, view_date) VALUES ("166","298","2017-12-15 05:20:36");
INSERT INTO views (viewer_id, viewed_id, view_date) VALUES ("20","298","2017-09-17 19:01:51");
INSERT INTO views (viewer_id, viewed_id, view_date) VALUES ("457","298","2018-02-11 14:25:08");
INSERT INTO views (viewer_id, viewed_id, view_date) VALUES ("302","298","2017-11-03 16:18:37");
INSERT INTO views (viewer_id, viewed_id, view_date) VALUES ("105","298","2017-12-22 11:22:01");
INSERT INTO views (viewer_id, viewed_id, view_date) VALUES ("203","298","2017-08-29 01:41:36");
INSERT INTO views (viewer_id, viewed_id, view_date) VALUES ("295","298","2017-08-08 08:07:42");
INSERT INTO views (viewer_id, viewed_id, view_date) VALUES ("27","298","2017-12-02 09:23:54");
INSERT INTO views (viewer_id, viewed_id, view_date) VALUES ("10","298","2017-11-08 04:41:32");
INSERT INTO views (viewer_id, viewed_id, view_date) VALUES ("367","298","2017-10-23 13:59:38");
INSERT INTO views (viewer_id, viewed_id, view_date) VALUES ("10","298","2017-06-04 11:32:34");
INSERT INTO views (viewer_id, viewed_id, view_date) VALUES ("296","298","2017-02-20 10:06:17");
INSERT INTO views (viewer_id, viewed_id, view_date) VALUES ("190","298","2017-05-02 19:28:40");
INSERT INTO views (viewer_id, viewed_id, view_date) VALUES ("354","298","2017-08-22 06:20:50");
INSERT INTO views (viewer_id, viewed_id, view_date) VALUES ("248","298","2017-03-17 23:34:34");
INSERT INTO views (viewer_id, viewed_id, view_date) VALUES ("252","298","2018-02-12 17:56:15");
INSERT INTO views (viewer_id, viewed_id, view_date) VALUES ("156","298","2017-08-10 15:19:06");
INSERT INTO views (viewer_id, viewed_id, view_date) VALUES ("102","298","2017-12-02 23:25:29");
INSERT INTO views (viewer_id, viewed_id, view_date) VALUES ("56","298","2018-02-02 10:54:56");
INSERT INTO views (viewer_id, viewed_id, view_date) VALUES ("479","298","2017-12-18 11:33:33");


INSERT INTO user (id, first_name, last_name, username, email, password, birthdate, gender, orientation, bio, country, state, city, zip, file_1, file_2, file_3, file_4, file_5, score, token, token_date, active, register, created_at, updated_at) VALUES ("299","Katheryn","Trantow","pollichfreddie","medhurst.irving@gmail.com","$2y$10$3nung7FYFZ6c2hKW6So7tuw3EeVhwVHj1.pF/PlAlntZX1Gy0grGG","1974-12-31 03:47:34","2","1","In fuga aliquam autem ut rerum aut amet omnis. Et dolorem repellat optio earum et. Vel ipsum sit quasi voluptas voluptas. Qui id iste iste quas et corrupti iure eaque.","Mali","","Schmelerville","23054-0098","../fixtures/female8.jpg","../fixtures/female10.jpg","","","","70","d0b2bfd127e51b1068566fb35188104f","1982-06-01 22:20:56","1","1","1991-05-08 14:23:32","1990-06-26 04:32:44");
INSERT INTO user_tag (user_id, tag_id) VALUES ("299","24");
INSERT INTO user_tag (user_id, tag_id) VALUES ("299","16");
INSERT INTO user_tag (user_id, tag_id) VALUES ("299","47");
INSERT INTO user_tag (user_id, tag_id) VALUES ("299","23");
INSERT INTO user_tag (user_id, tag_id) VALUES ("299","42");
INSERT INTO user_tag (user_id, tag_id) VALUES ("299","29");
INSERT INTO user_tag (user_id, tag_id) VALUES ("299","10");
INSERT INTO user_tag (user_id, tag_id) VALUES ("299","30");
INSERT INTO user_tag (user_id, tag_id) VALUES ("299","45");

INSERT INTO connected (user_id, connect_date) VALUES ("299","2017-11-14 22:29:47");
INSERT INTO likes (like_id, liked_id, like_date) VALUES ("343","299","2017-10-11 05:26:18");
INSERT INTO likes (like_id, liked_id, like_date) VALUES ("362","299","2017-10-05 20:48:03");
INSERT INTO likes (like_id, liked_id, like_date) VALUES ("38","299","2017-09-05 10:14:47");
INSERT INTO likes (like_id, liked_id, like_date) VALUES ("329","299","2017-05-22 14:15:59");
INSERT INTO likes (like_id, liked_id, like_date) VALUES ("33","299","2018-01-09 04:40:22");
INSERT INTO likes (like_id, liked_id, like_date) VALUES ("60","299","2017-08-05 07:04:24");
INSERT INTO likes (like_id, liked_id, like_date) VALUES ("113","299","2018-01-19 14:28:53");
INSERT INTO likes (like_id, liked_id, like_date) VALUES ("21","299","2017-02-18 04:45:59");
INSERT INTO likes (like_id, liked_id, like_date) VALUES ("117","299","2017-07-12 01:53:08");
INSERT INTO likes (like_id, liked_id, like_date) VALUES ("227","299","2017-12-21 21:52:53");
INSERT INTO likes (like_id, liked_id, like_date) VALUES ("55","299","2017-07-22 03:47:01");
INSERT INTO likes (like_id, liked_id, like_date) VALUES ("450","299","2017-07-20 11:32:06");
INSERT INTO likes (like_id, liked_id, like_date) VALUES ("485","299","2017-10-01 16:07:25");
INSERT INTO likes (like_id, liked_id, like_date) VALUES ("296","299","2017-05-12 20:49:30");
INSERT INTO likes (like_id, liked_id, like_date) VALUES ("313","299","2017-12-31 04:02:39");
INSERT INTO likes (like_id, liked_id, like_date) VALUES ("18","299","2017-04-08 03:39:57");
INSERT INTO likes (like_id, liked_id, like_date) VALUES ("385","299","2017-02-16 19:11:25");
INSERT INTO likes (like_id, liked_id, like_date) VALUES ("345","299","2018-01-20 06:00:06");
INSERT INTO likes (like_id, liked_id, like_date) VALUES ("435","299","2017-10-14 17:43:21");
INSERT INTO views (viewer_id, viewed_id, view_date) VALUES ("393","299","2017-08-20 00:26:40");
INSERT INTO views (viewer_id, viewed_id, view_date) VALUES ("469","299","2017-08-30 08:22:56");
INSERT INTO views (viewer_id, viewed_id, view_date) VALUES ("166","299","2017-08-31 14:17:42");
INSERT INTO views (viewer_id, viewed_id, view_date) VALUES ("431","299","2017-07-09 04:52:31");
INSERT INTO views (viewer_id, viewed_id, view_date) VALUES ("142","299","2017-09-09 14:37:26");
INSERT INTO views (viewer_id, viewed_id, view_date) VALUES ("293","299","2018-02-14 15:39:01");
INSERT INTO views (viewer_id, viewed_id, view_date) VALUES ("124","299","2017-03-04 16:00:18");


INSERT INTO user (id, first_name, last_name, username, email, password, birthdate, gender, orientation, bio, country, state, city, zip, file_1, file_2, file_3, file_4, file_5, score, token, token_date, active, register, created_at, updated_at) VALUES ("300","Kenyon","Hackett","hgoodwin","eichmann.lesley@yahoo.com","$2y$10$0e2OnI96mUTGbmX9EU7haOffN2OfFQRKqKL.sIwGp9XnvDTmJzMNu","1965-12-19 19:53:39","1","2","Sapiente qui porro quibusdam saepe similique. Suscipit voluptatem enim et. Minima unde error esse velit cumque.","Nepal","","Port Darryl","34689-1072","../fixtures/male9.jpg","../fixtures/male8.jpg","../fixtures/male10.jpg","../fixtures/male8.jpg","","11","f07d489db20928009e0e2c322924fbc5","2001-04-04 03:46:35","0","0","1984-08-08 10:07:07","1997-05-16 10:07:34");
INSERT INTO user_tag (user_id, tag_id) VALUES ("300","48");
INSERT INTO user_tag (user_id, tag_id) VALUES ("300","10");
INSERT INTO user_tag (user_id, tag_id) VALUES ("300","2");
INSERT INTO user_tag (user_id, tag_id) VALUES ("300","39");
INSERT INTO user_tag (user_id, tag_id) VALUES ("300","6");
INSERT INTO user_tag (user_id, tag_id) VALUES ("300","5");
INSERT INTO user_tag (user_id, tag_id) VALUES ("300","10");
INSERT INTO user_tag (user_id, tag_id) VALUES ("300","12");
INSERT INTO user_tag (user_id, tag_id) VALUES ("300","12");
INSERT INTO user_tag (user_id, tag_id) VALUES ("300","44");
INSERT INTO user_tag (user_id, tag_id) VALUES ("300","2");
INSERT INTO user_tag (user_id, tag_id) VALUES ("300","46");
INSERT INTO user_tag (user_id, tag_id) VALUES ("300","8");
INSERT INTO user_tag (user_id, tag_id) VALUES ("300","25");
INSERT INTO user_tag (user_id, tag_id) VALUES ("300","48");

INSERT INTO connected (user_id, connect_date) VALUES ("300","2017-12-01 22:07:20");
INSERT INTO likes (like_id, liked_id, like_date) VALUES ("460","300","2017-12-29 00:10:37");
INSERT INTO likes (like_id, liked_id, like_date) VALUES ("337","300","2018-01-01 11:32:56");
INSERT INTO likes (like_id, liked_id, like_date) VALUES ("342","300","2017-10-30 01:17:40");
INSERT INTO likes (like_id, liked_id, like_date) VALUES ("268","300","2017-08-29 06:15:48");
INSERT INTO likes (like_id, liked_id, like_date) VALUES ("186","300","2017-06-13 07:27:19");
INSERT INTO likes (like_id, liked_id, like_date) VALUES ("279","300","2017-04-20 18:40:27");
INSERT INTO likes (like_id, liked_id, like_date) VALUES ("43","300","2017-11-30 12:54:32");
INSERT INTO likes (like_id, liked_id, like_date) VALUES ("25","300","2017-02-26 18:48:40");
INSERT INTO likes (like_id, liked_id, like_date) VALUES ("249","300","2017-08-27 18:57:04");
INSERT INTO views (viewer_id, viewed_id, view_date) VALUES ("17","300","2017-09-15 06:00:52");
INSERT INTO views (viewer_id, viewed_id, view_date) VALUES ("132","300","2017-09-26 06:19:18");


INSERT INTO user (id, first_name, last_name, username, email, password, birthdate, gender, orientation, bio, country, state, city, zip, file_1, file_2, file_3, file_4, file_5, score, token, token_date, active, register, created_at, updated_at) VALUES ("301","Ansel","Swaniawski","eleanore33","kaley05@hotmail.com","$2y$10$dDU8CDFV5Cm09OzObWFMT.g9vWO80lmmaWzQrbTlOw/GCf7MuMOme","1989-02-09 09:45:42","2","2","Molestiae labore voluptatem aut expedita voluptatem. Omnis et eos consequuntur voluptas numquam velit eligendi. Sed aliquid ullam accusamus.","Antigua and Barbuda","","Joshuahtown","39294","../fixtures/female8.jpg","../fixtures/female4.jpg","","","","56","f2c042483207daa7393b1de9a7926612","1984-12-06 04:54:17","1","1","1970-04-14 10:59:22","1978-03-10 19:06:37");
INSERT INTO user_tag (user_id, tag_id) VALUES ("301","25");
INSERT INTO user_tag (user_id, tag_id) VALUES ("301","19");
INSERT INTO user_tag (user_id, tag_id) VALUES ("301","38");
INSERT INTO user_tag (user_id, tag_id) VALUES ("301","1");
INSERT INTO user_tag (user_id, tag_id) VALUES ("301","19");
INSERT INTO user_tag (user_id, tag_id) VALUES ("301","50");

INSERT INTO connected (user_id, connect_date) VALUES ("301","2017-09-26 13:27:53");
INSERT INTO likes (like_id, liked_id, like_date) VALUES ("134","301","2017-12-09 06:57:56");
INSERT INTO likes (like_id, liked_id, like_date) VALUES ("254","301","2017-12-21 02:20:16");
INSERT INTO likes (like_id, liked_id, like_date) VALUES ("469","301","2017-10-21 14:39:55");
INSERT INTO likes (like_id, liked_id, like_date) VALUES ("112","301","2017-06-08 15:40:21");
INSERT INTO likes (like_id, liked_id, like_date) VALUES ("130","301","2018-02-13 22:57:55");
INSERT INTO likes (like_id, liked_id, like_date) VALUES ("361","301","2017-12-31 10:11:12");
INSERT INTO likes (like_id, liked_id, like_date) VALUES ("27","301","2017-11-28 23:58:09");
INSERT INTO likes (like_id, liked_id, like_date) VALUES ("267","301","2017-03-18 15:28:02");
INSERT INTO likes (like_id, liked_id, like_date) VALUES ("167","301","2017-12-24 16:05:25");
INSERT INTO likes (like_id, liked_id, like_date) VALUES ("250","301","2017-11-18 04:07:16");
INSERT INTO likes (like_id, liked_id, like_date) VALUES ("290","301","2017-10-12 13:06:01");
INSERT INTO likes (like_id, liked_id, like_date) VALUES ("191","301","2017-07-15 04:06:02");
INSERT INTO likes (like_id, liked_id, like_date) VALUES ("122","301","2018-02-02 16:07:47");
INSERT INTO likes (like_id, liked_id, like_date) VALUES ("335","301","2017-06-01 07:49:24");
INSERT INTO likes (like_id, liked_id, like_date) VALUES ("185","301","2017-06-24 04:25:54");
INSERT INTO views (viewer_id, viewed_id, view_date) VALUES ("418","301","2017-08-09 22:17:33");
INSERT INTO views (viewer_id, viewed_id, view_date) VALUES ("115","301","2017-06-03 21:15:17");
INSERT INTO views (viewer_id, viewed_id, view_date) VALUES ("72","301","2017-04-08 02:05:14");
INSERT INTO views (viewer_id, viewed_id, view_date) VALUES ("260","301","2017-10-10 07:31:06");
INSERT INTO views (viewer_id, viewed_id, view_date) VALUES ("398","301","2017-02-25 17:32:43");
INSERT INTO views (viewer_id, viewed_id, view_date) VALUES ("307","301","2017-07-25 18:09:35");
INSERT INTO views (viewer_id, viewed_id, view_date) VALUES ("278","301","2017-12-26 07:00:33");
INSERT INTO views (viewer_id, viewed_id, view_date) VALUES ("94","301","2017-07-26 03:37:53");
INSERT INTO views (viewer_id, viewed_id, view_date) VALUES ("196","301","2017-10-18 01:56:53");
INSERT INTO views (viewer_id, viewed_id, view_date) VALUES ("485","301","2017-12-04 13:27:51");
INSERT INTO views (viewer_id, viewed_id, view_date) VALUES ("43","301","2017-10-04 00:24:24");
INSERT INTO views (viewer_id, viewed_id, view_date) VALUES ("373","301","2017-10-01 08:01:18");
INSERT INTO views (viewer_id, viewed_id, view_date) VALUES ("77","301","2017-06-01 17:19:43");
INSERT INTO views (viewer_id, viewed_id, view_date) VALUES ("12","301","2017-10-20 20:26:17");
INSERT INTO views (viewer_id, viewed_id, view_date) VALUES ("478","301","2017-05-28 16:28:16");
INSERT INTO views (viewer_id, viewed_id, view_date) VALUES ("473","301","2017-10-03 07:20:47");
INSERT INTO views (viewer_id, viewed_id, view_date) VALUES ("97","301","2017-04-17 00:43:15");
INSERT INTO views (viewer_id, viewed_id, view_date) VALUES ("135","301","2017-11-29 20:16:15");
INSERT INTO views (viewer_id, viewed_id, view_date) VALUES ("354","301","2017-08-05 22:14:36");


INSERT INTO user (id, first_name, last_name, username, email, password, birthdate, gender, orientation, bio, country, state, city, zip, file_1, file_2, file_3, file_4, file_5, score, token, token_date, active, register, created_at, updated_at) VALUES ("302","Baby","Morar","tjones","kozey.chelsey@hotmail.com","$2y$10$FWfS/qjFCJqwtsPIlH6JBuJNck8BpAZtnHczS8TClkzESmtS0xhGq","1996-09-10 19:42:36","2","3","Sunt dolores atque quod. Quibusdam nemo sed voluptatem dignissimos aliquam atque vel. Fugit harum atque ut consectetur sapiente nemo.","Pitcairn Islands","","Bartellborough","76396","../fixtures/female8.jpg","../fixtures/female6.jpg","../fixtures/female6.jpg","../fixtures/female3.jpg","../fixtures/female5.jpg","49","30f5a4aceadc1d282c9a3ba787904102","1982-09-26 02:37:04","1","1","1987-07-01 10:58:19","1983-10-09 15:36:29");
INSERT INTO user_tag (user_id, tag_id) VALUES ("302","47");
INSERT INTO user_tag (user_id, tag_id) VALUES ("302","50");
INSERT INTO user_tag (user_id, tag_id) VALUES ("302","44");
INSERT INTO user_tag (user_id, tag_id) VALUES ("302","24");
INSERT INTO user_tag (user_id, tag_id) VALUES ("302","33");
INSERT INTO user_tag (user_id, tag_id) VALUES ("302","43");
INSERT INTO user_tag (user_id, tag_id) VALUES ("302","11");
INSERT INTO user_tag (user_id, tag_id) VALUES ("302","4");
INSERT INTO user_tag (user_id, tag_id) VALUES ("302","5");
INSERT INTO user_tag (user_id, tag_id) VALUES ("302","17");
INSERT INTO user_tag (user_id, tag_id) VALUES ("302","31");
INSERT INTO user_tag (user_id, tag_id) VALUES ("302","29");
INSERT INTO user_tag (user_id, tag_id) VALUES ("302","27");
INSERT INTO user_tag (user_id, tag_id) VALUES ("302","41");
INSERT INTO user_tag (user_id, tag_id) VALUES ("302","19");

INSERT INTO connected (user_id, connect_date) VALUES ("302","2018-01-16 18:47:56");
INSERT INTO likes (like_id, liked_id, like_date) VALUES ("88","302","2017-07-15 20:39:37");
INSERT INTO likes (like_id, liked_id, like_date) VALUES ("428","302","2017-08-22 21:46:35");
INSERT INTO likes (like_id, liked_id, like_date) VALUES ("457","302","2017-11-10 11:50:58");
INSERT INTO likes (like_id, liked_id, like_date) VALUES ("376","302","2017-06-21 20:31:48");
INSERT INTO likes (like_id, liked_id, like_date) VALUES ("160","302","2017-09-30 10:11:01");
INSERT INTO likes (like_id, liked_id, like_date) VALUES ("250","302","2017-08-06 17:25:35");
INSERT INTO likes (like_id, liked_id, like_date) VALUES ("250","302","2017-04-28 10:59:01");
INSERT INTO likes (like_id, liked_id, like_date) VALUES ("187","302","2017-06-18 22:19:55");
INSERT INTO likes (like_id, liked_id, like_date) VALUES ("203","302","2017-03-13 05:21:16");
INSERT INTO likes (like_id, liked_id, like_date) VALUES ("250","302","2018-01-17 18:14:01");
INSERT INTO likes (like_id, liked_id, like_date) VALUES ("30","302","2017-04-07 08:51:58");
INSERT INTO likes (like_id, liked_id, like_date) VALUES ("298","302","2017-06-22 07:05:29");
INSERT INTO likes (like_id, liked_id, like_date) VALUES ("445","302","2017-12-28 22:58:26");
INSERT INTO likes (like_id, liked_id, like_date) VALUES ("264","302","2017-04-22 22:43:15");
INSERT INTO likes (like_id, liked_id, like_date) VALUES ("88","302","2017-03-20 21:42:57");
INSERT INTO likes (like_id, liked_id, like_date) VALUES ("196","302","2017-12-15 14:07:09");
INSERT INTO views (viewer_id, viewed_id, view_date) VALUES ("307","302","2017-07-03 12:08:23");
INSERT INTO views (viewer_id, viewed_id, view_date) VALUES ("75","302","2017-08-25 07:52:10");
INSERT INTO views (viewer_id, viewed_id, view_date) VALUES ("21","302","2017-04-16 19:19:55");
INSERT INTO views (viewer_id, viewed_id, view_date) VALUES ("440","302","2017-11-26 20:01:16");
INSERT INTO views (viewer_id, viewed_id, view_date) VALUES ("299","302","2017-12-17 06:21:57");
INSERT INTO views (viewer_id, viewed_id, view_date) VALUES ("22","302","2017-08-03 13:43:22");
INSERT INTO views (viewer_id, viewed_id, view_date) VALUES ("288","302","2017-04-14 08:40:08");
INSERT INTO views (viewer_id, viewed_id, view_date) VALUES ("290","302","2017-04-15 12:34:40");
INSERT INTO views (viewer_id, viewed_id, view_date) VALUES ("22","302","2017-11-27 22:33:02");
INSERT INTO views (viewer_id, viewed_id, view_date) VALUES ("246","302","2017-03-17 10:36:39");
INSERT INTO views (viewer_id, viewed_id, view_date) VALUES ("43","302","2018-01-21 04:23:45");
INSERT INTO views (viewer_id, viewed_id, view_date) VALUES ("489","302","2017-10-22 07:00:34");
INSERT INTO views (viewer_id, viewed_id, view_date) VALUES ("139","302","2017-03-29 18:05:29");
INSERT INTO views (viewer_id, viewed_id, view_date) VALUES ("74","302","2017-11-25 18:28:02");
INSERT INTO views (viewer_id, viewed_id, view_date) VALUES ("8","302","2017-02-23 02:30:16");
INSERT INTO views (viewer_id, viewed_id, view_date) VALUES ("280","302","2017-07-10 23:34:50");
INSERT INTO views (viewer_id, viewed_id, view_date) VALUES ("234","302","2017-12-10 06:03:38");
INSERT INTO views (viewer_id, viewed_id, view_date) VALUES ("247","302","2018-01-19 13:31:38");
INSERT INTO views (viewer_id, viewed_id, view_date) VALUES ("403","302","2017-07-12 02:29:17");
INSERT INTO views (viewer_id, viewed_id, view_date) VALUES ("220","302","2017-03-29 05:35:02");
INSERT INTO views (viewer_id, viewed_id, view_date) VALUES ("200","302","2018-01-17 23:24:55");
INSERT INTO views (viewer_id, viewed_id, view_date) VALUES ("147","302","2017-07-24 09:36:59");


INSERT INTO user (id, first_name, last_name, username, email, password, birthdate, gender, orientation, bio, country, state, city, zip, file_1, file_2, file_3, file_4, file_5, score, token, token_date, active, register, created_at, updated_at) VALUES ("303","Jerome","Shields","ethelyn56","uhyatt@miller.com","$2y$10$8TOXQE3ZSgRPUuXkl0pWO.bSHr.n0vpc2072.8B.eiNLcQGQQypbe","1964-07-24 01:13:12","2","2","Dolore eos ea autem voluptas provident. Quaerat odio nemo voluptatem.","American Samoa","","Port Verdie","69933","../fixtures/female7.jpg","../fixtures/female7.jpg","../fixtures/female5.jpg","../fixtures/female3.jpg","","84","6df1dae9cb6f4115c8a45bdc13f0c91a","2016-11-24 15:34:27","1","1","1999-06-28 12:03:48","1990-08-09 01:58:10");
INSERT INTO user_tag (user_id, tag_id) VALUES ("303","17");
INSERT INTO user_tag (user_id, tag_id) VALUES ("303","43");
INSERT INTO user_tag (user_id, tag_id) VALUES ("303","13");
INSERT INTO user_tag (user_id, tag_id) VALUES ("303","17");
INSERT INTO user_tag (user_id, tag_id) VALUES ("303","3");
INSERT INTO user_tag (user_id, tag_id) VALUES ("303","28");
INSERT INTO user_tag (user_id, tag_id) VALUES ("303","7");
INSERT INTO user_tag (user_id, tag_id) VALUES ("303","29");
INSERT INTO user_tag (user_id, tag_id) VALUES ("303","10");
INSERT INTO user_tag (user_id, tag_id) VALUES ("303","5");
INSERT INTO user_tag (user_id, tag_id) VALUES ("303","40");
INSERT INTO user_tag (user_id, tag_id) VALUES ("303","9");
INSERT INTO user_tag (user_id, tag_id) VALUES ("303","50");
INSERT INTO user_tag (user_id, tag_id) VALUES ("303","31");

INSERT INTO connected (user_id, connect_date) VALUES ("303","2017-03-14 11:56:01");
INSERT INTO likes (like_id, liked_id, like_date) VALUES ("437","303","2017-10-19 19:20:32");
INSERT INTO likes (like_id, liked_id, like_date) VALUES ("71","303","2017-02-28 10:21:58");
INSERT INTO likes (like_id, liked_id, like_date) VALUES ("373","303","2017-06-24 02:30:50");
INSERT INTO likes (like_id, liked_id, like_date) VALUES ("304","303","2018-01-25 00:30:07");
INSERT INTO likes (like_id, liked_id, like_date) VALUES ("164","303","2017-10-16 12:40:24");
INSERT INTO views (viewer_id, viewed_id, view_date) VALUES ("248","303","2018-01-29 22:55:16");
INSERT INTO views (viewer_id, viewed_id, view_date) VALUES ("450","303","2017-08-12 10:11:27");
INSERT INTO views (viewer_id, viewed_id, view_date) VALUES ("192","303","2017-08-22 13:00:43");
INSERT INTO views (viewer_id, viewed_id, view_date) VALUES ("45","303","2017-05-28 23:48:28");
INSERT INTO views (viewer_id, viewed_id, view_date) VALUES ("416","303","2017-04-27 00:35:26");
INSERT INTO views (viewer_id, viewed_id, view_date) VALUES ("52","303","2017-03-28 18:08:39");
INSERT INTO views (viewer_id, viewed_id, view_date) VALUES ("429","303","2018-01-25 03:42:20");
INSERT INTO views (viewer_id, viewed_id, view_date) VALUES ("274","303","2017-12-11 00:37:46");
INSERT INTO views (viewer_id, viewed_id, view_date) VALUES ("8","303","2017-10-21 22:04:33");
INSERT INTO views (viewer_id, viewed_id, view_date) VALUES ("418","303","2017-10-11 17:30:25");
INSERT INTO views (viewer_id, viewed_id, view_date) VALUES ("464","303","2017-11-26 21:16:36");
INSERT INTO views (viewer_id, viewed_id, view_date) VALUES ("52","303","2017-02-27 00:10:46");
INSERT INTO views (viewer_id, viewed_id, view_date) VALUES ("85","303","2017-10-07 05:11:23");
INSERT INTO views (viewer_id, viewed_id, view_date) VALUES ("498","303","2017-09-13 23:23:35");
INSERT INTO views (viewer_id, viewed_id, view_date) VALUES ("37","303","2017-09-09 21:17:48");
INSERT INTO views (viewer_id, viewed_id, view_date) VALUES ("357","303","2018-01-03 05:11:52");
INSERT INTO views (viewer_id, viewed_id, view_date) VALUES ("48","303","2017-03-12 09:49:57");
INSERT INTO views (viewer_id, viewed_id, view_date) VALUES ("294","303","2017-12-01 00:54:11");
INSERT INTO views (viewer_id, viewed_id, view_date) VALUES ("180","303","2017-04-10 23:59:27");
INSERT INTO views (viewer_id, viewed_id, view_date) VALUES ("370","303","2017-11-21 00:29:34");
INSERT INTO views (viewer_id, viewed_id, view_date) VALUES ("347","303","2017-11-11 05:17:54");


INSERT INTO user (id, first_name, last_name, username, email, password, birthdate, gender, orientation, bio, country, state, city, zip, file_1, file_2, file_3, file_4, file_5, score, token, token_date, active, register, created_at, updated_at) VALUES ("304","Rose","Rempel","lenorestracke","von.adriana@harvey.com","$2y$10$jW3xOEDONj.KXMdRatWTa.ETukIj6dEZpXYB7P10z6Vx1SuL2Xb1.","1977-10-04 11:24:29","2","3","Aut omnis repudiandae voluptates aut itaque impedit. Qui odit ullam voluptatem rerum cupiditate sunt. Facere est possimus aut est. Sint rem odit dolore veritatis.","Guatemala","","Lake Shanny","37250","../fixtures/female6.jpg","../fixtures/female3.jpg","../fixtures/female8.jpg","../fixtures/female5.jpg","","28","21d95003b23e2b54e08bbce8249c9255","1994-04-02 21:12:17","0","0","2005-10-03 17:05:17","2007-03-26 16:33:51");
INSERT INTO user_tag (user_id, tag_id) VALUES ("304","21");
INSERT INTO user_tag (user_id, tag_id) VALUES ("304","3");
INSERT INTO user_tag (user_id, tag_id) VALUES ("304","6");
INSERT INTO user_tag (user_id, tag_id) VALUES ("304","17");
INSERT INTO user_tag (user_id, tag_id) VALUES ("304","6");
INSERT INTO user_tag (user_id, tag_id) VALUES ("304","27");
INSERT INTO user_tag (user_id, tag_id) VALUES ("304","49");
INSERT INTO user_tag (user_id, tag_id) VALUES ("304","41");

INSERT INTO connected (user_id, connect_date) VALUES ("304","2017-12-29 03:39:22");
INSERT INTO likes (like_id, liked_id, like_date) VALUES ("364","304","2017-05-18 22:26:10");
INSERT INTO likes (like_id, liked_id, like_date) VALUES ("239","304","2017-10-14 14:55:10");
INSERT INTO likes (like_id, liked_id, like_date) VALUES ("239","304","2017-07-20 18:02:36");
INSERT INTO likes (like_id, liked_id, like_date) VALUES ("411","304","2018-01-28 18:45:21");
INSERT INTO likes (like_id, liked_id, like_date) VALUES ("21","304","2017-05-12 12:06:58");
INSERT INTO likes (like_id, liked_id, like_date) VALUES ("398","304","2017-04-22 07:36:09");
INSERT INTO likes (like_id, liked_id, like_date) VALUES ("269","304","2017-08-20 06:30:22");
INSERT INTO likes (like_id, liked_id, like_date) VALUES ("382","304","2017-10-06 10:24:33");
INSERT INTO views (viewer_id, viewed_id, view_date) VALUES ("196","304","2017-08-26 00:22:07");
INSERT INTO views (viewer_id, viewed_id, view_date) VALUES ("309","304","2017-09-03 16:02:48");
INSERT INTO views (viewer_id, viewed_id, view_date) VALUES ("87","304","2018-01-24 10:39:35");
INSERT INTO views (viewer_id, viewed_id, view_date) VALUES ("95","304","2017-09-01 17:57:17");
INSERT INTO views (viewer_id, viewed_id, view_date) VALUES ("123","304","2017-04-11 05:16:45");
INSERT INTO views (viewer_id, viewed_id, view_date) VALUES ("93","304","2017-08-10 22:22:59");
INSERT INTO views (viewer_id, viewed_id, view_date) VALUES ("167","304","2017-07-19 23:41:01");
INSERT INTO views (viewer_id, viewed_id, view_date) VALUES ("287","304","2017-08-29 01:12:00");
INSERT INTO views (viewer_id, viewed_id, view_date) VALUES ("136","304","2017-02-18 20:12:32");
INSERT INTO views (viewer_id, viewed_id, view_date) VALUES ("408","304","2017-05-04 03:44:04");
INSERT INTO views (viewer_id, viewed_id, view_date) VALUES ("381","304","2017-03-22 21:56:47");


INSERT INTO user (id, first_name, last_name, username, email, password, birthdate, gender, orientation, bio, country, state, city, zip, file_1, file_2, file_3, file_4, file_5, score, token, token_date, active, register, created_at, updated_at) VALUES ("305","Jabari","Wintheiser","rosenbaummichael","cassandre.green@yahoo.com","$2y$10$rqnDr3PBVfNnPQVhyfVqU.iZ6zJTjFwUNa5fQUauRV1zpw538sL4S","1987-11-23 13:44:20","1","3","Dolorum consectetur similique ex est expedita repellat in amet. Omnis dolor culpa non et delectus voluptatem. Optio ea ut et fugit quibusdam nesciunt consequatur. Eius est ut dolorum ratione ab enim non. Necessitatibus magnam officia distinctio.","French Polynesia","","West Logan","33096-9254","../fixtures/male10.jpg","","","","","29","59bcd22e7a6ecb85b5d10fae765faadd","2005-01-11 19:51:25","1","1","1974-08-11 16:18:12","1976-09-28 01:03:48");
INSERT INTO user_tag (user_id, tag_id) VALUES ("305","44");
INSERT INTO user_tag (user_id, tag_id) VALUES ("305","5");
INSERT INTO user_tag (user_id, tag_id) VALUES ("305","31");

INSERT INTO connected (user_id, connect_date) VALUES ("305","2017-11-21 21:56:48");
INSERT INTO likes (like_id, liked_id, like_date) VALUES ("96","305","2017-03-14 10:40:23");
INSERT INTO likes (like_id, liked_id, like_date) VALUES ("34","305","2017-03-21 21:43:21");
INSERT INTO likes (like_id, liked_id, like_date) VALUES ("204","305","2017-04-17 09:01:06");
INSERT INTO likes (like_id, liked_id, like_date) VALUES ("103","305","2017-09-06 19:35:08");
INSERT INTO likes (like_id, liked_id, like_date) VALUES ("209","305","2017-03-21 13:51:18");
INSERT INTO likes (like_id, liked_id, like_date) VALUES ("392","305","2018-01-20 19:58:04");
INSERT INTO likes (like_id, liked_id, like_date) VALUES ("57","305","2017-08-01 02:57:09");
INSERT INTO likes (like_id, liked_id, like_date) VALUES ("177","305","2017-07-10 10:20:03");
INSERT INTO likes (like_id, liked_id, like_date) VALUES ("452","305","2017-06-17 15:18:27");
INSERT INTO views (viewer_id, viewed_id, view_date) VALUES ("104","305","2017-06-08 05:35:14");
INSERT INTO views (viewer_id, viewed_id, view_date) VALUES ("332","305","2017-07-04 02:11:38");
INSERT INTO views (viewer_id, viewed_id, view_date) VALUES ("456","305","2017-12-06 05:47:04");
INSERT INTO views (viewer_id, viewed_id, view_date) VALUES ("70","305","2017-12-15 16:37:42");
INSERT INTO views (viewer_id, viewed_id, view_date) VALUES ("470","305","2018-01-04 17:33:39");
INSERT INTO views (viewer_id, viewed_id, view_date) VALUES ("346","305","2017-05-04 22:12:27");
INSERT INTO views (viewer_id, viewed_id, view_date) VALUES ("97","305","2017-03-08 16:24:46");
INSERT INTO views (viewer_id, viewed_id, view_date) VALUES ("149","305","2017-05-28 13:41:52");
INSERT INTO views (viewer_id, viewed_id, view_date) VALUES ("162","305","2017-08-05 08:31:02");


INSERT INTO user (id, first_name, last_name, username, email, password, birthdate, gender, orientation, bio, country, state, city, zip, file_1, file_2, file_3, file_4, file_5, score, token, token_date, active, register, created_at, updated_at) VALUES ("306","Justine","Huels","hansenraphael","alisha.fritsch@cronin.biz","$2y$10$otYBn..AE3CEwBqqFyS8ouz2dYoe4WzDyBAUTL/gF7qj9E0OY1l.S","1974-07-18 08:55:34","1","3","Doloremque exercitationem molestias ut. Error culpa sed voluptatem. Aperiam rerum et dolor aliquam aliquam. Cum omnis debitis rerum voluptas.","Kuwait","","Cristside","25916-2507","../fixtures/male5.jpg","../fixtures/male7.jpg","../fixtures/male1.jpg","../fixtures/male1.jpg","../fixtures/male9.jpg","16","c0d2b432ad23f2ed2cb8134b8a7b51ca","1986-03-20 12:30:52","0","0","1975-08-06 13:24:09","1979-10-12 05:13:37");
INSERT INTO user_tag (user_id, tag_id) VALUES ("306","41");
INSERT INTO user_tag (user_id, tag_id) VALUES ("306","17");
INSERT INTO user_tag (user_id, tag_id) VALUES ("306","26");
INSERT INTO user_tag (user_id, tag_id) VALUES ("306","4");
INSERT INTO user_tag (user_id, tag_id) VALUES ("306","36");
INSERT INTO user_tag (user_id, tag_id) VALUES ("306","44");
INSERT INTO user_tag (user_id, tag_id) VALUES ("306","37");

INSERT INTO connected (user_id, connect_date) VALUES ("306","2017-03-10 01:14:01");
INSERT INTO likes (like_id, liked_id, like_date) VALUES ("110","306","2017-05-27 15:40:32");
INSERT INTO likes (like_id, liked_id, like_date) VALUES ("469","306","2018-01-15 06:15:21");
INSERT INTO likes (like_id, liked_id, like_date) VALUES ("6","306","2017-07-02 21:43:19");
INSERT INTO likes (like_id, liked_id, like_date) VALUES ("271","306","2017-07-02 05:15:12");
INSERT INTO likes (like_id, liked_id, like_date) VALUES ("44","306","2017-09-04 01:00:10");
INSERT INTO likes (like_id, liked_id, like_date) VALUES ("375","306","2017-06-09 04:55:13");
INSERT INTO likes (like_id, liked_id, like_date) VALUES ("244","306","2017-10-22 11:18:17");
INSERT INTO likes (like_id, liked_id, like_date) VALUES ("478","306","2018-01-17 16:36:10");
INSERT INTO likes (like_id, liked_id, like_date) VALUES ("54","306","2018-01-29 04:30:30");
INSERT INTO likes (like_id, liked_id, like_date) VALUES ("138","306","2017-10-26 07:57:05");
INSERT INTO likes (like_id, liked_id, like_date) VALUES ("141","306","2017-05-23 03:00:59");
INSERT INTO likes (like_id, liked_id, like_date) VALUES ("315","306","2018-01-20 11:31:01");
INSERT INTO likes (like_id, liked_id, like_date) VALUES ("130","306","2017-06-22 15:59:54");
INSERT INTO likes (like_id, liked_id, like_date) VALUES ("45","306","2017-07-08 05:17:53");
INSERT INTO likes (like_id, liked_id, like_date) VALUES ("68","306","2017-07-12 23:09:57");
INSERT INTO likes (like_id, liked_id, like_date) VALUES ("228","306","2017-11-13 11:12:23");
INSERT INTO views (viewer_id, viewed_id, view_date) VALUES ("302","306","2018-01-25 11:58:45");
INSERT INTO views (viewer_id, viewed_id, view_date) VALUES ("312","306","2017-11-06 10:47:10");
INSERT INTO views (viewer_id, viewed_id, view_date) VALUES ("333","306","2017-07-16 08:54:50");
INSERT INTO views (viewer_id, viewed_id, view_date) VALUES ("452","306","2017-12-18 21:20:29");
INSERT INTO views (viewer_id, viewed_id, view_date) VALUES ("141","306","2017-04-22 02:50:40");
INSERT INTO views (viewer_id, viewed_id, view_date) VALUES ("287","306","2017-10-14 17:34:05");
INSERT INTO views (viewer_id, viewed_id, view_date) VALUES ("403","306","2018-02-07 00:48:36");
INSERT INTO views (viewer_id, viewed_id, view_date) VALUES ("381","306","2017-07-16 08:30:33");
INSERT INTO views (viewer_id, viewed_id, view_date) VALUES ("365","306","2017-12-18 17:34:44");
INSERT INTO views (viewer_id, viewed_id, view_date) VALUES ("431","306","2017-12-12 00:50:48");
INSERT INTO views (viewer_id, viewed_id, view_date) VALUES ("323","306","2017-05-30 21:51:57");
INSERT INTO views (viewer_id, viewed_id, view_date) VALUES ("487","306","2017-03-09 10:15:33");
INSERT INTO views (viewer_id, viewed_id, view_date) VALUES ("284","306","2018-01-26 12:25:16");
INSERT INTO views (viewer_id, viewed_id, view_date) VALUES ("446","306","2018-01-26 04:15:29");


INSERT INTO user (id, first_name, last_name, username, email, password, birthdate, gender, orientation, bio, country, state, city, zip, file_1, file_2, file_3, file_4, file_5, score, token, token_date, active, register, created_at, updated_at) VALUES ("307","Ryann","Crist","hconsidine","fay47@gmail.com","$2y$10$FTtKHCMyKV11Q0HhJqWofugAF1zciYv/qvAyxXacQSftiD3TJG2aq","1957-03-20 06:20:48","1","2","Quia quod beatae repudiandae nesciunt. Est exercitationem qui doloribus provident qui totam. Perspiciatis vel saepe facere amet corporis.","Liechtenstein","","East Rigobertoshire","37734","../fixtures/male1.jpg","../fixtures/male1.jpg","../fixtures/male10.jpg","","","65","004098b11be2460145a547ba84210d92","1998-12-11 08:09:10","1","1","1978-04-24 18:17:29","1996-04-13 22:13:04");
INSERT INTO user_tag (user_id, tag_id) VALUES ("307","4");
INSERT INTO user_tag (user_id, tag_id) VALUES ("307","30");
INSERT INTO user_tag (user_id, tag_id) VALUES ("307","9");
INSERT INTO user_tag (user_id, tag_id) VALUES ("307","44");
INSERT INTO user_tag (user_id, tag_id) VALUES ("307","19");
INSERT INTO user_tag (user_id, tag_id) VALUES ("307","39");
INSERT INTO user_tag (user_id, tag_id) VALUES ("307","6");
INSERT INTO user_tag (user_id, tag_id) VALUES ("307","40");
INSERT INTO user_tag (user_id, tag_id) VALUES ("307","28");
INSERT INTO user_tag (user_id, tag_id) VALUES ("307","44");
INSERT INTO user_tag (user_id, tag_id) VALUES ("307","13");

INSERT INTO connected (user_id, connect_date) VALUES ("307","2017-07-24 22:34:47");
INSERT INTO likes (like_id, liked_id, like_date) VALUES ("493","307","2017-09-14 22:03:14");
INSERT INTO likes (like_id, liked_id, like_date) VALUES ("178","307","2017-08-22 06:36:10");
INSERT INTO likes (like_id, liked_id, like_date) VALUES ("17","307","2017-11-16 11:36:25");
INSERT INTO likes (like_id, liked_id, like_date) VALUES ("77","307","2017-03-30 00:32:30");
INSERT INTO views (viewer_id, viewed_id, view_date) VALUES ("81","307","2018-02-07 06:39:19");
INSERT INTO views (viewer_id, viewed_id, view_date) VALUES ("284","307","2017-07-19 11:13:11");
INSERT INTO views (viewer_id, viewed_id, view_date) VALUES ("472","307","2017-06-23 08:58:15");
INSERT INTO views (viewer_id, viewed_id, view_date) VALUES ("95","307","2017-08-26 15:55:40");
INSERT INTO views (viewer_id, viewed_id, view_date) VALUES ("33","307","2017-06-22 01:01:06");
INSERT INTO views (viewer_id, viewed_id, view_date) VALUES ("459","307","2017-03-12 09:34:54");
INSERT INTO views (viewer_id, viewed_id, view_date) VALUES ("322","307","2017-02-21 05:56:52");
INSERT INTO views (viewer_id, viewed_id, view_date) VALUES ("313","307","2017-02-20 19:37:54");
INSERT INTO views (viewer_id, viewed_id, view_date) VALUES ("256","307","2017-09-28 13:39:32");
INSERT INTO views (viewer_id, viewed_id, view_date) VALUES ("494","307","2017-10-16 05:49:00");
INSERT INTO views (viewer_id, viewed_id, view_date) VALUES ("184","307","2017-06-09 01:05:33");
INSERT INTO views (viewer_id, viewed_id, view_date) VALUES ("54","307","2017-03-31 13:50:08");
INSERT INTO views (viewer_id, viewed_id, view_date) VALUES ("315","307","2017-05-10 13:21:55");
INSERT INTO views (viewer_id, viewed_id, view_date) VALUES ("397","307","2017-12-17 00:08:59");
INSERT INTO views (viewer_id, viewed_id, view_date) VALUES ("318","307","2017-09-04 20:10:47");
INSERT INTO views (viewer_id, viewed_id, view_date) VALUES ("353","307","2017-10-18 13:37:17");
INSERT INTO views (viewer_id, viewed_id, view_date) VALUES ("216","307","2017-09-08 19:19:52");
INSERT INTO views (viewer_id, viewed_id, view_date) VALUES ("421","307","2017-02-21 04:31:30");
INSERT INTO views (viewer_id, viewed_id, view_date) VALUES ("70","307","2017-05-17 09:18:29");
INSERT INTO views (viewer_id, viewed_id, view_date) VALUES ("202","307","2017-06-03 17:54:45");
INSERT INTO views (viewer_id, viewed_id, view_date) VALUES ("203","307","2017-05-01 10:21:13");
INSERT INTO views (viewer_id, viewed_id, view_date) VALUES ("93","307","2018-01-29 16:50:11");
INSERT INTO views (viewer_id, viewed_id, view_date) VALUES ("147","307","2017-07-21 03:55:42");
INSERT INTO views (viewer_id, viewed_id, view_date) VALUES ("323","307","2017-05-20 03:43:49");
INSERT INTO views (viewer_id, viewed_id, view_date) VALUES ("294","307","2017-09-11 18:14:29");
INSERT INTO views (viewer_id, viewed_id, view_date) VALUES ("403","307","2017-07-16 15:24:30");
INSERT INTO views (viewer_id, viewed_id, view_date) VALUES ("289","307","2017-10-14 05:04:23");
INSERT INTO views (viewer_id, viewed_id, view_date) VALUES ("434","307","2017-10-25 09:48:38");
INSERT INTO views (viewer_id, viewed_id, view_date) VALUES ("363","307","2017-07-09 17:35:33");
INSERT INTO views (viewer_id, viewed_id, view_date) VALUES ("329","307","2017-12-20 23:09:00");
INSERT INTO views (viewer_id, viewed_id, view_date) VALUES ("397","307","2017-02-20 03:16:47");
INSERT INTO views (viewer_id, viewed_id, view_date) VALUES ("212","307","2017-04-04 12:08:21");
INSERT INTO views (viewer_id, viewed_id, view_date) VALUES ("496","307","2017-07-22 20:59:53");
INSERT INTO views (viewer_id, viewed_id, view_date) VALUES ("401","307","2017-06-16 21:42:18");
INSERT INTO views (viewer_id, viewed_id, view_date) VALUES ("151","307","2018-02-01 19:19:42");


INSERT INTO user (id, first_name, last_name, username, email, password, birthdate, gender, orientation, bio, country, state, city, zip, file_1, file_2, file_3, file_4, file_5, score, token, token_date, active, register, created_at, updated_at) VALUES ("308","Odie","Jones","sylviacarroll","moriah29@kuhn.org","$2y$10$8DtdDEYJV3kBVZAOGRa9pe/kNKTiOfheJxjYZ3DNe/bDcRvHCnia.","1958-08-06 17:21:50","1","3","Est delectus velit at vitae et dolorum voluptatem. Quas officiis amet iure praesentium maiores mollitia doloremque. Autem odio at nemo consectetur laboriosam qui ut ipsam. Nostrum qui quis odio nam.","British Virgin Islands","","Coyton","82979","../fixtures/male3.jpg","","","","","0","a753ad265654984eb0fbae751060cabc","1994-09-05 20:39:38","1","0","2004-07-26 17:00:02","1993-02-26 03:54:00");
INSERT INTO user_tag (user_id, tag_id) VALUES ("308","48");
INSERT INTO user_tag (user_id, tag_id) VALUES ("308","31");
INSERT INTO user_tag (user_id, tag_id) VALUES ("308","5");

INSERT INTO connected (user_id, connect_date) VALUES ("308","2017-08-02 11:26:56");
INSERT INTO likes (like_id, liked_id, like_date) VALUES ("228","308","2017-07-10 00:14:17");
INSERT INTO likes (like_id, liked_id, like_date) VALUES ("422","308","2017-11-03 16:46:02");
INSERT INTO likes (like_id, liked_id, like_date) VALUES ("83","308","2018-02-05 21:25:19");
INSERT INTO likes (like_id, liked_id, like_date) VALUES ("229","308","2017-07-30 08:00:37");
INSERT INTO likes (like_id, liked_id, like_date) VALUES ("438","308","2017-06-12 23:33:19");
INSERT INTO likes (like_id, liked_id, like_date) VALUES ("404","308","2017-07-16 22:51:34");
INSERT INTO likes (like_id, liked_id, like_date) VALUES ("398","308","2017-07-20 22:54:11");
INSERT INTO likes (like_id, liked_id, like_date) VALUES ("204","308","2017-09-21 11:25:08");
INSERT INTO likes (like_id, liked_id, like_date) VALUES ("339","308","2017-03-17 09:43:44");
INSERT INTO likes (like_id, liked_id, like_date) VALUES ("24","308","2017-07-09 16:32:12");
INSERT INTO likes (like_id, liked_id, like_date) VALUES ("365","308","2017-08-25 18:27:23");
INSERT INTO likes (like_id, liked_id, like_date) VALUES ("141","308","2017-07-16 03:49:45");
INSERT INTO likes (like_id, liked_id, like_date) VALUES ("91","308","2017-03-02 19:27:43");
INSERT INTO likes (like_id, liked_id, like_date) VALUES ("217","308","2017-06-07 10:50:43");
INSERT INTO likes (like_id, liked_id, like_date) VALUES ("243","308","2017-07-20 06:51:49");
INSERT INTO likes (like_id, liked_id, like_date) VALUES ("241","308","2017-09-07 12:07:38");
INSERT INTO likes (like_id, liked_id, like_date) VALUES ("287","308","2017-02-15 18:40:18");
INSERT INTO likes (like_id, liked_id, like_date) VALUES ("175","308","2017-02-19 19:17:07");
INSERT INTO views (viewer_id, viewed_id, view_date) VALUES ("422","308","2017-07-19 07:17:03");
INSERT INTO views (viewer_id, viewed_id, view_date) VALUES ("237","308","2018-01-30 13:52:35");
INSERT INTO views (viewer_id, viewed_id, view_date) VALUES ("236","308","2017-08-02 20:26:26");
INSERT INTO views (viewer_id, viewed_id, view_date) VALUES ("210","308","2017-03-09 03:16:45");
INSERT INTO views (viewer_id, viewed_id, view_date) VALUES ("52","308","2017-06-10 02:23:20");
INSERT INTO views (viewer_id, viewed_id, view_date) VALUES ("139","308","2017-10-14 01:39:32");
INSERT INTO views (viewer_id, viewed_id, view_date) VALUES ("372","308","2017-09-08 11:22:42");
INSERT INTO views (viewer_id, viewed_id, view_date) VALUES ("488","308","2017-05-12 21:57:33");
INSERT INTO views (viewer_id, viewed_id, view_date) VALUES ("109","308","2017-03-27 09:46:04");
INSERT INTO views (viewer_id, viewed_id, view_date) VALUES ("342","308","2017-03-10 22:17:54");
INSERT INTO views (viewer_id, viewed_id, view_date) VALUES ("160","308","2017-10-29 09:08:06");
INSERT INTO views (viewer_id, viewed_id, view_date) VALUES ("65","308","2017-11-30 19:21:46");
INSERT INTO views (viewer_id, viewed_id, view_date) VALUES ("334","308","2017-12-04 22:58:49");
INSERT INTO views (viewer_id, viewed_id, view_date) VALUES ("258","308","2017-07-26 09:38:25");
INSERT INTO views (viewer_id, viewed_id, view_date) VALUES ("121","308","2018-01-02 09:29:02");
INSERT INTO views (viewer_id, viewed_id, view_date) VALUES ("321","308","2017-02-17 09:35:16");
INSERT INTO views (viewer_id, viewed_id, view_date) VALUES ("492","308","2017-12-04 23:03:03");
INSERT INTO views (viewer_id, viewed_id, view_date) VALUES ("489","308","2017-12-11 19:10:31");


INSERT INTO user (id, first_name, last_name, username, email, password, birthdate, gender, orientation, bio, country, state, city, zip, file_1, file_2, file_3, file_4, file_5, score, token, token_date, active, register, created_at, updated_at) VALUES ("309","Eldred","Durgan","beierelnora","stephany24@yahoo.com","$2y$10$REJyNP3BBZDVrNFtZ0R2..YJLaIfm5CL.5IODo0Jcx6LsIMXfNTlO","1964-03-07 03:17:47","2","1","Nulla minus aspernatur impedit officiis. Quia dolores quas voluptatibus corrupti culpa ducimus. Aut doloremque eos qui.","Tanzania","","Camronchester","65911-0169","../fixtures/female8.jpg","../fixtures/female1.jpg","","","","53","4f7dec502d3eada4f171a6d821bc5d1b","1982-03-21 14:20:01","1","1","1985-08-01 06:15:56","1979-05-07 05:52:26");
INSERT INTO user_tag (user_id, tag_id) VALUES ("309","49");
INSERT INTO user_tag (user_id, tag_id) VALUES ("309","13");
INSERT INTO user_tag (user_id, tag_id) VALUES ("309","24");
INSERT INTO user_tag (user_id, tag_id) VALUES ("309","19");
INSERT INTO user_tag (user_id, tag_id) VALUES ("309","37");
INSERT INTO user_tag (user_id, tag_id) VALUES ("309","13");
INSERT INTO user_tag (user_id, tag_id) VALUES ("309","19");
INSERT INTO user_tag (user_id, tag_id) VALUES ("309","15");
INSERT INTO user_tag (user_id, tag_id) VALUES ("309","39");
INSERT INTO user_tag (user_id, tag_id) VALUES ("309","38");
INSERT INTO user_tag (user_id, tag_id) VALUES ("309","15");
INSERT INTO user_tag (user_id, tag_id) VALUES ("309","22");
INSERT INTO user_tag (user_id, tag_id) VALUES ("309","6");
INSERT INTO user_tag (user_id, tag_id) VALUES ("309","33");

INSERT INTO connected (user_id, connect_date) VALUES ("309","2017-11-22 18:38:28");
INSERT INTO likes (like_id, liked_id, like_date) VALUES ("189","309","2017-08-21 04:30:06");
INSERT INTO likes (like_id, liked_id, like_date) VALUES ("252","309","2017-04-24 02:15:54");
INSERT INTO likes (like_id, liked_id, like_date) VALUES ("425","309","2017-12-17 02:59:33");
INSERT INTO likes (like_id, liked_id, like_date) VALUES ("183","309","2017-11-01 19:58:28");
INSERT INTO likes (like_id, liked_id, like_date) VALUES ("480","309","2017-02-28 09:24:09");
INSERT INTO likes (like_id, liked_id, like_date) VALUES ("288","309","2017-08-28 11:55:36");
INSERT INTO likes (like_id, liked_id, like_date) VALUES ("260","309","2017-11-26 07:07:19");
INSERT INTO likes (like_id, liked_id, like_date) VALUES ("401","309","2017-11-29 03:51:17");
INSERT INTO likes (like_id, liked_id, like_date) VALUES ("148","309","2017-03-19 06:54:23");
INSERT INTO likes (like_id, liked_id, like_date) VALUES ("394","309","2017-03-20 12:07:41");
INSERT INTO likes (like_id, liked_id, like_date) VALUES ("118","309","2017-04-24 21:58:43");
INSERT INTO likes (like_id, liked_id, like_date) VALUES ("422","309","2017-05-17 22:23:07");
INSERT INTO likes (like_id, liked_id, like_date) VALUES ("120","309","2017-06-04 15:18:14");
INSERT INTO views (viewer_id, viewed_id, view_date) VALUES ("357","309","2017-10-15 01:15:15");
INSERT INTO views (viewer_id, viewed_id, view_date) VALUES ("187","309","2017-10-01 13:16:01");
INSERT INTO views (viewer_id, viewed_id, view_date) VALUES ("500","309","2017-05-01 13:24:55");
INSERT INTO views (viewer_id, viewed_id, view_date) VALUES ("3","309","2017-05-24 23:26:30");
INSERT INTO views (viewer_id, viewed_id, view_date) VALUES ("190","309","2017-12-06 22:00:27");
INSERT INTO views (viewer_id, viewed_id, view_date) VALUES ("362","309","2017-10-12 12:08:24");
INSERT INTO views (viewer_id, viewed_id, view_date) VALUES ("219","309","2017-07-16 19:39:38");
INSERT INTO views (viewer_id, viewed_id, view_date) VALUES ("322","309","2017-05-29 00:08:48");
INSERT INTO views (viewer_id, viewed_id, view_date) VALUES ("312","309","2017-02-22 17:14:12");


INSERT INTO user (id, first_name, last_name, username, email, password, birthdate, gender, orientation, bio, country, state, city, zip, file_1, file_2, file_3, file_4, file_5, score, token, token_date, active, register, created_at, updated_at) VALUES ("310","Karelle","Sawayn","franco75","edd.casper@osinski.info","$2y$10$eokL2K65aSCaxoCPcH22Tus6rdfjGqG0Cdk/1oAT6FKblPbXGJY2e","1952-10-08 05:25:42","2","3","Cumque asperiores veritatis iste tenetur praesentium libero. Ut distinctio ipsam ut nesciunt est maxime ullam. Velit et eveniet sed est.","Reunion","","North Bernita","58150","../fixtures/female9.jpg","../fixtures/female4.jpg","../fixtures/female6.jpg","../fixtures/female8.jpg","","93","cabdec15a3ec83a6b748c1939fd0cabe","1994-09-22 21:04:15","1","1","1994-03-04 01:49:25","2002-10-16 11:13:14");
INSERT INTO user_tag (user_id, tag_id) VALUES ("310","40");
INSERT INTO user_tag (user_id, tag_id) VALUES ("310","11");
INSERT INTO user_tag (user_id, tag_id) VALUES ("310","48");
INSERT INTO user_tag (user_id, tag_id) VALUES ("310","31");
INSERT INTO user_tag (user_id, tag_id) VALUES ("310","46");
INSERT INTO user_tag (user_id, tag_id) VALUES ("310","14");
INSERT INTO user_tag (user_id, tag_id) VALUES ("310","44");
INSERT INTO user_tag (user_id, tag_id) VALUES ("310","45");

INSERT INTO connected (user_id, connect_date) VALUES ("310","2017-09-10 02:56:59");
INSERT INTO likes (like_id, liked_id, like_date) VALUES ("478","310","2017-09-30 03:33:40");
INSERT INTO likes (like_id, liked_id, like_date) VALUES ("290","310","2017-10-09 04:14:06");
INSERT INTO likes (like_id, liked_id, like_date) VALUES ("125","310","2017-09-06 02:05:54");
INSERT INTO likes (like_id, liked_id, like_date) VALUES ("83","310","2017-10-27 16:47:12");
INSERT INTO likes (like_id, liked_id, like_date) VALUES ("430","310","2017-04-05 04:14:23");
INSERT INTO likes (like_id, liked_id, like_date) VALUES ("159","310","2018-01-15 07:30:21");
INSERT INTO likes (like_id, liked_id, like_date) VALUES ("249","310","2017-07-08 08:54:30");
INSERT INTO likes (like_id, liked_id, like_date) VALUES ("51","310","2017-08-30 02:50:21");
INSERT INTO likes (like_id, liked_id, like_date) VALUES ("479","310","2018-01-15 20:19:03");
INSERT INTO likes (like_id, liked_id, like_date) VALUES ("291","310","2017-12-11 18:50:14");
INSERT INTO likes (like_id, liked_id, like_date) VALUES ("79","310","2017-11-28 08:12:26");
INSERT INTO likes (like_id, liked_id, like_date) VALUES ("403","310","2017-03-15 18:06:54");
INSERT INTO likes (like_id, liked_id, like_date) VALUES ("21","310","2017-04-12 03:40:43");
INSERT INTO likes (like_id, liked_id, like_date) VALUES ("481","310","2017-11-21 08:39:26");
INSERT INTO likes (like_id, liked_id, like_date) VALUES ("17","310","2017-03-01 06:06:03");
INSERT INTO likes (like_id, liked_id, like_date) VALUES ("116","310","2017-11-15 21:45:25");
INSERT INTO likes (like_id, liked_id, like_date) VALUES ("412","310","2017-03-18 12:38:33");
INSERT INTO views (viewer_id, viewed_id, view_date) VALUES ("162","310","2017-07-10 00:37:24");
INSERT INTO views (viewer_id, viewed_id, view_date) VALUES ("101","310","2018-01-12 04:12:02");
INSERT INTO views (viewer_id, viewed_id, view_date) VALUES ("257","310","2017-09-22 06:26:49");
INSERT INTO views (viewer_id, viewed_id, view_date) VALUES ("394","310","2017-10-16 21:21:27");
INSERT INTO views (viewer_id, viewed_id, view_date) VALUES ("343","310","2017-11-11 17:20:32");
INSERT INTO views (viewer_id, viewed_id, view_date) VALUES ("147","310","2017-06-20 01:48:13");
INSERT INTO views (viewer_id, viewed_id, view_date) VALUES ("8","310","2017-10-31 06:44:10");
INSERT INTO views (viewer_id, viewed_id, view_date) VALUES ("479","310","2017-12-02 12:42:09");
INSERT INTO views (viewer_id, viewed_id, view_date) VALUES ("380","310","2017-09-16 08:54:37");


INSERT INTO user (id, first_name, last_name, username, email, password, birthdate, gender, orientation, bio, country, state, city, zip, file_1, file_2, file_3, file_4, file_5, score, token, token_date, active, register, created_at, updated_at) VALUES ("311","Cameron","Sanford","giovanni43","jenkins.frankie@nikolaus.com","$2y$10$kZcGXHzF0PPQZ/9/f.MZi.0fvhyO5KUZpdWEvMIUKqFkgjI3gNfM6","1957-09-07 20:52:24","2","1","Quidem optio ut aut. Blanditiis molestias et voluptatem at enim.","Isle of Man","","West Deonchester","31950-0056","../fixtures/female9.jpg","../fixtures/female8.jpg","../fixtures/female2.jpg","","","3","99b4d9ca3eb0b1fdd6de59002e415747","1996-08-23 13:59:28","0","0","1999-07-16 13:43:05","2012-05-23 07:19:10");
INSERT INTO user_tag (user_id, tag_id) VALUES ("311","34");
INSERT INTO user_tag (user_id, tag_id) VALUES ("311","12");
INSERT INTO user_tag (user_id, tag_id) VALUES ("311","36");
INSERT INTO user_tag (user_id, tag_id) VALUES ("311","32");
INSERT INTO user_tag (user_id, tag_id) VALUES ("311","38");
INSERT INTO user_tag (user_id, tag_id) VALUES ("311","19");
INSERT INTO user_tag (user_id, tag_id) VALUES ("311","11");
INSERT INTO user_tag (user_id, tag_id) VALUES ("311","14");
INSERT INTO user_tag (user_id, tag_id) VALUES ("311","7");
INSERT INTO user_tag (user_id, tag_id) VALUES ("311","37");
INSERT INTO user_tag (user_id, tag_id) VALUES ("311","27");
INSERT INTO user_tag (user_id, tag_id) VALUES ("311","24");
INSERT INTO user_tag (user_id, tag_id) VALUES ("311","38");
INSERT INTO user_tag (user_id, tag_id) VALUES ("311","44");
INSERT INTO user_tag (user_id, tag_id) VALUES ("311","35");

INSERT INTO connected (user_id, connect_date) VALUES ("311","2017-07-24 02:45:24");
INSERT INTO likes (like_id, liked_id, like_date) VALUES ("362","311","2018-01-21 08:46:41");
INSERT INTO likes (like_id, liked_id, like_date) VALUES ("23","311","2017-08-23 16:46:37");
INSERT INTO likes (like_id, liked_id, like_date) VALUES ("85","311","2017-05-26 01:03:02");
INSERT INTO likes (like_id, liked_id, like_date) VALUES ("348","311","2017-12-05 14:08:55");
INSERT INTO likes (like_id, liked_id, like_date) VALUES ("357","311","2018-01-24 23:11:20");
INSERT INTO likes (like_id, liked_id, like_date) VALUES ("231","311","2017-10-02 21:12:17");
INSERT INTO views (viewer_id, viewed_id, view_date) VALUES ("68","311","2017-06-20 16:07:18");
INSERT INTO views (viewer_id, viewed_id, view_date) VALUES ("255","311","2017-02-20 13:14:49");
INSERT INTO views (viewer_id, viewed_id, view_date) VALUES ("475","311","2017-02-18 21:50:49");
INSERT INTO views (viewer_id, viewed_id, view_date) VALUES ("125","311","2017-09-03 23:10:25");
INSERT INTO views (viewer_id, viewed_id, view_date) VALUES ("18","311","2017-08-14 01:05:05");
INSERT INTO views (viewer_id, viewed_id, view_date) VALUES ("105","311","2018-02-10 13:24:08");
INSERT INTO views (viewer_id, viewed_id, view_date) VALUES ("500","311","2017-11-27 11:33:18");
INSERT INTO views (viewer_id, viewed_id, view_date) VALUES ("294","311","2017-04-13 11:03:04");
INSERT INTO views (viewer_id, viewed_id, view_date) VALUES ("56","311","2017-06-11 00:31:43");
INSERT INTO views (viewer_id, viewed_id, view_date) VALUES ("335","311","2018-02-10 21:00:19");
INSERT INTO views (viewer_id, viewed_id, view_date) VALUES ("410","311","2018-02-09 08:46:17");
INSERT INTO views (viewer_id, viewed_id, view_date) VALUES ("70","311","2017-04-14 21:36:36");
INSERT INTO views (viewer_id, viewed_id, view_date) VALUES ("44","311","2018-01-08 09:08:02");
INSERT INTO views (viewer_id, viewed_id, view_date) VALUES ("433","311","2018-01-06 14:33:41");
INSERT INTO views (viewer_id, viewed_id, view_date) VALUES ("374","311","2017-05-09 16:36:36");
INSERT INTO views (viewer_id, viewed_id, view_date) VALUES ("16","311","2018-02-04 20:30:07");
INSERT INTO views (viewer_id, viewed_id, view_date) VALUES ("414","311","2017-12-16 11:32:39");
INSERT INTO views (viewer_id, viewed_id, view_date) VALUES ("425","311","2017-11-10 23:55:57");
INSERT INTO views (viewer_id, viewed_id, view_date) VALUES ("135","311","2017-03-12 23:39:28");


INSERT INTO user (id, first_name, last_name, username, email, password, birthdate, gender, orientation, bio, country, state, city, zip, file_1, file_2, file_3, file_4, file_5, score, token, token_date, active, register, created_at, updated_at) VALUES ("312","Winnifred","Herzog","stammconcepcion","rice.justus@dubuque.com","$2y$10$PFgZZJ.l5TXy7w0kmeH9KuKJY8JBWvbWNMmRhDOYyTLmZXUf0mlr2","1979-10-24 02:53:51","1","3","Delectus labore doloremque adipisci quisquam voluptatem vel. Enim ea amet accusantium autem. Eius nostrum qui at sed aut sed voluptate.","Guernsey","","East Vanessafurt","23583-6919","../fixtures/male3.jpg","../fixtures/male5.jpg","../fixtures/male3.jpg","../fixtures/male7.jpg","","76","e164b299cc1b75297c8590dd7e4ddb43","1995-11-28 12:22:04","1","0","1999-01-05 22:05:55","2012-08-12 11:31:25");
INSERT INTO user_tag (user_id, tag_id) VALUES ("312","33");
INSERT INTO user_tag (user_id, tag_id) VALUES ("312","15");
INSERT INTO user_tag (user_id, tag_id) VALUES ("312","26");
INSERT INTO user_tag (user_id, tag_id) VALUES ("312","35");
INSERT INTO user_tag (user_id, tag_id) VALUES ("312","41");

INSERT INTO connected (user_id, connect_date) VALUES ("312","2017-09-08 04:35:51");
INSERT INTO likes (like_id, liked_id, like_date) VALUES ("160","312","2017-10-23 16:33:36");
INSERT INTO likes (like_id, liked_id, like_date) VALUES ("1","312","2017-04-12 19:01:32");
INSERT INTO likes (like_id, liked_id, like_date) VALUES ("201","312","2017-04-23 14:45:38");
INSERT INTO likes (like_id, liked_id, like_date) VALUES ("298","312","2017-12-17 07:54:33");
INSERT INTO likes (like_id, liked_id, like_date) VALUES ("329","312","2017-10-27 07:03:43");
INSERT INTO likes (like_id, liked_id, like_date) VALUES ("457","312","2017-06-05 22:23:23");
INSERT INTO likes (like_id, liked_id, like_date) VALUES ("158","312","2017-08-02 03:46:34");
INSERT INTO likes (like_id, liked_id, like_date) VALUES ("124","312","2017-04-19 09:21:12");
INSERT INTO likes (like_id, liked_id, like_date) VALUES ("482","312","2018-01-12 00:26:31");
INSERT INTO likes (like_id, liked_id, like_date) VALUES ("97","312","2017-09-15 17:01:30");
INSERT INTO likes (like_id, liked_id, like_date) VALUES ("498","312","2017-11-11 04:47:27");
INSERT INTO likes (like_id, liked_id, like_date) VALUES ("10","312","2017-06-12 20:56:17");
INSERT INTO likes (like_id, liked_id, like_date) VALUES ("283","312","2017-06-16 13:40:55");
INSERT INTO likes (like_id, liked_id, like_date) VALUES ("352","312","2017-09-30 11:36:31");
INSERT INTO likes (like_id, liked_id, like_date) VALUES ("475","312","2017-03-26 08:25:04");
INSERT INTO likes (like_id, liked_id, like_date) VALUES ("231","312","2017-12-25 18:52:15");
INSERT INTO likes (like_id, liked_id, like_date) VALUES ("493","312","2017-05-15 03:50:52");
INSERT INTO likes (like_id, liked_id, like_date) VALUES ("468","312","2017-09-13 02:46:32");
INSERT INTO views (viewer_id, viewed_id, view_date) VALUES ("3","312","2017-03-13 15:04:54");
INSERT INTO views (viewer_id, viewed_id, view_date) VALUES ("46","312","2018-01-19 13:17:15");
INSERT INTO views (viewer_id, viewed_id, view_date) VALUES ("493","312","2017-12-01 13:13:53");
INSERT INTO views (viewer_id, viewed_id, view_date) VALUES ("90","312","2017-05-30 22:50:04");
INSERT INTO views (viewer_id, viewed_id, view_date) VALUES ("485","312","2017-02-26 12:06:33");
INSERT INTO views (viewer_id, viewed_id, view_date) VALUES ("403","312","2017-08-31 04:57:34");
INSERT INTO views (viewer_id, viewed_id, view_date) VALUES ("253","312","2017-05-08 03:15:53");
INSERT INTO views (viewer_id, viewed_id, view_date) VALUES ("485","312","2017-12-26 01:16:05");
INSERT INTO views (viewer_id, viewed_id, view_date) VALUES ("475","312","2017-12-27 22:56:48");
INSERT INTO views (viewer_id, viewed_id, view_date) VALUES ("441","312","2017-02-28 22:10:15");
INSERT INTO views (viewer_id, viewed_id, view_date) VALUES ("134","312","2017-12-17 18:24:18");
INSERT INTO views (viewer_id, viewed_id, view_date) VALUES ("487","312","2017-04-20 19:53:04");
INSERT INTO views (viewer_id, viewed_id, view_date) VALUES ("330","312","2017-02-25 23:59:43");
INSERT INTO views (viewer_id, viewed_id, view_date) VALUES ("399","312","2017-07-02 13:05:11");
INSERT INTO views (viewer_id, viewed_id, view_date) VALUES ("363","312","2017-02-20 14:40:36");
INSERT INTO views (viewer_id, viewed_id, view_date) VALUES ("26","312","2017-12-06 18:55:26");
INSERT INTO views (viewer_id, viewed_id, view_date) VALUES ("162","312","2017-02-23 07:10:34");
INSERT INTO views (viewer_id, viewed_id, view_date) VALUES ("278","312","2017-09-10 07:08:37");


INSERT INTO user (id, first_name, last_name, username, email, password, birthdate, gender, orientation, bio, country, state, city, zip, file_1, file_2, file_3, file_4, file_5, score, token, token_date, active, register, created_at, updated_at) VALUES ("313","Mallie","Muller","nitzschemissouri","henriette59@hotmail.com","$2y$10$7oDZTHHrtczQ4P6TR/T7beNcNkVaoj74nLxT2ctPJ3yveltmP8qIC","1998-01-02 19:04:10","1","1","Excepturi rerum excepturi culpa rerum. Consequatur unde consequatur architecto voluptatem sint repellendus vel aut. Aut nihil est ex eum. A libero sit earum.","Central African Republic","","South Shawn","10322","../fixtures/male5.jpg","../fixtures/male7.jpg","../fixtures/male7.jpg","../fixtures/male3.jpg","","75","e45e93ff877e2d7326047b07416431ef","1972-08-05 11:20:59","0","0","2000-06-22 08:28:39","1971-04-28 16:31:04");
INSERT INTO user_tag (user_id, tag_id) VALUES ("313","20");
INSERT INTO user_tag (user_id, tag_id) VALUES ("313","19");
INSERT INTO user_tag (user_id, tag_id) VALUES ("313","45");
INSERT INTO user_tag (user_id, tag_id) VALUES ("313","42");
INSERT INTO user_tag (user_id, tag_id) VALUES ("313","10");
INSERT INTO user_tag (user_id, tag_id) VALUES ("313","4");
INSERT INTO user_tag (user_id, tag_id) VALUES ("313","6");
INSERT INTO user_tag (user_id, tag_id) VALUES ("313","46");
INSERT INTO user_tag (user_id, tag_id) VALUES ("313","10");
INSERT INTO user_tag (user_id, tag_id) VALUES ("313","46");
INSERT INTO user_tag (user_id, tag_id) VALUES ("313","16");
INSERT INTO user_tag (user_id, tag_id) VALUES ("313","42");
INSERT INTO user_tag (user_id, tag_id) VALUES ("313","23");
INSERT INTO user_tag (user_id, tag_id) VALUES ("313","11");
INSERT INTO user_tag (user_id, tag_id) VALUES ("313","6");

INSERT INTO connected (user_id, connect_date) VALUES ("313","2017-07-16 21:16:18");
INSERT INTO likes (like_id, liked_id, like_date) VALUES ("450","313","2017-12-02 03:54:08");
INSERT INTO likes (like_id, liked_id, like_date) VALUES ("307","313","2018-02-06 23:34:00");
INSERT INTO likes (like_id, liked_id, like_date) VALUES ("161","313","2017-10-26 14:46:04");
INSERT INTO likes (like_id, liked_id, like_date) VALUES ("83","313","2017-02-17 09:40:01");
INSERT INTO likes (like_id, liked_id, like_date) VALUES ("42","313","2017-11-15 02:54:29");
INSERT INTO likes (like_id, liked_id, like_date) VALUES ("142","313","2018-02-11 08:53:03");
INSERT INTO likes (like_id, liked_id, like_date) VALUES ("103","313","2017-05-11 13:34:32");
INSERT INTO likes (like_id, liked_id, like_date) VALUES ("379","313","2018-02-07 10:13:28");
INSERT INTO likes (like_id, liked_id, like_date) VALUES ("323","313","2017-03-27 13:06:59");
INSERT INTO likes (like_id, liked_id, like_date) VALUES ("133","313","2018-01-11 23:22:49");
INSERT INTO views (viewer_id, viewed_id, view_date) VALUES ("318","313","2017-05-02 16:30:46");
INSERT INTO views (viewer_id, viewed_id, view_date) VALUES ("417","313","2017-10-13 17:09:13");
INSERT INTO views (viewer_id, viewed_id, view_date) VALUES ("418","313","2017-05-09 09:42:15");
INSERT INTO views (viewer_id, viewed_id, view_date) VALUES ("216","313","2017-09-13 08:44:59");
INSERT INTO views (viewer_id, viewed_id, view_date) VALUES ("272","313","2017-03-25 03:34:53");
INSERT INTO views (viewer_id, viewed_id, view_date) VALUES ("383","313","2017-06-19 21:14:40");
INSERT INTO views (viewer_id, viewed_id, view_date) VALUES ("237","313","2017-10-06 08:08:24");


INSERT INTO user (id, first_name, last_name, username, email, password, birthdate, gender, orientation, bio, country, state, city, zip, file_1, file_2, file_3, file_4, file_5, score, token, token_date, active, register, created_at, updated_at) VALUES ("314","Ryleigh","D'Amore","gregoriaschowalter","tabernathy@hotmail.com","$2y$10$sG8VwMZtpSR1T6TZNxibBuknArRoQNaOCM.3D0gikpWLnDqh9UrYy","1948-03-01 13:09:32","2","3","Delectus fuga hic magnam. Sed architecto ut consequatur modi. Dolorem distinctio libero in quia molestiae non dolor. Soluta sint consequuntur eum totam.","Ireland","","Dooleybury","66739","../fixtures/female5.jpg","../fixtures/female6.jpg","../fixtures/female1.jpg","","","74","286a36bd5cf616dbb0ebeda1f5c8a36f","1974-01-30 20:44:45","0","0","1990-01-29 10:10:44","1983-06-27 13:43:37");
INSERT INTO user_tag (user_id, tag_id) VALUES ("314","4");
INSERT INTO user_tag (user_id, tag_id) VALUES ("314","30");
INSERT INTO user_tag (user_id, tag_id) VALUES ("314","20");
INSERT INTO user_tag (user_id, tag_id) VALUES ("314","23");
INSERT INTO user_tag (user_id, tag_id) VALUES ("314","11");
INSERT INTO user_tag (user_id, tag_id) VALUES ("314","9");
INSERT INTO user_tag (user_id, tag_id) VALUES ("314","14");
INSERT INTO user_tag (user_id, tag_id) VALUES ("314","26");
INSERT INTO user_tag (user_id, tag_id) VALUES ("314","1");
INSERT INTO user_tag (user_id, tag_id) VALUES ("314","1");
INSERT INTO user_tag (user_id, tag_id) VALUES ("314","45");
INSERT INTO user_tag (user_id, tag_id) VALUES ("314","48");
INSERT INTO user_tag (user_id, tag_id) VALUES ("314","16");
INSERT INTO user_tag (user_id, tag_id) VALUES ("314","46");
INSERT INTO user_tag (user_id, tag_id) VALUES ("314","50");

INSERT INTO connected (user_id, connect_date) VALUES ("314","2017-12-07 02:33:55");
INSERT INTO likes (like_id, liked_id, like_date) VALUES ("34","314","2018-02-05 14:46:53");
INSERT INTO likes (like_id, liked_id, like_date) VALUES ("282","314","2017-02-16 04:39:46");
INSERT INTO likes (like_id, liked_id, like_date) VALUES ("347","314","2017-04-24 20:40:01");
INSERT INTO likes (like_id, liked_id, like_date) VALUES ("217","314","2017-10-28 11:45:20");
INSERT INTO views (viewer_id, viewed_id, view_date) VALUES ("494","314","2018-01-22 09:13:31");
INSERT INTO views (viewer_id, viewed_id, view_date) VALUES ("165","314","2017-07-28 07:26:07");
INSERT INTO views (viewer_id, viewed_id, view_date) VALUES ("279","314","2017-08-10 22:07:48");
INSERT INTO views (viewer_id, viewed_id, view_date) VALUES ("290","314","2017-10-25 06:23:04");
INSERT INTO views (viewer_id, viewed_id, view_date) VALUES ("443","314","2017-12-28 00:08:57");
INSERT INTO views (viewer_id, viewed_id, view_date) VALUES ("430","314","2017-09-18 02:41:52");
INSERT INTO views (viewer_id, viewed_id, view_date) VALUES ("43","314","2017-06-18 08:48:00");
INSERT INTO views (viewer_id, viewed_id, view_date) VALUES ("116","314","2017-06-13 06:16:56");
INSERT INTO views (viewer_id, viewed_id, view_date) VALUES ("39","314","2017-12-02 07:19:55");
INSERT INTO views (viewer_id, viewed_id, view_date) VALUES ("325","314","2017-04-03 04:37:15");
INSERT INTO views (viewer_id, viewed_id, view_date) VALUES ("290","314","2017-09-05 15:19:00");
INSERT INTO views (viewer_id, viewed_id, view_date) VALUES ("275","314","2017-07-24 10:51:54");
INSERT INTO views (viewer_id, viewed_id, view_date) VALUES ("419","314","2017-12-17 07:19:14");
INSERT INTO views (viewer_id, viewed_id, view_date) VALUES ("236","314","2018-01-25 05:21:02");
INSERT INTO views (viewer_id, viewed_id, view_date) VALUES ("484","314","2017-11-24 23:15:12");
INSERT INTO views (viewer_id, viewed_id, view_date) VALUES ("362","314","2017-12-11 18:05:02");
INSERT INTO views (viewer_id, viewed_id, view_date) VALUES ("116","314","2017-08-13 05:58:22");


INSERT INTO user (id, first_name, last_name, username, email, password, birthdate, gender, orientation, bio, country, state, city, zip, file_1, file_2, file_3, file_4, file_5, score, token, token_date, active, register, created_at, updated_at) VALUES ("315","Gabriel","Ondricka","skuphal","nbruen@gmail.com","$2y$10$klfKQ0VJ.SPGArxIXepKduyCD0pibDuE/3vbSv32OCOqjELKVhv/2","1953-02-23 23:39:11","2","2","A iste illum minus qui exercitationem voluptas. Necessitatibus rerum magnam ipsum in sunt molestias.","Romania","","South Camrenview","86254-1136","../fixtures/female7.jpg","../fixtures/female1.jpg","../fixtures/female4.jpg","../fixtures/female5.jpg","../fixtures/female1.jpg","81","e7dff30d6d117028fd35eb74f16e07ff","1989-05-13 19:55:04","1","1","1980-02-04 06:31:10","1977-01-16 18:03:40");
INSERT INTO user_tag (user_id, tag_id) VALUES ("315","12");
INSERT INTO user_tag (user_id, tag_id) VALUES ("315","21");
INSERT INTO user_tag (user_id, tag_id) VALUES ("315","30");
INSERT INTO user_tag (user_id, tag_id) VALUES ("315","12");
INSERT INTO user_tag (user_id, tag_id) VALUES ("315","13");
INSERT INTO user_tag (user_id, tag_id) VALUES ("315","4");
INSERT INTO user_tag (user_id, tag_id) VALUES ("315","22");
INSERT INTO user_tag (user_id, tag_id) VALUES ("315","39");
INSERT INTO user_tag (user_id, tag_id) VALUES ("315","43");
INSERT INTO user_tag (user_id, tag_id) VALUES ("315","47");
INSERT INTO user_tag (user_id, tag_id) VALUES ("315","20");
INSERT INTO user_tag (user_id, tag_id) VALUES ("315","5");
INSERT INTO user_tag (user_id, tag_id) VALUES ("315","11");
INSERT INTO user_tag (user_id, tag_id) VALUES ("315","2");
INSERT INTO user_tag (user_id, tag_id) VALUES ("315","5");

INSERT INTO connected (user_id, connect_date) VALUES ("315","2017-10-04 22:08:24");
INSERT INTO likes (like_id, liked_id, like_date) VALUES ("363","315","2017-10-07 13:21:53");
INSERT INTO likes (like_id, liked_id, like_date) VALUES ("238","315","2017-09-09 01:50:08");
INSERT INTO likes (like_id, liked_id, like_date) VALUES ("35","315","2017-03-11 05:46:06");
INSERT INTO likes (like_id, liked_id, like_date) VALUES ("475","315","2017-10-24 12:29:22");
INSERT INTO likes (like_id, liked_id, like_date) VALUES ("232","315","2017-07-25 19:13:56");
INSERT INTO likes (like_id, liked_id, like_date) VALUES ("261","315","2017-11-03 03:47:09");
INSERT INTO likes (like_id, liked_id, like_date) VALUES ("396","315","2017-09-15 16:12:15");
INSERT INTO likes (like_id, liked_id, like_date) VALUES ("67","315","2017-10-09 06:27:57");
INSERT INTO likes (like_id, liked_id, like_date) VALUES ("341","315","2017-06-28 00:58:20");
INSERT INTO likes (like_id, liked_id, like_date) VALUES ("412","315","2017-04-22 13:12:16");
INSERT INTO likes (like_id, liked_id, like_date) VALUES ("94","315","2017-08-18 21:28:25");
INSERT INTO likes (like_id, liked_id, like_date) VALUES ("371","315","2017-10-29 04:18:04");
INSERT INTO likes (like_id, liked_id, like_date) VALUES ("145","315","2018-01-31 04:55:28");
INSERT INTO likes (like_id, liked_id, like_date) VALUES ("188","315","2017-06-16 19:47:57");
INSERT INTO views (viewer_id, viewed_id, view_date) VALUES ("36","315","2017-04-02 07:36:29");
INSERT INTO views (viewer_id, viewed_id, view_date) VALUES ("100","315","2017-08-23 20:35:18");
INSERT INTO views (viewer_id, viewed_id, view_date) VALUES ("109","315","2017-07-21 14:00:28");
INSERT INTO views (viewer_id, viewed_id, view_date) VALUES ("8","315","2017-04-01 15:10:45");
INSERT INTO views (viewer_id, viewed_id, view_date) VALUES ("476","315","2017-12-11 12:57:03");
INSERT INTO views (viewer_id, viewed_id, view_date) VALUES ("122","315","2017-07-06 22:08:05");


INSERT INTO user (id, first_name, last_name, username, email, password, birthdate, gender, orientation, bio, country, state, city, zip, file_1, file_2, file_3, file_4, file_5, score, token, token_date, active, register, created_at, updated_at) VALUES ("316","Gerry","Kihn","donnell49","lexie.brown@gmail.com","$2y$10$O632UFE6vd89x0i4DhC6audwlYCiqdAUV/BB3BXBf5osUg5hSDmeW","1999-09-27 23:45:47","1","2","Dolorum necessitatibus dolore quaerat molestiae aut. Aperiam a quidem velit ipsum reiciendis fuga. Est molestiae quas animi fuga praesentium laudantium enim.","Montenegro","","Grantfurt","02408-1194","../fixtures/male3.jpg","../fixtures/male3.jpg","../fixtures/male6.jpg","../fixtures/male10.jpg","../fixtures/male10.jpg","69","d689932dc1e9b7b38faa9b3393642a26","1988-03-03 14:23:39","0","0","1998-01-17 15:49:57","1975-08-29 23:43:57");
INSERT INTO user_tag (user_id, tag_id) VALUES ("316","18");
INSERT INTO user_tag (user_id, tag_id) VALUES ("316","16");
INSERT INTO user_tag (user_id, tag_id) VALUES ("316","20");
INSERT INTO user_tag (user_id, tag_id) VALUES ("316","9");
INSERT INTO user_tag (user_id, tag_id) VALUES ("316","47");
INSERT INTO user_tag (user_id, tag_id) VALUES ("316","14");
INSERT INTO user_tag (user_id, tag_id) VALUES ("316","36");
INSERT INTO user_tag (user_id, tag_id) VALUES ("316","44");
INSERT INTO user_tag (user_id, tag_id) VALUES ("316","29");
INSERT INTO user_tag (user_id, tag_id) VALUES ("316","39");

INSERT INTO connected (user_id, connect_date) VALUES ("316","2017-03-09 08:51:44");
INSERT INTO likes (like_id, liked_id, like_date) VALUES ("359","316","2017-04-04 17:44:09");
INSERT INTO likes (like_id, liked_id, like_date) VALUES ("279","316","2017-04-23 13:40:45");
INSERT INTO likes (like_id, liked_id, like_date) VALUES ("349","316","2018-01-24 00:16:57");
INSERT INTO likes (like_id, liked_id, like_date) VALUES ("73","316","2017-02-23 02:41:25");
INSERT INTO likes (like_id, liked_id, like_date) VALUES ("444","316","2017-11-23 17:14:10");
INSERT INTO likes (like_id, liked_id, like_date) VALUES ("41","316","2018-02-05 12:01:51");
INSERT INTO likes (like_id, liked_id, like_date) VALUES ("416","316","2017-11-16 05:04:56");
INSERT INTO likes (like_id, liked_id, like_date) VALUES ("199","316","2017-10-11 13:46:46");
INSERT INTO views (viewer_id, viewed_id, view_date) VALUES ("181","316","2017-06-12 23:36:30");
INSERT INTO views (viewer_id, viewed_id, view_date) VALUES ("269","316","2017-03-24 21:49:47");
INSERT INTO views (viewer_id, viewed_id, view_date) VALUES ("447","316","2017-12-17 04:07:42");
INSERT INTO views (viewer_id, viewed_id, view_date) VALUES ("4","316","2017-03-11 22:11:39");
INSERT INTO views (viewer_id, viewed_id, view_date) VALUES ("345","316","2017-08-25 03:46:58");
INSERT INTO views (viewer_id, viewed_id, view_date) VALUES ("405","316","2018-02-13 15:47:10");
INSERT INTO views (viewer_id, viewed_id, view_date) VALUES ("19","316","2017-12-23 08:44:43");
INSERT INTO views (viewer_id, viewed_id, view_date) VALUES ("392","316","2017-11-25 11:19:39");
INSERT INTO views (viewer_id, viewed_id, view_date) VALUES ("7","316","2017-04-17 09:43:32");
INSERT INTO views (viewer_id, viewed_id, view_date) VALUES ("288","316","2017-07-13 10:13:54");
INSERT INTO views (viewer_id, viewed_id, view_date) VALUES ("428","316","2017-03-16 14:46:27");
INSERT INTO views (viewer_id, viewed_id, view_date) VALUES ("238","316","2017-02-28 13:34:17");
INSERT INTO views (viewer_id, viewed_id, view_date) VALUES ("212","316","2017-06-20 10:53:30");
INSERT INTO views (viewer_id, viewed_id, view_date) VALUES ("377","316","2017-02-19 17:44:59");
INSERT INTO views (viewer_id, viewed_id, view_date) VALUES ("69","316","2017-08-10 16:03:16");
INSERT INTO views (viewer_id, viewed_id, view_date) VALUES ("448","316","2018-02-05 20:48:45");
INSERT INTO views (viewer_id, viewed_id, view_date) VALUES ("277","316","2017-05-28 18:11:08");
INSERT INTO views (viewer_id, viewed_id, view_date) VALUES ("297","316","2017-12-04 08:22:06");
INSERT INTO views (viewer_id, viewed_id, view_date) VALUES ("367","316","2017-09-20 23:28:01");


INSERT INTO user (id, first_name, last_name, username, email, password, birthdate, gender, orientation, bio, country, state, city, zip, file_1, file_2, file_3, file_4, file_5, score, token, token_date, active, register, created_at, updated_at) VALUES ("317","Elwin","Daniel","trevionrippin","heidenreich.emmet@yahoo.com","$2y$10$88qLb7UwV6uQgDY48dBRx.Ub8DJk867jRcWCvj.jQK4b7.pd6agne","1965-02-27 03:08:11","1","3","Vitae qui eaque cumque consequatur ab occaecati qui. Beatae fugit illo dolores velit dolor temporibus. Magnam ut autem quod. Nihil optio unde dolorem eum ea.","Cuba","","Bernicefort","80169","../fixtures/male7.jpg","../fixtures/male6.jpg","","","","4","48052b8209d49d2d9c0e082eaad316cd","2002-09-24 04:55:39","0","0","2007-12-25 08:58:28","1979-07-13 08:53:55");
INSERT INTO user_tag (user_id, tag_id) VALUES ("317","32");

INSERT INTO connected (user_id, connect_date) VALUES ("317","2017-05-31 11:44:59");
INSERT INTO likes (like_id, liked_id, like_date) VALUES ("315","317","2018-02-06 08:13:10");
INSERT INTO likes (like_id, liked_id, like_date) VALUES ("451","317","2017-06-04 22:42:03");
INSERT INTO likes (like_id, liked_id, like_date) VALUES ("348","317","2017-07-01 13:53:29");
INSERT INTO likes (like_id, liked_id, like_date) VALUES ("286","317","2017-05-23 07:05:16");
INSERT INTO likes (like_id, liked_id, like_date) VALUES ("268","317","2017-08-08 20:56:09");
INSERT INTO likes (like_id, liked_id, like_date) VALUES ("346","317","2017-10-13 15:39:37");
INSERT INTO likes (like_id, liked_id, like_date) VALUES ("207","317","2017-06-28 04:06:52");
INSERT INTO likes (like_id, liked_id, like_date) VALUES ("296","317","2018-01-03 18:01:22");
INSERT INTO likes (like_id, liked_id, like_date) VALUES ("144","317","2017-08-14 21:06:32");
INSERT INTO likes (like_id, liked_id, like_date) VALUES ("211","317","2017-10-26 22:35:00");
INSERT INTO likes (like_id, liked_id, like_date) VALUES ("98","317","2017-04-03 03:36:19");
INSERT INTO likes (like_id, liked_id, like_date) VALUES ("106","317","2017-02-27 20:18:46");


INSERT INTO user (id, first_name, last_name, username, email, password, birthdate, gender, orientation, bio, country, state, city, zip, file_1, file_2, file_3, file_4, file_5, score, token, token_date, active, register, created_at, updated_at) VALUES ("318","Uriel","Cole","cronaomari","nelle60@lubowitz.com","$2y$10$ZDdeviXjbK46ADaxO.yDVe.OCXEbAtzcbMw2981XGxMrqc0s5XWfi","1990-10-19 17:11:26","1","3","Ullam sit consequatur minima vel ut dolorem ut saepe. Natus fuga alias debitis odit fugiat quasi nisi. Dolor omnis et doloribus natus omnis sunt quaerat vitae.","Guadeloupe","","South Elias","18374-9081","../fixtures/male7.jpg","../fixtures/male2.jpg","","","","64","45f5cea7ae595f7179adc043259ebb76","1984-02-25 14:55:55","0","0","1982-11-29 18:39:03","1970-02-23 19:53:03");
INSERT INTO user_tag (user_id, tag_id) VALUES ("318","50");
INSERT INTO user_tag (user_id, tag_id) VALUES ("318","23");
INSERT INTO user_tag (user_id, tag_id) VALUES ("318","7");
INSERT INTO user_tag (user_id, tag_id) VALUES ("318","29");
INSERT INTO user_tag (user_id, tag_id) VALUES ("318","13");
INSERT INTO user_tag (user_id, tag_id) VALUES ("318","32");
INSERT INTO user_tag (user_id, tag_id) VALUES ("318","15");
INSERT INTO user_tag (user_id, tag_id) VALUES ("318","42");
INSERT INTO user_tag (user_id, tag_id) VALUES ("318","45");
INSERT INTO user_tag (user_id, tag_id) VALUES ("318","45");

INSERT INTO connected (user_id, connect_date) VALUES ("318","2017-06-07 02:03:01");
INSERT INTO likes (like_id, liked_id, like_date) VALUES ("347","318","2017-11-20 05:28:44");
INSERT INTO likes (like_id, liked_id, like_date) VALUES ("64","318","2017-04-20 06:04:49");
INSERT INTO likes (like_id, liked_id, like_date) VALUES ("123","318","2017-05-02 11:56:31");
INSERT INTO likes (like_id, liked_id, like_date) VALUES ("422","318","2017-10-08 13:30:22");
INSERT INTO likes (like_id, liked_id, like_date) VALUES ("295","318","2018-01-03 21:54:24");
INSERT INTO likes (like_id, liked_id, like_date) VALUES ("208","318","2017-07-26 18:12:58");
INSERT INTO likes (like_id, liked_id, like_date) VALUES ("87","318","2017-10-24 07:07:20");
INSERT INTO likes (like_id, liked_id, like_date) VALUES ("89","318","2017-05-02 15:01:34");
INSERT INTO likes (like_id, liked_id, like_date) VALUES ("320","318","2017-05-20 07:05:57");
INSERT INTO views (viewer_id, viewed_id, view_date) VALUES ("294","318","2017-03-24 07:23:29");
INSERT INTO views (viewer_id, viewed_id, view_date) VALUES ("163","318","2017-07-06 20:44:07");
INSERT INTO views (viewer_id, viewed_id, view_date) VALUES ("71","318","2017-10-12 20:53:43");
INSERT INTO views (viewer_id, viewed_id, view_date) VALUES ("359","318","2017-10-30 19:06:59");
INSERT INTO views (viewer_id, viewed_id, view_date) VALUES ("430","318","2017-04-02 22:59:34");
INSERT INTO views (viewer_id, viewed_id, view_date) VALUES ("372","318","2017-07-19 07:51:18");
INSERT INTO views (viewer_id, viewed_id, view_date) VALUES ("171","318","2017-05-03 13:21:46");
INSERT INTO views (viewer_id, viewed_id, view_date) VALUES ("45","318","2018-02-12 19:04:31");
INSERT INTO views (viewer_id, viewed_id, view_date) VALUES ("14","318","2017-06-19 17:07:04");
INSERT INTO views (viewer_id, viewed_id, view_date) VALUES ("307","318","2017-11-26 14:55:04");
INSERT INTO views (viewer_id, viewed_id, view_date) VALUES ("99","318","2017-11-20 05:32:03");
INSERT INTO views (viewer_id, viewed_id, view_date) VALUES ("11","318","2017-09-15 20:53:12");
INSERT INTO views (viewer_id, viewed_id, view_date) VALUES ("394","318","2018-01-09 18:13:53");
INSERT INTO views (viewer_id, viewed_id, view_date) VALUES ("52","318","2017-10-20 13:14:56");
INSERT INTO views (viewer_id, viewed_id, view_date) VALUES ("404","318","2017-09-04 09:49:27");
INSERT INTO views (viewer_id, viewed_id, view_date) VALUES ("221","318","2017-05-15 00:34:18");
INSERT INTO views (viewer_id, viewed_id, view_date) VALUES ("139","318","2017-06-11 03:34:41");
INSERT INTO views (viewer_id, viewed_id, view_date) VALUES ("95","318","2017-11-30 15:02:43");
INSERT INTO views (viewer_id, viewed_id, view_date) VALUES ("63","318","2017-10-08 17:10:27");
INSERT INTO views (viewer_id, viewed_id, view_date) VALUES ("157","318","2017-02-19 06:45:17");
INSERT INTO views (viewer_id, viewed_id, view_date) VALUES ("490","318","2017-12-30 17:18:01");
INSERT INTO views (viewer_id, viewed_id, view_date) VALUES ("87","318","2017-09-14 08:13:03");
INSERT INTO views (viewer_id, viewed_id, view_date) VALUES ("223","318","2017-03-05 00:05:36");
INSERT INTO views (viewer_id, viewed_id, view_date) VALUES ("292","318","2017-10-26 03:54:58");
INSERT INTO views (viewer_id, viewed_id, view_date) VALUES ("321","318","2017-08-27 17:42:56");
INSERT INTO views (viewer_id, viewed_id, view_date) VALUES ("131","318","2017-05-22 06:51:38");
INSERT INTO views (viewer_id, viewed_id, view_date) VALUES ("284","318","2017-09-24 22:10:36");
INSERT INTO views (viewer_id, viewed_id, view_date) VALUES ("334","318","2017-10-06 07:19:37");


INSERT INTO user (id, first_name, last_name, username, email, password, birthdate, gender, orientation, bio, country, state, city, zip, file_1, file_2, file_3, file_4, file_5, score, token, token_date, active, register, created_at, updated_at) VALUES ("319","Maegan","Rippin","adelewehner","vernon52@senger.biz","$2y$10$pV9OrxXoxIchKJ2Xfey94umceiUAzi7r2DGY3ts8fXzNe1BaI/Ggu","1957-08-30 05:52:42","2","1","Voluptas et voluptatem earum cum dolor. Ullam aut dolor deleniti incidunt eaque suscipit molestiae. Tempore a quam eos et odio architecto facere.","Bahamas","","Lake Felicia","18909-2360","../fixtures/female2.jpg","../fixtures/female6.jpg","","","","26","4ac9a1775954a869970c19975a62793e","1992-10-17 00:39:16","0","0","1975-11-01 08:21:22","2001-10-10 09:13:26");
INSERT INTO user_tag (user_id, tag_id) VALUES ("319","50");
INSERT INTO user_tag (user_id, tag_id) VALUES ("319","25");
INSERT INTO user_tag (user_id, tag_id) VALUES ("319","29");
INSERT INTO user_tag (user_id, tag_id) VALUES ("319","13");
INSERT INTO user_tag (user_id, tag_id) VALUES ("319","3");
INSERT INTO user_tag (user_id, tag_id) VALUES ("319","38");
INSERT INTO user_tag (user_id, tag_id) VALUES ("319","11");
INSERT INTO user_tag (user_id, tag_id) VALUES ("319","17");
INSERT INTO user_tag (user_id, tag_id) VALUES ("319","15");
INSERT INTO user_tag (user_id, tag_id) VALUES ("319","31");

INSERT INTO connected (user_id, connect_date) VALUES ("319","2017-06-24 19:01:43");
INSERT INTO likes (like_id, liked_id, like_date) VALUES ("173","319","2018-01-12 06:06:33");
INSERT INTO likes (like_id, liked_id, like_date) VALUES ("433","319","2017-03-01 09:20:40");
INSERT INTO likes (like_id, liked_id, like_date) VALUES ("380","319","2017-10-06 20:48:11");
INSERT INTO likes (like_id, liked_id, like_date) VALUES ("45","319","2017-12-25 06:29:48");
INSERT INTO likes (like_id, liked_id, like_date) VALUES ("159","319","2017-08-06 10:15:17");
INSERT INTO likes (like_id, liked_id, like_date) VALUES ("249","319","2017-05-21 12:34:21");
INSERT INTO likes (like_id, liked_id, like_date) VALUES ("499","319","2017-10-12 18:15:22");
INSERT INTO likes (like_id, liked_id, like_date) VALUES ("220","319","2017-09-09 02:47:44");
INSERT INTO views (viewer_id, viewed_id, view_date) VALUES ("158","319","2017-06-01 14:52:23");
INSERT INTO views (viewer_id, viewed_id, view_date) VALUES ("349","319","2017-02-22 00:56:12");
INSERT INTO views (viewer_id, viewed_id, view_date) VALUES ("123","319","2017-09-13 20:08:38");
INSERT INTO views (viewer_id, viewed_id, view_date) VALUES ("319","319","2017-03-24 18:27:18");
INSERT INTO views (viewer_id, viewed_id, view_date) VALUES ("350","319","2017-05-06 21:22:19");


INSERT INTO user (id, first_name, last_name, username, email, password, birthdate, gender, orientation, bio, country, state, city, zip, file_1, file_2, file_3, file_4, file_5, score, token, token_date, active, register, created_at, updated_at) VALUES ("320","Hester","Roberts","antoinettefadel","junius.welch@harber.biz","$2y$10$aCUSLX5472N/iL.mFj9wYu5oViGhbgbYFhImV.4ZE5UbCdLyGUSF2","1954-06-25 23:28:52","2","3","Earum perferendis quos est autem. Culpa voluptas voluptatem est. Ab enim rem accusamus vitae rerum aliquid fugit. Odit qui cumque aut et.","Suriname","","West Gregorychester","38952","../fixtures/female6.jpg","../fixtures/female6.jpg","","","","66","3ed28868f5f545fdeaf67a7f42e2cbda","1988-08-20 04:52:18","0","0","1973-08-05 08:03:34","1995-10-13 09:33:28");
INSERT INTO user_tag (user_id, tag_id) VALUES ("320","42");
INSERT INTO user_tag (user_id, tag_id) VALUES ("320","42");
INSERT INTO user_tag (user_id, tag_id) VALUES ("320","20");
INSERT INTO user_tag (user_id, tag_id) VALUES ("320","27");
INSERT INTO user_tag (user_id, tag_id) VALUES ("320","15");
INSERT INTO user_tag (user_id, tag_id) VALUES ("320","43");
INSERT INTO user_tag (user_id, tag_id) VALUES ("320","39");
INSERT INTO user_tag (user_id, tag_id) VALUES ("320","42");
INSERT INTO user_tag (user_id, tag_id) VALUES ("320","6");
INSERT INTO user_tag (user_id, tag_id) VALUES ("320","44");
INSERT INTO user_tag (user_id, tag_id) VALUES ("320","45");
INSERT INTO user_tag (user_id, tag_id) VALUES ("320","12");
INSERT INTO user_tag (user_id, tag_id) VALUES ("320","11");
INSERT INTO user_tag (user_id, tag_id) VALUES ("320","50");

INSERT INTO connected (user_id, connect_date) VALUES ("320","2017-10-10 21:57:34");
INSERT INTO likes (like_id, liked_id, like_date) VALUES ("15","320","2017-10-14 07:25:21");
INSERT INTO views (viewer_id, viewed_id, view_date) VALUES ("243","320","2017-06-21 09:26:33");
INSERT INTO views (viewer_id, viewed_id, view_date) VALUES ("101","320","2017-04-09 12:22:06");
INSERT INTO views (viewer_id, viewed_id, view_date) VALUES ("341","320","2017-11-13 06:59:42");
INSERT INTO views (viewer_id, viewed_id, view_date) VALUES ("169","320","2017-03-29 18:49:56");
INSERT INTO views (viewer_id, viewed_id, view_date) VALUES ("386","320","2018-01-07 13:15:49");
INSERT INTO views (viewer_id, viewed_id, view_date) VALUES ("22","320","2017-06-20 08:23:14");
INSERT INTO views (viewer_id, viewed_id, view_date) VALUES ("286","320","2017-08-11 17:15:06");
INSERT INTO views (viewer_id, viewed_id, view_date) VALUES ("416","320","2017-04-30 20:29:25");
INSERT INTO views (viewer_id, viewed_id, view_date) VALUES ("196","320","2017-12-31 04:24:22");
INSERT INTO views (viewer_id, viewed_id, view_date) VALUES ("477","320","2017-07-23 20:54:04");
INSERT INTO views (viewer_id, viewed_id, view_date) VALUES ("438","320","2017-11-01 12:23:53");
INSERT INTO views (viewer_id, viewed_id, view_date) VALUES ("256","320","2017-08-05 14:01:55");
INSERT INTO views (viewer_id, viewed_id, view_date) VALUES ("160","320","2017-11-07 03:26:47");
INSERT INTO views (viewer_id, viewed_id, view_date) VALUES ("44","320","2017-10-30 23:45:39");
INSERT INTO views (viewer_id, viewed_id, view_date) VALUES ("149","320","2017-03-20 04:08:31");
INSERT INTO views (viewer_id, viewed_id, view_date) VALUES ("43","320","2017-06-04 20:56:07");
INSERT INTO views (viewer_id, viewed_id, view_date) VALUES ("128","320","2017-12-28 23:29:50");
INSERT INTO views (viewer_id, viewed_id, view_date) VALUES ("206","320","2017-05-01 08:51:00");
INSERT INTO views (viewer_id, viewed_id, view_date) VALUES ("150","320","2017-06-18 06:08:22");
INSERT INTO views (viewer_id, viewed_id, view_date) VALUES ("150","320","2017-08-27 22:31:00");
INSERT INTO views (viewer_id, viewed_id, view_date) VALUES ("479","320","2017-04-15 19:26:14");
INSERT INTO views (viewer_id, viewed_id, view_date) VALUES ("352","320","2017-10-30 01:10:12");
INSERT INTO views (viewer_id, viewed_id, view_date) VALUES ("487","320","2017-09-16 01:11:35");
INSERT INTO views (viewer_id, viewed_id, view_date) VALUES ("178","320","2018-01-24 13:26:48");
INSERT INTO views (viewer_id, viewed_id, view_date) VALUES ("311","320","2017-09-29 23:13:04");
INSERT INTO views (viewer_id, viewed_id, view_date) VALUES ("437","320","2017-02-18 09:03:12");
INSERT INTO views (viewer_id, viewed_id, view_date) VALUES ("417","320","2017-04-09 00:42:11");
INSERT INTO views (viewer_id, viewed_id, view_date) VALUES ("284","320","2017-08-03 12:30:18");
INSERT INTO views (viewer_id, viewed_id, view_date) VALUES ("161","320","2017-06-11 08:26:44");
INSERT INTO views (viewer_id, viewed_id, view_date) VALUES ("320","320","2017-11-26 01:17:20");
INSERT INTO views (viewer_id, viewed_id, view_date) VALUES ("87","320","2017-11-13 21:05:05");
INSERT INTO views (viewer_id, viewed_id, view_date) VALUES ("214","320","2017-08-12 08:14:33");


INSERT INTO user (id, first_name, last_name, username, email, password, birthdate, gender, orientation, bio, country, state, city, zip, file_1, file_2, file_3, file_4, file_5, score, token, token_date, active, register, created_at, updated_at) VALUES ("321","Karine","Lemke","wiegandwilfrid","lisa66@hotmail.com","$2y$10$CQ2z67mB7biOfxQK/cDCduqQiFLhrBQWsQbhc/ZEXT9YvAm7oyMwa","1968-01-02 09:27:04","1","1","Dolorem expedita iste nam excepturi quo consequuntur. Quis suscipit ex et maxime est. Nobis nostrum saepe ut sed.","Kyrgyz Republic","","Ellatown","88970-5916","../fixtures/male4.jpg","../fixtures/male10.jpg","../fixtures/male4.jpg","","","43","9bcc0015a8f1427377ffbf8ee7dd8714","1971-08-26 04:02:36","1","1","2006-04-01 20:10:21","1976-11-25 04:33:15");
INSERT INTO user_tag (user_id, tag_id) VALUES ("321","50");
INSERT INTO user_tag (user_id, tag_id) VALUES ("321","44");
INSERT INTO user_tag (user_id, tag_id) VALUES ("321","11");
INSERT INTO user_tag (user_id, tag_id) VALUES ("321","31");
INSERT INTO user_tag (user_id, tag_id) VALUES ("321","32");
INSERT INTO user_tag (user_id, tag_id) VALUES ("321","24");
INSERT INTO user_tag (user_id, tag_id) VALUES ("321","44");
INSERT INTO user_tag (user_id, tag_id) VALUES ("321","23");
INSERT INTO user_tag (user_id, tag_id) VALUES ("321","36");
INSERT INTO user_tag (user_id, tag_id) VALUES ("321","8");
INSERT INTO user_tag (user_id, tag_id) VALUES ("321","14");
INSERT INTO user_tag (user_id, tag_id) VALUES ("321","17");
INSERT INTO user_tag (user_id, tag_id) VALUES ("321","38");
INSERT INTO user_tag (user_id, tag_id) VALUES ("321","17");
INSERT INTO user_tag (user_id, tag_id) VALUES ("321","29");

INSERT INTO connected (user_id, connect_date) VALUES ("321","2017-04-23 14:08:48");
INSERT INTO likes (like_id, liked_id, like_date) VALUES ("322","321","2017-07-17 05:06:17");
INSERT INTO likes (like_id, liked_id, like_date) VALUES ("18","321","2017-07-06 02:51:20");
INSERT INTO likes (like_id, liked_id, like_date) VALUES ("189","321","2017-10-21 17:02:34");
INSERT INTO likes (like_id, liked_id, like_date) VALUES ("322","321","2017-03-28 15:41:50");
INSERT INTO likes (like_id, liked_id, like_date) VALUES ("391","321","2017-09-22 12:42:57");
INSERT INTO likes (like_id, liked_id, like_date) VALUES ("392","321","2017-06-24 22:57:46");
INSERT INTO likes (like_id, liked_id, like_date) VALUES ("224","321","2017-11-21 10:09:32");
INSERT INTO likes (like_id, liked_id, like_date) VALUES ("115","321","2017-04-12 18:33:38");
INSERT INTO views (viewer_id, viewed_id, view_date) VALUES ("377","321","2017-09-13 18:07:57");
INSERT INTO views (viewer_id, viewed_id, view_date) VALUES ("95","321","2017-09-06 16:30:37");
INSERT INTO views (viewer_id, viewed_id, view_date) VALUES ("475","321","2017-06-02 14:35:00");
INSERT INTO views (viewer_id, viewed_id, view_date) VALUES ("369","321","2017-02-25 19:31:35");
INSERT INTO views (viewer_id, viewed_id, view_date) VALUES ("91","321","2018-01-12 11:48:13");
INSERT INTO views (viewer_id, viewed_id, view_date) VALUES ("213","321","2017-12-05 01:50:39");
INSERT INTO views (viewer_id, viewed_id, view_date) VALUES ("393","321","2017-04-12 13:58:12");
INSERT INTO views (viewer_id, viewed_id, view_date) VALUES ("126","321","2018-01-26 05:55:33");
INSERT INTO views (viewer_id, viewed_id, view_date) VALUES ("371","321","2017-12-09 04:14:03");
INSERT INTO views (viewer_id, viewed_id, view_date) VALUES ("154","321","2017-08-29 22:14:48");
INSERT INTO views (viewer_id, viewed_id, view_date) VALUES ("470","321","2017-09-04 18:00:53");
INSERT INTO views (viewer_id, viewed_id, view_date) VALUES ("338","321","2017-03-09 08:12:32");
INSERT INTO views (viewer_id, viewed_id, view_date) VALUES ("317","321","2017-08-30 04:16:57");
INSERT INTO views (viewer_id, viewed_id, view_date) VALUES ("414","321","2017-10-18 17:45:15");
INSERT INTO views (viewer_id, viewed_id, view_date) VALUES ("326","321","2017-06-24 02:26:26");
INSERT INTO views (viewer_id, viewed_id, view_date) VALUES ("281","321","2017-05-28 09:21:21");
INSERT INTO views (viewer_id, viewed_id, view_date) VALUES ("95","321","2017-11-02 10:35:25");


INSERT INTO user (id, first_name, last_name, username, email, password, birthdate, gender, orientation, bio, country, state, city, zip, file_1, file_2, file_3, file_4, file_5, score, token, token_date, active, register, created_at, updated_at) VALUES ("322","Christina","Ebert","lubowitzhenderson","vidal35@hotmail.com","$2y$10$dFVAxRBvjV/pD.K8BUF8Tu2XpoRiMJAhsMcWPto09H0lkhMlK2XES","1985-04-07 17:22:35","1","3","Aliquid ut nulla et in aut et dignissimos nihil. Veritatis quasi aspernatur nulla libero. Hic et qui neque ut.","Greece","","Gorczanyville","40463","../fixtures/male7.jpg","../fixtures/male9.jpg","../fixtures/male7.jpg","../fixtures/male1.jpg","","98","ce617213fb7b4fdac686c6dac4ac41ff","1988-03-31 07:59:52","0","0","1971-02-26 16:46:40","2002-01-27 05:15:31");
INSERT INTO user_tag (user_id, tag_id) VALUES ("322","5");
INSERT INTO user_tag (user_id, tag_id) VALUES ("322","4");
INSERT INTO user_tag (user_id, tag_id) VALUES ("322","47");
INSERT INTO user_tag (user_id, tag_id) VALUES ("322","19");
INSERT INTO user_tag (user_id, tag_id) VALUES ("322","37");
INSERT INTO user_tag (user_id, tag_id) VALUES ("322","17");
INSERT INTO user_tag (user_id, tag_id) VALUES ("322","27");
INSERT INTO user_tag (user_id, tag_id) VALUES ("322","45");

INSERT INTO connected (user_id, connect_date) VALUES ("322","2018-01-01 10:20:26");
INSERT INTO likes (like_id, liked_id, like_date) VALUES ("316","322","2017-08-30 13:59:55");
INSERT INTO likes (like_id, liked_id, like_date) VALUES ("74","322","2017-09-02 08:02:22");
INSERT INTO likes (like_id, liked_id, like_date) VALUES ("101","322","2017-04-22 20:59:35");
INSERT INTO views (viewer_id, viewed_id, view_date) VALUES ("186","322","2017-07-21 07:04:42");
INSERT INTO views (viewer_id, viewed_id, view_date) VALUES ("343","322","2018-01-07 18:11:28");
INSERT INTO views (viewer_id, viewed_id, view_date) VALUES ("99","322","2017-11-12 23:31:26");
INSERT INTO views (viewer_id, viewed_id, view_date) VALUES ("92","322","2018-01-18 00:39:56");


INSERT INTO user (id, first_name, last_name, username, email, password, birthdate, gender, orientation, bio, country, state, city, zip, file_1, file_2, file_3, file_4, file_5, score, token, token_date, active, register, created_at, updated_at) VALUES ("323","Amara","Moen","robb44","osmith@oberbrunner.com","$2y$10$bBlqfDNIqdQ3YAy7ysxpue6TrYjiPz9.PLpovbThV/vbgfIC9L3Um","1957-06-28 21:39:12","1","1","Ut quas qui maxime illo ut. Voluptas sequi dignissimos dignissimos ut. Vel blanditiis sed doloremque quis.","Colombia","","New Ozellaville","74401-6056","../fixtures/male6.jpg","","","","","2","2830077da4f01d0f8992d5b63914d58c","2001-01-09 04:38:21","0","0","1988-04-22 05:42:01","1984-01-17 16:19:46");
INSERT INTO user_tag (user_id, tag_id) VALUES ("323","37");
INSERT INTO user_tag (user_id, tag_id) VALUES ("323","39");
INSERT INTO user_tag (user_id, tag_id) VALUES ("323","34");
INSERT INTO user_tag (user_id, tag_id) VALUES ("323","28");
INSERT INTO user_tag (user_id, tag_id) VALUES ("323","3");
INSERT INTO user_tag (user_id, tag_id) VALUES ("323","2");
INSERT INTO user_tag (user_id, tag_id) VALUES ("323","35");
INSERT INTO user_tag (user_id, tag_id) VALUES ("323","22");

INSERT INTO connected (user_id, connect_date) VALUES ("323","2017-08-21 03:11:55");
INSERT INTO likes (like_id, liked_id, like_date) VALUES ("40","323","2017-07-20 04:49:29");
INSERT INTO likes (like_id, liked_id, like_date) VALUES ("114","323","2017-03-17 16:21:17");
INSERT INTO likes (like_id, liked_id, like_date) VALUES ("356","323","2017-05-06 23:37:22");
INSERT INTO likes (like_id, liked_id, like_date) VALUES ("12","323","2017-09-26 06:08:55");
INSERT INTO views (viewer_id, viewed_id, view_date) VALUES ("267","323","2017-03-12 05:37:27");


INSERT INTO user (id, first_name, last_name, username, email, password, birthdate, gender, orientation, bio, country, state, city, zip, file_1, file_2, file_3, file_4, file_5, score, token, token_date, active, register, created_at, updated_at) VALUES ("324","Celine","Miller","cordeliaberge","lorna.stracke@hotmail.com","$2y$10$Duje9pYd5bZj8XQjrSk1Qu9do1ejzH856xriRw6Nl6BlaZ8wHVr0W","1959-12-21 00:47:31","2","1","Enim veritatis in consectetur voluptatibus eos et non. Perferendis quia eius natus nobis sunt. Modi tempora voluptates voluptatum rerum vitae.","Armenia","","East Sofiaborough","31621-3872","../fixtures/female2.jpg","../fixtures/female2.jpg","../fixtures/female8.jpg","","","88","7176f85e81b5cd7c99fa54100379b9e3","2006-09-26 09:32:22","1","1","1993-09-08 00:31:06","2001-08-16 14:06:10");
INSERT INTO user_tag (user_id, tag_id) VALUES ("324","34");
INSERT INTO user_tag (user_id, tag_id) VALUES ("324","9");
INSERT INTO user_tag (user_id, tag_id) VALUES ("324","13");
INSERT INTO user_tag (user_id, tag_id) VALUES ("324","9");
INSERT INTO user_tag (user_id, tag_id) VALUES ("324","30");
INSERT INTO user_tag (user_id, tag_id) VALUES ("324","37");

INSERT INTO connected (user_id, connect_date) VALUES ("324","2017-12-22 02:53:37");
INSERT INTO likes (like_id, liked_id, like_date) VALUES ("144","324","2017-10-13 21:54:06");
INSERT INTO likes (like_id, liked_id, like_date) VALUES ("429","324","2017-05-23 07:06:52");
INSERT INTO likes (like_id, liked_id, like_date) VALUES ("432","324","2017-10-19 12:55:47");
INSERT INTO likes (like_id, liked_id, like_date) VALUES ("406","324","2017-07-06 01:01:18");
INSERT INTO likes (like_id, liked_id, like_date) VALUES ("25","324","2017-11-10 13:09:11");
INSERT INTO likes (like_id, liked_id, like_date) VALUES ("210","324","2017-11-13 14:49:36");
INSERT INTO likes (like_id, liked_id, like_date) VALUES ("448","324","2017-09-07 17:23:10");
INSERT INTO likes (like_id, liked_id, like_date) VALUES ("294","324","2017-11-28 18:22:49");
INSERT INTO likes (like_id, liked_id, like_date) VALUES ("371","324","2017-07-23 11:12:13");
INSERT INTO likes (like_id, liked_id, like_date) VALUES ("29","324","2017-08-29 04:17:16");
INSERT INTO likes (like_id, liked_id, like_date) VALUES ("158","324","2017-04-14 14:48:33");
INSERT INTO likes (like_id, liked_id, like_date) VALUES ("425","324","2017-11-01 15:07:44");
INSERT INTO likes (like_id, liked_id, like_date) VALUES ("263","324","2017-05-04 07:05:53");
INSERT INTO likes (like_id, liked_id, like_date) VALUES ("469","324","2017-12-20 19:52:01");
INSERT INTO likes (like_id, liked_id, like_date) VALUES ("124","324","2017-08-13 07:58:02");
INSERT INTO views (viewer_id, viewed_id, view_date) VALUES ("243","324","2017-08-24 20:04:48");
INSERT INTO views (viewer_id, viewed_id, view_date) VALUES ("204","324","2017-07-19 23:12:35");
INSERT INTO views (viewer_id, viewed_id, view_date) VALUES ("440","324","2017-04-05 00:20:36");
INSERT INTO views (viewer_id, viewed_id, view_date) VALUES ("450","324","2017-10-16 23:33:49");
INSERT INTO views (viewer_id, viewed_id, view_date) VALUES ("38","324","2017-08-21 21:48:23");
INSERT INTO views (viewer_id, viewed_id, view_date) VALUES ("76","324","2017-11-24 20:53:32");
INSERT INTO views (viewer_id, viewed_id, view_date) VALUES ("40","324","2017-12-06 08:32:15");
INSERT INTO views (viewer_id, viewed_id, view_date) VALUES ("296","324","2017-12-09 12:34:58");
INSERT INTO views (viewer_id, viewed_id, view_date) VALUES ("169","324","2017-11-26 05:22:20");


INSERT INTO user (id, first_name, last_name, username, email, password, birthdate, gender, orientation, bio, country, state, city, zip, file_1, file_2, file_3, file_4, file_5, score, token, token_date, active, register, created_at, updated_at) VALUES ("325","Caden","Hamill","derrickhuels","destini.murazik@gmail.com","$2y$10$06KCdZRQah1yrzNfLzUwJe6iFrfSWyvcnUtXT9rWZxkaj9rjifgAe","1964-07-05 17:09:28","2","3","Laboriosam magni eaque esse. Neque sunt nesciunt a. Aspernatur blanditiis voluptas et consequatur et. Quia sed dolore magnam laborum debitis.","Montenegro","","Janiyaport","07129","../fixtures/female8.jpg","../fixtures/female9.jpg","","","","74","9de57df679b29da853fe88ccb326dd53","2004-02-28 17:36:59","0","0","1985-08-24 20:49:18","1981-12-03 20:39:14");
INSERT INTO user_tag (user_id, tag_id) VALUES ("325","5");
INSERT INTO user_tag (user_id, tag_id) VALUES ("325","22");
INSERT INTO user_tag (user_id, tag_id) VALUES ("325","43");
INSERT INTO user_tag (user_id, tag_id) VALUES ("325","19");
INSERT INTO user_tag (user_id, tag_id) VALUES ("325","3");
INSERT INTO user_tag (user_id, tag_id) VALUES ("325","29");
INSERT INTO user_tag (user_id, tag_id) VALUES ("325","3");
INSERT INTO user_tag (user_id, tag_id) VALUES ("325","47");
INSERT INTO user_tag (user_id, tag_id) VALUES ("325","29");

INSERT INTO connected (user_id, connect_date) VALUES ("325","2017-07-31 04:31:53");
INSERT INTO likes (like_id, liked_id, like_date) VALUES ("157","325","2018-02-11 10:32:30");
INSERT INTO likes (like_id, liked_id, like_date) VALUES ("291","325","2017-04-14 16:47:31");
INSERT INTO likes (like_id, liked_id, like_date) VALUES ("72","325","2017-11-26 05:49:13");
INSERT INTO likes (like_id, liked_id, like_date) VALUES ("311","325","2017-10-04 14:25:26");
INSERT INTO likes (like_id, liked_id, like_date) VALUES ("129","325","2017-04-09 20:18:42");
INSERT INTO likes (like_id, liked_id, like_date) VALUES ("437","325","2017-12-11 22:04:56");
INSERT INTO likes (like_id, liked_id, like_date) VALUES ("9","325","2017-06-05 14:00:39");
INSERT INTO likes (like_id, liked_id, like_date) VALUES ("313","325","2017-11-10 12:41:31");
INSERT INTO views (viewer_id, viewed_id, view_date) VALUES ("225","325","2017-09-12 03:32:44");
INSERT INTO views (viewer_id, viewed_id, view_date) VALUES ("386","325","2017-10-18 13:41:25");
INSERT INTO views (viewer_id, viewed_id, view_date) VALUES ("203","325","2017-06-20 21:21:55");
INSERT INTO views (viewer_id, viewed_id, view_date) VALUES ("165","325","2017-09-30 01:14:08");
INSERT INTO views (viewer_id, viewed_id, view_date) VALUES ("387","325","2017-09-11 01:02:09");
INSERT INTO views (viewer_id, viewed_id, view_date) VALUES ("176","325","2018-01-20 09:21:46");
INSERT INTO views (viewer_id, viewed_id, view_date) VALUES ("183","325","2017-11-13 10:28:06");


INSERT INTO user (id, first_name, last_name, username, email, password, birthdate, gender, orientation, bio, country, state, city, zip, file_1, file_2, file_3, file_4, file_5, score, token, token_date, active, register, created_at, updated_at) VALUES ("326","Edmund","Cruickshank","willmsdevon","mclaughlin.audrey@yahoo.com","$2y$10$NdLYzBa1AE5MtAQBYKXHR.JGL8TW3oOniL8jCJRRD1b7OiJspuNUC","1963-12-11 17:38:07","1","1","Consequuntur ipsum ratione qui saepe quia sequi deserunt. Illum et eum aliquam. Dolor optio sint similique rerum. Aut sapiente maiores non nulla corporis ut.","Germany","","Lorichester","46260","../fixtures/male6.jpg","../fixtures/male10.jpg","../fixtures/male9.jpg","../fixtures/male10.jpg","","19","4834166de803b260fd1701139b5f8480","2011-12-07 22:42:58","1","1","2016-06-19 09:43:25","1990-06-23 20:22:55");
INSERT INTO user_tag (user_id, tag_id) VALUES ("326","2");

INSERT INTO connected (user_id, connect_date) VALUES ("326","2017-05-05 09:40:01");
INSERT INTO likes (like_id, liked_id, like_date) VALUES ("129","326","2017-05-12 02:23:09");
INSERT INTO likes (like_id, liked_id, like_date) VALUES ("255","326","2017-09-07 06:03:56");
INSERT INTO likes (like_id, liked_id, like_date) VALUES ("161","326","2017-07-13 02:36:14");
INSERT INTO likes (like_id, liked_id, like_date) VALUES ("369","326","2017-10-13 19:41:40");
INSERT INTO likes (like_id, liked_id, like_date) VALUES ("105","326","2017-12-14 16:48:23");
INSERT INTO likes (like_id, liked_id, like_date) VALUES ("158","326","2017-03-07 11:50:52");
INSERT INTO likes (like_id, liked_id, like_date) VALUES ("454","326","2017-09-26 01:23:42");
INSERT INTO likes (like_id, liked_id, like_date) VALUES ("430","326","2018-01-16 08:13:31");
INSERT INTO likes (like_id, liked_id, like_date) VALUES ("297","326","2017-05-08 18:32:00");
INSERT INTO likes (like_id, liked_id, like_date) VALUES ("366","326","2017-08-31 09:44:41");
INSERT INTO likes (like_id, liked_id, like_date) VALUES ("260","326","2017-11-15 00:34:45");
INSERT INTO likes (like_id, liked_id, like_date) VALUES ("143","326","2017-04-19 16:44:26");
INSERT INTO likes (like_id, liked_id, like_date) VALUES ("298","326","2017-05-17 13:28:41");
INSERT INTO likes (like_id, liked_id, like_date) VALUES ("482","326","2017-05-27 21:05:33");
INSERT INTO views (viewer_id, viewed_id, view_date) VALUES ("67","326","2017-05-02 03:07:28");
INSERT INTO views (viewer_id, viewed_id, view_date) VALUES ("199","326","2017-06-25 15:58:47");
INSERT INTO views (viewer_id, viewed_id, view_date) VALUES ("83","326","2017-12-03 11:49:14");
INSERT INTO views (viewer_id, viewed_id, view_date) VALUES ("445","326","2017-07-26 13:52:01");
INSERT INTO views (viewer_id, viewed_id, view_date) VALUES ("359","326","2017-12-25 02:17:59");
INSERT INTO views (viewer_id, viewed_id, view_date) VALUES ("297","326","2017-12-24 07:03:30");
INSERT INTO views (viewer_id, viewed_id, view_date) VALUES ("161","326","2017-10-25 02:15:39");
INSERT INTO views (viewer_id, viewed_id, view_date) VALUES ("307","326","2017-08-18 22:17:29");
INSERT INTO views (viewer_id, viewed_id, view_date) VALUES ("355","326","2017-09-15 14:57:31");
INSERT INTO views (viewer_id, viewed_id, view_date) VALUES ("266","326","2017-10-26 23:06:07");


INSERT INTO user (id, first_name, last_name, username, email, password, birthdate, gender, orientation, bio, country, state, city, zip, file_1, file_2, file_3, file_4, file_5, score, token, token_date, active, register, created_at, updated_at) VALUES ("327","Rosalee","Powlowski","larissafarrell","nels39@nikolaus.info","$2y$10$tRJrDbBFCtWWWb8cdFb5n.okykZqn8z27bvN0fzj0LetVODigb8mW","1951-08-24 03:30:42","1","1","Vero deserunt consectetur rerum non optio voluptas. Provident cupiditate cupiditate reiciendis laudantium. Voluptas fugit aliquid voluptatem voluptate voluptates dignissimos quia.","Cambodia","","North Faebury","27350","../fixtures/male4.jpg","../fixtures/male2.jpg","../fixtures/male3.jpg","../fixtures/male1.jpg","","1","56bc1cc3629b06a3853d7d9e659563c5","1974-09-29 01:55:10","0","0","2004-07-27 20:10:01","1981-07-10 23:41:56");
INSERT INTO user_tag (user_id, tag_id) VALUES ("327","8");
INSERT INTO user_tag (user_id, tag_id) VALUES ("327","5");
INSERT INTO user_tag (user_id, tag_id) VALUES ("327","8");
INSERT INTO user_tag (user_id, tag_id) VALUES ("327","49");
INSERT INTO user_tag (user_id, tag_id) VALUES ("327","24");
INSERT INTO user_tag (user_id, tag_id) VALUES ("327","41");
INSERT INTO user_tag (user_id, tag_id) VALUES ("327","26");
INSERT INTO user_tag (user_id, tag_id) VALUES ("327","15");

INSERT INTO connected (user_id, connect_date) VALUES ("327","2017-03-05 05:35:00");
INSERT INTO likes (like_id, liked_id, like_date) VALUES ("114","327","2017-06-18 10:18:29");
INSERT INTO likes (like_id, liked_id, like_date) VALUES ("79","327","2017-08-07 15:39:40");
INSERT INTO likes (like_id, liked_id, like_date) VALUES ("291","327","2017-11-29 13:43:28");
INSERT INTO likes (like_id, liked_id, like_date) VALUES ("216","327","2017-06-03 17:06:54");
INSERT INTO likes (like_id, liked_id, like_date) VALUES ("434","327","2018-01-27 16:43:40");
INSERT INTO likes (like_id, liked_id, like_date) VALUES ("317","327","2017-08-03 10:05:18");
INSERT INTO likes (like_id, liked_id, like_date) VALUES ("216","327","2017-11-05 09:08:07");
INSERT INTO likes (like_id, liked_id, like_date) VALUES ("394","327","2018-01-01 21:42:01");
INSERT INTO likes (like_id, liked_id, like_date) VALUES ("220","327","2017-06-02 14:11:35");
INSERT INTO likes (like_id, liked_id, like_date) VALUES ("36","327","2017-05-09 23:59:35");
INSERT INTO likes (like_id, liked_id, like_date) VALUES ("401","327","2017-06-22 21:18:30");
INSERT INTO likes (like_id, liked_id, like_date) VALUES ("260","327","2018-01-09 14:50:44");
INSERT INTO likes (like_id, liked_id, like_date) VALUES ("250","327","2017-08-29 19:16:05");
INSERT INTO likes (like_id, liked_id, like_date) VALUES ("1","327","2017-03-08 19:52:55");
INSERT INTO likes (like_id, liked_id, like_date) VALUES ("347","327","2017-03-22 11:40:37");
INSERT INTO likes (like_id, liked_id, like_date) VALUES ("463","327","2017-08-14 09:33:57");
INSERT INTO likes (like_id, liked_id, like_date) VALUES ("298","327","2017-05-06 08:30:43");
INSERT INTO likes (like_id, liked_id, like_date) VALUES ("472","327","2017-09-22 01:32:07");
INSERT INTO likes (like_id, liked_id, like_date) VALUES ("37","327","2017-03-19 11:17:03");
INSERT INTO views (viewer_id, viewed_id, view_date) VALUES ("104","327","2017-10-28 21:17:44");
INSERT INTO views (viewer_id, viewed_id, view_date) VALUES ("24","327","2017-12-05 03:14:48");
INSERT INTO views (viewer_id, viewed_id, view_date) VALUES ("10","327","2017-12-28 19:10:38");
INSERT INTO views (viewer_id, viewed_id, view_date) VALUES ("130","327","2017-08-09 13:35:46");
INSERT INTO views (viewer_id, viewed_id, view_date) VALUES ("194","327","2017-03-30 15:31:28");
INSERT INTO views (viewer_id, viewed_id, view_date) VALUES ("398","327","2017-04-24 03:17:32");
INSERT INTO views (viewer_id, viewed_id, view_date) VALUES ("139","327","2017-10-06 13:38:59");
INSERT INTO views (viewer_id, viewed_id, view_date) VALUES ("20","327","2017-02-18 17:21:48");
INSERT INTO views (viewer_id, viewed_id, view_date) VALUES ("144","327","2017-02-23 10:51:07");
INSERT INTO views (viewer_id, viewed_id, view_date) VALUES ("185","327","2017-11-08 20:57:07");
INSERT INTO views (viewer_id, viewed_id, view_date) VALUES ("36","327","2017-10-07 02:07:36");
INSERT INTO views (viewer_id, viewed_id, view_date) VALUES ("294","327","2017-04-04 12:13:49");
INSERT INTO views (viewer_id, viewed_id, view_date) VALUES ("264","327","2017-12-02 18:27:22");
INSERT INTO views (viewer_id, viewed_id, view_date) VALUES ("324","327","2017-03-31 22:46:56");
INSERT INTO views (viewer_id, viewed_id, view_date) VALUES ("17","327","2017-12-25 12:07:47");
INSERT INTO views (viewer_id, viewed_id, view_date) VALUES ("350","327","2017-08-30 19:29:55");
INSERT INTO views (viewer_id, viewed_id, view_date) VALUES ("441","327","2017-04-01 06:43:03");
INSERT INTO views (viewer_id, viewed_id, view_date) VALUES ("450","327","2017-05-06 15:12:32");
INSERT INTO views (viewer_id, viewed_id, view_date) VALUES ("297","327","2017-07-11 17:41:02");
INSERT INTO views (viewer_id, viewed_id, view_date) VALUES ("215","327","2017-12-27 12:13:05");
INSERT INTO views (viewer_id, viewed_id, view_date) VALUES ("146","327","2017-07-20 00:51:39");


INSERT INTO user (id, first_name, last_name, username, email, password, birthdate, gender, orientation, bio, country, state, city, zip, file_1, file_2, file_3, file_4, file_5, score, token, token_date, active, register, created_at, updated_at) VALUES ("328","Zelma","O'Reilly","wiegandebba","dayana.rowe@zboncak.info","$2y$10$E5V.eKLoeJNmcMB8mV.vQuTn67qnnbYdMOnTb4S3BsPWfBFGs5vXS","1958-06-30 21:10:06","1","1","Qui quia alias quod excepturi voluptates asperiores ut. Aut porro et voluptatibus. Nostrum quisquam repellat officiis possimus ex qui.","Bermuda","","Gradyberg","97643","../fixtures/male10.jpg","","","","","36","17f6f686e82484699f3a64bf8c16b583","2016-09-08 20:36:59","0","0","1983-06-09 02:45:17","2006-07-23 00:43:23");
INSERT INTO user_tag (user_id, tag_id) VALUES ("328","34");
INSERT INTO user_tag (user_id, tag_id) VALUES ("328","7");

INSERT INTO connected (user_id, connect_date) VALUES ("328","2017-03-05 08:31:40");
INSERT INTO likes (like_id, liked_id, like_date) VALUES ("484","328","2017-07-24 07:01:01");
INSERT INTO likes (like_id, liked_id, like_date) VALUES ("410","328","2017-07-13 08:26:58");
INSERT INTO likes (like_id, liked_id, like_date) VALUES ("467","328","2017-07-21 23:11:56");
INSERT INTO likes (like_id, liked_id, like_date) VALUES ("306","328","2017-07-21 15:51:51");
INSERT INTO likes (like_id, liked_id, like_date) VALUES ("436","328","2017-05-01 00:59:44");
INSERT INTO likes (like_id, liked_id, like_date) VALUES ("296","328","2017-11-21 20:50:45");
INSERT INTO likes (like_id, liked_id, like_date) VALUES ("267","328","2017-05-02 05:23:26");
INSERT INTO likes (like_id, liked_id, like_date) VALUES ("24","328","2017-08-07 21:43:51");
INSERT INTO views (viewer_id, viewed_id, view_date) VALUES ("307","328","2017-10-10 03:15:17");
INSERT INTO views (viewer_id, viewed_id, view_date) VALUES ("55","328","2017-08-04 15:40:36");
INSERT INTO views (viewer_id, viewed_id, view_date) VALUES ("204","328","2017-05-26 12:30:53");
INSERT INTO views (viewer_id, viewed_id, view_date) VALUES ("437","328","2017-05-16 14:09:01");
INSERT INTO views (viewer_id, viewed_id, view_date) VALUES ("11","328","2017-04-29 08:03:03");
INSERT INTO views (viewer_id, viewed_id, view_date) VALUES ("389","328","2017-08-21 23:49:21");
INSERT INTO views (viewer_id, viewed_id, view_date) VALUES ("231","328","2017-06-06 11:05:05");
INSERT INTO views (viewer_id, viewed_id, view_date) VALUES ("392","328","2017-10-04 17:45:01");
INSERT INTO views (viewer_id, viewed_id, view_date) VALUES ("466","328","2017-06-06 11:27:47");
INSERT INTO views (viewer_id, viewed_id, view_date) VALUES ("70","328","2017-10-08 22:11:20");
INSERT INTO views (viewer_id, viewed_id, view_date) VALUES ("45","328","2017-03-25 22:20:53");
INSERT INTO views (viewer_id, viewed_id, view_date) VALUES ("432","328","2017-09-28 14:34:05");
INSERT INTO views (viewer_id, viewed_id, view_date) VALUES ("353","328","2018-01-26 01:36:23");
INSERT INTO views (viewer_id, viewed_id, view_date) VALUES ("243","328","2017-11-04 00:28:44");
INSERT INTO views (viewer_id, viewed_id, view_date) VALUES ("249","328","2017-07-26 17:40:54");
INSERT INTO views (viewer_id, viewed_id, view_date) VALUES ("433","328","2017-06-13 03:01:58");
INSERT INTO views (viewer_id, viewed_id, view_date) VALUES ("319","328","2017-09-04 20:40:58");
INSERT INTO views (viewer_id, viewed_id, view_date) VALUES ("210","328","2017-07-13 01:30:08");
INSERT INTO views (viewer_id, viewed_id, view_date) VALUES ("378","328","2017-05-04 14:29:16");
INSERT INTO views (viewer_id, viewed_id, view_date) VALUES ("356","328","2017-10-03 05:13:01");
INSERT INTO views (viewer_id, viewed_id, view_date) VALUES ("324","328","2017-12-01 22:58:37");
INSERT INTO views (viewer_id, viewed_id, view_date) VALUES ("304","328","2017-07-01 00:23:01");


INSERT INTO user (id, first_name, last_name, username, email, password, birthdate, gender, orientation, bio, country, state, city, zip, file_1, file_2, file_3, file_4, file_5, score, token, token_date, active, register, created_at, updated_at) VALUES ("329","Laila","Pfannerstill","pagacmarcia","qglover@gmail.com","$2y$10$L35IZ.lW7MqeDBESHQclVO4zcN0JaDkGXpB7s5T.Ze/jOQO.6LLpu","1951-02-18 22:54:42","2","3","Dicta ea aut quas neque corporis neque. Numquam molestiae labore illo quisquam. Et natus quisquam est doloribus autem et cupiditate. At quisquam laborum aut iste totam ipsa eum a.","Honduras","","South Guidoburgh","40893","../fixtures/female9.jpg","../fixtures/female7.jpg","../fixtures/female1.jpg","../fixtures/female6.jpg","../fixtures/female9.jpg","23","dbb70756fa2121c368c063922f40cc95","1992-05-19 06:00:28","0","0","1984-09-07 11:43:49","2013-02-20 16:35:00");
INSERT INTO user_tag (user_id, tag_id) VALUES ("329","9");
INSERT INTO user_tag (user_id, tag_id) VALUES ("329","42");
INSERT INTO user_tag (user_id, tag_id) VALUES ("329","23");
INSERT INTO user_tag (user_id, tag_id) VALUES ("329","12");
INSERT INTO user_tag (user_id, tag_id) VALUES ("329","4");
INSERT INTO user_tag (user_id, tag_id) VALUES ("329","36");
INSERT INTO user_tag (user_id, tag_id) VALUES ("329","37");
INSERT INTO user_tag (user_id, tag_id) VALUES ("329","24");
INSERT INTO user_tag (user_id, tag_id) VALUES ("329","39");

INSERT INTO connected (user_id, connect_date) VALUES ("329","2017-09-23 02:58:25");
INSERT INTO likes (like_id, liked_id, like_date) VALUES ("254","329","2018-01-22 09:05:41");
INSERT INTO likes (like_id, liked_id, like_date) VALUES ("320","329","2017-06-27 02:42:01");
INSERT INTO likes (like_id, liked_id, like_date) VALUES ("299","329","2017-11-16 18:44:07");
INSERT INTO likes (like_id, liked_id, like_date) VALUES ("2","329","2017-03-18 05:21:40");
INSERT INTO views (viewer_id, viewed_id, view_date) VALUES ("18","329","2017-08-20 00:24:15");
INSERT INTO views (viewer_id, viewed_id, view_date) VALUES ("346","329","2017-06-26 13:19:07");
INSERT INTO views (viewer_id, viewed_id, view_date) VALUES ("153","329","2017-03-26 18:15:05");
INSERT INTO views (viewer_id, viewed_id, view_date) VALUES ("299","329","2017-10-03 05:20:53");
INSERT INTO views (viewer_id, viewed_id, view_date) VALUES ("201","329","2017-03-25 16:17:02");
INSERT INTO views (viewer_id, viewed_id, view_date) VALUES ("73","329","2017-12-22 15:38:59");
INSERT INTO views (viewer_id, viewed_id, view_date) VALUES ("365","329","2017-07-11 16:37:26");
INSERT INTO views (viewer_id, viewed_id, view_date) VALUES ("374","329","2017-05-06 18:14:46");


INSERT INTO user (id, first_name, last_name, username, email, password, birthdate, gender, orientation, bio, country, state, city, zip, file_1, file_2, file_3, file_4, file_5, score, token, token_date, active, register, created_at, updated_at) VALUES ("330","Leon","Jacobson","vidal64","samanta.schmitt@gmail.com","$2y$10$mZIsVKEtM7ieWPqnhLZGW.HfgpzrRc2TpsGmlyqYY.kFDw2KUE6bq","1965-02-20 05:05:39","1","3","Incidunt nisi repellat sint quidem officia provident quo labore. Exercitationem ratione suscipit aut. Et accusantium nesciunt impedit ducimus.","Jordan","","New Maud","51936-6383","../fixtures/male2.jpg","../fixtures/male7.jpg","","","","27","33d8d2f2da3734ca117d18adea56aa50","1979-06-24 16:50:57","0","0","1992-01-18 03:02:35","1970-10-26 00:46:19");
INSERT INTO user_tag (user_id, tag_id) VALUES ("330","50");
INSERT INTO user_tag (user_id, tag_id) VALUES ("330","10");
INSERT INTO user_tag (user_id, tag_id) VALUES ("330","33");
INSERT INTO user_tag (user_id, tag_id) VALUES ("330","30");
INSERT INTO user_tag (user_id, tag_id) VALUES ("330","4");
INSERT INTO user_tag (user_id, tag_id) VALUES ("330","48");
INSERT INTO user_tag (user_id, tag_id) VALUES ("330","2");
INSERT INTO user_tag (user_id, tag_id) VALUES ("330","29");
INSERT INTO user_tag (user_id, tag_id) VALUES ("330","39");
INSERT INTO user_tag (user_id, tag_id) VALUES ("330","23");
INSERT INTO user_tag (user_id, tag_id) VALUES ("330","2");
INSERT INTO user_tag (user_id, tag_id) VALUES ("330","35");

INSERT INTO connected (user_id, connect_date) VALUES ("330","2017-12-20 02:54:57");
INSERT INTO likes (like_id, liked_id, like_date) VALUES ("38","330","2017-11-11 18:42:34");
INSERT INTO likes (like_id, liked_id, like_date) VALUES ("178","330","2017-03-07 16:10:39");
INSERT INTO likes (like_id, liked_id, like_date) VALUES ("89","330","2017-10-30 07:02:59");
INSERT INTO likes (like_id, liked_id, like_date) VALUES ("257","330","2017-10-06 02:31:23");
INSERT INTO likes (like_id, liked_id, like_date) VALUES ("275","330","2017-12-08 15:48:21");
INSERT INTO likes (like_id, liked_id, like_date) VALUES ("115","330","2017-02-25 22:44:49");
INSERT INTO likes (like_id, liked_id, like_date) VALUES ("193","330","2017-08-31 06:25:10");
INSERT INTO likes (like_id, liked_id, like_date) VALUES ("171","330","2017-08-18 20:07:33");
INSERT INTO likes (like_id, liked_id, like_date) VALUES ("33","330","2017-06-14 13:22:14");
INSERT INTO likes (like_id, liked_id, like_date) VALUES ("489","330","2017-02-27 11:59:51");
INSERT INTO likes (like_id, liked_id, like_date) VALUES ("446","330","2017-05-05 18:37:11");
INSERT INTO likes (like_id, liked_id, like_date) VALUES ("180","330","2018-02-08 16:09:29");
INSERT INTO likes (like_id, liked_id, like_date) VALUES ("272","330","2017-09-07 05:24:25");
INSERT INTO likes (like_id, liked_id, like_date) VALUES ("12","330","2018-01-20 12:45:55");
INSERT INTO views (viewer_id, viewed_id, view_date) VALUES ("405","330","2017-09-23 15:13:21");
INSERT INTO views (viewer_id, viewed_id, view_date) VALUES ("303","330","2017-03-01 22:25:55");
INSERT INTO views (viewer_id, viewed_id, view_date) VALUES ("139","330","2017-08-08 12:01:51");
INSERT INTO views (viewer_id, viewed_id, view_date) VALUES ("452","330","2017-12-24 00:54:30");
INSERT INTO views (viewer_id, viewed_id, view_date) VALUES ("371","330","2018-01-02 07:26:56");
INSERT INTO views (viewer_id, viewed_id, view_date) VALUES ("116","330","2017-04-20 05:50:50");
INSERT INTO views (viewer_id, viewed_id, view_date) VALUES ("135","330","2017-06-04 07:17:59");
INSERT INTO views (viewer_id, viewed_id, view_date) VALUES ("424","330","2017-02-17 03:16:17");
INSERT INTO views (viewer_id, viewed_id, view_date) VALUES ("16","330","2017-05-05 02:50:52");
INSERT INTO views (viewer_id, viewed_id, view_date) VALUES ("97","330","2017-10-28 16:04:28");
INSERT INTO views (viewer_id, viewed_id, view_date) VALUES ("4","330","2017-02-19 22:12:11");
INSERT INTO views (viewer_id, viewed_id, view_date) VALUES ("148","330","2017-08-10 07:49:05");
INSERT INTO views (viewer_id, viewed_id, view_date) VALUES ("290","330","2017-03-17 16:59:18");
INSERT INTO views (viewer_id, viewed_id, view_date) VALUES ("377","330","2017-03-26 05:06:17");
INSERT INTO views (viewer_id, viewed_id, view_date) VALUES ("359","330","2017-10-08 20:01:20");


INSERT INTO user (id, first_name, last_name, username, email, password, birthdate, gender, orientation, bio, country, state, city, zip, file_1, file_2, file_3, file_4, file_5, score, token, token_date, active, register, created_at, updated_at) VALUES ("331","Flavio","D'Amore","mosciskialisa","abbott.zetta@spinka.com","$2y$10$5fonPbh69tA9inYUOiQOueKFdo02O29AcNn5jS9FRzBlvPDQlxnMi","1955-08-16 04:02:35","1","1","Sapiente illo non molestias libero ut aut laudantium veniam. Sit quia atque accusantium atque tempora amet. Placeat ab nobis voluptatem veniam.","Iran","","Bednarmouth","23372","../fixtures/male8.jpg","","","","","96","544542da785be0e29960b525732ff331","2011-08-09 19:51:38","0","0","1971-05-29 23:10:14","2005-08-23 20:29:23");
INSERT INTO user_tag (user_id, tag_id) VALUES ("331","47");
INSERT INTO user_tag (user_id, tag_id) VALUES ("331","14");
INSERT INTO user_tag (user_id, tag_id) VALUES ("331","2");
INSERT INTO user_tag (user_id, tag_id) VALUES ("331","50");
INSERT INTO user_tag (user_id, tag_id) VALUES ("331","23");
INSERT INTO user_tag (user_id, tag_id) VALUES ("331","9");
INSERT INTO user_tag (user_id, tag_id) VALUES ("331","19");
INSERT INTO user_tag (user_id, tag_id) VALUES ("331","14");
INSERT INTO user_tag (user_id, tag_id) VALUES ("331","25");
INSERT INTO user_tag (user_id, tag_id) VALUES ("331","44");
INSERT INTO user_tag (user_id, tag_id) VALUES ("331","34");
INSERT INTO user_tag (user_id, tag_id) VALUES ("331","18");
INSERT INTO user_tag (user_id, tag_id) VALUES ("331","44");

INSERT INTO connected (user_id, connect_date) VALUES ("331","2017-11-21 19:57:00");
INSERT INTO likes (like_id, liked_id, like_date) VALUES ("254","331","2017-04-04 01:10:46");
INSERT INTO likes (like_id, liked_id, like_date) VALUES ("225","331","2017-12-08 04:10:29");
INSERT INTO likes (like_id, liked_id, like_date) VALUES ("148","331","2017-02-27 18:26:44");
INSERT INTO likes (like_id, liked_id, like_date) VALUES ("88","331","2017-12-15 06:36:50");
INSERT INTO likes (like_id, liked_id, like_date) VALUES ("350","331","2017-07-27 13:01:12");
INSERT INTO likes (like_id, liked_id, like_date) VALUES ("309","331","2017-07-06 13:53:59");
INSERT INTO likes (like_id, liked_id, like_date) VALUES ("237","331","2017-05-28 20:19:24");
INSERT INTO likes (like_id, liked_id, like_date) VALUES ("370","331","2017-10-27 21:03:37");
INSERT INTO views (viewer_id, viewed_id, view_date) VALUES ("373","331","2017-12-04 07:09:22");
INSERT INTO views (viewer_id, viewed_id, view_date) VALUES ("363","331","2017-12-22 18:26:05");
INSERT INTO views (viewer_id, viewed_id, view_date) VALUES ("166","331","2017-04-25 19:18:44");
INSERT INTO views (viewer_id, viewed_id, view_date) VALUES ("470","331","2017-02-22 03:13:24");
INSERT INTO views (viewer_id, viewed_id, view_date) VALUES ("273","331","2017-08-31 23:49:04");
INSERT INTO views (viewer_id, viewed_id, view_date) VALUES ("234","331","2017-10-18 11:40:46");
INSERT INTO views (viewer_id, viewed_id, view_date) VALUES ("130","331","2017-09-28 19:55:33");
INSERT INTO views (viewer_id, viewed_id, view_date) VALUES ("143","331","2017-03-27 17:23:23");
INSERT INTO views (viewer_id, viewed_id, view_date) VALUES ("416","331","2018-02-10 10:26:37");
INSERT INTO views (viewer_id, viewed_id, view_date) VALUES ("48","331","2017-06-26 00:29:01");
INSERT INTO views (viewer_id, viewed_id, view_date) VALUES ("326","331","2017-09-04 06:13:34");
INSERT INTO views (viewer_id, viewed_id, view_date) VALUES ("184","331","2017-07-30 21:12:02");
INSERT INTO views (viewer_id, viewed_id, view_date) VALUES ("93","331","2017-06-13 08:10:39");
INSERT INTO views (viewer_id, viewed_id, view_date) VALUES ("127","331","2017-07-25 19:22:29");
INSERT INTO views (viewer_id, viewed_id, view_date) VALUES ("148","331","2017-05-15 19:31:47");
INSERT INTO views (viewer_id, viewed_id, view_date) VALUES ("93","331","2018-01-03 16:02:20");
INSERT INTO views (viewer_id, viewed_id, view_date) VALUES ("6","331","2017-11-10 02:42:20");
INSERT INTO views (viewer_id, viewed_id, view_date) VALUES ("435","331","2017-07-04 16:22:11");
INSERT INTO views (viewer_id, viewed_id, view_date) VALUES ("137","331","2017-06-12 16:58:10");
INSERT INTO views (viewer_id, viewed_id, view_date) VALUES ("157","331","2017-09-08 08:41:50");
INSERT INTO views (viewer_id, viewed_id, view_date) VALUES ("196","331","2017-06-24 06:03:38");
INSERT INTO views (viewer_id, viewed_id, view_date) VALUES ("154","331","2017-10-09 10:09:34");


INSERT INTO user (id, first_name, last_name, username, email, password, birthdate, gender, orientation, bio, country, state, city, zip, file_1, file_2, file_3, file_4, file_5, score, token, token_date, active, register, created_at, updated_at) VALUES ("332","Telly","Parker","kaci90","rempel.leon@ortiz.info","$2y$10$3dRXYA0g0dgT2MH.mqUirODVUFaLfT.ZXBJdJKpJTD7b.SkebeBAS","1960-04-14 00:49:12","1","1","Quas odit quas iste ducimus minima numquam eveniet. Aut et cum et. Consequatur culpa nulla animi facilis rerum minima qui. Aut nulla veritatis dolor sint praesentium similique.","Madagascar","","Marisaside","45349-2201","../fixtures/male7.jpg","../fixtures/male3.jpg","../fixtures/male6.jpg","../fixtures/male8.jpg","","78","6b5f23ecb46601358c8a8c503a4b30df","1997-03-08 19:19:59","1","1","1996-12-15 04:05:18","1994-06-15 17:56:56");
INSERT INTO user_tag (user_id, tag_id) VALUES ("332","48");
INSERT INTO user_tag (user_id, tag_id) VALUES ("332","5");
INSERT INTO user_tag (user_id, tag_id) VALUES ("332","13");

INSERT INTO connected (user_id, connect_date) VALUES ("332","2017-06-02 15:53:20");
INSERT INTO likes (like_id, liked_id, like_date) VALUES ("432","332","2017-07-05 16:20:26");
INSERT INTO likes (like_id, liked_id, like_date) VALUES ("311","332","2017-06-13 02:54:49");
INSERT INTO likes (like_id, liked_id, like_date) VALUES ("458","332","2017-09-20 08:02:14");
INSERT INTO likes (like_id, liked_id, like_date) VALUES ("214","332","2017-08-31 21:32:50");
INSERT INTO likes (like_id, liked_id, like_date) VALUES ("271","332","2017-04-20 20:11:38");
INSERT INTO likes (like_id, liked_id, like_date) VALUES ("15","332","2017-03-02 02:51:06");
INSERT INTO likes (like_id, liked_id, like_date) VALUES ("182","332","2017-05-21 18:11:21");
INSERT INTO likes (like_id, liked_id, like_date) VALUES ("298","332","2017-11-21 12:51:31");
INSERT INTO likes (like_id, liked_id, like_date) VALUES ("149","332","2017-05-28 10:42:29");
INSERT INTO likes (like_id, liked_id, like_date) VALUES ("368","332","2017-09-04 05:27:50");
INSERT INTO likes (like_id, liked_id, like_date) VALUES ("322","332","2017-12-17 08:25:22");
INSERT INTO likes (like_id, liked_id, like_date) VALUES ("230","332","2018-01-22 22:39:14");
INSERT INTO likes (like_id, liked_id, like_date) VALUES ("291","332","2017-10-07 04:36:37");
INSERT INTO likes (like_id, liked_id, like_date) VALUES ("123","332","2017-09-02 18:51:41");
INSERT INTO likes (like_id, liked_id, like_date) VALUES ("113","332","2017-04-22 20:19:15");
INSERT INTO likes (like_id, liked_id, like_date) VALUES ("499","332","2017-11-10 03:56:00");
INSERT INTO views (viewer_id, viewed_id, view_date) VALUES ("60","332","2017-06-30 23:02:32");
INSERT INTO views (viewer_id, viewed_id, view_date) VALUES ("350","332","2017-11-15 09:37:20");
INSERT INTO views (viewer_id, viewed_id, view_date) VALUES ("428","332","2017-05-24 07:14:18");
INSERT INTO views (viewer_id, viewed_id, view_date) VALUES ("301","332","2017-06-25 00:28:20");
INSERT INTO views (viewer_id, viewed_id, view_date) VALUES ("61","332","2017-10-14 03:00:22");
INSERT INTO views (viewer_id, viewed_id, view_date) VALUES ("152","332","2017-10-19 18:32:58");
INSERT INTO views (viewer_id, viewed_id, view_date) VALUES ("332","332","2017-12-31 10:35:45");
INSERT INTO views (viewer_id, viewed_id, view_date) VALUES ("77","332","2017-10-01 16:04:25");
INSERT INTO views (viewer_id, viewed_id, view_date) VALUES ("202","332","2017-04-05 03:13:26");
INSERT INTO views (viewer_id, viewed_id, view_date) VALUES ("456","332","2017-08-29 00:04:51");
INSERT INTO views (viewer_id, viewed_id, view_date) VALUES ("159","332","2017-05-19 17:42:57");
INSERT INTO views (viewer_id, viewed_id, view_date) VALUES ("454","332","2017-11-27 12:32:37");
INSERT INTO views (viewer_id, viewed_id, view_date) VALUES ("46","332","2018-02-15 01:56:09");
INSERT INTO views (viewer_id, viewed_id, view_date) VALUES ("222","332","2018-01-04 16:17:29");
INSERT INTO views (viewer_id, viewed_id, view_date) VALUES ("151","332","2017-06-07 12:35:33");
INSERT INTO views (viewer_id, viewed_id, view_date) VALUES ("402","332","2017-11-08 22:21:39");
INSERT INTO views (viewer_id, viewed_id, view_date) VALUES ("317","332","2018-01-24 09:46:31");
INSERT INTO views (viewer_id, viewed_id, view_date) VALUES ("285","332","2017-05-30 08:22:29");
INSERT INTO views (viewer_id, viewed_id, view_date) VALUES ("316","332","2017-12-20 18:55:18");
INSERT INTO views (viewer_id, viewed_id, view_date) VALUES ("435","332","2017-07-15 08:30:56");
INSERT INTO views (viewer_id, viewed_id, view_date) VALUES ("447","332","2017-05-26 18:38:03");
INSERT INTO views (viewer_id, viewed_id, view_date) VALUES ("314","332","2018-01-10 18:40:43");
INSERT INTO views (viewer_id, viewed_id, view_date) VALUES ("151","332","2018-01-27 05:17:12");
INSERT INTO views (viewer_id, viewed_id, view_date) VALUES ("3","332","2017-09-26 10:33:09");


INSERT INTO user (id, first_name, last_name, username, email, password, birthdate, gender, orientation, bio, country, state, city, zip, file_1, file_2, file_3, file_4, file_5, score, token, token_date, active, register, created_at, updated_at) VALUES ("333","Eladio","Price","cristeileen","rwisoky@cole.com","$2y$10$LlUnMx4kfATES06TUDwCOeRv.jZkWV980UeI9QDmd.mRE1ZJEvSgu","1954-02-19 16:45:02","2","3","Natus et omnis voluptatibus id eum. Est dolorem suscipit quia ea dolores omnis facere quibusdam. Quasi sint ducimus placeat.","Solomon Islands","","North Bufordmouth","26758-6931","../fixtures/female4.jpg","","","","","48","a6eb8417abf9d30bace8e884d738f65f","1994-02-20 12:02:58","1","0","1981-05-30 07:38:16","2003-05-07 01:07:59");
INSERT INTO user_tag (user_id, tag_id) VALUES ("333","18");
INSERT INTO user_tag (user_id, tag_id) VALUES ("333","8");
INSERT INTO user_tag (user_id, tag_id) VALUES ("333","22");
INSERT INTO user_tag (user_id, tag_id) VALUES ("333","5");
INSERT INTO user_tag (user_id, tag_id) VALUES ("333","5");
INSERT INTO user_tag (user_id, tag_id) VALUES ("333","33");
INSERT INTO user_tag (user_id, tag_id) VALUES ("333","7");
INSERT INTO user_tag (user_id, tag_id) VALUES ("333","12");
INSERT INTO user_tag (user_id, tag_id) VALUES ("333","12");
INSERT INTO user_tag (user_id, tag_id) VALUES ("333","36");
INSERT INTO user_tag (user_id, tag_id) VALUES ("333","18");
INSERT INTO user_tag (user_id, tag_id) VALUES ("333","18");

INSERT INTO connected (user_id, connect_date) VALUES ("333","2017-03-12 23:55:14");
INSERT INTO likes (like_id, liked_id, like_date) VALUES ("62","333","2017-02-17 04:57:31");
INSERT INTO likes (like_id, liked_id, like_date) VALUES ("259","333","2017-03-28 17:46:43");
INSERT INTO likes (like_id, liked_id, like_date) VALUES ("29","333","2017-12-02 06:11:04");
INSERT INTO likes (like_id, liked_id, like_date) VALUES ("275","333","2018-02-09 00:55:23");
INSERT INTO likes (like_id, liked_id, like_date) VALUES ("402","333","2017-06-19 18:23:07");
INSERT INTO likes (like_id, liked_id, like_date) VALUES ("231","333","2017-09-01 08:27:15");
INSERT INTO views (viewer_id, viewed_id, view_date) VALUES ("307","333","2017-02-23 22:12:39");
INSERT INTO views (viewer_id, viewed_id, view_date) VALUES ("133","333","2017-08-15 18:55:08");
INSERT INTO views (viewer_id, viewed_id, view_date) VALUES ("418","333","2017-05-07 00:36:03");
INSERT INTO views (viewer_id, viewed_id, view_date) VALUES ("194","333","2017-05-15 01:15:44");
INSERT INTO views (viewer_id, viewed_id, view_date) VALUES ("469","333","2017-03-01 15:34:58");
INSERT INTO views (viewer_id, viewed_id, view_date) VALUES ("422","333","2017-09-16 22:01:41");
INSERT INTO views (viewer_id, viewed_id, view_date) VALUES ("49","333","2017-10-28 02:06:12");
INSERT INTO views (viewer_id, viewed_id, view_date) VALUES ("274","333","2017-06-24 02:31:47");
INSERT INTO views (viewer_id, viewed_id, view_date) VALUES ("28","333","2017-07-23 10:54:13");
INSERT INTO views (viewer_id, viewed_id, view_date) VALUES ("96","333","2017-08-23 19:55:19");
INSERT INTO views (viewer_id, viewed_id, view_date) VALUES ("454","333","2017-09-26 00:23:17");
INSERT INTO views (viewer_id, viewed_id, view_date) VALUES ("469","333","2017-07-28 22:36:56");
INSERT INTO views (viewer_id, viewed_id, view_date) VALUES ("400","333","2017-05-22 04:52:28");
INSERT INTO views (viewer_id, viewed_id, view_date) VALUES ("47","333","2017-03-08 16:01:14");
INSERT INTO views (viewer_id, viewed_id, view_date) VALUES ("77","333","2017-10-06 22:22:14");


INSERT INTO user (id, first_name, last_name, username, email, password, birthdate, gender, orientation, bio, country, state, city, zip, file_1, file_2, file_3, file_4, file_5, score, token, token_date, active, register, created_at, updated_at) VALUES ("334","Bernardo","Altenwerth","thermann","wilhelm.effertz@hettinger.com","$2y$10$oXdMiVdM6703NewFhccJ3.0EvpjFD.gHqrkvVSFVGeZGfsKBkgsK6","1979-09-04 06:41:53","1","2","Ut laboriosam sed quia. Ducimus quis et facere veritatis. Aut voluptas autem ullam. Reprehenderit officia ad quam maiores mollitia et in.","Uganda","","McClureland","63495","../fixtures/male10.jpg","../fixtures/male7.jpg","../fixtures/male2.jpg","","","82","243026836b95c72e89a933a213f2c525","2007-07-27 16:24:04","0","0","1988-04-13 06:34:53","2002-05-16 20:06:30");
INSERT INTO user_tag (user_id, tag_id) VALUES ("334","28");
INSERT INTO user_tag (user_id, tag_id) VALUES ("334","49");
INSERT INTO user_tag (user_id, tag_id) VALUES ("334","1");
INSERT INTO user_tag (user_id, tag_id) VALUES ("334","22");
INSERT INTO user_tag (user_id, tag_id) VALUES ("334","9");
INSERT INTO user_tag (user_id, tag_id) VALUES ("334","49");
INSERT INTO user_tag (user_id, tag_id) VALUES ("334","35");

INSERT INTO connected (user_id, connect_date) VALUES ("334","2017-08-12 15:07:09");
INSERT INTO likes (like_id, liked_id, like_date) VALUES ("312","334","2017-03-02 09:56:07");
INSERT INTO likes (like_id, liked_id, like_date) VALUES ("317","334","2017-08-11 01:06:58");
INSERT INTO likes (like_id, liked_id, like_date) VALUES ("314","334","2017-05-05 13:05:26");
INSERT INTO likes (like_id, liked_id, like_date) VALUES ("258","334","2017-03-12 15:03:10");
INSERT INTO likes (like_id, liked_id, like_date) VALUES ("159","334","2017-05-29 11:23:23");
INSERT INTO likes (like_id, liked_id, like_date) VALUES ("109","334","2017-05-09 02:22:06");
INSERT INTO likes (like_id, liked_id, like_date) VALUES ("485","334","2017-09-16 10:50:33");
INSERT INTO likes (like_id, liked_id, like_date) VALUES ("453","334","2017-10-16 12:04:01");
INSERT INTO likes (like_id, liked_id, like_date) VALUES ("94","334","2017-05-11 15:56:44");
INSERT INTO likes (like_id, liked_id, like_date) VALUES ("148","334","2018-01-11 15:19:39");
INSERT INTO likes (like_id, liked_id, like_date) VALUES ("323","334","2017-07-27 22:54:24");
INSERT INTO likes (like_id, liked_id, like_date) VALUES ("382","334","2017-08-09 14:52:00");
INSERT INTO likes (like_id, liked_id, like_date) VALUES ("73","334","2017-05-11 06:10:30");
INSERT INTO likes (like_id, liked_id, like_date) VALUES ("52","334","2017-09-26 09:22:09");
INSERT INTO likes (like_id, liked_id, like_date) VALUES ("226","334","2017-10-12 10:34:04");
INSERT INTO likes (like_id, liked_id, like_date) VALUES ("417","334","2017-06-12 20:57:40");
INSERT INTO views (viewer_id, viewed_id, view_date) VALUES ("428","334","2017-06-05 06:34:53");
INSERT INTO views (viewer_id, viewed_id, view_date) VALUES ("395","334","2017-10-11 04:39:34");
INSERT INTO views (viewer_id, viewed_id, view_date) VALUES ("481","334","2017-02-23 02:48:21");
INSERT INTO views (viewer_id, viewed_id, view_date) VALUES ("255","334","2017-02-22 08:46:08");
INSERT INTO views (viewer_id, viewed_id, view_date) VALUES ("162","334","2017-04-04 14:05:25");
INSERT INTO views (viewer_id, viewed_id, view_date) VALUES ("87","334","2017-08-25 05:35:15");
INSERT INTO views (viewer_id, viewed_id, view_date) VALUES ("249","334","2017-10-11 00:33:50");
INSERT INTO views (viewer_id, viewed_id, view_date) VALUES ("324","334","2017-04-01 04:46:10");
INSERT INTO views (viewer_id, viewed_id, view_date) VALUES ("270","334","2017-08-26 12:59:15");
INSERT INTO views (viewer_id, viewed_id, view_date) VALUES ("33","334","2017-02-18 12:07:49");
INSERT INTO views (viewer_id, viewed_id, view_date) VALUES ("350","334","2017-10-18 02:56:01");


INSERT INTO user (id, first_name, last_name, username, email, password, birthdate, gender, orientation, bio, country, state, city, zip, file_1, file_2, file_3, file_4, file_5, score, token, token_date, active, register, created_at, updated_at) VALUES ("335","Laurence","Hodkiewicz","hulda19","baumbach.annabell@yahoo.com","$2y$10$Y5QyXq6NTvYhtRrMFzqgxOR.l/yNxypFIuPZGGPTg6deUqRg5UtoO","1950-05-29 00:34:53","1","1","Mollitia minima debitis molestiae dolorem. Qui omnis illo et molestiae debitis quis dolor. Dolores laudantium in sunt autem.","Qatar","","Blickhaven","64690","../fixtures/male1.jpg","../fixtures/male5.jpg","","","","48","2f02a45b8322e0b862952ea661c72e99","1981-06-13 11:53:45","0","0","1996-01-31 17:28:14","1970-12-12 12:09:49");
INSERT INTO user_tag (user_id, tag_id) VALUES ("335","44");

INSERT INTO connected (user_id, connect_date) VALUES ("335","2017-09-14 07:43:54");
INSERT INTO likes (like_id, liked_id, like_date) VALUES ("412","335","2017-09-28 17:58:12");
INSERT INTO likes (like_id, liked_id, like_date) VALUES ("194","335","2017-10-12 21:39:00");
INSERT INTO likes (like_id, liked_id, like_date) VALUES ("327","335","2017-02-24 10:46:38");
INSERT INTO likes (like_id, liked_id, like_date) VALUES ("347","335","2017-03-24 03:50:15");
INSERT INTO likes (like_id, liked_id, like_date) VALUES ("197","335","2017-07-12 17:25:36");
INSERT INTO likes (like_id, liked_id, like_date) VALUES ("145","335","2017-03-07 12:18:48");
INSERT INTO likes (like_id, liked_id, like_date) VALUES ("39","335","2017-12-27 09:04:03");
INSERT INTO likes (like_id, liked_id, like_date) VALUES ("452","335","2017-06-02 22:03:44");
INSERT INTO likes (like_id, liked_id, like_date) VALUES ("127","335","2017-04-11 17:35:29");
INSERT INTO likes (like_id, liked_id, like_date) VALUES ("212","335","2018-01-22 19:18:25");
INSERT INTO likes (like_id, liked_id, like_date) VALUES ("10","335","2017-06-13 08:41:37");
INSERT INTO likes (like_id, liked_id, like_date) VALUES ("121","335","2017-11-04 21:34:19");
INSERT INTO likes (like_id, liked_id, like_date) VALUES ("473","335","2017-09-30 14:09:06");
INSERT INTO views (viewer_id, viewed_id, view_date) VALUES ("388","335","2017-10-05 07:23:37");


INSERT INTO user (id, first_name, last_name, username, email, password, birthdate, gender, orientation, bio, country, state, city, zip, file_1, file_2, file_3, file_4, file_5, score, token, token_date, active, register, created_at, updated_at) VALUES ("336","Freeman","Heathcote","houstonblock","ichristiansen@robel.org","$2y$10$oAlOBzTCIaqXteMW0PQcBu/BIZ7/MR0EzkdJ4UN4bfzNrCF5vxA/W","1952-04-17 15:54:12","2","1","Itaque molestias perferendis similique sed quibusdam. Accusantium quo vero magnam repudiandae delectus quae ab. Veniam est corporis ipsum dolorem eos ducimus. Odio saepe quis et qui magni consectetur.","Northern Mariana Islands","","Leoniemouth","65734-3392","../fixtures/female6.jpg","../fixtures/female9.jpg","../fixtures/female5.jpg","../fixtures/female5.jpg","../fixtures/female5.jpg","12","db3812a4b05bd1ee25b379a4e13af8a4","1981-02-08 17:47:50","0","0","1990-08-18 05:35:15","1980-03-31 18:16:27");
INSERT INTO user_tag (user_id, tag_id) VALUES ("336","42");
INSERT INTO user_tag (user_id, tag_id) VALUES ("336","31");
INSERT INTO user_tag (user_id, tag_id) VALUES ("336","49");
INSERT INTO user_tag (user_id, tag_id) VALUES ("336","29");
INSERT INTO user_tag (user_id, tag_id) VALUES ("336","31");
INSERT INTO user_tag (user_id, tag_id) VALUES ("336","32");
INSERT INTO user_tag (user_id, tag_id) VALUES ("336","29");
INSERT INTO user_tag (user_id, tag_id) VALUES ("336","19");
INSERT INTO user_tag (user_id, tag_id) VALUES ("336","37");
INSERT INTO user_tag (user_id, tag_id) VALUES ("336","16");
INSERT INTO user_tag (user_id, tag_id) VALUES ("336","2");

INSERT INTO connected (user_id, connect_date) VALUES ("336","2017-04-25 18:55:24");
INSERT INTO likes (like_id, liked_id, like_date) VALUES ("105","336","2017-03-30 23:37:11");
INSERT INTO views (viewer_id, viewed_id, view_date) VALUES ("121","336","2017-10-22 19:03:02");
INSERT INTO views (viewer_id, viewed_id, view_date) VALUES ("322","336","2017-09-29 00:24:24");
INSERT INTO views (viewer_id, viewed_id, view_date) VALUES ("220","336","2017-10-28 01:51:04");
INSERT INTO views (viewer_id, viewed_id, view_date) VALUES ("56","336","2017-03-09 20:35:26");
INSERT INTO views (viewer_id, viewed_id, view_date) VALUES ("336","336","2017-05-04 10:28:11");
INSERT INTO views (viewer_id, viewed_id, view_date) VALUES ("378","336","2017-05-20 14:11:28");
INSERT INTO views (viewer_id, viewed_id, view_date) VALUES ("21","336","2018-02-11 00:45:02");
INSERT INTO views (viewer_id, viewed_id, view_date) VALUES ("436","336","2018-01-24 01:45:42");
INSERT INTO views (viewer_id, viewed_id, view_date) VALUES ("127","336","2017-12-15 17:47:34");
INSERT INTO views (viewer_id, viewed_id, view_date) VALUES ("3","336","2017-03-19 01:18:39");
INSERT INTO views (viewer_id, viewed_id, view_date) VALUES ("367","336","2017-12-31 06:02:55");
INSERT INTO views (viewer_id, viewed_id, view_date) VALUES ("105","336","2017-11-03 08:21:30");
INSERT INTO views (viewer_id, viewed_id, view_date) VALUES ("467","336","2017-07-30 23:37:32");
INSERT INTO views (viewer_id, viewed_id, view_date) VALUES ("284","336","2017-12-16 07:17:14");
INSERT INTO views (viewer_id, viewed_id, view_date) VALUES ("311","336","2017-12-19 21:54:53");
INSERT INTO views (viewer_id, viewed_id, view_date) VALUES ("473","336","2017-02-18 15:24:00");
INSERT INTO views (viewer_id, viewed_id, view_date) VALUES ("110","336","2017-04-21 18:26:11");
INSERT INTO views (viewer_id, viewed_id, view_date) VALUES ("493","336","2017-04-22 16:55:16");
INSERT INTO views (viewer_id, viewed_id, view_date) VALUES ("336","336","2017-08-06 22:24:49");
INSERT INTO views (viewer_id, viewed_id, view_date) VALUES ("445","336","2017-06-30 09:55:39");
INSERT INTO views (viewer_id, viewed_id, view_date) VALUES ("439","336","2017-11-01 04:21:24");
INSERT INTO views (viewer_id, viewed_id, view_date) VALUES ("471","336","2017-10-07 12:17:57");
INSERT INTO views (viewer_id, viewed_id, view_date) VALUES ("10","336","2017-12-11 10:56:01");
INSERT INTO views (viewer_id, viewed_id, view_date) VALUES ("71","336","2018-01-22 07:53:36");
INSERT INTO views (viewer_id, viewed_id, view_date) VALUES ("421","336","2017-11-02 09:06:16");
INSERT INTO views (viewer_id, viewed_id, view_date) VALUES ("462","336","2018-01-04 09:46:49");
INSERT INTO views (viewer_id, viewed_id, view_date) VALUES ("277","336","2017-12-04 23:14:04");
INSERT INTO views (viewer_id, viewed_id, view_date) VALUES ("85","336","2017-07-14 23:48:57");
INSERT INTO views (viewer_id, viewed_id, view_date) VALUES ("469","336","2017-02-16 00:25:04");
INSERT INTO views (viewer_id, viewed_id, view_date) VALUES ("173","336","2017-11-09 07:22:11");
INSERT INTO views (viewer_id, viewed_id, view_date) VALUES ("327","336","2017-04-12 05:45:40");


INSERT INTO user (id, first_name, last_name, username, email, password, birthdate, gender, orientation, bio, country, state, city, zip, file_1, file_2, file_3, file_4, file_5, score, token, token_date, active, register, created_at, updated_at) VALUES ("337","Lorine","Emmerich","lberge","cmckenzie@stamm.biz","$2y$10$hcLWC2nZxTJPHDlZCgoEz.d5LKIqLfgul3rBgerqZA21oGrk.TcRi","1950-08-22 17:26:37","1","2","Numquam deleniti facere culpa aliquid mollitia. Beatae esse doloremque alias qui dolores enim alias. Pariatur natus quasi qui molestiae. Nihil voluptas ratione reiciendis aliquam alias dolorum unde.","Qatar","","Schuppefurt","42996","../fixtures/male2.jpg","","","","","44","92edef5b52c2943e3bce0308945bad38","1995-12-04 15:27:59","1","0","1982-05-24 16:13:08","1998-09-10 23:13:46");
INSERT INTO user_tag (user_id, tag_id) VALUES ("337","50");
INSERT INTO user_tag (user_id, tag_id) VALUES ("337","4");
INSERT INTO user_tag (user_id, tag_id) VALUES ("337","31");
INSERT INTO user_tag (user_id, tag_id) VALUES ("337","27");
INSERT INTO user_tag (user_id, tag_id) VALUES ("337","19");
INSERT INTO user_tag (user_id, tag_id) VALUES ("337","42");
INSERT INTO user_tag (user_id, tag_id) VALUES ("337","39");
INSERT INTO user_tag (user_id, tag_id) VALUES ("337","22");
INSERT INTO user_tag (user_id, tag_id) VALUES ("337","44");
INSERT INTO user_tag (user_id, tag_id) VALUES ("337","43");
INSERT INTO user_tag (user_id, tag_id) VALUES ("337","49");

INSERT INTO connected (user_id, connect_date) VALUES ("337","2017-09-16 17:41:31");
INSERT INTO likes (like_id, liked_id, like_date) VALUES ("1","337","2017-07-30 01:38:55");
INSERT INTO likes (like_id, liked_id, like_date) VALUES ("41","337","2017-08-24 17:33:59");
INSERT INTO likes (like_id, liked_id, like_date) VALUES ("423","337","2017-04-05 19:46:10");
INSERT INTO likes (like_id, liked_id, like_date) VALUES ("313","337","2017-04-07 22:40:59");
INSERT INTO likes (like_id, liked_id, like_date) VALUES ("108","337","2017-12-27 23:30:01");
INSERT INTO likes (like_id, liked_id, like_date) VALUES ("320","337","2017-04-02 09:24:05");
INSERT INTO likes (like_id, liked_id, like_date) VALUES ("138","337","2017-07-07 17:43:51");
INSERT INTO views (viewer_id, viewed_id, view_date) VALUES ("434","337","2018-01-16 05:06:23");
INSERT INTO views (viewer_id, viewed_id, view_date) VALUES ("395","337","2017-09-27 12:17:41");
INSERT INTO views (viewer_id, viewed_id, view_date) VALUES ("496","337","2017-04-02 18:18:32");
INSERT INTO views (viewer_id, viewed_id, view_date) VALUES ("208","337","2017-04-07 19:11:02");
INSERT INTO views (viewer_id, viewed_id, view_date) VALUES ("492","337","2017-12-25 09:08:49");


INSERT INTO user (id, first_name, last_name, username, email, password, birthdate, gender, orientation, bio, country, state, city, zip, file_1, file_2, file_3, file_4, file_5, score, token, token_date, active, register, created_at, updated_at) VALUES ("338","Kaylee","Auer","gerholdalanis","brennan55@hotmail.com","$2y$10$6b58wLVEkr2lQJvwlgPtwuZIQsfO4fsR0MEG1CzA25iKj6qZ5B2h2","1965-11-02 07:40:00","2","3","Maiores quidem ipsa saepe voluptatem temporibus quibusdam aliquam assumenda. Incidunt a hic ab voluptates qui. Qui nihil nobis dolor labore.","Uruguay","","Robertaland","73077-7051","../fixtures/female10.jpg","../fixtures/female4.jpg","../fixtures/female3.jpg","","","34","7b1621afd2db9ebff6415e1ade3e3d03","1974-10-29 09:44:59","1","0","1982-12-17 12:12:10","2008-07-20 13:23:21");
INSERT INTO user_tag (user_id, tag_id) VALUES ("338","7");

INSERT INTO connected (user_id, connect_date) VALUES ("338","2017-05-16 19:44:47");
INSERT INTO likes (like_id, liked_id, like_date) VALUES ("433","338","2017-07-27 23:57:07");
INSERT INTO likes (like_id, liked_id, like_date) VALUES ("451","338","2017-03-04 18:22:47");
INSERT INTO likes (like_id, liked_id, like_date) VALUES ("95","338","2018-02-09 23:10:07");
INSERT INTO likes (like_id, liked_id, like_date) VALUES ("343","338","2017-05-20 16:18:29");
INSERT INTO likes (like_id, liked_id, like_date) VALUES ("224","338","2017-04-29 07:15:53");
INSERT INTO likes (like_id, liked_id, like_date) VALUES ("372","338","2017-10-18 09:13:03");
INSERT INTO likes (like_id, liked_id, like_date) VALUES ("73","338","2018-01-17 07:00:17");
INSERT INTO likes (like_id, liked_id, like_date) VALUES ("347","338","2017-12-03 16:17:39");
INSERT INTO likes (like_id, liked_id, like_date) VALUES ("339","338","2017-04-06 06:45:59");
INSERT INTO likes (like_id, liked_id, like_date) VALUES ("270","338","2017-09-04 06:32:33");
INSERT INTO views (viewer_id, viewed_id, view_date) VALUES ("140","338","2017-11-22 23:36:32");
INSERT INTO views (viewer_id, viewed_id, view_date) VALUES ("471","338","2017-10-11 13:19:15");
INSERT INTO views (viewer_id, viewed_id, view_date) VALUES ("340","338","2018-01-25 18:31:14");
INSERT INTO views (viewer_id, viewed_id, view_date) VALUES ("451","338","2017-07-12 23:49:50");
INSERT INTO views (viewer_id, viewed_id, view_date) VALUES ("154","338","2018-01-12 07:43:24");
INSERT INTO views (viewer_id, viewed_id, view_date) VALUES ("207","338","2017-12-12 22:30:39");
INSERT INTO views (viewer_id, viewed_id, view_date) VALUES ("194","338","2017-07-12 06:55:06");


INSERT INTO user (id, first_name, last_name, username, email, password, birthdate, gender, orientation, bio, country, state, city, zip, file_1, file_2, file_3, file_4, file_5, score, token, token_date, active, register, created_at, updated_at) VALUES ("339","Greyson","Hessel","isaccole","ivah.strosin@carroll.com","$2y$10$Y8TDSll25DRFt0BbOULdBuwaAe1YuX8yVkhNvbOgtpSpMP9Gi7oGO","1957-06-10 01:31:10","1","1","Deleniti dolores blanditiis accusantium tempora. Expedita quisquam nemo qui deleniti veniam. Mollitia voluptatem vitae voluptatem. Veniam libero est inventore vitae ducimus ullam.","Cote d'Ivoire","","Lake Felicita","01629-8002","../fixtures/male8.jpg","","","","","0","a2d6fe94fd636667001cab9d507dab28","1998-02-09 02:26:02","0","0","1989-08-01 19:31:02","2008-02-22 18:26:12");
INSERT INTO user_tag (user_id, tag_id) VALUES ("339","7");
INSERT INTO user_tag (user_id, tag_id) VALUES ("339","48");

INSERT INTO connected (user_id, connect_date) VALUES ("339","2017-09-15 08:10:46");
INSERT INTO likes (like_id, liked_id, like_date) VALUES ("90","339","2017-10-04 12:06:36");
INSERT INTO likes (like_id, liked_id, like_date) VALUES ("365","339","2017-07-09 04:55:23");
INSERT INTO likes (like_id, liked_id, like_date) VALUES ("7","339","2017-11-14 17:46:08");
INSERT INTO likes (like_id, liked_id, like_date) VALUES ("387","339","2017-05-11 08:10:38");
INSERT INTO likes (like_id, liked_id, like_date) VALUES ("497","339","2017-11-20 14:14:48");
INSERT INTO likes (like_id, liked_id, like_date) VALUES ("137","339","2017-07-04 21:04:02");
INSERT INTO likes (like_id, liked_id, like_date) VALUES ("431","339","2017-04-04 15:58:53");
INSERT INTO likes (like_id, liked_id, like_date) VALUES ("89","339","2017-05-06 10:16:07");
INSERT INTO likes (like_id, liked_id, like_date) VALUES ("217","339","2017-06-10 15:55:37");
INSERT INTO likes (like_id, liked_id, like_date) VALUES ("98","339","2017-03-17 17:58:39");
INSERT INTO likes (like_id, liked_id, like_date) VALUES ("92","339","2018-02-08 19:32:28");
INSERT INTO likes (like_id, liked_id, like_date) VALUES ("32","339","2017-12-01 04:44:26");
INSERT INTO likes (like_id, liked_id, like_date) VALUES ("376","339","2017-09-27 19:22:46");
INSERT INTO likes (like_id, liked_id, like_date) VALUES ("305","339","2017-08-25 16:12:10");
INSERT INTO likes (like_id, liked_id, like_date) VALUES ("34","339","2017-11-05 03:10:57");
INSERT INTO likes (like_id, liked_id, like_date) VALUES ("304","339","2017-09-11 21:17:33");
INSERT INTO likes (like_id, liked_id, like_date) VALUES ("240","339","2017-03-18 17:58:23");
INSERT INTO likes (like_id, liked_id, like_date) VALUES ("138","339","2017-11-13 13:25:38");
INSERT INTO likes (like_id, liked_id, like_date) VALUES ("189","339","2017-05-11 06:39:21");
INSERT INTO views (viewer_id, viewed_id, view_date) VALUES ("450","339","2018-01-26 02:51:04");
INSERT INTO views (viewer_id, viewed_id, view_date) VALUES ("348","339","2017-07-17 11:31:37");
INSERT INTO views (viewer_id, viewed_id, view_date) VALUES ("258","339","2018-01-26 01:47:55");
INSERT INTO views (viewer_id, viewed_id, view_date) VALUES ("228","339","2017-02-18 19:05:16");
INSERT INTO views (viewer_id, viewed_id, view_date) VALUES ("484","339","2017-11-20 00:03:52");
INSERT INTO views (viewer_id, viewed_id, view_date) VALUES ("318","339","2017-07-07 21:52:37");
INSERT INTO views (viewer_id, viewed_id, view_date) VALUES ("256","339","2017-09-10 11:50:53");
INSERT INTO views (viewer_id, viewed_id, view_date) VALUES ("97","339","2017-05-30 21:09:13");
INSERT INTO views (viewer_id, viewed_id, view_date) VALUES ("241","339","2017-05-29 19:03:11");


INSERT INTO user (id, first_name, last_name, username, email, password, birthdate, gender, orientation, bio, country, state, city, zip, file_1, file_2, file_3, file_4, file_5, score, token, token_date, active, register, created_at, updated_at) VALUES ("340","Elenor","Gaylord","izabella62","jany06@yahoo.com","$2y$10$f7lzZN3mnUGKcLhKACsRu.88J4zQ1GSLoeeoPeCQYMurQSt0uDVEq","1995-12-17 00:43:29","2","3","Consequatur ut id et officia. Corporis asperiores maiores inventore qui ipsa porro quaerat. Veritatis accusantium facilis sunt soluta.","Svalbard & Jan Mayen Islands","","Doloresfurt","18914","../fixtures/female2.jpg","../fixtures/female5.jpg","","","","46","46d5c38652ab5170bd57895539b0bc3d","2011-08-18 23:51:07","0","0","1993-03-29 00:12:55","1997-04-15 09:19:29");
INSERT INTO user_tag (user_id, tag_id) VALUES ("340","30");
INSERT INTO user_tag (user_id, tag_id) VALUES ("340","4");
INSERT INTO user_tag (user_id, tag_id) VALUES ("340","17");
INSERT INTO user_tag (user_id, tag_id) VALUES ("340","41");
INSERT INTO user_tag (user_id, tag_id) VALUES ("340","41");

INSERT INTO connected (user_id, connect_date) VALUES ("340","2017-11-14 01:32:17");
INSERT INTO likes (like_id, liked_id, like_date) VALUES ("322","340","2017-08-20 11:52:16");
INSERT INTO likes (like_id, liked_id, like_date) VALUES ("208","340","2017-07-13 17:01:27");
INSERT INTO likes (like_id, liked_id, like_date) VALUES ("267","340","2017-02-20 04:31:52");
INSERT INTO likes (like_id, liked_id, like_date) VALUES ("115","340","2017-08-06 12:17:46");
INSERT INTO likes (like_id, liked_id, like_date) VALUES ("25","340","2018-01-27 16:29:29");
INSERT INTO likes (like_id, liked_id, like_date) VALUES ("252","340","2017-04-29 04:54:59");
INSERT INTO likes (like_id, liked_id, like_date) VALUES ("313","340","2017-07-23 23:54:36");
INSERT INTO likes (like_id, liked_id, like_date) VALUES ("292","340","2017-07-20 13:29:01");
INSERT INTO likes (like_id, liked_id, like_date) VALUES ("396","340","2017-09-05 16:56:50");
INSERT INTO likes (like_id, liked_id, like_date) VALUES ("252","340","2017-06-19 10:32:17");
INSERT INTO views (viewer_id, viewed_id, view_date) VALUES ("319","340","2017-07-31 03:14:50");
INSERT INTO views (viewer_id, viewed_id, view_date) VALUES ("144","340","2017-09-23 21:11:56");
INSERT INTO views (viewer_id, viewed_id, view_date) VALUES ("244","340","2018-02-07 18:08:38");
INSERT INTO views (viewer_id, viewed_id, view_date) VALUES ("471","340","2017-10-11 04:01:00");
INSERT INTO views (viewer_id, viewed_id, view_date) VALUES ("253","340","2017-06-17 00:00:23");
INSERT INTO views (viewer_id, viewed_id, view_date) VALUES ("161","340","2017-06-20 22:35:51");
INSERT INTO views (viewer_id, viewed_id, view_date) VALUES ("327","340","2017-04-10 05:20:57");
INSERT INTO views (viewer_id, viewed_id, view_date) VALUES ("348","340","2018-02-12 12:50:25");
INSERT INTO views (viewer_id, viewed_id, view_date) VALUES ("280","340","2017-07-22 05:46:02");
INSERT INTO views (viewer_id, viewed_id, view_date) VALUES ("499","340","2017-05-25 11:13:44");
INSERT INTO views (viewer_id, viewed_id, view_date) VALUES ("91","340","2017-08-25 10:15:51");
INSERT INTO views (viewer_id, viewed_id, view_date) VALUES ("437","340","2017-04-12 00:03:26");
INSERT INTO views (viewer_id, viewed_id, view_date) VALUES ("221","340","2017-04-21 14:47:47");
INSERT INTO views (viewer_id, viewed_id, view_date) VALUES ("109","340","2017-07-22 04:58:46");
INSERT INTO views (viewer_id, viewed_id, view_date) VALUES ("53","340","2017-03-05 06:58:22");
INSERT INTO views (viewer_id, viewed_id, view_date) VALUES ("137","340","2017-10-24 08:13:23");
INSERT INTO views (viewer_id, viewed_id, view_date) VALUES ("248","340","2017-11-07 07:37:24");
INSERT INTO views (viewer_id, viewed_id, view_date) VALUES ("241","340","2017-10-14 01:22:45");
INSERT INTO views (viewer_id, viewed_id, view_date) VALUES ("297","340","2017-12-27 12:15:59");
INSERT INTO views (viewer_id, viewed_id, view_date) VALUES ("204","340","2017-07-10 02:38:12");
INSERT INTO views (viewer_id, viewed_id, view_date) VALUES ("475","340","2017-11-28 23:08:37");
INSERT INTO views (viewer_id, viewed_id, view_date) VALUES ("319","340","2017-10-01 22:52:23");
INSERT INTO views (viewer_id, viewed_id, view_date) VALUES ("337","340","2017-11-22 11:28:58");
INSERT INTO views (viewer_id, viewed_id, view_date) VALUES ("337","340","2017-06-26 05:40:21");


INSERT INTO user (id, first_name, last_name, username, email, password, birthdate, gender, orientation, bio, country, state, city, zip, file_1, file_2, file_3, file_4, file_5, score, token, token_date, active, register, created_at, updated_at) VALUES ("341","Giovani","Ledner","qgrant","keebler.isabel@hotmail.com","$2y$10$06fT.WlV.4AjN2THGiU.kejlg4mRDq2rY1NlRJNFCgpQNJqYMgwIS","1956-12-14 21:21:07","2","3","Ut accusamus adipisci numquam in. Error dolor et voluptas dolorem consequatur. Et sequi quaerat magnam.","Cote d'Ivoire","","Giovaniton","96124","../fixtures/female3.jpg","../fixtures/female1.jpg","../fixtures/female8.jpg","","","23","f6c3c891b6933ed3ae255fba5f48e1fc","2009-11-27 21:30:05","1","1","1977-04-07 22:07:11","1975-09-13 17:34:59");
INSERT INTO user_tag (user_id, tag_id) VALUES ("341","21");
INSERT INTO user_tag (user_id, tag_id) VALUES ("341","24");
INSERT INTO user_tag (user_id, tag_id) VALUES ("341","49");
INSERT INTO user_tag (user_id, tag_id) VALUES ("341","25");
INSERT INTO user_tag (user_id, tag_id) VALUES ("341","29");
INSERT INTO user_tag (user_id, tag_id) VALUES ("341","47");
INSERT INTO user_tag (user_id, tag_id) VALUES ("341","21");
INSERT INTO user_tag (user_id, tag_id) VALUES ("341","26");
INSERT INTO user_tag (user_id, tag_id) VALUES ("341","1");
INSERT INTO user_tag (user_id, tag_id) VALUES ("341","6");
INSERT INTO user_tag (user_id, tag_id) VALUES ("341","49");

INSERT INTO connected (user_id, connect_date) VALUES ("341","2017-07-21 02:04:30");
INSERT INTO likes (like_id, liked_id, like_date) VALUES ("29","341","2017-05-12 06:57:48");
INSERT INTO likes (like_id, liked_id, like_date) VALUES ("319","341","2017-09-16 12:18:27");
INSERT INTO likes (like_id, liked_id, like_date) VALUES ("136","341","2018-01-13 09:40:31");
INSERT INTO likes (like_id, liked_id, like_date) VALUES ("256","341","2017-05-15 03:30:45");
INSERT INTO likes (like_id, liked_id, like_date) VALUES ("458","341","2017-11-17 12:35:32");
INSERT INTO likes (like_id, liked_id, like_date) VALUES ("16","341","2017-09-18 20:23:02");
INSERT INTO likes (like_id, liked_id, like_date) VALUES ("140","341","2018-01-18 05:44:08");
INSERT INTO likes (like_id, liked_id, like_date) VALUES ("206","341","2017-10-20 06:57:58");
INSERT INTO likes (like_id, liked_id, like_date) VALUES ("498","341","2018-02-06 07:57:49");
INSERT INTO likes (like_id, liked_id, like_date) VALUES ("51","341","2017-05-23 12:21:11");
INSERT INTO views (viewer_id, viewed_id, view_date) VALUES ("29","341","2017-07-19 03:03:35");
INSERT INTO views (viewer_id, viewed_id, view_date) VALUES ("259","341","2017-09-03 17:42:53");
INSERT INTO views (viewer_id, viewed_id, view_date) VALUES ("167","341","2017-10-04 11:19:54");
INSERT INTO views (viewer_id, viewed_id, view_date) VALUES ("381","341","2017-12-05 19:49:51");
INSERT INTO views (viewer_id, viewed_id, view_date) VALUES ("104","341","2018-01-02 01:35:41");
INSERT INTO views (viewer_id, viewed_id, view_date) VALUES ("131","341","2017-07-09 04:58:34");
INSERT INTO views (viewer_id, viewed_id, view_date) VALUES ("14","341","2017-12-13 02:40:23");
INSERT INTO views (viewer_id, viewed_id, view_date) VALUES ("68","341","2017-12-04 11:29:17");
INSERT INTO views (viewer_id, viewed_id, view_date) VALUES ("6","341","2017-08-30 21:07:54");
INSERT INTO views (viewer_id, viewed_id, view_date) VALUES ("291","341","2018-01-21 08:40:55");
INSERT INTO views (viewer_id, viewed_id, view_date) VALUES ("228","341","2017-03-02 13:33:54");
INSERT INTO views (viewer_id, viewed_id, view_date) VALUES ("392","341","2017-02-27 22:53:08");
INSERT INTO views (viewer_id, viewed_id, view_date) VALUES ("155","341","2017-10-12 15:01:09");
INSERT INTO views (viewer_id, viewed_id, view_date) VALUES ("70","341","2017-10-30 20:58:57");
INSERT INTO views (viewer_id, viewed_id, view_date) VALUES ("357","341","2017-12-03 19:39:13");
INSERT INTO views (viewer_id, viewed_id, view_date) VALUES ("413","341","2017-11-24 07:35:34");
INSERT INTO views (viewer_id, viewed_id, view_date) VALUES ("373","341","2017-03-14 09:01:20");
INSERT INTO views (viewer_id, viewed_id, view_date) VALUES ("359","341","2017-06-26 15:21:24");
INSERT INTO views (viewer_id, viewed_id, view_date) VALUES ("292","341","2017-12-26 20:29:26");
INSERT INTO views (viewer_id, viewed_id, view_date) VALUES ("255","341","2017-10-22 20:17:38");
INSERT INTO views (viewer_id, viewed_id, view_date) VALUES ("301","341","2017-04-15 07:54:28");
INSERT INTO views (viewer_id, viewed_id, view_date) VALUES ("490","341","2017-12-20 14:57:44");
INSERT INTO views (viewer_id, viewed_id, view_date) VALUES ("79","341","2017-06-07 09:22:58");


INSERT INTO user (id, first_name, last_name, username, email, password, birthdate, gender, orientation, bio, country, state, city, zip, file_1, file_2, file_3, file_4, file_5, score, token, token_date, active, register, created_at, updated_at) VALUES ("342","Marge","Bruen","crau","maurine.block@hotmail.com","$2y$10$L8VFlJ8IzQY7Fx6/HI1gTO7Cz53xkO2FGJ5CF6j8lzRvvzS/zGijC","1960-04-25 04:14:43","2","3","Sed quo aut ea autem ipsum. Et at porro optio hic non harum. Repellendus alias reprehenderit hic voluptatem officia omnis.","Brunei Darussalam","","North Bulah","26229-8261","../fixtures/female2.jpg","../fixtures/female6.jpg","../fixtures/female6.jpg","../fixtures/female5.jpg","../fixtures/female5.jpg","20","3fe5f551eb723d3c6bfc7d346ed8893b","1989-01-19 07:05:23","0","0","1990-06-28 12:29:06","2004-10-02 04:53:50");
INSERT INTO user_tag (user_id, tag_id) VALUES ("342","38");
INSERT INTO user_tag (user_id, tag_id) VALUES ("342","36");
INSERT INTO user_tag (user_id, tag_id) VALUES ("342","19");
INSERT INTO user_tag (user_id, tag_id) VALUES ("342","30");
INSERT INTO user_tag (user_id, tag_id) VALUES ("342","30");
INSERT INTO user_tag (user_id, tag_id) VALUES ("342","44");
INSERT INTO user_tag (user_id, tag_id) VALUES ("342","42");
INSERT INTO user_tag (user_id, tag_id) VALUES ("342","42");
INSERT INTO user_tag (user_id, tag_id) VALUES ("342","12");
INSERT INTO user_tag (user_id, tag_id) VALUES ("342","43");

INSERT INTO connected (user_id, connect_date) VALUES ("342","2017-06-01 05:22:45");
INSERT INTO likes (like_id, liked_id, like_date) VALUES ("408","342","2017-10-27 21:35:52");
INSERT INTO likes (like_id, liked_id, like_date) VALUES ("203","342","2017-06-04 07:38:23");
INSERT INTO likes (like_id, liked_id, like_date) VALUES ("374","342","2017-03-30 07:56:31");
INSERT INTO likes (like_id, liked_id, like_date) VALUES ("178","342","2017-09-01 11:39:36");
INSERT INTO likes (like_id, liked_id, like_date) VALUES ("424","342","2017-04-28 23:17:30");
INSERT INTO likes (like_id, liked_id, like_date) VALUES ("316","342","2018-01-10 02:48:14");
INSERT INTO likes (like_id, liked_id, like_date) VALUES ("276","342","2017-08-06 20:44:28");
INSERT INTO likes (like_id, liked_id, like_date) VALUES ("9","342","2018-01-04 07:33:34");
INSERT INTO likes (like_id, liked_id, like_date) VALUES ("200","342","2017-02-23 10:16:00");
INSERT INTO likes (like_id, liked_id, like_date) VALUES ("267","342","2017-08-25 22:18:26");
INSERT INTO likes (like_id, liked_id, like_date) VALUES ("38","342","2017-09-09 22:59:52");
INSERT INTO likes (like_id, liked_id, like_date) VALUES ("113","342","2017-11-19 00:46:15");
INSERT INTO likes (like_id, liked_id, like_date) VALUES ("309","342","2017-07-23 03:11:37");
INSERT INTO likes (like_id, liked_id, like_date) VALUES ("118","342","2017-06-15 19:50:33");
INSERT INTO likes (like_id, liked_id, like_date) VALUES ("343","342","2017-08-08 03:14:38");
INSERT INTO likes (like_id, liked_id, like_date) VALUES ("169","342","2017-12-07 16:21:46");
INSERT INTO likes (like_id, liked_id, like_date) VALUES ("170","342","2017-11-27 18:35:29");
INSERT INTO likes (like_id, liked_id, like_date) VALUES ("460","342","2017-05-10 05:23:23");
INSERT INTO likes (like_id, liked_id, like_date) VALUES ("187","342","2018-01-22 19:46:14");
INSERT INTO likes (like_id, liked_id, like_date) VALUES ("71","342","2017-06-07 14:37:21");
INSERT INTO views (viewer_id, viewed_id, view_date) VALUES ("89","342","2017-12-18 02:24:46");
INSERT INTO views (viewer_id, viewed_id, view_date) VALUES ("398","342","2017-12-25 09:05:08");
INSERT INTO views (viewer_id, viewed_id, view_date) VALUES ("168","342","2017-08-29 08:39:09");
INSERT INTO views (viewer_id, viewed_id, view_date) VALUES ("251","342","2017-07-09 22:19:03");
INSERT INTO views (viewer_id, viewed_id, view_date) VALUES ("452","342","2017-06-17 09:41:01");
INSERT INTO views (viewer_id, viewed_id, view_date) VALUES ("298","342","2017-08-31 10:56:24");
INSERT INTO views (viewer_id, viewed_id, view_date) VALUES ("120","342","2017-02-27 06:26:35");
INSERT INTO views (viewer_id, viewed_id, view_date) VALUES ("390","342","2017-09-03 18:44:56");
INSERT INTO views (viewer_id, viewed_id, view_date) VALUES ("43","342","2017-12-29 14:25:34");
INSERT INTO views (viewer_id, viewed_id, view_date) VALUES ("123","342","2017-04-10 05:20:04");
INSERT INTO views (viewer_id, viewed_id, view_date) VALUES ("65","342","2017-04-19 02:58:08");
INSERT INTO views (viewer_id, viewed_id, view_date) VALUES ("387","342","2017-05-04 04:00:57");


INSERT INTO user (id, first_name, last_name, username, email, password, birthdate, gender, orientation, bio, country, state, city, zip, file_1, file_2, file_3, file_4, file_5, score, token, token_date, active, register, created_at, updated_at) VALUES ("343","Thad","Pfannerstill","hauckvada","klein.antone@yahoo.com","$2y$10$W1dS7gHq6PQVbtFLrwli1ewhJYa9ZHTSvGL8V3PS5ndq25wKoXsom","1982-11-19 13:15:50","2","3","Cupiditate necessitatibus eveniet libero veritatis et aut. Et quia blanditiis vitae. Corrupti ut quae vel deleniti. Maxime nulla quis natus autem natus nobis reiciendis.","Marshall Islands","","West Connor","79304","../fixtures/female10.jpg","../fixtures/female5.jpg","../fixtures/female2.jpg","","","66","99a118e3c78015c827caafaf65bcc161","1983-06-14 11:44:01","1","1","2011-10-14 19:21:09","1989-01-02 17:20:35");
INSERT INTO user_tag (user_id, tag_id) VALUES ("343","46");
INSERT INTO user_tag (user_id, tag_id) VALUES ("343","34");
INSERT INTO user_tag (user_id, tag_id) VALUES ("343","35");
INSERT INTO user_tag (user_id, tag_id) VALUES ("343","26");
INSERT INTO user_tag (user_id, tag_id) VALUES ("343","49");
INSERT INTO user_tag (user_id, tag_id) VALUES ("343","9");
INSERT INTO user_tag (user_id, tag_id) VALUES ("343","44");
INSERT INTO user_tag (user_id, tag_id) VALUES ("343","48");
INSERT INTO user_tag (user_id, tag_id) VALUES ("343","4");
INSERT INTO user_tag (user_id, tag_id) VALUES ("343","29");
INSERT INTO user_tag (user_id, tag_id) VALUES ("343","42");
INSERT INTO user_tag (user_id, tag_id) VALUES ("343","3");
INSERT INTO user_tag (user_id, tag_id) VALUES ("343","44");
INSERT INTO user_tag (user_id, tag_id) VALUES ("343","25");
INSERT INTO user_tag (user_id, tag_id) VALUES ("343","37");

INSERT INTO connected (user_id, connect_date) VALUES ("343","2017-06-12 17:03:22");
INSERT INTO likes (like_id, liked_id, like_date) VALUES ("257","343","2018-01-13 07:52:25");
INSERT INTO likes (like_id, liked_id, like_date) VALUES ("124","343","2017-04-22 15:51:33");
INSERT INTO likes (like_id, liked_id, like_date) VALUES ("357","343","2017-05-01 14:15:43");
INSERT INTO likes (like_id, liked_id, like_date) VALUES ("402","343","2017-07-28 23:51:00");
INSERT INTO likes (like_id, liked_id, like_date) VALUES ("369","343","2017-11-15 11:12:43");
INSERT INTO likes (like_id, liked_id, like_date) VALUES ("130","343","2017-04-05 00:49:36");
INSERT INTO likes (like_id, liked_id, like_date) VALUES ("13","343","2017-04-30 16:43:29");
INSERT INTO likes (like_id, liked_id, like_date) VALUES ("434","343","2017-11-12 20:46:16");
INSERT INTO likes (like_id, liked_id, like_date) VALUES ("334","343","2017-07-01 07:33:31");
INSERT INTO likes (like_id, liked_id, like_date) VALUES ("481","343","2017-08-28 20:09:39");
INSERT INTO likes (like_id, liked_id, like_date) VALUES ("16","343","2017-11-24 04:27:23");
INSERT INTO likes (like_id, liked_id, like_date) VALUES ("422","343","2017-10-12 19:39:39");
INSERT INTO likes (like_id, liked_id, like_date) VALUES ("411","343","2017-07-14 16:41:47");
INSERT INTO likes (like_id, liked_id, like_date) VALUES ("269","343","2018-01-10 12:27:58");
INSERT INTO likes (like_id, liked_id, like_date) VALUES ("237","343","2017-12-09 10:04:28");
INSERT INTO views (viewer_id, viewed_id, view_date) VALUES ("442","343","2017-10-10 18:29:32");
INSERT INTO views (viewer_id, viewed_id, view_date) VALUES ("24","343","2017-09-25 21:20:40");
INSERT INTO views (viewer_id, viewed_id, view_date) VALUES ("472","343","2017-09-27 19:48:01");
INSERT INTO views (viewer_id, viewed_id, view_date) VALUES ("499","343","2018-02-14 05:30:45");
INSERT INTO views (viewer_id, viewed_id, view_date) VALUES ("95","343","2018-01-23 22:44:44");
INSERT INTO views (viewer_id, viewed_id, view_date) VALUES ("8","343","2017-10-28 17:35:49");
INSERT INTO views (viewer_id, viewed_id, view_date) VALUES ("99","343","2017-07-10 18:18:29");
INSERT INTO views (viewer_id, viewed_id, view_date) VALUES ("269","343","2017-03-30 10:46:54");
INSERT INTO views (viewer_id, viewed_id, view_date) VALUES ("29","343","2017-05-12 12:15:34");
INSERT INTO views (viewer_id, viewed_id, view_date) VALUES ("344","343","2017-04-19 02:59:42");
INSERT INTO views (viewer_id, viewed_id, view_date) VALUES ("272","343","2017-02-25 07:02:11");


INSERT INTO user (id, first_name, last_name, username, email, password, birthdate, gender, orientation, bio, country, state, city, zip, file_1, file_2, file_3, file_4, file_5, score, token, token_date, active, register, created_at, updated_at) VALUES ("344","Kimberly","Osinski","schuppevita","noelia41@gerhold.com","$2y$10$hR0PaXhwd1SMyV1JseQpLeEQ0ucTFYs6SEfgdG5KH4jPNHIDO920m","1961-08-09 02:15:39","2","3","Doloribus necessitatibus et quia minima odio temporibus enim. Doloremque et iusto ducimus magni. Placeat rem molestiae recusandae aut itaque. Sint blanditiis temporibus qui et et.","Czech Republic","","Genovevamouth","10807","../fixtures/female8.jpg","../fixtures/female4.jpg","../fixtures/female4.jpg","../fixtures/female7.jpg","","28","fa0a3674b0a8bc384a9d5fe1e9b8d068","1986-04-25 07:52:22","1","0","2010-05-29 00:41:13","1979-04-10 02:21:02");
INSERT INTO user_tag (user_id, tag_id) VALUES ("344","11");
INSERT INTO user_tag (user_id, tag_id) VALUES ("344","11");
INSERT INTO user_tag (user_id, tag_id) VALUES ("344","44");
INSERT INTO user_tag (user_id, tag_id) VALUES ("344","47");
INSERT INTO user_tag (user_id, tag_id) VALUES ("344","32");
INSERT INTO user_tag (user_id, tag_id) VALUES ("344","25");
INSERT INTO user_tag (user_id, tag_id) VALUES ("344","21");
INSERT INTO user_tag (user_id, tag_id) VALUES ("344","16");
INSERT INTO user_tag (user_id, tag_id) VALUES ("344","44");
INSERT INTO user_tag (user_id, tag_id) VALUES ("344","19");

INSERT INTO connected (user_id, connect_date) VALUES ("344","2017-11-13 12:19:47");
INSERT INTO likes (like_id, liked_id, like_date) VALUES ("413","344","2017-10-31 20:52:20");
INSERT INTO likes (like_id, liked_id, like_date) VALUES ("482","344","2017-07-01 04:06:22");
INSERT INTO likes (like_id, liked_id, like_date) VALUES ("470","344","2017-12-23 02:33:30");
INSERT INTO likes (like_id, liked_id, like_date) VALUES ("269","344","2017-05-07 18:50:05");
INSERT INTO likes (like_id, liked_id, like_date) VALUES ("165","344","2017-07-28 01:29:25");
INSERT INTO likes (like_id, liked_id, like_date) VALUES ("433","344","2017-07-09 14:55:29");
INSERT INTO likes (like_id, liked_id, like_date) VALUES ("85","344","2017-06-19 18:48:48");
INSERT INTO likes (like_id, liked_id, like_date) VALUES ("395","344","2017-09-05 13:34:32");
INSERT INTO likes (like_id, liked_id, like_date) VALUES ("426","344","2017-07-18 09:03:38");
INSERT INTO likes (like_id, liked_id, like_date) VALUES ("132","344","2017-09-24 07:24:52");
INSERT INTO likes (like_id, liked_id, like_date) VALUES ("15","344","2017-06-15 12:24:32");


INSERT INTO user (id, first_name, last_name, username, email, password, birthdate, gender, orientation, bio, country, state, city, zip, file_1, file_2, file_3, file_4, file_5, score, token, token_date, active, register, created_at, updated_at) VALUES ("345","Wyatt","McCullough","qcruickshank","okon.valerie@gmail.com","$2y$10$pbbDZslMbUc7l5D0Urix3OdyalYh1iXysOfBMTLvyjOQYKI.3jB.6","1991-06-21 17:47:02","2","2","Temporibus aut inventore minima necessitatibus consequatur ipsa. Nam nesciunt doloremque sunt. Dolorum tempore non et velit nemo sit impedit. Totam ut vitae et nihil quia.","Angola","","New Serenityhaven","91365","../fixtures/female1.jpg","../fixtures/female3.jpg","../fixtures/female3.jpg","","","85","48867172691570e12ba69cc4e60a356c","1994-04-28 22:10:38","0","0","2000-07-05 22:40:36","2000-03-01 08:56:48");
INSERT INTO user_tag (user_id, tag_id) VALUES ("345","15");
INSERT INTO user_tag (user_id, tag_id) VALUES ("345","14");
INSERT INTO user_tag (user_id, tag_id) VALUES ("345","48");
INSERT INTO user_tag (user_id, tag_id) VALUES ("345","17");
INSERT INTO user_tag (user_id, tag_id) VALUES ("345","20");

INSERT INTO connected (user_id, connect_date) VALUES ("345","2017-07-31 05:27:44");
INSERT INTO likes (like_id, liked_id, like_date) VALUES ("134","345","2017-10-27 10:40:35");
INSERT INTO likes (like_id, liked_id, like_date) VALUES ("129","345","2017-12-04 18:19:35");
INSERT INTO likes (like_id, liked_id, like_date) VALUES ("239","345","2017-12-06 05:54:48");
INSERT INTO likes (like_id, liked_id, like_date) VALUES ("294","345","2018-02-13 18:48:29");
INSERT INTO likes (like_id, liked_id, like_date) VALUES ("238","345","2017-08-26 19:48:43");
INSERT INTO likes (like_id, liked_id, like_date) VALUES ("88","345","2018-01-14 10:25:26");
INSERT INTO likes (like_id, liked_id, like_date) VALUES ("334","345","2017-11-07 23:12:33");
INSERT INTO likes (like_id, liked_id, like_date) VALUES ("355","345","2017-09-07 16:57:02");
INSERT INTO likes (like_id, liked_id, like_date) VALUES ("439","345","2017-07-25 22:02:44");
INSERT INTO likes (like_id, liked_id, like_date) VALUES ("328","345","2017-10-05 05:21:50");
INSERT INTO likes (like_id, liked_id, like_date) VALUES ("44","345","2017-08-09 07:10:48");
INSERT INTO likes (like_id, liked_id, like_date) VALUES ("327","345","2018-02-12 18:27:59");
INSERT INTO likes (like_id, liked_id, like_date) VALUES ("206","345","2017-08-08 08:57:27");
INSERT INTO views (viewer_id, viewed_id, view_date) VALUES ("369","345","2017-12-30 04:52:09");


INSERT INTO user (id, first_name, last_name, username, email, password, birthdate, gender, orientation, bio, country, state, city, zip, file_1, file_2, file_3, file_4, file_5, score, token, token_date, active, register, created_at, updated_at) VALUES ("346","Serena","McLaughlin","fletagrimes","nboehm@kilback.com","$2y$10$qR2ZqL/ThP4OYy8oo9mrbeiCKnPlOdP95tkWVZda9SAP71Zv1CUIe","1996-10-16 08:45:06","2","3","Fugit saepe aliquid velit aut odio accusantium. Accusamus officiis sint officia nesciunt cum voluptate eaque. Hic natus ut fugiat ullam doloribus repellat. Repellat impedit natus adipisci qui.","United Kingdom","","West Junius","96682-7799","../fixtures/female8.jpg","../fixtures/female6.jpg","../fixtures/female4.jpg","../fixtures/female3.jpg","../fixtures/female10.jpg","88","4c4a06943e8534b25568483d33207d7c","2017-06-16 09:58:46","1","0","1977-06-01 21:54:25","1979-06-25 23:22:44");
INSERT INTO user_tag (user_id, tag_id) VALUES ("346","42");
INSERT INTO user_tag (user_id, tag_id) VALUES ("346","4");
INSERT INTO user_tag (user_id, tag_id) VALUES ("346","42");
INSERT INTO user_tag (user_id, tag_id) VALUES ("346","34");
INSERT INTO user_tag (user_id, tag_id) VALUES ("346","34");

INSERT INTO connected (user_id, connect_date) VALUES ("346","2017-03-07 18:27:32");
INSERT INTO likes (like_id, liked_id, like_date) VALUES ("307","346","2017-03-23 14:57:48");
INSERT INTO likes (like_id, liked_id, like_date) VALUES ("40","346","2017-06-06 01:33:07");
INSERT INTO likes (like_id, liked_id, like_date) VALUES ("126","346","2017-08-03 11:15:51");
INSERT INTO likes (like_id, liked_id, like_date) VALUES ("359","346","2017-12-06 15:01:42");
INSERT INTO likes (like_id, liked_id, like_date) VALUES ("35","346","2017-06-18 09:48:31");
INSERT INTO likes (like_id, liked_id, like_date) VALUES ("334","346","2017-07-07 22:18:29");
INSERT INTO likes (like_id, liked_id, like_date) VALUES ("151","346","2017-07-15 15:28:42");
INSERT INTO likes (like_id, liked_id, like_date) VALUES ("312","346","2017-08-24 02:49:07");
INSERT INTO likes (like_id, liked_id, like_date) VALUES ("475","346","2017-05-03 05:54:23");
INSERT INTO views (viewer_id, viewed_id, view_date) VALUES ("452","346","2017-11-05 22:56:21");
INSERT INTO views (viewer_id, viewed_id, view_date) VALUES ("209","346","2017-12-08 13:05:41");
INSERT INTO views (viewer_id, viewed_id, view_date) VALUES ("42","346","2018-02-14 06:31:37");
INSERT INTO views (viewer_id, viewed_id, view_date) VALUES ("88","346","2017-11-07 16:37:44");
INSERT INTO views (viewer_id, viewed_id, view_date) VALUES ("388","346","2017-04-18 01:57:36");
INSERT INTO views (viewer_id, viewed_id, view_date) VALUES ("194","346","2017-04-16 04:33:13");
INSERT INTO views (viewer_id, viewed_id, view_date) VALUES ("463","346","2017-07-29 18:59:18");
INSERT INTO views (viewer_id, viewed_id, view_date) VALUES ("468","346","2017-03-21 20:24:26");
INSERT INTO views (viewer_id, viewed_id, view_date) VALUES ("320","346","2017-06-26 08:53:12");
INSERT INTO views (viewer_id, viewed_id, view_date) VALUES ("85","346","2017-08-08 23:31:33");
INSERT INTO views (viewer_id, viewed_id, view_date) VALUES ("63","346","2017-10-17 21:06:41");
INSERT INTO views (viewer_id, viewed_id, view_date) VALUES ("81","346","2017-03-24 21:55:54");
INSERT INTO views (viewer_id, viewed_id, view_date) VALUES ("19","346","2017-06-16 22:35:39");
INSERT INTO views (viewer_id, viewed_id, view_date) VALUES ("347","346","2017-06-15 08:04:21");
INSERT INTO views (viewer_id, viewed_id, view_date) VALUES ("138","346","2017-05-11 03:28:22");
INSERT INTO views (viewer_id, viewed_id, view_date) VALUES ("499","346","2017-10-29 02:00:21");
INSERT INTO views (viewer_id, viewed_id, view_date) VALUES ("324","346","2017-08-17 22:25:17");
INSERT INTO views (viewer_id, viewed_id, view_date) VALUES ("367","346","2018-01-05 22:44:32");
INSERT INTO views (viewer_id, viewed_id, view_date) VALUES ("357","346","2017-12-09 23:50:43");
INSERT INTO views (viewer_id, viewed_id, view_date) VALUES ("380","346","2017-07-10 23:05:16");
INSERT INTO views (viewer_id, viewed_id, view_date) VALUES ("101","346","2017-08-28 02:37:20");
INSERT INTO views (viewer_id, viewed_id, view_date) VALUES ("216","346","2018-01-19 08:34:33");
INSERT INTO views (viewer_id, viewed_id, view_date) VALUES ("468","346","2017-12-12 08:56:41");
INSERT INTO views (viewer_id, viewed_id, view_date) VALUES ("15","346","2017-06-12 19:09:50");
INSERT INTO views (viewer_id, viewed_id, view_date) VALUES ("94","346","2018-02-08 15:29:59");
INSERT INTO views (viewer_id, viewed_id, view_date) VALUES ("240","346","2017-09-15 03:32:20");
INSERT INTO views (viewer_id, viewed_id, view_date) VALUES ("410","346","2017-02-24 14:18:48");
INSERT INTO views (viewer_id, viewed_id, view_date) VALUES ("307","346","2017-05-26 00:04:54");
INSERT INTO views (viewer_id, viewed_id, view_date) VALUES ("480","346","2017-12-13 07:18:26");
INSERT INTO views (viewer_id, viewed_id, view_date) VALUES ("486","346","2017-08-17 21:21:41");
INSERT INTO views (viewer_id, viewed_id, view_date) VALUES ("202","346","2018-01-23 15:47:52");


INSERT INTO user (id, first_name, last_name, username, email, password, birthdate, gender, orientation, bio, country, state, city, zip, file_1, file_2, file_3, file_4, file_5, score, token, token_date, active, register, created_at, updated_at) VALUES ("347","Solon","Ryan","meganefeeney","zflatley@yahoo.com","$2y$10$3jn2c34BBJD1jS40pQJla./AMfejW9zJN0j3UlnMAXkmqJwynz4ty","1953-02-19 03:27:03","1","3","Occaecati qui magni animi et cum consectetur consequatur ut. Eum accusantium velit et tempora impedit facere assumenda at. Incidunt repellat inventore et earum molestiae architecto ea.","Korea","","Micaelaville","06343","../fixtures/male5.jpg","../fixtures/male9.jpg","../fixtures/male10.jpg","../fixtures/male4.jpg","","3","5d81a08ebf5bf5649f48543de1bc7c56","1996-03-13 08:03:45","0","0","1980-06-21 18:28:10","1991-01-25 10:56:08");
INSERT INTO user_tag (user_id, tag_id) VALUES ("347","5");
INSERT INTO user_tag (user_id, tag_id) VALUES ("347","4");
INSERT INTO user_tag (user_id, tag_id) VALUES ("347","28");
INSERT INTO user_tag (user_id, tag_id) VALUES ("347","35");

INSERT INTO connected (user_id, connect_date) VALUES ("347","2017-11-08 01:44:53");
INSERT INTO likes (like_id, liked_id, like_date) VALUES ("172","347","2018-02-11 08:39:41");
INSERT INTO likes (like_id, liked_id, like_date) VALUES ("247","347","2017-03-08 22:32:13");
INSERT INTO likes (like_id, liked_id, like_date) VALUES ("486","347","2017-08-02 17:33:33");
INSERT INTO likes (like_id, liked_id, like_date) VALUES ("401","347","2018-01-11 03:47:00");
INSERT INTO likes (like_id, liked_id, like_date) VALUES ("227","347","2017-03-14 06:28:09");
INSERT INTO likes (like_id, liked_id, like_date) VALUES ("28","347","2017-07-27 12:51:29");
INSERT INTO views (viewer_id, viewed_id, view_date) VALUES ("463","347","2017-02-24 21:53:27");
INSERT INTO views (viewer_id, viewed_id, view_date) VALUES ("1","347","2017-05-27 05:40:54");
INSERT INTO views (viewer_id, viewed_id, view_date) VALUES ("40","347","2017-09-13 19:51:04");
INSERT INTO views (viewer_id, viewed_id, view_date) VALUES ("475","347","2017-06-16 20:32:26");
INSERT INTO views (viewer_id, viewed_id, view_date) VALUES ("334","347","2017-12-21 00:54:59");
INSERT INTO views (viewer_id, viewed_id, view_date) VALUES ("473","347","2017-12-27 09:27:11");
INSERT INTO views (viewer_id, viewed_id, view_date) VALUES ("279","347","2017-07-03 17:57:51");
INSERT INTO views (viewer_id, viewed_id, view_date) VALUES ("41","347","2017-11-14 08:31:22");
INSERT INTO views (viewer_id, viewed_id, view_date) VALUES ("117","347","2017-07-18 05:53:01");
INSERT INTO views (viewer_id, viewed_id, view_date) VALUES ("79","347","2017-08-12 23:51:03");
INSERT INTO views (viewer_id, viewed_id, view_date) VALUES ("111","347","2017-06-22 15:11:29");
INSERT INTO views (viewer_id, viewed_id, view_date) VALUES ("46","347","2018-02-11 20:05:13");
INSERT INTO views (viewer_id, viewed_id, view_date) VALUES ("211","347","2017-10-16 15:45:54");
INSERT INTO views (viewer_id, viewed_id, view_date) VALUES ("373","347","2018-02-03 09:43:38");
INSERT INTO views (viewer_id, viewed_id, view_date) VALUES ("455","347","2017-12-09 23:07:31");
INSERT INTO views (viewer_id, viewed_id, view_date) VALUES ("174","347","2017-07-13 20:32:58");
INSERT INTO views (viewer_id, viewed_id, view_date) VALUES ("316","347","2017-03-03 18:17:39");
INSERT INTO views (viewer_id, viewed_id, view_date) VALUES ("375","347","2017-09-08 18:27:36");
INSERT INTO views (viewer_id, viewed_id, view_date) VALUES ("129","347","2017-10-19 22:51:59");
INSERT INTO views (viewer_id, viewed_id, view_date) VALUES ("17","347","2018-01-17 14:27:52");
INSERT INTO views (viewer_id, viewed_id, view_date) VALUES ("250","347","2017-04-13 02:49:37");
INSERT INTO views (viewer_id, viewed_id, view_date) VALUES ("346","347","2017-09-01 09:13:45");
INSERT INTO views (viewer_id, viewed_id, view_date) VALUES ("114","347","2018-01-28 20:34:35");
INSERT INTO views (viewer_id, viewed_id, view_date) VALUES ("328","347","2017-12-11 23:41:42");


INSERT INTO user (id, first_name, last_name, username, email, password, birthdate, gender, orientation, bio, country, state, city, zip, file_1, file_2, file_3, file_4, file_5, score, token, token_date, active, register, created_at, updated_at) VALUES ("348","Hilda","Weimann","herminabrekke","qbarrows@abernathy.info","$2y$10$qOxEy/7bZ2JWO6qtYWd8c.Q.Bx88v66ozvrHYkZZ5PbygCHG/rxw2","1968-11-08 06:09:09","1","1","Facere ad ut nesciunt nesciunt ullam in beatae. Repudiandae eveniet dolorem nisi dolorum est doloribus. Aspernatur sed aut et delectus consequuntur.","Denmark","","New Keshawn","02604-0676","../fixtures/male4.jpg","../fixtures/male4.jpg","../fixtures/male6.jpg","../fixtures/male3.jpg","../fixtures/male8.jpg","6","9a24635177c5f3c483bc4f94488274ef","1990-07-24 00:56:48","0","0","2002-10-27 17:29:38","1992-08-13 01:56:58");
INSERT INTO user_tag (user_id, tag_id) VALUES ("348","47");
INSERT INTO user_tag (user_id, tag_id) VALUES ("348","25");
INSERT INTO user_tag (user_id, tag_id) VALUES ("348","40");
INSERT INTO user_tag (user_id, tag_id) VALUES ("348","4");
INSERT INTO user_tag (user_id, tag_id) VALUES ("348","39");
INSERT INTO user_tag (user_id, tag_id) VALUES ("348","15");
INSERT INTO user_tag (user_id, tag_id) VALUES ("348","16");
INSERT INTO user_tag (user_id, tag_id) VALUES ("348","25");
INSERT INTO user_tag (user_id, tag_id) VALUES ("348","32");
INSERT INTO user_tag (user_id, tag_id) VALUES ("348","43");
INSERT INTO user_tag (user_id, tag_id) VALUES ("348","25");
INSERT INTO user_tag (user_id, tag_id) VALUES ("348","36");
INSERT INTO user_tag (user_id, tag_id) VALUES ("348","25");
INSERT INTO user_tag (user_id, tag_id) VALUES ("348","11");

INSERT INTO connected (user_id, connect_date) VALUES ("348","2017-02-18 01:43:53");
INSERT INTO likes (like_id, liked_id, like_date) VALUES ("132","348","2017-03-28 12:08:35");
INSERT INTO likes (like_id, liked_id, like_date) VALUES ("208","348","2017-04-17 01:44:52");
INSERT INTO likes (like_id, liked_id, like_date) VALUES ("89","348","2017-07-21 00:32:51");
INSERT INTO likes (like_id, liked_id, like_date) VALUES ("368","348","2017-05-01 10:28:02");
INSERT INTO likes (like_id, liked_id, like_date) VALUES ("207","348","2017-12-01 15:31:53");
INSERT INTO likes (like_id, liked_id, like_date) VALUES ("254","348","2017-03-08 00:54:02");
INSERT INTO likes (like_id, liked_id, like_date) VALUES ("56","348","2017-08-05 19:44:43");
INSERT INTO likes (like_id, liked_id, like_date) VALUES ("484","348","2017-06-29 17:59:37");
INSERT INTO likes (like_id, liked_id, like_date) VALUES ("187","348","2017-02-20 09:56:25");
INSERT INTO likes (like_id, liked_id, like_date) VALUES ("356","348","2017-07-09 02:44:28");
INSERT INTO likes (like_id, liked_id, like_date) VALUES ("373","348","2017-08-29 01:12:03");
INSERT INTO likes (like_id, liked_id, like_date) VALUES ("180","348","2017-07-28 04:24:03");
INSERT INTO likes (like_id, liked_id, like_date) VALUES ("224","348","2017-10-05 08:15:56");
INSERT INTO likes (like_id, liked_id, like_date) VALUES ("362","348","2017-04-16 15:00:51");
INSERT INTO views (viewer_id, viewed_id, view_date) VALUES ("119","348","2017-09-02 18:20:50");
INSERT INTO views (viewer_id, viewed_id, view_date) VALUES ("413","348","2017-07-19 07:58:16");
INSERT INTO views (viewer_id, viewed_id, view_date) VALUES ("207","348","2017-11-15 19:59:48");
INSERT INTO views (viewer_id, viewed_id, view_date) VALUES ("471","348","2017-12-20 12:12:50");
INSERT INTO views (viewer_id, viewed_id, view_date) VALUES ("151","348","2017-12-15 07:43:51");
INSERT INTO views (viewer_id, viewed_id, view_date) VALUES ("345","348","2017-03-23 23:34:12");
INSERT INTO views (viewer_id, viewed_id, view_date) VALUES ("146","348","2017-09-04 20:19:07");
INSERT INTO views (viewer_id, viewed_id, view_date) VALUES ("226","348","2017-06-20 06:35:11");
INSERT INTO views (viewer_id, viewed_id, view_date) VALUES ("371","348","2017-10-01 19:56:14");


INSERT INTO user (id, first_name, last_name, username, email, password, birthdate, gender, orientation, bio, country, state, city, zip, file_1, file_2, file_3, file_4, file_5, score, token, token_date, active, register, created_at, updated_at) VALUES ("349","Godfrey","Farrell","godfrey43","chandler.beier@schowalter.com","$2y$10$k0LVmRYptTzAhy2c42TcIeUEadKWm9BK/iZja6dm9lV0Z3BUH3VFO","1983-06-13 12:16:30","1","2","Ut culpa at explicabo quis quos nemo. Qui minima magnam voluptatibus eos. Enim explicabo alias autem accusantium ab. Non corporis officia quasi minus.","Saint Martin","","Stoltenbergchester","40559-0228","../fixtures/male3.jpg","../fixtures/male5.jpg","../fixtures/male5.jpg","../fixtures/male6.jpg","../fixtures/male9.jpg","60","8bee548e374601155ec44f3378ad8dc6","2012-06-18 04:49:56","0","0","1970-02-23 00:05:30","1998-06-29 20:13:34");
INSERT INTO user_tag (user_id, tag_id) VALUES ("349","21");
INSERT INTO user_tag (user_id, tag_id) VALUES ("349","19");
INSERT INTO user_tag (user_id, tag_id) VALUES ("349","11");
INSERT INTO user_tag (user_id, tag_id) VALUES ("349","9");
INSERT INTO user_tag (user_id, tag_id) VALUES ("349","17");
INSERT INTO user_tag (user_id, tag_id) VALUES ("349","7");

INSERT INTO connected (user_id, connect_date) VALUES ("349","2017-05-22 02:09:40");
INSERT INTO likes (like_id, liked_id, like_date) VALUES ("198","349","2017-10-11 02:55:21");
INSERT INTO likes (like_id, liked_id, like_date) VALUES ("37","349","2017-04-20 06:29:58");
INSERT INTO likes (like_id, liked_id, like_date) VALUES ("91","349","2017-09-28 05:37:30");
INSERT INTO likes (like_id, liked_id, like_date) VALUES ("365","349","2017-05-04 13:50:45");
INSERT INTO likes (like_id, liked_id, like_date) VALUES ("183","349","2017-10-28 00:52:22");
INSERT INTO likes (like_id, liked_id, like_date) VALUES ("64","349","2017-05-31 14:03:49");
INSERT INTO likes (like_id, liked_id, like_date) VALUES ("445","349","2017-04-08 15:41:16");
INSERT INTO views (viewer_id, viewed_id, view_date) VALUES ("43","349","2017-10-02 07:54:56");


INSERT INTO user (id, first_name, last_name, username, email, password, birthdate, gender, orientation, bio, country, state, city, zip, file_1, file_2, file_3, file_4, file_5, score, token, token_date, active, register, created_at, updated_at) VALUES ("350","Ladarius","Nolan","gaylordvalentina","jarrod61@yahoo.com","$2y$10$nJexFcH7gLRjh9JU1M69bOLJKMdnIYB8falMpH9jkw/izMKY55Bom","1970-06-20 14:18:31","1","3","Sequi illo eaque et dolor et aut provident. Saepe delectus doloribus enim eos sit. Harum vitae soluta dolorem aut est. Maxime dolore dolore fugit nam impedit sed exercitationem. Iste incidunt autem autem est earum.","Algeria","","West Caseyshire","53166-6649","../fixtures/male3.jpg","../fixtures/male4.jpg","../fixtures/male1.jpg","","","64","568abffccff692b5c1c723056ad1a2cf","1993-06-04 18:45:37","1","0","1980-02-02 12:31:05","2005-09-24 11:49:18");
INSERT INTO user_tag (user_id, tag_id) VALUES ("350","32");
INSERT INTO user_tag (user_id, tag_id) VALUES ("350","2");
INSERT INTO user_tag (user_id, tag_id) VALUES ("350","22");
INSERT INTO user_tag (user_id, tag_id) VALUES ("350","40");
INSERT INTO user_tag (user_id, tag_id) VALUES ("350","32");
INSERT INTO user_tag (user_id, tag_id) VALUES ("350","28");
INSERT INTO user_tag (user_id, tag_id) VALUES ("350","19");
INSERT INTO user_tag (user_id, tag_id) VALUES ("350","9");
INSERT INTO user_tag (user_id, tag_id) VALUES ("350","11");
INSERT INTO user_tag (user_id, tag_id) VALUES ("350","50");
INSERT INTO user_tag (user_id, tag_id) VALUES ("350","25");
INSERT INTO user_tag (user_id, tag_id) VALUES ("350","5");

INSERT INTO connected (user_id, connect_date) VALUES ("350","2017-10-23 05:36:53");
INSERT INTO likes (like_id, liked_id, like_date) VALUES ("465","350","2018-01-14 05:44:12");
INSERT INTO likes (like_id, liked_id, like_date) VALUES ("212","350","2017-05-13 21:12:23");
INSERT INTO likes (like_id, liked_id, like_date) VALUES ("248","350","2018-02-05 17:47:24");
INSERT INTO likes (like_id, liked_id, like_date) VALUES ("406","350","2017-04-05 21:12:23");
INSERT INTO likes (like_id, liked_id, like_date) VALUES ("417","350","2017-09-20 03:23:38");
INSERT INTO likes (like_id, liked_id, like_date) VALUES ("6","350","2017-02-18 07:48:11");
INSERT INTO views (viewer_id, viewed_id, view_date) VALUES ("464","350","2017-05-18 17:16:52");
INSERT INTO views (viewer_id, viewed_id, view_date) VALUES ("276","350","2017-07-29 01:40:48");
INSERT INTO views (viewer_id, viewed_id, view_date) VALUES ("432","350","2017-06-13 17:09:48");
INSERT INTO views (viewer_id, viewed_id, view_date) VALUES ("450","350","2017-09-30 17:02:36");
INSERT INTO views (viewer_id, viewed_id, view_date) VALUES ("309","350","2017-11-10 15:17:01");
INSERT INTO views (viewer_id, viewed_id, view_date) VALUES ("88","350","2017-07-07 19:55:15");
INSERT INTO views (viewer_id, viewed_id, view_date) VALUES ("322","350","2017-06-13 12:40:26");
INSERT INTO views (viewer_id, viewed_id, view_date) VALUES ("141","350","2017-10-04 08:05:05");
INSERT INTO views (viewer_id, viewed_id, view_date) VALUES ("105","350","2017-05-20 22:41:32");
INSERT INTO views (viewer_id, viewed_id, view_date) VALUES ("428","350","2017-04-22 20:43:06");
INSERT INTO views (viewer_id, viewed_id, view_date) VALUES ("233","350","2017-11-26 11:32:11");
INSERT INTO views (viewer_id, viewed_id, view_date) VALUES ("133","350","2017-06-11 22:14:21");
INSERT INTO views (viewer_id, viewed_id, view_date) VALUES ("46","350","2017-03-02 06:43:51");
INSERT INTO views (viewer_id, viewed_id, view_date) VALUES ("193","350","2017-12-17 22:43:28");
INSERT INTO views (viewer_id, viewed_id, view_date) VALUES ("122","350","2017-03-13 09:38:30");
INSERT INTO views (viewer_id, viewed_id, view_date) VALUES ("333","350","2017-12-06 01:39:27");
INSERT INTO views (viewer_id, viewed_id, view_date) VALUES ("113","350","2018-01-02 05:30:48");
INSERT INTO views (viewer_id, viewed_id, view_date) VALUES ("284","350","2017-07-26 10:32:48");
INSERT INTO views (viewer_id, viewed_id, view_date) VALUES ("229","350","2017-11-27 03:48:58");
INSERT INTO views (viewer_id, viewed_id, view_date) VALUES ("487","350","2018-01-07 01:20:01");
INSERT INTO views (viewer_id, viewed_id, view_date) VALUES ("377","350","2017-09-13 07:52:40");
INSERT INTO views (viewer_id, viewed_id, view_date) VALUES ("322","350","2017-11-24 12:07:51");
INSERT INTO views (viewer_id, viewed_id, view_date) VALUES ("455","350","2017-04-02 22:16:36");
INSERT INTO views (viewer_id, viewed_id, view_date) VALUES ("104","350","2018-01-31 17:31:21");
INSERT INTO views (viewer_id, viewed_id, view_date) VALUES ("388","350","2017-09-07 06:46:54");
INSERT INTO views (viewer_id, viewed_id, view_date) VALUES ("221","350","2017-12-20 02:12:41");
INSERT INTO views (viewer_id, viewed_id, view_date) VALUES ("64","350","2017-11-20 02:13:21");
INSERT INTO views (viewer_id, viewed_id, view_date) VALUES ("281","350","2017-10-26 20:55:54");
INSERT INTO views (viewer_id, viewed_id, view_date) VALUES ("384","350","2017-08-12 21:58:08");


INSERT INTO user (id, first_name, last_name, username, email, password, birthdate, gender, orientation, bio, country, state, city, zip, file_1, file_2, file_3, file_4, file_5, score, token, token_date, active, register, created_at, updated_at) VALUES ("351","Vivien","O'Connell","ewunsch","wiza.ervin@goldner.net","$2y$10$7Jru7UyipLeSQPVKmqB78uCeQhy3hOV2MxnP97Dm0gShyP/5lRPhu","1955-11-17 13:01:40","2","1","Quidem ut sunt voluptate ut pariatur assumenda nulla. Itaque omnis rerum ut voluptatem et. Quasi iusto autem eos quo repudiandae et ipsa quia. Iste impedit aut facere quia laudantium est beatae quia.","Bermuda","","Westberg","00557","../fixtures/female7.jpg","../fixtures/female2.jpg","../fixtures/female4.jpg","../fixtures/female8.jpg","../fixtures/female10.jpg","64","7e99bd72b4b9248c73c684f40fb5a313","1995-05-02 01:04:29","1","1","2004-12-09 16:23:37","2006-01-07 16:12:53");
INSERT INTO user_tag (user_id, tag_id) VALUES ("351","24");
INSERT INTO user_tag (user_id, tag_id) VALUES ("351","27");

INSERT INTO connected (user_id, connect_date) VALUES ("351","2017-04-17 04:46:05");
INSERT INTO likes (like_id, liked_id, like_date) VALUES ("461","351","2017-06-17 01:25:23");
INSERT INTO views (viewer_id, viewed_id, view_date) VALUES ("177","351","2017-12-20 02:15:57");
INSERT INTO views (viewer_id, viewed_id, view_date) VALUES ("446","351","2017-08-05 08:01:55");
INSERT INTO views (viewer_id, viewed_id, view_date) VALUES ("343","351","2017-06-16 00:35:49");
INSERT INTO views (viewer_id, viewed_id, view_date) VALUES ("52","351","2017-03-10 06:56:54");
INSERT INTO views (viewer_id, viewed_id, view_date) VALUES ("196","351","2018-01-29 20:08:56");
INSERT INTO views (viewer_id, viewed_id, view_date) VALUES ("410","351","2017-09-30 03:46:44");
INSERT INTO views (viewer_id, viewed_id, view_date) VALUES ("221","351","2017-08-17 06:18:57");


INSERT INTO user (id, first_name, last_name, username, email, password, birthdate, gender, orientation, bio, country, state, city, zip, file_1, file_2, file_3, file_4, file_5, score, token, token_date, active, register, created_at, updated_at) VALUES ("352","Rachelle","Heaney","zfarrell","lexi45@gmail.com","$2y$10$Q11fmOBV1Dop6gkVSehH6O1cjv8YPDlgaG6EhVWaUjqJUM40F3xLK","1954-01-23 00:08:04","2","1","Porro porro molestiae amet libero illum quod magni sint. Sed eveniet minima et pariatur nam cumque et. Et rem doloremque odit facilis. Cupiditate impedit omnis mollitia explicabo neque laboriosam ea rerum.","Macedonia","","South Harmony","95281","../fixtures/female7.jpg","../fixtures/female3.jpg","../fixtures/female5.jpg","","","62","040150b1fd41d89dd48c869c967d30fe","1978-06-18 14:23:40","0","0","1977-10-17 20:21:35","1974-08-12 23:09:19");
INSERT INTO user_tag (user_id, tag_id) VALUES ("352","19");
INSERT INTO user_tag (user_id, tag_id) VALUES ("352","48");
INSERT INTO user_tag (user_id, tag_id) VALUES ("352","28");
INSERT INTO user_tag (user_id, tag_id) VALUES ("352","34");

INSERT INTO connected (user_id, connect_date) VALUES ("352","2018-01-06 23:16:31");
INSERT INTO likes (like_id, liked_id, like_date) VALUES ("94","352","2017-04-30 05:39:37");
INSERT INTO likes (like_id, liked_id, like_date) VALUES ("339","352","2017-07-22 19:28:29");
INSERT INTO likes (like_id, liked_id, like_date) VALUES ("158","352","2017-12-04 19:47:18");
INSERT INTO views (viewer_id, viewed_id, view_date) VALUES ("200","352","2017-08-23 13:58:34");
INSERT INTO views (viewer_id, viewed_id, view_date) VALUES ("291","352","2017-12-10 01:29:07");
INSERT INTO views (viewer_id, viewed_id, view_date) VALUES ("277","352","2017-06-11 07:35:27");
INSERT INTO views (viewer_id, viewed_id, view_date) VALUES ("500","352","2017-02-28 10:13:29");
INSERT INTO views (viewer_id, viewed_id, view_date) VALUES ("121","352","2017-04-05 23:51:09");
INSERT INTO views (viewer_id, viewed_id, view_date) VALUES ("450","352","2017-08-22 12:15:15");
INSERT INTO views (viewer_id, viewed_id, view_date) VALUES ("408","352","2017-09-04 01:14:46");
INSERT INTO views (viewer_id, viewed_id, view_date) VALUES ("75","352","2017-07-10 01:23:42");
INSERT INTO views (viewer_id, viewed_id, view_date) VALUES ("200","352","2018-01-11 20:28:40");
INSERT INTO views (viewer_id, viewed_id, view_date) VALUES ("248","352","2017-06-08 03:03:29");
INSERT INTO views (viewer_id, viewed_id, view_date) VALUES ("155","352","2017-06-26 15:03:45");


INSERT INTO user (id, first_name, last_name, username, email, password, birthdate, gender, orientation, bio, country, state, city, zip, file_1, file_2, file_3, file_4, file_5, score, token, token_date, active, register, created_at, updated_at) VALUES ("353","Domingo","Dietrich","julesrutherford","botsford.beatrice@mckenzie.com","$2y$10$6wHdPl.9X6kN3nDVsX6EIeMaw4v66oTtM1IfijoRi/s4LlKTFkbBC","1991-10-09 14:12:03","2","3","Voluptatem possimus repellendus quis consequatur est. Numquam cupiditate eligendi totam laboriosam quis laboriosam ut aut. Est tenetur error eveniet.","Kenya","","Gottliebborough","99249-4335","../fixtures/female10.jpg","../fixtures/female2.jpg","","","","52","31e9d279cca326c6df51830010479d21","1982-01-11 20:11:44","1","1","1993-04-19 17:58:45","1998-08-31 12:07:44");
INSERT INTO user_tag (user_id, tag_id) VALUES ("353","49");
INSERT INTO user_tag (user_id, tag_id) VALUES ("353","47");
INSERT INTO user_tag (user_id, tag_id) VALUES ("353","37");
INSERT INTO user_tag (user_id, tag_id) VALUES ("353","11");
INSERT INTO user_tag (user_id, tag_id) VALUES ("353","44");
INSERT INTO user_tag (user_id, tag_id) VALUES ("353","38");
INSERT INTO user_tag (user_id, tag_id) VALUES ("353","33");

INSERT INTO connected (user_id, connect_date) VALUES ("353","2017-05-31 12:38:28");
INSERT INTO likes (like_id, liked_id, like_date) VALUES ("412","353","2017-09-04 06:23:47");
INSERT INTO likes (like_id, liked_id, like_date) VALUES ("27","353","2017-11-08 07:37:03");
INSERT INTO likes (like_id, liked_id, like_date) VALUES ("331","353","2017-08-09 04:27:34");
INSERT INTO likes (like_id, liked_id, like_date) VALUES ("444","353","2017-04-18 02:53:52");
INSERT INTO likes (like_id, liked_id, like_date) VALUES ("103","353","2017-09-15 08:27:20");
INSERT INTO likes (like_id, liked_id, like_date) VALUES ("369","353","2017-10-24 20:25:23");
INSERT INTO likes (like_id, liked_id, like_date) VALUES ("114","353","2017-11-25 09:37:42");
INSERT INTO likes (like_id, liked_id, like_date) VALUES ("9","353","2017-08-30 04:40:46");
INSERT INTO views (viewer_id, viewed_id, view_date) VALUES ("228","353","2017-02-18 16:53:21");
INSERT INTO views (viewer_id, viewed_id, view_date) VALUES ("491","353","2017-03-08 12:58:02");
INSERT INTO views (viewer_id, viewed_id, view_date) VALUES ("467","353","2017-10-27 12:04:23");
INSERT INTO views (viewer_id, viewed_id, view_date) VALUES ("9","353","2017-02-21 20:45:46");
INSERT INTO views (viewer_id, viewed_id, view_date) VALUES ("317","353","2017-07-13 17:58:27");
INSERT INTO views (viewer_id, viewed_id, view_date) VALUES ("343","353","2017-12-09 21:40:22");
INSERT INTO views (viewer_id, viewed_id, view_date) VALUES ("62","353","2017-06-06 01:42:15");
INSERT INTO views (viewer_id, viewed_id, view_date) VALUES ("374","353","2017-04-14 20:36:56");
INSERT INTO views (viewer_id, viewed_id, view_date) VALUES ("483","353","2017-05-07 23:58:47");
INSERT INTO views (viewer_id, viewed_id, view_date) VALUES ("292","353","2017-06-23 18:26:59");
INSERT INTO views (viewer_id, viewed_id, view_date) VALUES ("348","353","2017-10-13 03:56:57");
INSERT INTO views (viewer_id, viewed_id, view_date) VALUES ("212","353","2017-03-17 09:23:25");
INSERT INTO views (viewer_id, viewed_id, view_date) VALUES ("123","353","2017-12-27 11:42:30");
INSERT INTO views (viewer_id, viewed_id, view_date) VALUES ("282","353","2017-12-12 11:16:42");
INSERT INTO views (viewer_id, viewed_id, view_date) VALUES ("85","353","2017-07-10 20:38:30");
INSERT INTO views (viewer_id, viewed_id, view_date) VALUES ("239","353","2017-05-21 18:32:24");
INSERT INTO views (viewer_id, viewed_id, view_date) VALUES ("145","353","2017-08-17 12:39:08");
INSERT INTO views (viewer_id, viewed_id, view_date) VALUES ("390","353","2018-02-03 15:17:57");
INSERT INTO views (viewer_id, viewed_id, view_date) VALUES ("458","353","2017-08-31 16:38:53");
INSERT INTO views (viewer_id, viewed_id, view_date) VALUES ("59","353","2017-10-05 12:21:14");
INSERT INTO views (viewer_id, viewed_id, view_date) VALUES ("87","353","2017-04-19 01:46:29");


INSERT INTO user (id, first_name, last_name, username, email, password, birthdate, gender, orientation, bio, country, state, city, zip, file_1, file_2, file_3, file_4, file_5, score, token, token_date, active, register, created_at, updated_at) VALUES ("354","Corbin","Abshire","arielle61","tito85@gmail.com","$2y$10$Y/2f01S8pV8uaVGl5Tut1eAsi5g0/s16DhxF9KJsxEL5dYz88WQpK","1955-01-25 00:51:48","2","3","Sit occaecati cum nostrum inventore corrupti neque. Illum doloremque voluptates qui sunt.","Cape Verde","","Hansenberg","89443-7214","../fixtures/female10.jpg","../fixtures/female8.jpg","../fixtures/female10.jpg","../fixtures/female2.jpg","../fixtures/female1.jpg","58","4eb1cf130c435ed7a7dceaffe7c3429c","1980-12-20 01:36:26","0","0","2015-11-01 16:36:32","2002-02-13 00:33:15");
INSERT INTO user_tag (user_id, tag_id) VALUES ("354","45");
INSERT INTO user_tag (user_id, tag_id) VALUES ("354","34");
INSERT INTO user_tag (user_id, tag_id) VALUES ("354","12");
INSERT INTO user_tag (user_id, tag_id) VALUES ("354","11");

INSERT INTO connected (user_id, connect_date) VALUES ("354","2017-04-21 03:33:35");
INSERT INTO likes (like_id, liked_id, like_date) VALUES ("362","354","2017-11-21 17:05:23");
INSERT INTO likes (like_id, liked_id, like_date) VALUES ("215","354","2018-01-22 23:30:29");
INSERT INTO likes (like_id, liked_id, like_date) VALUES ("92","354","2018-01-11 20:09:43");
INSERT INTO likes (like_id, liked_id, like_date) VALUES ("423","354","2018-01-24 08:15:56");
INSERT INTO likes (like_id, liked_id, like_date) VALUES ("204","354","2017-05-28 11:34:34");
INSERT INTO likes (like_id, liked_id, like_date) VALUES ("203","354","2017-05-23 06:45:03");
INSERT INTO views (viewer_id, viewed_id, view_date) VALUES ("186","354","2018-01-17 14:43:34");
INSERT INTO views (viewer_id, viewed_id, view_date) VALUES ("441","354","2017-08-23 10:23:44");
INSERT INTO views (viewer_id, viewed_id, view_date) VALUES ("414","354","2017-09-19 04:36:25");
INSERT INTO views (viewer_id, viewed_id, view_date) VALUES ("14","354","2017-07-07 19:26:33");
INSERT INTO views (viewer_id, viewed_id, view_date) VALUES ("496","354","2017-04-06 21:56:42");
INSERT INTO views (viewer_id, viewed_id, view_date) VALUES ("228","354","2017-06-23 17:17:23");
INSERT INTO views (viewer_id, viewed_id, view_date) VALUES ("382","354","2017-04-18 17:17:39");
INSERT INTO views (viewer_id, viewed_id, view_date) VALUES ("314","354","2017-07-23 18:47:12");
INSERT INTO views (viewer_id, viewed_id, view_date) VALUES ("9","354","2018-01-06 04:14:45");
INSERT INTO views (viewer_id, viewed_id, view_date) VALUES ("327","354","2017-02-27 19:38:03");
INSERT INTO views (viewer_id, viewed_id, view_date) VALUES ("430","354","2017-08-21 06:01:23");


INSERT INTO user (id, first_name, last_name, username, email, password, birthdate, gender, orientation, bio, country, state, city, zip, file_1, file_2, file_3, file_4, file_5, score, token, token_date, active, register, created_at, updated_at) VALUES ("355","Reilly","Fay","goldaschinner","hammes.kelly@hotmail.com","$2y$10$Cpu8cRkocH16wWrCT3dlN.ZKbPfTVM6IKnrPAnv4hwqWx/2EdhtPC","1948-12-17 15:39:28","1","3","Quisquam numquam sapiente atque vero. Doloribus ut id eaque dicta enim est fuga.","Palestinian Territories","","Stromanchester","54096","../fixtures/male9.jpg","","","","","100","99ba84bc17c41f7b504bcc7f5e3b1b60","1971-02-12 11:05:03","0","0","1971-03-27 02:15:19","2002-03-17 00:52:40");
INSERT INTO user_tag (user_id, tag_id) VALUES ("355","48");
INSERT INTO user_tag (user_id, tag_id) VALUES ("355","13");
INSERT INTO user_tag (user_id, tag_id) VALUES ("355","8");
INSERT INTO user_tag (user_id, tag_id) VALUES ("355","38");
INSERT INTO user_tag (user_id, tag_id) VALUES ("355","8");
INSERT INTO user_tag (user_id, tag_id) VALUES ("355","48");

INSERT INTO connected (user_id, connect_date) VALUES ("355","2017-04-18 21:45:01");
INSERT INTO likes (like_id, liked_id, like_date) VALUES ("131","355","2017-08-07 15:07:35");
INSERT INTO likes (like_id, liked_id, like_date) VALUES ("282","355","2017-07-13 18:48:34");
INSERT INTO likes (like_id, liked_id, like_date) VALUES ("319","355","2017-06-04 13:31:04");
INSERT INTO likes (like_id, liked_id, like_date) VALUES ("161","355","2017-04-28 21:17:37");
INSERT INTO likes (like_id, liked_id, like_date) VALUES ("258","355","2017-04-08 06:07:01");
INSERT INTO likes (like_id, liked_id, like_date) VALUES ("58","355","2017-08-29 05:34:20");
INSERT INTO likes (like_id, liked_id, like_date) VALUES ("66","355","2017-05-12 05:02:22");
INSERT INTO likes (like_id, liked_id, like_date) VALUES ("356","355","2017-05-07 21:51:31");
INSERT INTO likes (like_id, liked_id, like_date) VALUES ("337","355","2018-02-13 23:29:09");
INSERT INTO likes (like_id, liked_id, like_date) VALUES ("153","355","2018-01-06 18:22:51");
INSERT INTO likes (like_id, liked_id, like_date) VALUES ("153","355","2017-09-08 21:23:17");
INSERT INTO likes (like_id, liked_id, like_date) VALUES ("420","355","2017-02-16 04:44:05");
INSERT INTO views (viewer_id, viewed_id, view_date) VALUES ("220","355","2017-05-10 07:02:58");
INSERT INTO views (viewer_id, viewed_id, view_date) VALUES ("230","355","2018-01-06 06:41:56");
INSERT INTO views (viewer_id, viewed_id, view_date) VALUES ("376","355","2017-10-31 10:02:02");
INSERT INTO views (viewer_id, viewed_id, view_date) VALUES ("57","355","2017-10-23 16:02:58");
INSERT INTO views (viewer_id, viewed_id, view_date) VALUES ("305","355","2017-11-23 10:04:48");
INSERT INTO views (viewer_id, viewed_id, view_date) VALUES ("491","355","2017-08-23 08:31:14");
INSERT INTO views (viewer_id, viewed_id, view_date) VALUES ("332","355","2017-11-13 06:37:40");
INSERT INTO views (viewer_id, viewed_id, view_date) VALUES ("423","355","2017-10-28 09:04:02");
INSERT INTO views (viewer_id, viewed_id, view_date) VALUES ("496","355","2017-04-29 11:49:38");
INSERT INTO views (viewer_id, viewed_id, view_date) VALUES ("477","355","2017-12-30 02:28:15");
INSERT INTO views (viewer_id, viewed_id, view_date) VALUES ("91","355","2017-03-31 21:58:28");
INSERT INTO views (viewer_id, viewed_id, view_date) VALUES ("476","355","2017-08-17 20:48:52");
INSERT INTO views (viewer_id, viewed_id, view_date) VALUES ("299","355","2017-12-02 11:37:49");
INSERT INTO views (viewer_id, viewed_id, view_date) VALUES ("409","355","2017-02-25 10:33:43");
INSERT INTO views (viewer_id, viewed_id, view_date) VALUES ("364","355","2017-09-11 02:07:58");
INSERT INTO views (viewer_id, viewed_id, view_date) VALUES ("401","355","2017-03-21 19:07:43");


INSERT INTO user (id, first_name, last_name, username, email, password, birthdate, gender, orientation, bio, country, state, city, zip, file_1, file_2, file_3, file_4, file_5, score, token, token_date, active, register, created_at, updated_at) VALUES ("356","Verna","Wiza","braunassunta","andres.grady@kris.info","$2y$10$fPkJWfkog5z0ZcRYn2NyDedXTVk2UNiGYIg02VBw5PvhNQGBASw8O","1988-12-27 16:35:09","2","1","Nihil consequatur labore perspiciatis iusto adipisci numquam eius. Molestias dicta excepturi eum optio exercitationem amet tenetur. Debitis quis blanditiis aut. Fuga dolor et et.","Cambodia","","Hammesview","99028","../fixtures/female1.jpg","../fixtures/female10.jpg","../fixtures/female3.jpg","","","43","926fe06942cceb459aebe975f679bf36","1972-09-13 00:16:51","0","0","1976-05-23 05:38:59","1983-05-19 00:07:41");
INSERT INTO user_tag (user_id, tag_id) VALUES ("356","1");

INSERT INTO connected (user_id, connect_date) VALUES ("356","2017-05-03 14:15:20");
INSERT INTO likes (like_id, liked_id, like_date) VALUES ("272","356","2017-11-05 03:35:06");
INSERT INTO views (viewer_id, viewed_id, view_date) VALUES ("128","356","2017-04-12 08:30:40");
INSERT INTO views (viewer_id, viewed_id, view_date) VALUES ("421","356","2017-05-22 10:13:58");
INSERT INTO views (viewer_id, viewed_id, view_date) VALUES ("302","356","2018-01-07 12:40:59");
INSERT INTO views (viewer_id, viewed_id, view_date) VALUES ("297","356","2017-06-20 21:06:21");
INSERT INTO views (viewer_id, viewed_id, view_date) VALUES ("316","356","2017-02-19 04:29:07");
INSERT INTO views (viewer_id, viewed_id, view_date) VALUES ("179","356","2017-11-02 12:17:29");
INSERT INTO views (viewer_id, viewed_id, view_date) VALUES ("272","356","2018-02-11 11:06:06");
INSERT INTO views (viewer_id, viewed_id, view_date) VALUES ("397","356","2018-01-12 03:54:08");
INSERT INTO views (viewer_id, viewed_id, view_date) VALUES ("429","356","2017-12-01 13:15:36");


INSERT INTO user (id, first_name, last_name, username, email, password, birthdate, gender, orientation, bio, country, state, city, zip, file_1, file_2, file_3, file_4, file_5, score, token, token_date, active, register, created_at, updated_at) VALUES ("357","Laisha","Hettinger","billharvey","kpurdy@gmail.com","$2y$10$QgIXn/Qp9I.xUpRAJ7ZnZuSGhngrux9u.EYtlePVcIqEuhExenNE.","1976-04-30 12:46:00","1","3","Magnam quod voluptas repellendus velit dolor. Distinctio in cumque quo. Ipsam nobis commodi ullam tenetur et facilis quo.","Tonga","","Aliaport","84087","../fixtures/male6.jpg","../fixtures/male3.jpg","../fixtures/male1.jpg","../fixtures/male4.jpg","","50","e0f180823d4831d5da8f922af63e8f00","1971-12-21 16:48:57","1","1","1982-01-06 11:50:23","2006-09-28 11:33:10");
INSERT INTO user_tag (user_id, tag_id) VALUES ("357","23");
INSERT INTO user_tag (user_id, tag_id) VALUES ("357","15");
INSERT INTO user_tag (user_id, tag_id) VALUES ("357","27");
INSERT INTO user_tag (user_id, tag_id) VALUES ("357","45");
INSERT INTO user_tag (user_id, tag_id) VALUES ("357","49");
INSERT INTO user_tag (user_id, tag_id) VALUES ("357","38");

INSERT INTO connected (user_id, connect_date) VALUES ("357","2017-05-12 00:52:01");
INSERT INTO likes (like_id, liked_id, like_date) VALUES ("253","357","2018-01-18 06:41:42");
INSERT INTO likes (like_id, liked_id, like_date) VALUES ("304","357","2017-10-01 10:05:19");
INSERT INTO likes (like_id, liked_id, like_date) VALUES ("378","357","2018-01-30 11:05:32");
INSERT INTO likes (like_id, liked_id, like_date) VALUES ("302","357","2017-10-29 12:48:57");
INSERT INTO likes (like_id, liked_id, like_date) VALUES ("483","357","2017-09-26 03:29:10");
INSERT INTO likes (like_id, liked_id, like_date) VALUES ("307","357","2017-08-09 14:28:02");
INSERT INTO likes (like_id, liked_id, like_date) VALUES ("476","357","2017-12-17 12:12:02");
INSERT INTO likes (like_id, liked_id, like_date) VALUES ("474","357","2018-02-12 18:55:08");
INSERT INTO likes (like_id, liked_id, like_date) VALUES ("107","357","2018-01-22 21:57:19");
INSERT INTO likes (like_id, liked_id, like_date) VALUES ("350","357","2017-10-01 16:40:30");
INSERT INTO likes (like_id, liked_id, like_date) VALUES ("496","357","2017-09-03 14:50:43");
INSERT INTO likes (like_id, liked_id, like_date) VALUES ("218","357","2018-02-08 06:04:04");
INSERT INTO likes (like_id, liked_id, like_date) VALUES ("291","357","2018-01-14 19:50:34");
INSERT INTO likes (like_id, liked_id, like_date) VALUES ("276","357","2017-12-19 07:50:59");
INSERT INTO likes (like_id, liked_id, like_date) VALUES ("471","357","2017-02-20 03:35:31");
INSERT INTO likes (like_id, liked_id, like_date) VALUES ("332","357","2018-01-22 11:05:48");
INSERT INTO likes (like_id, liked_id, like_date) VALUES ("315","357","2017-08-15 19:47:17");
INSERT INTO likes (like_id, liked_id, like_date) VALUES ("247","357","2017-06-29 16:07:42");
INSERT INTO views (viewer_id, viewed_id, view_date) VALUES ("359","357","2017-03-18 10:06:33");
INSERT INTO views (viewer_id, viewed_id, view_date) VALUES ("394","357","2017-04-18 09:13:34");
INSERT INTO views (viewer_id, viewed_id, view_date) VALUES ("309","357","2017-12-01 07:27:07");
INSERT INTO views (viewer_id, viewed_id, view_date) VALUES ("389","357","2017-07-08 08:16:04");
INSERT INTO views (viewer_id, viewed_id, view_date) VALUES ("322","357","2017-06-12 10:14:08");
INSERT INTO views (viewer_id, viewed_id, view_date) VALUES ("135","357","2017-08-23 12:11:07");


INSERT INTO user (id, first_name, last_name, username, email, password, birthdate, gender, orientation, bio, country, state, city, zip, file_1, file_2, file_3, file_4, file_5, score, token, token_date, active, register, created_at, updated_at) VALUES ("358","Brandy","Moore","lucie98","nettie55@wilkinson.biz","$2y$10$b4RPXYcZB8Gj/IAXITw3nerDR2C85oyqL/PDeRQ8tUMx8rX4gY/fO","1960-06-18 04:06:31","1","1","Sequi accusantium alias dolorem nesciunt corporis aut. Similique voluptatem qui quaerat molestiae est assumenda. Numquam est veniam et placeat doloribus. Modi nostrum hic facere odit pariatur.","Colombia","","Maureenshire","96881-8136","../fixtures/male6.jpg","../fixtures/male1.jpg","../fixtures/male6.jpg","","","55","9ae5109259bd9bc2489dc34c57d9c89f","1990-04-13 20:52:12","0","0","1977-10-01 10:15:01","2004-01-02 07:37:49");
INSERT INTO user_tag (user_id, tag_id) VALUES ("358","44");
INSERT INTO user_tag (user_id, tag_id) VALUES ("358","24");
INSERT INTO user_tag (user_id, tag_id) VALUES ("358","43");
INSERT INTO user_tag (user_id, tag_id) VALUES ("358","29");
INSERT INTO user_tag (user_id, tag_id) VALUES ("358","45");
INSERT INTO user_tag (user_id, tag_id) VALUES ("358","49");
INSERT INTO user_tag (user_id, tag_id) VALUES ("358","16");
INSERT INTO user_tag (user_id, tag_id) VALUES ("358","44");
INSERT INTO user_tag (user_id, tag_id) VALUES ("358","47");
INSERT INTO user_tag (user_id, tag_id) VALUES ("358","30");
INSERT INTO user_tag (user_id, tag_id) VALUES ("358","28");
INSERT INTO user_tag (user_id, tag_id) VALUES ("358","38");
INSERT INTO user_tag (user_id, tag_id) VALUES ("358","39");

INSERT INTO connected (user_id, connect_date) VALUES ("358","2017-11-18 17:15:05");
INSERT INTO likes (like_id, liked_id, like_date) VALUES ("313","358","2017-10-13 20:25:30");
INSERT INTO likes (like_id, liked_id, like_date) VALUES ("94","358","2017-10-03 08:35:01");
INSERT INTO likes (like_id, liked_id, like_date) VALUES ("462","358","2017-10-06 14:51:05");
INSERT INTO likes (like_id, liked_id, like_date) VALUES ("188","358","2017-12-03 21:33:05");
INSERT INTO likes (like_id, liked_id, like_date) VALUES ("435","358","2017-11-24 18:06:11");
INSERT INTO likes (like_id, liked_id, like_date) VALUES ("111","358","2017-09-27 14:33:41");
INSERT INTO likes (like_id, liked_id, like_date) VALUES ("46","358","2018-02-08 08:20:58");
INSERT INTO likes (like_id, liked_id, like_date) VALUES ("403","358","2017-07-10 15:51:36");
INSERT INTO likes (like_id, liked_id, like_date) VALUES ("290","358","2017-11-24 02:44:57");
INSERT INTO likes (like_id, liked_id, like_date) VALUES ("117","358","2017-07-05 15:24:04");
INSERT INTO likes (like_id, liked_id, like_date) VALUES ("40","358","2017-04-26 16:26:43");
INSERT INTO likes (like_id, liked_id, like_date) VALUES ("208","358","2018-01-21 13:14:20");
INSERT INTO likes (like_id, liked_id, like_date) VALUES ("77","358","2017-10-14 11:16:20");
INSERT INTO likes (like_id, liked_id, like_date) VALUES ("238","358","2017-04-18 21:45:35");
INSERT INTO likes (like_id, liked_id, like_date) VALUES ("274","358","2017-05-27 06:04:16");
INSERT INTO likes (like_id, liked_id, like_date) VALUES ("235","358","2017-03-18 05:51:10");
INSERT INTO likes (like_id, liked_id, like_date) VALUES ("478","358","2017-06-22 17:08:35");
INSERT INTO likes (like_id, liked_id, like_date) VALUES ("38","358","2017-04-19 16:03:22");
INSERT INTO likes (like_id, liked_id, like_date) VALUES ("194","358","2017-07-14 02:07:20");
INSERT INTO likes (like_id, liked_id, like_date) VALUES ("277","358","2017-05-13 11:20:20");
INSERT INTO views (viewer_id, viewed_id, view_date) VALUES ("279","358","2017-03-28 22:09:52");
INSERT INTO views (viewer_id, viewed_id, view_date) VALUES ("171","358","2017-05-14 05:33:36");
INSERT INTO views (viewer_id, viewed_id, view_date) VALUES ("174","358","2017-07-27 22:14:01");
INSERT INTO views (viewer_id, viewed_id, view_date) VALUES ("261","358","2017-10-28 10:31:51");
INSERT INTO views (viewer_id, viewed_id, view_date) VALUES ("197","358","2017-07-25 19:24:24");
INSERT INTO views (viewer_id, viewed_id, view_date) VALUES ("207","358","2017-04-06 20:13:01");
INSERT INTO views (viewer_id, viewed_id, view_date) VALUES ("55","358","2017-04-01 12:37:51");
INSERT INTO views (viewer_id, viewed_id, view_date) VALUES ("205","358","2017-07-27 01:36:31");
INSERT INTO views (viewer_id, viewed_id, view_date) VALUES ("228","358","2018-01-11 14:18:17");
INSERT INTO views (viewer_id, viewed_id, view_date) VALUES ("193","358","2017-07-31 07:49:00");
INSERT INTO views (viewer_id, viewed_id, view_date) VALUES ("192","358","2018-01-20 16:31:44");
INSERT INTO views (viewer_id, viewed_id, view_date) VALUES ("495","358","2017-11-05 01:37:45");
INSERT INTO views (viewer_id, viewed_id, view_date) VALUES ("485","358","2017-09-09 01:12:57");
INSERT INTO views (viewer_id, viewed_id, view_date) VALUES ("243","358","2017-07-31 17:30:32");
INSERT INTO views (viewer_id, viewed_id, view_date) VALUES ("416","358","2017-07-29 14:48:47");
INSERT INTO views (viewer_id, viewed_id, view_date) VALUES ("210","358","2017-11-05 10:24:05");
INSERT INTO views (viewer_id, viewed_id, view_date) VALUES ("169","358","2017-12-05 21:36:58");
INSERT INTO views (viewer_id, viewed_id, view_date) VALUES ("251","358","2017-05-28 08:01:35");
INSERT INTO views (viewer_id, viewed_id, view_date) VALUES ("139","358","2017-02-18 23:28:22");


INSERT INTO user (id, first_name, last_name, username, email, password, birthdate, gender, orientation, bio, country, state, city, zip, file_1, file_2, file_3, file_4, file_5, score, token, token_date, active, register, created_at, updated_at) VALUES ("359","Brandyn","Kassulke","zoe06","deontae.dooley@gmail.com","$2y$10$sje7D44hD4WnN5ujj/mtl.r9tPe71Xh/ZN9o8UaUPjBlJejvHA3Im","1950-10-28 11:25:07","2","2","Et odio eveniet voluptas architecto. Eum autem in nesciunt at expedita. Maiores voluptatibus voluptatem consequatur velit dignissimos quo.","Sudan","","Lylaland","34107-3725","../fixtures/female10.jpg","../fixtures/female1.jpg","../fixtures/female5.jpg","../fixtures/female10.jpg","","39","05003367880ed62102108d483c0fd1a7","2001-02-03 13:40:05","0","0","1973-12-11 12:31:05","2010-09-10 13:23:42");
INSERT INTO user_tag (user_id, tag_id) VALUES ("359","4");
INSERT INTO user_tag (user_id, tag_id) VALUES ("359","9");
INSERT INTO user_tag (user_id, tag_id) VALUES ("359","17");
INSERT INTO user_tag (user_id, tag_id) VALUES ("359","27");
INSERT INTO user_tag (user_id, tag_id) VALUES ("359","10");
INSERT INTO user_tag (user_id, tag_id) VALUES ("359","9");

INSERT INTO connected (user_id, connect_date) VALUES ("359","2017-07-01 19:46:45");
INSERT INTO likes (like_id, liked_id, like_date) VALUES ("321","359","2018-01-21 23:29:17");
INSERT INTO likes (like_id, liked_id, like_date) VALUES ("463","359","2017-06-11 17:21:12");
INSERT INTO likes (like_id, liked_id, like_date) VALUES ("234","359","2017-08-22 09:50:47");
INSERT INTO likes (like_id, liked_id, like_date) VALUES ("381","359","2017-02-26 23:54:04");
INSERT INTO likes (like_id, liked_id, like_date) VALUES ("191","359","2017-09-19 16:10:05");
INSERT INTO likes (like_id, liked_id, like_date) VALUES ("163","359","2017-04-06 23:03:42");
INSERT INTO likes (like_id, liked_id, like_date) VALUES ("150","359","2017-11-24 13:09:40");
INSERT INTO likes (like_id, liked_id, like_date) VALUES ("330","359","2017-09-20 11:22:58");
INSERT INTO likes (like_id, liked_id, like_date) VALUES ("211","359","2017-09-29 05:59:53");
INSERT INTO likes (like_id, liked_id, like_date) VALUES ("123","359","2017-09-17 20:14:23");
INSERT INTO likes (like_id, liked_id, like_date) VALUES ("443","359","2017-05-07 02:03:21");
INSERT INTO likes (like_id, liked_id, like_date) VALUES ("143","359","2017-08-31 16:16:48");
INSERT INTO likes (like_id, liked_id, like_date) VALUES ("438","359","2018-01-20 03:36:57");
INSERT INTO likes (like_id, liked_id, like_date) VALUES ("88","359","2017-11-10 13:45:49");
INSERT INTO likes (like_id, liked_id, like_date) VALUES ("210","359","2017-11-24 03:10:45");
INSERT INTO views (viewer_id, viewed_id, view_date) VALUES ("33","359","2017-11-26 06:38:35");
INSERT INTO views (viewer_id, viewed_id, view_date) VALUES ("403","359","2017-10-24 10:54:13");
INSERT INTO views (viewer_id, viewed_id, view_date) VALUES ("157","359","2018-01-06 02:27:37");
INSERT INTO views (viewer_id, viewed_id, view_date) VALUES ("248","359","2017-07-25 09:05:41");
INSERT INTO views (viewer_id, viewed_id, view_date) VALUES ("348","359","2017-08-20 08:18:37");
INSERT INTO views (viewer_id, viewed_id, view_date) VALUES ("402","359","2017-07-10 08:26:30");
INSERT INTO views (viewer_id, viewed_id, view_date) VALUES ("425","359","2017-07-19 04:08:58");
INSERT INTO views (viewer_id, viewed_id, view_date) VALUES ("416","359","2018-01-29 19:13:33");
INSERT INTO views (viewer_id, viewed_id, view_date) VALUES ("391","359","2017-11-16 19:33:33");
INSERT INTO views (viewer_id, viewed_id, view_date) VALUES ("496","359","2017-07-17 08:10:16");
INSERT INTO views (viewer_id, viewed_id, view_date) VALUES ("264","359","2017-11-25 05:45:04");
INSERT INTO views (viewer_id, viewed_id, view_date) VALUES ("71","359","2017-10-11 09:28:15");
INSERT INTO views (viewer_id, viewed_id, view_date) VALUES ("81","359","2018-01-08 20:01:43");
INSERT INTO views (viewer_id, viewed_id, view_date) VALUES ("277","359","2017-08-03 00:32:31");
INSERT INTO views (viewer_id, viewed_id, view_date) VALUES ("8","359","2017-12-17 14:59:03");


INSERT INTO user (id, first_name, last_name, username, email, password, birthdate, gender, orientation, bio, country, state, city, zip, file_1, file_2, file_3, file_4, file_5, score, token, token_date, active, register, created_at, updated_at) VALUES ("360","Karl","Botsford","autumn70","deichmann@gmail.com","$2y$10$YXVmIQBVODVhekEkS32q8OkHAUHbTF43Db6YnQADlTf8GUojOdWrO","1957-06-23 17:12:25","1","1","Nulla aut harum dolor minus et recusandae aspernatur. Nemo necessitatibus repellat in architecto est laboriosam cupiditate id. Qui ratione accusamus quis illo ipsam. Accusantium maxime dicta accusantium assumenda aspernatur illo laborum.","Tunisia","","Lehnerstad","62763","../fixtures/male4.jpg","../fixtures/male4.jpg","../fixtures/male10.jpg","../fixtures/male9.jpg","../fixtures/male7.jpg","36","e110063cd42cc0273455d26766fe87dc","1988-04-08 12:27:00","1","0","1984-07-09 06:39:08","2016-05-21 20:24:39");
INSERT INTO user_tag (user_id, tag_id) VALUES ("360","46");
INSERT INTO user_tag (user_id, tag_id) VALUES ("360","41");
INSERT INTO user_tag (user_id, tag_id) VALUES ("360","48");
INSERT INTO user_tag (user_id, tag_id) VALUES ("360","21");
INSERT INTO user_tag (user_id, tag_id) VALUES ("360","22");
INSERT INTO user_tag (user_id, tag_id) VALUES ("360","7");
INSERT INTO user_tag (user_id, tag_id) VALUES ("360","39");
INSERT INTO user_tag (user_id, tag_id) VALUES ("360","18");
INSERT INTO user_tag (user_id, tag_id) VALUES ("360","44");
INSERT INTO user_tag (user_id, tag_id) VALUES ("360","32");
INSERT INTO user_tag (user_id, tag_id) VALUES ("360","3");

INSERT INTO connected (user_id, connect_date) VALUES ("360","2017-12-11 11:23:05");
INSERT INTO likes (like_id, liked_id, like_date) VALUES ("124","360","2018-01-26 03:39:31");
INSERT INTO likes (like_id, liked_id, like_date) VALUES ("27","360","2017-06-12 06:55:41");
INSERT INTO likes (like_id, liked_id, like_date) VALUES ("451","360","2017-02-22 01:02:28");
INSERT INTO likes (like_id, liked_id, like_date) VALUES ("324","360","2017-02-26 12:54:35");
INSERT INTO likes (like_id, liked_id, like_date) VALUES ("134","360","2017-03-04 06:16:30");
INSERT INTO likes (like_id, liked_id, like_date) VALUES ("115","360","2017-09-04 16:51:09");
INSERT INTO likes (like_id, liked_id, like_date) VALUES ("375","360","2017-04-09 08:51:06");
INSERT INTO likes (like_id, liked_id, like_date) VALUES ("428","360","2018-02-09 04:23:45");
INSERT INTO likes (like_id, liked_id, like_date) VALUES ("128","360","2018-01-16 02:24:19");
INSERT INTO likes (like_id, liked_id, like_date) VALUES ("454","360","2017-11-02 15:36:13");
INSERT INTO likes (like_id, liked_id, like_date) VALUES ("119","360","2017-11-20 23:48:36");
INSERT INTO likes (like_id, liked_id, like_date) VALUES ("166","360","2017-05-25 02:32:44");
INSERT INTO views (viewer_id, viewed_id, view_date) VALUES ("16","360","2018-01-20 04:34:40");
INSERT INTO views (viewer_id, viewed_id, view_date) VALUES ("498","360","2017-05-28 19:55:22");
INSERT INTO views (viewer_id, viewed_id, view_date) VALUES ("16","360","2017-08-07 02:02:18");
INSERT INTO views (viewer_id, viewed_id, view_date) VALUES ("476","360","2017-11-09 14:39:36");
INSERT INTO views (viewer_id, viewed_id, view_date) VALUES ("44","360","2017-03-29 04:36:51");
INSERT INTO views (viewer_id, viewed_id, view_date) VALUES ("129","360","2017-03-29 07:44:10");
INSERT INTO views (viewer_id, viewed_id, view_date) VALUES ("448","360","2017-12-15 14:44:12");
INSERT INTO views (viewer_id, viewed_id, view_date) VALUES ("112","360","2017-05-23 07:40:04");
INSERT INTO views (viewer_id, viewed_id, view_date) VALUES ("348","360","2017-04-08 21:48:25");
INSERT INTO views (viewer_id, viewed_id, view_date) VALUES ("43","360","2017-04-24 03:45:40");
INSERT INTO views (viewer_id, viewed_id, view_date) VALUES ("95","360","2018-02-10 21:10:48");
INSERT INTO views (viewer_id, viewed_id, view_date) VALUES ("124","360","2017-04-02 03:04:53");
INSERT INTO views (viewer_id, viewed_id, view_date) VALUES ("288","360","2018-01-11 01:50:55");
INSERT INTO views (viewer_id, viewed_id, view_date) VALUES ("278","360","2017-11-30 04:21:47");
INSERT INTO views (viewer_id, viewed_id, view_date) VALUES ("92","360","2018-02-10 08:18:18");
INSERT INTO views (viewer_id, viewed_id, view_date) VALUES ("130","360","2017-08-09 13:19:07");
INSERT INTO views (viewer_id, viewed_id, view_date) VALUES ("230","360","2017-02-16 04:19:36");
INSERT INTO views (viewer_id, viewed_id, view_date) VALUES ("189","360","2017-12-29 06:18:36");
INSERT INTO views (viewer_id, viewed_id, view_date) VALUES ("227","360","2017-11-03 10:04:49");
INSERT INTO views (viewer_id, viewed_id, view_date) VALUES ("442","360","2017-11-29 23:20:41");


INSERT INTO user (id, first_name, last_name, username, email, password, birthdate, gender, orientation, bio, country, state, city, zip, file_1, file_2, file_3, file_4, file_5, score, token, token_date, active, register, created_at, updated_at) VALUES ("361","Autumn","Smitham","emmitt54","yzboncak@herman.biz","$2y$10$S.18r5zGZ/qURORVYikl9Ognne4teXsKk2RrEhdM9/UKWdui31i8i","1958-05-02 10:41:26","1","2","Perferendis illum eveniet consequatur facilis voluptas sint. Odit quasi vitae natus sit. Voluptate dolorem quis iste et sed. Ut et tempore sint sit quia.","Azerbaijan","","New Justine","64925-5583","../fixtures/male4.jpg","../fixtures/male1.jpg","","","","48","d1f25ee83e104fce0ee9a61ca293559d","1971-12-12 12:04:06","0","0","2001-07-15 09:20:16","1999-03-14 01:20:45");
INSERT INTO user_tag (user_id, tag_id) VALUES ("361","25");
INSERT INTO user_tag (user_id, tag_id) VALUES ("361","21");
INSERT INTO user_tag (user_id, tag_id) VALUES ("361","27");
INSERT INTO user_tag (user_id, tag_id) VALUES ("361","40");
INSERT INTO user_tag (user_id, tag_id) VALUES ("361","27");
INSERT INTO user_tag (user_id, tag_id) VALUES ("361","42");

INSERT INTO connected (user_id, connect_date) VALUES ("361","2017-12-19 10:27:01");
INSERT INTO likes (like_id, liked_id, like_date) VALUES ("448","361","2017-08-20 00:30:41");
INSERT INTO likes (like_id, liked_id, like_date) VALUES ("151","361","2018-02-02 18:57:41");
INSERT INTO likes (like_id, liked_id, like_date) VALUES ("267","361","2017-08-02 05:30:47");
INSERT INTO likes (like_id, liked_id, like_date) VALUES ("237","361","2018-01-16 05:18:37");
INSERT INTO likes (like_id, liked_id, like_date) VALUES ("368","361","2017-05-30 10:53:36");
INSERT INTO likes (like_id, liked_id, like_date) VALUES ("407","361","2017-06-21 05:21:07");
INSERT INTO likes (like_id, liked_id, like_date) VALUES ("251","361","2017-05-19 21:35:58");
INSERT INTO likes (like_id, liked_id, like_date) VALUES ("287","361","2017-04-30 09:14:33");
INSERT INTO likes (like_id, liked_id, like_date) VALUES ("460","361","2017-11-15 17:45:29");
INSERT INTO likes (like_id, liked_id, like_date) VALUES ("309","361","2017-05-30 05:28:38");
INSERT INTO likes (like_id, liked_id, like_date) VALUES ("318","361","2017-08-12 11:31:15");
INSERT INTO likes (like_id, liked_id, like_date) VALUES ("174","361","2018-01-06 06:21:38");
INSERT INTO likes (like_id, liked_id, like_date) VALUES ("414","361","2017-07-15 19:06:52");
INSERT INTO likes (like_id, liked_id, like_date) VALUES ("483","361","2017-09-24 12:12:58");
INSERT INTO likes (like_id, liked_id, like_date) VALUES ("270","361","2017-02-26 08:12:26");
INSERT INTO views (viewer_id, viewed_id, view_date) VALUES ("319","361","2017-08-20 22:21:12");
INSERT INTO views (viewer_id, viewed_id, view_date) VALUES ("314","361","2017-08-03 11:28:31");
INSERT INTO views (viewer_id, viewed_id, view_date) VALUES ("464","361","2017-07-09 15:37:59");
INSERT INTO views (viewer_id, viewed_id, view_date) VALUES ("313","361","2017-03-22 10:20:21");
INSERT INTO views (viewer_id, viewed_id, view_date) VALUES ("22","361","2017-08-20 09:09:57");
INSERT INTO views (viewer_id, viewed_id, view_date) VALUES ("85","361","2017-08-25 06:31:11");
INSERT INTO views (viewer_id, viewed_id, view_date) VALUES ("344","361","2017-12-28 11:53:49");
INSERT INTO views (viewer_id, viewed_id, view_date) VALUES ("36","361","2018-01-19 13:30:15");
INSERT INTO views (viewer_id, viewed_id, view_date) VALUES ("401","361","2017-06-12 03:13:45");
INSERT INTO views (viewer_id, viewed_id, view_date) VALUES ("244","361","2018-02-07 17:04:44");
INSERT INTO views (viewer_id, viewed_id, view_date) VALUES ("149","361","2017-12-02 19:01:23");
INSERT INTO views (viewer_id, viewed_id, view_date) VALUES ("82","361","2017-12-10 21:38:06");
INSERT INTO views (viewer_id, viewed_id, view_date) VALUES ("331","361","2017-05-07 04:33:09");
INSERT INTO views (viewer_id, viewed_id, view_date) VALUES ("453","361","2017-05-18 20:05:31");
INSERT INTO views (viewer_id, viewed_id, view_date) VALUES ("152","361","2018-02-03 03:07:14");
INSERT INTO views (viewer_id, viewed_id, view_date) VALUES ("135","361","2017-03-03 20:56:27");
INSERT INTO views (viewer_id, viewed_id, view_date) VALUES ("199","361","2017-09-25 18:28:35");
INSERT INTO views (viewer_id, viewed_id, view_date) VALUES ("117","361","2017-12-06 12:26:48");
INSERT INTO views (viewer_id, viewed_id, view_date) VALUES ("490","361","2017-12-22 00:28:42");
INSERT INTO views (viewer_id, viewed_id, view_date) VALUES ("385","361","2017-08-24 18:42:56");
INSERT INTO views (viewer_id, viewed_id, view_date) VALUES ("442","361","2017-02-25 23:49:18");
INSERT INTO views (viewer_id, viewed_id, view_date) VALUES ("432","361","2017-10-31 02:03:22");
INSERT INTO views (viewer_id, viewed_id, view_date) VALUES ("71","361","2017-04-08 16:57:37");
INSERT INTO views (viewer_id, viewed_id, view_date) VALUES ("227","361","2017-12-31 13:53:40");
INSERT INTO views (viewer_id, viewed_id, view_date) VALUES ("2","361","2017-11-29 17:06:05");


INSERT INTO user (id, first_name, last_name, username, email, password, birthdate, gender, orientation, bio, country, state, city, zip, file_1, file_2, file_3, file_4, file_5, score, token, token_date, active, register, created_at, updated_at) VALUES ("362","Lucy","Pfannerstill","giovanna09","astrid.altenwerth@yahoo.com","$2y$10$Q3pIZMLfowtckCrQS2wK1uhP.KSAX8NN./Aev1hmmT35PQxGzjD3a","1966-07-31 16:39:40","2","2","Explicabo aut adipisci voluptatem ut in neque aut. Corporis reprehenderit consequatur rem quia distinctio eaque doloribus. Et hic quaerat dolores corrupti id deleniti. Est mollitia consequatur et doloremque facilis.","Ethiopia","","East Emmaborough","94458-7606","../fixtures/female2.jpg","../fixtures/female4.jpg","../fixtures/female3.jpg","../fixtures/female4.jpg","","12","261dab85b713805ae6d3dd36bc15effa","2005-12-22 19:27:50","0","0","1997-08-12 21:31:48","1992-05-17 02:36:12");
INSERT INTO user_tag (user_id, tag_id) VALUES ("362","11");
INSERT INTO user_tag (user_id, tag_id) VALUES ("362","42");
INSERT INTO user_tag (user_id, tag_id) VALUES ("362","18");
INSERT INTO user_tag (user_id, tag_id) VALUES ("362","2");
INSERT INTO user_tag (user_id, tag_id) VALUES ("362","48");
INSERT INTO user_tag (user_id, tag_id) VALUES ("362","9");
INSERT INTO user_tag (user_id, tag_id) VALUES ("362","1");
INSERT INTO user_tag (user_id, tag_id) VALUES ("362","31");
INSERT INTO user_tag (user_id, tag_id) VALUES ("362","31");
INSERT INTO user_tag (user_id, tag_id) VALUES ("362","9");
INSERT INTO user_tag (user_id, tag_id) VALUES ("362","18");
INSERT INTO user_tag (user_id, tag_id) VALUES ("362","25");
INSERT INTO user_tag (user_id, tag_id) VALUES ("362","6");
INSERT INTO user_tag (user_id, tag_id) VALUES ("362","47");
INSERT INTO user_tag (user_id, tag_id) VALUES ("362","14");

INSERT INTO connected (user_id, connect_date) VALUES ("362","2017-05-21 20:54:10");
INSERT INTO likes (like_id, liked_id, like_date) VALUES ("488","362","2017-10-04 14:51:02");
INSERT INTO likes (like_id, liked_id, like_date) VALUES ("499","362","2017-08-19 11:15:03");
INSERT INTO likes (like_id, liked_id, like_date) VALUES ("493","362","2017-03-31 09:18:42");
INSERT INTO likes (like_id, liked_id, like_date) VALUES ("222","362","2017-07-25 03:12:42");
INSERT INTO likes (like_id, liked_id, like_date) VALUES ("60","362","2018-01-13 21:14:26");
INSERT INTO likes (like_id, liked_id, like_date) VALUES ("3","362","2017-05-02 07:36:17");
INSERT INTO likes (like_id, liked_id, like_date) VALUES ("463","362","2017-02-16 12:26:18");
INSERT INTO likes (like_id, liked_id, like_date) VALUES ("288","362","2017-02-22 22:14:07");
INSERT INTO likes (like_id, liked_id, like_date) VALUES ("391","362","2017-07-22 08:39:45");
INSERT INTO likes (like_id, liked_id, like_date) VALUES ("439","362","2018-02-06 11:20:42");
INSERT INTO likes (like_id, liked_id, like_date) VALUES ("458","362","2017-06-19 19:16:47");
INSERT INTO likes (like_id, liked_id, like_date) VALUES ("131","362","2017-06-11 00:13:23");
INSERT INTO likes (like_id, liked_id, like_date) VALUES ("450","362","2017-05-11 05:31:14");
INSERT INTO likes (like_id, liked_id, like_date) VALUES ("80","362","2017-11-11 00:36:39");
INSERT INTO likes (like_id, liked_id, like_date) VALUES ("414","362","2017-08-04 06:14:26");
INSERT INTO likes (like_id, liked_id, like_date) VALUES ("290","362","2017-12-15 07:24:32");
INSERT INTO likes (like_id, liked_id, like_date) VALUES ("259","362","2017-12-26 09:57:08");
INSERT INTO likes (like_id, liked_id, like_date) VALUES ("78","362","2017-05-25 21:16:42");
INSERT INTO likes (like_id, liked_id, like_date) VALUES ("315","362","2017-10-31 08:48:47");
INSERT INTO views (viewer_id, viewed_id, view_date) VALUES ("334","362","2017-06-14 15:15:02");
INSERT INTO views (viewer_id, viewed_id, view_date) VALUES ("326","362","2017-03-23 09:48:30");
INSERT INTO views (viewer_id, viewed_id, view_date) VALUES ("119","362","2017-08-26 17:48:58");
INSERT INTO views (viewer_id, viewed_id, view_date) VALUES ("457","362","2017-08-27 10:54:52");
INSERT INTO views (viewer_id, viewed_id, view_date) VALUES ("232","362","2017-11-05 18:07:23");
INSERT INTO views (viewer_id, viewed_id, view_date) VALUES ("229","362","2017-11-18 20:42:36");
INSERT INTO views (viewer_id, viewed_id, view_date) VALUES ("393","362","2017-06-24 21:45:49");
INSERT INTO views (viewer_id, viewed_id, view_date) VALUES ("215","362","2017-12-04 22:22:48");


INSERT INTO user (id, first_name, last_name, username, email, password, birthdate, gender, orientation, bio, country, state, city, zip, file_1, file_2, file_3, file_4, file_5, score, token, token_date, active, register, created_at, updated_at) VALUES ("363","Uriah","Volkman","mozellekeebler","mayert.lois@smitham.com","$2y$10$65rtcxMf5Gc9ehySM2n42OK7ARo5JA0nxKctEh8JcCKY5qbj71weu","1969-03-26 14:21:01","1","1","Pariatur ipsa dicta dolore ex nostrum. Doloremque ea cupiditate voluptatum et aut.","Kyrgyz Republic","","Binsberg","22496","../fixtures/male10.jpg","","","","","24","a68ef09e7b9e6bac9efda9d9753091ba","1975-06-04 10:04:52","1","0","1983-06-11 08:29:57","2011-11-04 02:35:36");
INSERT INTO user_tag (user_id, tag_id) VALUES ("363","7");

INSERT INTO connected (user_id, connect_date) VALUES ("363","2018-01-19 14:37:48");
INSERT INTO likes (like_id, liked_id, like_date) VALUES ("272","363","2017-06-07 06:42:57");
INSERT INTO likes (like_id, liked_id, like_date) VALUES ("226","363","2017-06-15 11:26:33");
INSERT INTO likes (like_id, liked_id, like_date) VALUES ("207","363","2017-04-20 19:10:23");
INSERT INTO likes (like_id, liked_id, like_date) VALUES ("15","363","2017-03-30 07:34:23");
INSERT INTO likes (like_id, liked_id, like_date) VALUES ("16","363","2018-01-13 09:10:59");
INSERT INTO likes (like_id, liked_id, like_date) VALUES ("346","363","2017-08-06 12:49:48");
INSERT INTO likes (like_id, liked_id, like_date) VALUES ("204","363","2018-02-12 07:19:37");
INSERT INTO likes (like_id, liked_id, like_date) VALUES ("97","363","2017-10-07 14:12:41");
INSERT INTO likes (like_id, liked_id, like_date) VALUES ("480","363","2017-07-19 17:34:25");
INSERT INTO likes (like_id, liked_id, like_date) VALUES ("153","363","2017-09-22 10:06:16");
INSERT INTO likes (like_id, liked_id, like_date) VALUES ("11","363","2018-01-26 07:29:25");
INSERT INTO views (viewer_id, viewed_id, view_date) VALUES ("434","363","2017-04-16 04:55:58");
INSERT INTO views (viewer_id, viewed_id, view_date) VALUES ("234","363","2017-10-14 08:20:51");
INSERT INTO views (viewer_id, viewed_id, view_date) VALUES ("409","363","2017-04-25 22:18:33");
INSERT INTO views (viewer_id, viewed_id, view_date) VALUES ("341","363","2018-02-13 17:30:40");
INSERT INTO views (viewer_id, viewed_id, view_date) VALUES ("373","363","2017-05-23 23:14:35");
INSERT INTO views (viewer_id, viewed_id, view_date) VALUES ("174","363","2017-11-09 21:14:02");
INSERT INTO views (viewer_id, viewed_id, view_date) VALUES ("447","363","2017-11-11 17:05:30");
INSERT INTO views (viewer_id, viewed_id, view_date) VALUES ("196","363","2017-07-18 00:34:24");
INSERT INTO views (viewer_id, viewed_id, view_date) VALUES ("18","363","2017-07-06 18:18:22");
INSERT INTO views (viewer_id, viewed_id, view_date) VALUES ("471","363","2017-09-26 16:36:11");
INSERT INTO views (viewer_id, viewed_id, view_date) VALUES ("112","363","2017-11-21 10:32:28");
INSERT INTO views (viewer_id, viewed_id, view_date) VALUES ("162","363","2017-04-27 07:40:19");
INSERT INTO views (viewer_id, viewed_id, view_date) VALUES ("176","363","2017-09-08 03:11:22");
INSERT INTO views (viewer_id, viewed_id, view_date) VALUES ("146","363","2017-12-10 23:09:33");
INSERT INTO views (viewer_id, viewed_id, view_date) VALUES ("271","363","2017-09-11 04:24:28");
INSERT INTO views (viewer_id, viewed_id, view_date) VALUES ("82","363","2018-01-09 14:17:02");
INSERT INTO views (viewer_id, viewed_id, view_date) VALUES ("258","363","2017-10-18 05:41:42");
INSERT INTO views (viewer_id, viewed_id, view_date) VALUES ("5","363","2017-06-01 17:40:30");
INSERT INTO views (viewer_id, viewed_id, view_date) VALUES ("182","363","2017-10-25 14:54:56");
INSERT INTO views (viewer_id, viewed_id, view_date) VALUES ("283","363","2017-04-09 07:29:11");
INSERT INTO views (viewer_id, viewed_id, view_date) VALUES ("122","363","2017-11-02 18:30:00");
INSERT INTO views (viewer_id, viewed_id, view_date) VALUES ("305","363","2018-02-11 08:38:44");
INSERT INTO views (viewer_id, viewed_id, view_date) VALUES ("350","363","2018-01-31 20:37:55");
INSERT INTO views (viewer_id, viewed_id, view_date) VALUES ("40","363","2017-12-09 14:40:39");


INSERT INTO user (id, first_name, last_name, username, email, password, birthdate, gender, orientation, bio, country, state, city, zip, file_1, file_2, file_3, file_4, file_5, score, token, token_date, active, register, created_at, updated_at) VALUES ("364","Hugh","Veum","kossbenjamin","millie65@hotmail.com","$2y$10$B.oxiMd1B9fqi/0Psnd.MOVNNG77oIZ9hTC0mbLHlsrJsX6wi29Um","1999-09-20 14:15:08","1","3","Quas neque voluptates neque numquam cupiditate blanditiis non. Suscipit iste pariatur optio repellat non corrupti maiores sed. Quisquam odit quia eos rerum.","Australia","","Heathfort","26870-4445","../fixtures/male8.jpg","../fixtures/male6.jpg","../fixtures/male1.jpg","../fixtures/male8.jpg","","47","41a5953f441d01041ee6fd7eaa68a77f","1973-08-05 21:08:53","1","1","1983-08-05 09:19:48","1995-05-03 13:29:12");
INSERT INTO user_tag (user_id, tag_id) VALUES ("364","17");
INSERT INTO user_tag (user_id, tag_id) VALUES ("364","3");
INSERT INTO user_tag (user_id, tag_id) VALUES ("364","24");
INSERT INTO user_tag (user_id, tag_id) VALUES ("364","32");
INSERT INTO user_tag (user_id, tag_id) VALUES ("364","37");
INSERT INTO user_tag (user_id, tag_id) VALUES ("364","19");
INSERT INTO user_tag (user_id, tag_id) VALUES ("364","12");
INSERT INTO user_tag (user_id, tag_id) VALUES ("364","44");
INSERT INTO user_tag (user_id, tag_id) VALUES ("364","24");

INSERT INTO connected (user_id, connect_date) VALUES ("364","2017-05-13 04:27:50");
INSERT INTO likes (like_id, liked_id, like_date) VALUES ("289","364","2017-09-14 15:28:34");
INSERT INTO likes (like_id, liked_id, like_date) VALUES ("280","364","2017-08-19 03:00:30");
INSERT INTO likes (like_id, liked_id, like_date) VALUES ("24","364","2017-05-19 09:11:23");
INSERT INTO likes (like_id, liked_id, like_date) VALUES ("422","364","2017-10-19 16:24:45");
INSERT INTO likes (like_id, liked_id, like_date) VALUES ("31","364","2017-09-14 09:43:54");
INSERT INTO likes (like_id, liked_id, like_date) VALUES ("381","364","2017-10-05 17:27:46");
INSERT INTO likes (like_id, liked_id, like_date) VALUES ("374","364","2017-05-21 13:45:37");
INSERT INTO views (viewer_id, viewed_id, view_date) VALUES ("47","364","2017-04-17 00:36:46");
INSERT INTO views (viewer_id, viewed_id, view_date) VALUES ("278","364","2017-04-10 02:40:28");
INSERT INTO views (viewer_id, viewed_id, view_date) VALUES ("492","364","2018-02-14 04:21:02");
INSERT INTO views (viewer_id, viewed_id, view_date) VALUES ("217","364","2017-07-30 02:25:38");
INSERT INTO views (viewer_id, viewed_id, view_date) VALUES ("161","364","2017-02-15 20:32:07");
INSERT INTO views (viewer_id, viewed_id, view_date) VALUES ("204","364","2017-11-06 02:14:53");
INSERT INTO views (viewer_id, viewed_id, view_date) VALUES ("330","364","2017-05-13 08:32:35");
INSERT INTO views (viewer_id, viewed_id, view_date) VALUES ("121","364","2017-03-22 16:51:22");
INSERT INTO views (viewer_id, viewed_id, view_date) VALUES ("353","364","2017-12-15 16:10:26");
INSERT INTO views (viewer_id, viewed_id, view_date) VALUES ("401","364","2018-02-03 14:24:16");
INSERT INTO views (viewer_id, viewed_id, view_date) VALUES ("232","364","2017-08-12 11:16:15");
INSERT INTO views (viewer_id, viewed_id, view_date) VALUES ("367","364","2017-10-08 23:55:06");
INSERT INTO views (viewer_id, viewed_id, view_date) VALUES ("71","364","2017-04-10 05:52:15");
INSERT INTO views (viewer_id, viewed_id, view_date) VALUES ("319","364","2017-12-06 01:42:19");


INSERT INTO user (id, first_name, last_name, username, email, password, birthdate, gender, orientation, bio, country, state, city, zip, file_1, file_2, file_3, file_4, file_5, score, token, token_date, active, register, created_at, updated_at) VALUES ("365","Georgiana","Fadel","jakaylaerdman","henry80@thiel.net","$2y$10$UNRZSRgP7VNTKyfnP1y7yOqJElNH4Stvoiim.Quy3p0cI/Hyz/qBC","1995-02-03 04:16:30","1","3","Blanditiis odio rerum occaecati inventore natus. Ut et odio fuga aliquid voluptatem voluptatem. Iure facere eum consequatur. Quidem et assumenda cumque consectetur. Expedita voluptas qui quis quo.","Mayotte","","South Lisettemouth","04114-4651","../fixtures/male7.jpg","../fixtures/male5.jpg","../fixtures/male4.jpg","../fixtures/male4.jpg","","77","c073422c6c5fff93325383373cbb1e6d","1994-06-16 07:06:46","1","1","1992-12-25 03:18:08","1975-12-02 05:30:06");
INSERT INTO user_tag (user_id, tag_id) VALUES ("365","8");
INSERT INTO user_tag (user_id, tag_id) VALUES ("365","46");
INSERT INTO user_tag (user_id, tag_id) VALUES ("365","28");

INSERT INTO connected (user_id, connect_date) VALUES ("365","2017-04-04 15:26:34");
INSERT INTO likes (like_id, liked_id, like_date) VALUES ("130","365","2017-11-22 02:04:22");
INSERT INTO likes (like_id, liked_id, like_date) VALUES ("382","365","2017-12-06 08:20:17");
INSERT INTO likes (like_id, liked_id, like_date) VALUES ("370","365","2017-09-19 23:53:58");
INSERT INTO likes (like_id, liked_id, like_date) VALUES ("213","365","2017-04-05 22:29:14");
INSERT INTO likes (like_id, liked_id, like_date) VALUES ("436","365","2017-07-07 09:46:40");
INSERT INTO likes (like_id, liked_id, like_date) VALUES ("474","365","2017-10-03 03:05:55");
INSERT INTO views (viewer_id, viewed_id, view_date) VALUES ("225","365","2017-10-27 04:23:56");
INSERT INTO views (viewer_id, viewed_id, view_date) VALUES ("110","365","2017-07-09 12:18:19");
INSERT INTO views (viewer_id, viewed_id, view_date) VALUES ("53","365","2017-10-13 01:22:56");
INSERT INTO views (viewer_id, viewed_id, view_date) VALUES ("47","365","2018-01-10 12:00:23");
INSERT INTO views (viewer_id, viewed_id, view_date) VALUES ("330","365","2017-04-04 08:30:03");
INSERT INTO views (viewer_id, viewed_id, view_date) VALUES ("315","365","2017-08-09 12:58:22");
INSERT INTO views (viewer_id, viewed_id, view_date) VALUES ("147","365","2017-03-07 12:59:25");
INSERT INTO views (viewer_id, viewed_id, view_date) VALUES ("166","365","2017-11-19 01:15:31");
INSERT INTO views (viewer_id, viewed_id, view_date) VALUES ("369","365","2017-03-06 18:26:34");
INSERT INTO views (viewer_id, viewed_id, view_date) VALUES ("221","365","2017-07-30 17:26:58");
INSERT INTO views (viewer_id, viewed_id, view_date) VALUES ("324","365","2017-10-28 12:35:00");
INSERT INTO views (viewer_id, viewed_id, view_date) VALUES ("161","365","2017-07-28 16:21:35");
INSERT INTO views (viewer_id, viewed_id, view_date) VALUES ("330","365","2017-12-27 23:15:31");
INSERT INTO views (viewer_id, viewed_id, view_date) VALUES ("166","365","2017-07-24 01:01:38");
INSERT INTO views (viewer_id, viewed_id, view_date) VALUES ("14","365","2017-08-29 22:51:33");
INSERT INTO views (viewer_id, viewed_id, view_date) VALUES ("385","365","2017-07-21 11:29:17");
INSERT INTO views (viewer_id, viewed_id, view_date) VALUES ("124","365","2017-12-04 12:44:25");
INSERT INTO views (viewer_id, viewed_id, view_date) VALUES ("29","365","2017-03-14 21:46:22");


INSERT INTO user (id, first_name, last_name, username, email, password, birthdate, gender, orientation, bio, country, state, city, zip, file_1, file_2, file_3, file_4, file_5, score, token, token_date, active, register, created_at, updated_at) VALUES ("366","Layne","Gerlach","eugenia33","ferry.sabryna@gmail.com","$2y$10$2dluKbiiHWQHrkP3L2G/IOt81acltyLmex3nL3Yxyp.Z5wtZaFpF6","1977-01-20 02:47:56","1","2","Sit fugiat similique voluptates rerum id. Odit quas repellendus itaque dolorem quod ipsam nihil pariatur. Eum odit explicabo voluptatem itaque commodi totam quisquam voluptate.","Oman","","New Angeline","85539-5634","../fixtures/male7.jpg","../fixtures/male3.jpg","../fixtures/male10.jpg","../fixtures/male9.jpg","../fixtures/male9.jpg","51","0ac514be35acbf472e6716eb3104ce8d","1975-01-03 22:00:39","0","0","1993-08-02 10:51:34","1990-02-22 05:34:22");
INSERT INTO user_tag (user_id, tag_id) VALUES ("366","43");
INSERT INTO user_tag (user_id, tag_id) VALUES ("366","37");
INSERT INTO user_tag (user_id, tag_id) VALUES ("366","42");
INSERT INTO user_tag (user_id, tag_id) VALUES ("366","25");
INSERT INTO user_tag (user_id, tag_id) VALUES ("366","25");
INSERT INTO user_tag (user_id, tag_id) VALUES ("366","2");
INSERT INTO user_tag (user_id, tag_id) VALUES ("366","22");
INSERT INTO user_tag (user_id, tag_id) VALUES ("366","7");

INSERT INTO connected (user_id, connect_date) VALUES ("366","2017-06-05 16:30:59");
INSERT INTO likes (like_id, liked_id, like_date) VALUES ("388","366","2017-11-24 23:34:42");
INSERT INTO likes (like_id, liked_id, like_date) VALUES ("30","366","2017-09-14 15:45:53");
INSERT INTO likes (like_id, liked_id, like_date) VALUES ("482","366","2017-07-21 05:11:48");
INSERT INTO likes (like_id, liked_id, like_date) VALUES ("493","366","2018-01-22 12:31:43");
INSERT INTO likes (like_id, liked_id, like_date) VALUES ("319","366","2017-07-15 09:06:40");
INSERT INTO likes (like_id, liked_id, like_date) VALUES ("165","366","2018-02-12 14:16:38");
INSERT INTO likes (like_id, liked_id, like_date) VALUES ("470","366","2017-02-16 13:35:20");
INSERT INTO likes (like_id, liked_id, like_date) VALUES ("249","366","2017-04-20 05:47:34");
INSERT INTO likes (like_id, liked_id, like_date) VALUES ("335","366","2017-04-20 17:10:01");
INSERT INTO likes (like_id, liked_id, like_date) VALUES ("280","366","2017-10-04 21:41:34");
INSERT INTO likes (like_id, liked_id, like_date) VALUES ("332","366","2017-11-02 01:39:29");
INSERT INTO likes (like_id, liked_id, like_date) VALUES ("151","366","2017-11-23 16:36:36");
INSERT INTO views (viewer_id, viewed_id, view_date) VALUES ("490","366","2017-03-12 21:01:14");
INSERT INTO views (viewer_id, viewed_id, view_date) VALUES ("435","366","2017-09-02 05:43:59");
INSERT INTO views (viewer_id, viewed_id, view_date) VALUES ("488","366","2017-09-07 14:05:25");
INSERT INTO views (viewer_id, viewed_id, view_date) VALUES ("267","366","2017-04-20 07:05:03");
INSERT INTO views (viewer_id, viewed_id, view_date) VALUES ("458","366","2018-02-01 21:14:28");
INSERT INTO views (viewer_id, viewed_id, view_date) VALUES ("457","366","2017-08-21 21:14:20");
INSERT INTO views (viewer_id, viewed_id, view_date) VALUES ("9","366","2017-04-17 10:55:23");
INSERT INTO views (viewer_id, viewed_id, view_date) VALUES ("156","366","2017-02-20 08:49:33");
INSERT INTO views (viewer_id, viewed_id, view_date) VALUES ("6","366","2017-09-19 11:21:47");
INSERT INTO views (viewer_id, viewed_id, view_date) VALUES ("487","366","2017-11-20 20:43:26");
INSERT INTO views (viewer_id, viewed_id, view_date) VALUES ("37","366","2017-08-27 19:28:05");
INSERT INTO views (viewer_id, viewed_id, view_date) VALUES ("443","366","2017-05-13 19:20:27");
INSERT INTO views (viewer_id, viewed_id, view_date) VALUES ("426","366","2017-05-16 22:15:38");
INSERT INTO views (viewer_id, viewed_id, view_date) VALUES ("331","366","2017-05-14 12:39:36");
INSERT INTO views (viewer_id, viewed_id, view_date) VALUES ("366","366","2017-05-30 23:39:20");
INSERT INTO views (viewer_id, viewed_id, view_date) VALUES ("11","366","2017-03-03 18:32:01");
INSERT INTO views (viewer_id, viewed_id, view_date) VALUES ("280","366","2017-03-17 16:21:52");
INSERT INTO views (viewer_id, viewed_id, view_date) VALUES ("85","366","2017-07-08 10:16:54");
INSERT INTO views (viewer_id, viewed_id, view_date) VALUES ("453","366","2017-03-14 01:10:48");
INSERT INTO views (viewer_id, viewed_id, view_date) VALUES ("279","366","2017-04-18 19:45:08");
INSERT INTO views (viewer_id, viewed_id, view_date) VALUES ("162","366","2017-09-20 20:53:37");
INSERT INTO views (viewer_id, viewed_id, view_date) VALUES ("346","366","2017-10-30 01:05:04");
INSERT INTO views (viewer_id, viewed_id, view_date) VALUES ("84","366","2017-10-06 00:35:12");
INSERT INTO views (viewer_id, viewed_id, view_date) VALUES ("65","366","2017-11-16 14:12:54");
INSERT INTO views (viewer_id, viewed_id, view_date) VALUES ("220","366","2017-10-15 21:32:38");


INSERT INTO user (id, first_name, last_name, username, email, password, birthdate, gender, orientation, bio, country, state, city, zip, file_1, file_2, file_3, file_4, file_5, score, token, token_date, active, register, created_at, updated_at) VALUES ("367","Hershel","Hermiston","reubencummerata","beatty.roderick@kuphal.com","$2y$10$tx.GMPddC/ATD2sqq7JXtu.gsX8ulvJyed43xHv6TXz4PmGL2HNpS","1955-10-13 12:05:58","1","1","Optio laboriosam nihil aperiam aut. Qui nihil commodi corrupti dolores quas iste. Quas quia dolor facere. Consequuntur assumenda dolor voluptas quam.","Suriname","","New Juliana","68321","../fixtures/male8.jpg","","","","","32","d22537c4601b7be9f0cd651bcb6c9fc9","2001-07-16 12:53:59","0","0","1974-12-14 08:35:50","1999-10-24 06:08:06");
INSERT INTO user_tag (user_id, tag_id) VALUES ("367","5");
INSERT INTO user_tag (user_id, tag_id) VALUES ("367","42");
INSERT INTO user_tag (user_id, tag_id) VALUES ("367","46");
INSERT INTO user_tag (user_id, tag_id) VALUES ("367","19");
INSERT INTO user_tag (user_id, tag_id) VALUES ("367","50");
INSERT INTO user_tag (user_id, tag_id) VALUES ("367","21");
INSERT INTO user_tag (user_id, tag_id) VALUES ("367","7");
INSERT INTO user_tag (user_id, tag_id) VALUES ("367","14");
INSERT INTO user_tag (user_id, tag_id) VALUES ("367","9");
INSERT INTO user_tag (user_id, tag_id) VALUES ("367","24");
INSERT INTO user_tag (user_id, tag_id) VALUES ("367","18");
INSERT INTO user_tag (user_id, tag_id) VALUES ("367","17");
INSERT INTO user_tag (user_id, tag_id) VALUES ("367","6");
INSERT INTO user_tag (user_id, tag_id) VALUES ("367","29");

INSERT INTO connected (user_id, connect_date) VALUES ("367","2017-10-17 06:21:22");
INSERT INTO likes (like_id, liked_id, like_date) VALUES ("42","367","2017-06-01 04:32:32");
INSERT INTO likes (like_id, liked_id, like_date) VALUES ("331","367","2017-06-16 18:24:13");
INSERT INTO likes (like_id, liked_id, like_date) VALUES ("18","367","2017-12-21 14:42:44");
INSERT INTO likes (like_id, liked_id, like_date) VALUES ("420","367","2017-07-18 11:07:27");
INSERT INTO likes (like_id, liked_id, like_date) VALUES ("429","367","2017-04-11 06:39:35");
INSERT INTO likes (like_id, liked_id, like_date) VALUES ("325","367","2017-11-01 12:47:51");
INSERT INTO likes (like_id, liked_id, like_date) VALUES ("300","367","2018-01-21 21:11:39");
INSERT INTO likes (like_id, liked_id, like_date) VALUES ("100","367","2017-02-17 22:43:16");
INSERT INTO likes (like_id, liked_id, like_date) VALUES ("183","367","2017-11-10 16:00:05");
INSERT INTO likes (like_id, liked_id, like_date) VALUES ("93","367","2017-09-20 02:55:41");
INSERT INTO likes (like_id, liked_id, like_date) VALUES ("40","367","2017-11-05 20:21:53");
INSERT INTO likes (like_id, liked_id, like_date) VALUES ("252","367","2017-10-20 06:29:01");
INSERT INTO likes (like_id, liked_id, like_date) VALUES ("95","367","2017-12-15 17:03:14");
INSERT INTO likes (like_id, liked_id, like_date) VALUES ("215","367","2017-09-26 06:23:00");
INSERT INTO likes (like_id, liked_id, like_date) VALUES ("426","367","2017-09-08 04:05:19");
INSERT INTO likes (like_id, liked_id, like_date) VALUES ("373","367","2017-02-27 01:52:54");
INSERT INTO likes (like_id, liked_id, like_date) VALUES ("190","367","2017-11-11 04:15:08");
INSERT INTO views (viewer_id, viewed_id, view_date) VALUES ("65","367","2017-06-29 22:26:25");
INSERT INTO views (viewer_id, viewed_id, view_date) VALUES ("377","367","2018-01-24 03:27:02");
INSERT INTO views (viewer_id, viewed_id, view_date) VALUES ("391","367","2017-07-21 15:03:13");
INSERT INTO views (viewer_id, viewed_id, view_date) VALUES ("83","367","2017-04-23 19:36:14");
INSERT INTO views (viewer_id, viewed_id, view_date) VALUES ("254","367","2017-03-14 23:35:53");
INSERT INTO views (viewer_id, viewed_id, view_date) VALUES ("416","367","2017-11-04 16:47:21");
INSERT INTO views (viewer_id, viewed_id, view_date) VALUES ("219","367","2017-03-11 18:37:07");
INSERT INTO views (viewer_id, viewed_id, view_date) VALUES ("341","367","2017-10-20 11:57:05");
INSERT INTO views (viewer_id, viewed_id, view_date) VALUES ("72","367","2017-12-05 16:06:22");
INSERT INTO views (viewer_id, viewed_id, view_date) VALUES ("55","367","2017-04-18 03:37:52");
INSERT INTO views (viewer_id, viewed_id, view_date) VALUES ("401","367","2017-02-23 18:34:02");
INSERT INTO views (viewer_id, viewed_id, view_date) VALUES ("275","367","2017-05-17 09:54:08");
INSERT INTO views (viewer_id, viewed_id, view_date) VALUES ("450","367","2017-03-30 18:35:47");
INSERT INTO views (viewer_id, viewed_id, view_date) VALUES ("88","367","2018-02-01 03:14:17");
INSERT INTO views (viewer_id, viewed_id, view_date) VALUES ("454","367","2017-07-20 09:12:00");
INSERT INTO views (viewer_id, viewed_id, view_date) VALUES ("137","367","2017-08-11 22:42:28");
INSERT INTO views (viewer_id, viewed_id, view_date) VALUES ("293","367","2017-08-14 12:17:03");
INSERT INTO views (viewer_id, viewed_id, view_date) VALUES ("341","367","2017-03-26 23:50:57");
INSERT INTO views (viewer_id, viewed_id, view_date) VALUES ("198","367","2017-07-23 01:27:43");
INSERT INTO views (viewer_id, viewed_id, view_date) VALUES ("304","367","2017-05-27 15:39:40");
INSERT INTO views (viewer_id, viewed_id, view_date) VALUES ("58","367","2017-12-17 05:53:36");
INSERT INTO views (viewer_id, viewed_id, view_date) VALUES ("412","367","2017-07-17 15:29:41");


INSERT INTO user (id, first_name, last_name, username, email, password, birthdate, gender, orientation, bio, country, state, city, zip, file_1, file_2, file_3, file_4, file_5, score, token, token_date, active, register, created_at, updated_at) VALUES ("368","Krystal","Konopelski","rodriguezjaqueline","brad24@stanton.com","$2y$10$nIoMkwwLLqc9TeOWt8xHLuPVudqiTR2739zTr/bXA/DbHVncVSA.W","1987-01-27 15:23:16","1","2","Libero est ab ducimus ducimus iste iure aut. Fugiat quo veritatis consequatur hic perspiciatis. Eveniet qui possimus illo odio sequi voluptas soluta.","Guinea-Bissau","","Bartolettiville","37765","../fixtures/male2.jpg","../fixtures/male2.jpg","../fixtures/male4.jpg","../fixtures/male4.jpg","","99","a77f22db019ebee9daf682c6768a71df","2006-12-15 20:48:56","0","0","1979-09-05 09:38:02","1970-05-07 04:44:23");
INSERT INTO user_tag (user_id, tag_id) VALUES ("368","43");
INSERT INTO user_tag (user_id, tag_id) VALUES ("368","18");

INSERT INTO connected (user_id, connect_date) VALUES ("368","2017-06-13 14:36:00");
INSERT INTO likes (like_id, liked_id, like_date) VALUES ("96","368","2017-12-20 02:41:56");
INSERT INTO likes (like_id, liked_id, like_date) VALUES ("8","368","2017-08-05 23:21:38");
INSERT INTO likes (like_id, liked_id, like_date) VALUES ("69","368","2017-10-12 03:46:31");
INSERT INTO likes (like_id, liked_id, like_date) VALUES ("58","368","2017-07-13 05:31:00");
INSERT INTO likes (like_id, liked_id, like_date) VALUES ("456","368","2017-09-30 08:53:46");
INSERT INTO likes (like_id, liked_id, like_date) VALUES ("232","368","2017-10-15 07:21:19");
INSERT INTO likes (like_id, liked_id, like_date) VALUES ("450","368","2017-05-16 11:41:13");
INSERT INTO likes (like_id, liked_id, like_date) VALUES ("360","368","2018-01-07 05:32:23");
INSERT INTO likes (like_id, liked_id, like_date) VALUES ("50","368","2017-12-27 14:44:34");
INSERT INTO likes (like_id, liked_id, like_date) VALUES ("451","368","2017-04-10 07:53:35");
INSERT INTO likes (like_id, liked_id, like_date) VALUES ("23","368","2017-03-02 13:59:34");
INSERT INTO likes (like_id, liked_id, like_date) VALUES ("462","368","2017-11-08 13:22:49");
INSERT INTO likes (like_id, liked_id, like_date) VALUES ("253","368","2017-06-10 08:58:14");
INSERT INTO likes (like_id, liked_id, like_date) VALUES ("17","368","2017-06-08 15:45:22");
INSERT INTO likes (like_id, liked_id, like_date) VALUES ("389","368","2017-08-01 20:13:05");
INSERT INTO likes (like_id, liked_id, like_date) VALUES ("81","368","2017-05-07 03:25:13");
INSERT INTO likes (like_id, liked_id, like_date) VALUES ("387","368","2017-08-29 13:36:28");
INSERT INTO likes (like_id, liked_id, like_date) VALUES ("261","368","2017-12-29 10:07:34");
INSERT INTO likes (like_id, liked_id, like_date) VALUES ("51","368","2017-11-14 22:39:17");
INSERT INTO likes (like_id, liked_id, like_date) VALUES ("47","368","2017-12-02 21:57:47");
INSERT INTO views (viewer_id, viewed_id, view_date) VALUES ("104","368","2018-01-04 12:07:09");
INSERT INTO views (viewer_id, viewed_id, view_date) VALUES ("146","368","2017-04-15 20:16:47");
INSERT INTO views (viewer_id, viewed_id, view_date) VALUES ("296","368","2017-11-13 20:17:26");
INSERT INTO views (viewer_id, viewed_id, view_date) VALUES ("49","368","2017-08-18 02:09:09");
INSERT INTO views (viewer_id, viewed_id, view_date) VALUES ("243","368","2017-11-23 11:52:34");
INSERT INTO views (viewer_id, viewed_id, view_date) VALUES ("245","368","2017-11-29 15:50:11");
INSERT INTO views (viewer_id, viewed_id, view_date) VALUES ("73","368","2017-12-12 17:42:09");
INSERT INTO views (viewer_id, viewed_id, view_date) VALUES ("139","368","2017-08-27 05:06:13");
INSERT INTO views (viewer_id, viewed_id, view_date) VALUES ("437","368","2018-01-27 09:35:49");
INSERT INTO views (viewer_id, viewed_id, view_date) VALUES ("213","368","2018-01-11 02:29:26");
INSERT INTO views (viewer_id, viewed_id, view_date) VALUES ("477","368","2017-11-24 16:18:15");


INSERT INTO user (id, first_name, last_name, username, email, password, birthdate, gender, orientation, bio, country, state, city, zip, file_1, file_2, file_3, file_4, file_5, score, token, token_date, active, register, created_at, updated_at) VALUES ("369","Karson","Jones","camdenrowe","rebeca.ondricka@metz.net","$2y$10$68wBkPiGIt4xceKNKeu1pe2m9/WRdl.HHsTHxpnEtinsbAU.6FbaO","1991-10-11 20:14:39","1","2","Quis qui iusto nisi ut dicta non. Cumque dolorum modi voluptatem assumenda ut sed alias. Aut similique perspiciatis non laboriosam qui unde saepe.","Brunei Darussalam","","Emardville","45771","../fixtures/male3.jpg","../fixtures/male5.jpg","../fixtures/male6.jpg","../fixtures/male3.jpg","","79","4f8b4e301a294c5ef5e34602476544a6","2014-04-01 03:15:01","1","1","2009-03-20 02:21:01","2006-03-26 14:24:25");
INSERT INTO user_tag (user_id, tag_id) VALUES ("369","25");
INSERT INTO user_tag (user_id, tag_id) VALUES ("369","44");
INSERT INTO user_tag (user_id, tag_id) VALUES ("369","35");
INSERT INTO user_tag (user_id, tag_id) VALUES ("369","11");
INSERT INTO user_tag (user_id, tag_id) VALUES ("369","6");
INSERT INTO user_tag (user_id, tag_id) VALUES ("369","24");
INSERT INTO user_tag (user_id, tag_id) VALUES ("369","37");
INSERT INTO user_tag (user_id, tag_id) VALUES ("369","17");

INSERT INTO connected (user_id, connect_date) VALUES ("369","2017-10-01 11:17:22");
INSERT INTO likes (like_id, liked_id, like_date) VALUES ("460","369","2017-04-01 17:08:33");
INSERT INTO likes (like_id, liked_id, like_date) VALUES ("93","369","2017-04-07 09:29:56");
INSERT INTO likes (like_id, liked_id, like_date) VALUES ("8","369","2017-05-14 16:13:23");
INSERT INTO likes (like_id, liked_id, like_date) VALUES ("13","369","2017-08-06 23:11:31");
INSERT INTO views (viewer_id, viewed_id, view_date) VALUES ("99","369","2017-06-07 11:18:28");
INSERT INTO views (viewer_id, viewed_id, view_date) VALUES ("488","369","2017-08-15 01:40:33");
INSERT INTO views (viewer_id, viewed_id, view_date) VALUES ("120","369","2017-09-21 23:24:16");
INSERT INTO views (viewer_id, viewed_id, view_date) VALUES ("413","369","2017-04-02 12:39:24");
INSERT INTO views (viewer_id, viewed_id, view_date) VALUES ("333","369","2017-06-03 05:26:59");
INSERT INTO views (viewer_id, viewed_id, view_date) VALUES ("299","369","2017-10-11 16:45:00");
INSERT INTO views (viewer_id, viewed_id, view_date) VALUES ("249","369","2017-12-27 08:26:01");
INSERT INTO views (viewer_id, viewed_id, view_date) VALUES ("211","369","2017-10-17 10:27:03");
INSERT INTO views (viewer_id, viewed_id, view_date) VALUES ("285","369","2017-08-14 11:56:35");
INSERT INTO views (viewer_id, viewed_id, view_date) VALUES ("10","369","2017-03-09 00:52:19");
INSERT INTO views (viewer_id, viewed_id, view_date) VALUES ("81","369","2017-12-16 00:17:06");
INSERT INTO views (viewer_id, viewed_id, view_date) VALUES ("9","369","2017-05-27 00:22:09");
INSERT INTO views (viewer_id, viewed_id, view_date) VALUES ("206","369","2017-09-19 07:55:26");
INSERT INTO views (viewer_id, viewed_id, view_date) VALUES ("151","369","2017-07-22 10:45:25");
INSERT INTO views (viewer_id, viewed_id, view_date) VALUES ("213","369","2017-05-25 13:49:29");
INSERT INTO views (viewer_id, viewed_id, view_date) VALUES ("55","369","2017-03-26 18:43:11");
INSERT INTO views (viewer_id, viewed_id, view_date) VALUES ("189","369","2017-10-17 23:54:08");


INSERT INTO user (id, first_name, last_name, username, email, password, birthdate, gender, orientation, bio, country, state, city, zip, file_1, file_2, file_3, file_4, file_5, score, token, token_date, active, register, created_at, updated_at) VALUES ("370","Audra","Murazik","jimmy80","roselyn.hessel@gmail.com","$2y$10$7BuhgXlqLFjkIzPHti3SRuqVRJ/HQAW2WsG./ZQnU5/fnF.keK3Eu","1953-11-12 04:23:04","1","2","Corporis nam eveniet ut suscipit possimus vitae. Voluptatem vero est voluptas illum voluptatibus qui nemo quo. Iure quis sint fuga aut. Exercitationem est ea praesentium possimus amet laudantium quae.","Greece","","West Giovani","66337","../fixtures/male9.jpg","../fixtures/male10.jpg","../fixtures/male7.jpg","../fixtures/male9.jpg","","47","1870272986a91b01fb7815c7c3557b2c","1984-01-13 22:10:39","1","0","1979-04-21 23:38:19","1998-08-09 08:27:04");
INSERT INTO user_tag (user_id, tag_id) VALUES ("370","4");
INSERT INTO user_tag (user_id, tag_id) VALUES ("370","32");
INSERT INTO user_tag (user_id, tag_id) VALUES ("370","30");
INSERT INTO user_tag (user_id, tag_id) VALUES ("370","34");
INSERT INTO user_tag (user_id, tag_id) VALUES ("370","50");

INSERT INTO connected (user_id, connect_date) VALUES ("370","2017-09-22 09:10:11");
INSERT INTO likes (like_id, liked_id, like_date) VALUES ("128","370","2018-02-08 23:29:34");
INSERT INTO likes (like_id, liked_id, like_date) VALUES ("24","370","2017-04-01 00:39:22");
INSERT INTO likes (like_id, liked_id, like_date) VALUES ("358","370","2017-03-30 04:29:07");
INSERT INTO likes (like_id, liked_id, like_date) VALUES ("66","370","2017-11-20 01:12:20");
INSERT INTO likes (like_id, liked_id, like_date) VALUES ("78","370","2017-11-12 08:09:18");
INSERT INTO likes (like_id, liked_id, like_date) VALUES ("474","370","2017-08-02 23:47:39");
INSERT INTO likes (like_id, liked_id, like_date) VALUES ("193","370","2017-04-29 19:28:36");
INSERT INTO likes (like_id, liked_id, like_date) VALUES ("186","370","2018-01-30 01:46:12");
INSERT INTO likes (like_id, liked_id, like_date) VALUES ("121","370","2018-01-18 11:18:13");
INSERT INTO likes (like_id, liked_id, like_date) VALUES ("250","370","2018-01-24 05:37:23");
INSERT INTO likes (like_id, liked_id, like_date) VALUES ("34","370","2017-12-26 13:37:51");
INSERT INTO likes (like_id, liked_id, like_date) VALUES ("228","370","2017-10-06 02:56:09");
INSERT INTO likes (like_id, liked_id, like_date) VALUES ("3","370","2017-08-30 16:38:20");
INSERT INTO likes (like_id, liked_id, like_date) VALUES ("449","370","2017-06-18 01:18:11");
INSERT INTO views (viewer_id, viewed_id, view_date) VALUES ("381","370","2017-10-31 05:59:31");


INSERT INTO user (id, first_name, last_name, username, email, password, birthdate, gender, orientation, bio, country, state, city, zip, file_1, file_2, file_3, file_4, file_5, score, token, token_date, active, register, created_at, updated_at) VALUES ("371","Ida","Ward","dkling","crawford80@purdy.info","$2y$10$mrZVXs3R26cPb4ER1OQJjePLJLHc0jtw5m6M001IMAnvZBg8aMPXO","1971-11-08 10:06:51","2","3","Quaerat velit harum voluptatem aperiam. Enim maxime alias harum odio possimus. Qui provident nam ratione eum.","Senegal","","Port Raleigh","01734-3318","../fixtures/female9.jpg","","","","","27","8c296fbd464e273c6829090ca05f3410","2014-04-22 03:52:50","1","0","1998-06-29 04:34:47","2015-03-09 06:12:45");
INSERT INTO user_tag (user_id, tag_id) VALUES ("371","30");

INSERT INTO connected (user_id, connect_date) VALUES ("371","2017-02-27 22:59:38");
INSERT INTO likes (like_id, liked_id, like_date) VALUES ("173","371","2017-11-04 06:11:34");
INSERT INTO likes (like_id, liked_id, like_date) VALUES ("140","371","2017-07-13 07:12:21");
INSERT INTO likes (like_id, liked_id, like_date) VALUES ("166","371","2017-03-25 21:32:54");
INSERT INTO likes (like_id, liked_id, like_date) VALUES ("369","371","2017-10-28 20:40:45");
INSERT INTO likes (like_id, liked_id, like_date) VALUES ("278","371","2017-11-11 18:38:30");
INSERT INTO likes (like_id, liked_id, like_date) VALUES ("449","371","2017-11-03 21:57:39");
INSERT INTO likes (like_id, liked_id, like_date) VALUES ("198","371","2018-02-11 20:09:58");
INSERT INTO likes (like_id, liked_id, like_date) VALUES ("66","371","2017-11-28 12:24:28");
INSERT INTO likes (like_id, liked_id, like_date) VALUES ("235","371","2017-07-21 11:44:26");
INSERT INTO likes (like_id, liked_id, like_date) VALUES ("426","371","2017-10-25 11:58:49");
INSERT INTO likes (like_id, liked_id, like_date) VALUES ("226","371","2017-07-26 05:32:16");
INSERT INTO likes (like_id, liked_id, like_date) VALUES ("284","371","2017-09-23 19:33:07");
INSERT INTO likes (like_id, liked_id, like_date) VALUES ("303","371","2017-04-19 02:46:23");
INSERT INTO views (viewer_id, viewed_id, view_date) VALUES ("49","371","2017-07-20 06:19:51");
INSERT INTO views (viewer_id, viewed_id, view_date) VALUES ("379","371","2017-12-14 01:30:12");
INSERT INTO views (viewer_id, viewed_id, view_date) VALUES ("220","371","2018-01-31 01:56:18");
INSERT INTO views (viewer_id, viewed_id, view_date) VALUES ("377","371","2017-07-10 15:20:10");
INSERT INTO views (viewer_id, viewed_id, view_date) VALUES ("438","371","2018-02-13 23:09:13");
INSERT INTO views (viewer_id, viewed_id, view_date) VALUES ("420","371","2018-01-24 05:34:26");
INSERT INTO views (viewer_id, viewed_id, view_date) VALUES ("118","371","2017-10-16 14:14:55");
INSERT INTO views (viewer_id, viewed_id, view_date) VALUES ("412","371","2018-01-03 00:08:23");
INSERT INTO views (viewer_id, viewed_id, view_date) VALUES ("383","371","2017-12-08 16:51:33");
INSERT INTO views (viewer_id, viewed_id, view_date) VALUES ("212","371","2017-09-02 14:46:47");
INSERT INTO views (viewer_id, viewed_id, view_date) VALUES ("241","371","2017-05-05 00:59:20");
INSERT INTO views (viewer_id, viewed_id, view_date) VALUES ("174","371","2017-07-13 15:02:09");
INSERT INTO views (viewer_id, viewed_id, view_date) VALUES ("450","371","2018-01-24 03:31:19");
INSERT INTO views (viewer_id, viewed_id, view_date) VALUES ("324","371","2018-01-12 13:06:42");
INSERT INTO views (viewer_id, viewed_id, view_date) VALUES ("149","371","2017-10-10 15:25:30");
INSERT INTO views (viewer_id, viewed_id, view_date) VALUES ("196","371","2018-02-07 06:28:29");
INSERT INTO views (viewer_id, viewed_id, view_date) VALUES ("187","371","2017-12-17 18:59:46");
INSERT INTO views (viewer_id, viewed_id, view_date) VALUES ("118","371","2017-03-21 06:39:16");
INSERT INTO views (viewer_id, viewed_id, view_date) VALUES ("160","371","2017-05-29 18:29:14");
INSERT INTO views (viewer_id, viewed_id, view_date) VALUES ("434","371","2017-04-16 04:24:55");
INSERT INTO views (viewer_id, viewed_id, view_date) VALUES ("160","371","2017-08-02 01:15:35");
INSERT INTO views (viewer_id, viewed_id, view_date) VALUES ("135","371","2017-11-25 03:24:13");


INSERT INTO user (id, first_name, last_name, username, email, password, birthdate, gender, orientation, bio, country, state, city, zip, file_1, file_2, file_3, file_4, file_5, score, token, token_date, active, register, created_at, updated_at) VALUES ("372","Jaden","Rice","myron71","allison.emmerich@bogisich.com","$2y$10$enfWuSXEpxVWGRzdiKKoL.fX4KGMxFaJbG/FsVe7UU2XrgH1wxND.","1991-06-03 02:52:04","2","1","Perferendis vitae sed facere dolorem modi ut. Voluptas ipsa id sint quasi. Praesentium iste sit neque et. Omnis commodi laborum rerum non rerum laboriosam.","Georgia","","Rubenmouth","14111-8054","../fixtures/female4.jpg","../fixtures/female5.jpg","../fixtures/female10.jpg","","","50","2cb81e03fc92ae3cdc074444a403def7","1992-08-08 16:43:54","1","0","1974-01-26 22:17:40","2007-08-22 09:41:38");
INSERT INTO user_tag (user_id, tag_id) VALUES ("372","36");
INSERT INTO user_tag (user_id, tag_id) VALUES ("372","6");
INSERT INTO user_tag (user_id, tag_id) VALUES ("372","11");
INSERT INTO user_tag (user_id, tag_id) VALUES ("372","27");
INSERT INTO user_tag (user_id, tag_id) VALUES ("372","15");
INSERT INTO user_tag (user_id, tag_id) VALUES ("372","45");
INSERT INTO user_tag (user_id, tag_id) VALUES ("372","4");

INSERT INTO connected (user_id, connect_date) VALUES ("372","2017-08-11 14:52:49");
INSERT INTO likes (like_id, liked_id, like_date) VALUES ("268","372","2017-04-09 14:56:55");
INSERT INTO likes (like_id, liked_id, like_date) VALUES ("232","372","2017-12-16 06:49:35");
INSERT INTO likes (like_id, liked_id, like_date) VALUES ("157","372","2017-09-10 17:09:53");
INSERT INTO likes (like_id, liked_id, like_date) VALUES ("477","372","2017-03-28 12:06:43");
INSERT INTO likes (like_id, liked_id, like_date) VALUES ("56","372","2017-06-25 18:27:40");
INSERT INTO likes (like_id, liked_id, like_date) VALUES ("211","372","2017-12-29 06:05:05");
INSERT INTO likes (like_id, liked_id, like_date) VALUES ("55","372","2017-09-12 21:41:05");
INSERT INTO likes (like_id, liked_id, like_date) VALUES ("144","372","2018-01-17 20:34:10");
INSERT INTO likes (like_id, liked_id, like_date) VALUES ("327","372","2017-11-16 22:40:52");
INSERT INTO likes (like_id, liked_id, like_date) VALUES ("213","372","2017-08-04 23:24:30");
INSERT INTO likes (like_id, liked_id, like_date) VALUES ("331","372","2017-03-20 09:53:17");
INSERT INTO likes (like_id, liked_id, like_date) VALUES ("235","372","2017-07-25 07:44:13");
INSERT INTO likes (like_id, liked_id, like_date) VALUES ("94","372","2017-05-11 22:02:26");
INSERT INTO views (viewer_id, viewed_id, view_date) VALUES ("63","372","2017-07-30 19:45:28");
INSERT INTO views (viewer_id, viewed_id, view_date) VALUES ("174","372","2017-03-25 07:05:46");
INSERT INTO views (viewer_id, viewed_id, view_date) VALUES ("235","372","2017-06-30 22:17:53");
INSERT INTO views (viewer_id, viewed_id, view_date) VALUES ("495","372","2017-05-23 16:59:59");
INSERT INTO views (viewer_id, viewed_id, view_date) VALUES ("128","372","2017-06-08 05:46:20");
INSERT INTO views (viewer_id, viewed_id, view_date) VALUES ("141","372","2017-07-01 12:09:04");
INSERT INTO views (viewer_id, viewed_id, view_date) VALUES ("122","372","2017-09-29 10:47:59");
INSERT INTO views (viewer_id, viewed_id, view_date) VALUES ("234","372","2018-01-06 06:51:57");
INSERT INTO views (viewer_id, viewed_id, view_date) VALUES ("318","372","2018-01-27 17:43:48");
INSERT INTO views (viewer_id, viewed_id, view_date) VALUES ("263","372","2017-06-23 20:07:50");
INSERT INTO views (viewer_id, viewed_id, view_date) VALUES ("458","372","2017-11-23 14:45:14");
INSERT INTO views (viewer_id, viewed_id, view_date) VALUES ("59","372","2017-03-02 03:20:17");
INSERT INTO views (viewer_id, viewed_id, view_date) VALUES ("438","372","2017-11-06 02:57:46");
INSERT INTO views (viewer_id, viewed_id, view_date) VALUES ("257","372","2017-05-18 06:14:56");
INSERT INTO views (viewer_id, viewed_id, view_date) VALUES ("443","372","2017-08-13 16:07:32");
INSERT INTO views (viewer_id, viewed_id, view_date) VALUES ("76","372","2017-08-13 05:21:16");
INSERT INTO views (viewer_id, viewed_id, view_date) VALUES ("346","372","2017-03-06 05:14:04");
INSERT INTO views (viewer_id, viewed_id, view_date) VALUES ("341","372","2017-11-30 03:09:38");
INSERT INTO views (viewer_id, viewed_id, view_date) VALUES ("40","372","2017-12-29 21:47:55");
INSERT INTO views (viewer_id, viewed_id, view_date) VALUES ("251","372","2017-12-01 07:50:24");
INSERT INTO views (viewer_id, viewed_id, view_date) VALUES ("75","372","2017-09-17 16:22:30");
INSERT INTO views (viewer_id, viewed_id, view_date) VALUES ("12","372","2017-07-23 08:10:47");
INSERT INTO views (viewer_id, viewed_id, view_date) VALUES ("465","372","2017-05-18 11:51:02");
INSERT INTO views (viewer_id, viewed_id, view_date) VALUES ("228","372","2017-11-06 07:33:25");
INSERT INTO views (viewer_id, viewed_id, view_date) VALUES ("447","372","2017-05-03 01:08:15");


INSERT INTO user (id, first_name, last_name, username, email, password, birthdate, gender, orientation, bio, country, state, city, zip, file_1, file_2, file_3, file_4, file_5, score, token, token_date, active, register, created_at, updated_at) VALUES ("373","Hazle","Ondricka","nlesch","evans86@yahoo.com","$2y$10$mjPnBKgOgQ/IX6Uc3AJnae1nNPexx7FYqlgeuflsvOGSu.j6y.e9.","1988-10-02 14:57:08","1","2","Velit et consequuntur ipsam. Qui eligendi fugiat accusantium quo et aperiam. Quibusdam explicabo praesentium dicta non eum est.","Timor-Leste","","West Kyler","09201-0440","../fixtures/male1.jpg","../fixtures/male6.jpg","../fixtures/male8.jpg","","","90","9f5a04d9e58179ffbdabfa485df5189b","1984-06-02 09:33:18","1","0","2005-05-29 05:29:34","2017-05-28 20:54:35");
INSERT INTO user_tag (user_id, tag_id) VALUES ("373","15");
INSERT INTO user_tag (user_id, tag_id) VALUES ("373","34");
INSERT INTO user_tag (user_id, tag_id) VALUES ("373","34");
INSERT INTO user_tag (user_id, tag_id) VALUES ("373","37");
INSERT INTO user_tag (user_id, tag_id) VALUES ("373","36");
INSERT INTO user_tag (user_id, tag_id) VALUES ("373","16");
INSERT INTO user_tag (user_id, tag_id) VALUES ("373","47");
INSERT INTO user_tag (user_id, tag_id) VALUES ("373","47");
INSERT INTO user_tag (user_id, tag_id) VALUES ("373","13");
INSERT INTO user_tag (user_id, tag_id) VALUES ("373","9");
INSERT INTO user_tag (user_id, tag_id) VALUES ("373","45");

INSERT INTO connected (user_id, connect_date) VALUES ("373","2017-04-14 08:59:09");
INSERT INTO likes (like_id, liked_id, like_date) VALUES ("399","373","2017-09-25 18:05:00");
INSERT INTO likes (like_id, liked_id, like_date) VALUES ("330","373","2017-11-03 22:43:27");
INSERT INTO likes (like_id, liked_id, like_date) VALUES ("170","373","2017-12-09 13:52:37");
INSERT INTO likes (like_id, liked_id, like_date) VALUES ("292","373","2018-02-12 03:02:04");
INSERT INTO likes (like_id, liked_id, like_date) VALUES ("137","373","2017-11-06 19:46:10");
INSERT INTO likes (like_id, liked_id, like_date) VALUES ("392","373","2017-03-05 00:43:36");
INSERT INTO likes (like_id, liked_id, like_date) VALUES ("5","373","2017-09-15 09:26:23");
INSERT INTO likes (like_id, liked_id, like_date) VALUES ("482","373","2017-09-04 18:17:35");
INSERT INTO likes (like_id, liked_id, like_date) VALUES ("391","373","2017-05-13 19:10:20");
INSERT INTO likes (like_id, liked_id, like_date) VALUES ("228","373","2017-04-02 23:04:01");
INSERT INTO likes (like_id, liked_id, like_date) VALUES ("348","373","2017-06-19 13:39:40");
INSERT INTO likes (like_id, liked_id, like_date) VALUES ("204","373","2017-11-07 11:54:06");
INSERT INTO likes (like_id, liked_id, like_date) VALUES ("324","373","2017-07-22 18:54:17");
INSERT INTO views (viewer_id, viewed_id, view_date) VALUES ("158","373","2017-03-15 05:54:44");
INSERT INTO views (viewer_id, viewed_id, view_date) VALUES ("351","373","2017-12-17 16:20:25");
INSERT INTO views (viewer_id, viewed_id, view_date) VALUES ("493","373","2017-05-22 12:51:55");
INSERT INTO views (viewer_id, viewed_id, view_date) VALUES ("375","373","2017-04-11 22:19:55");
INSERT INTO views (viewer_id, viewed_id, view_date) VALUES ("253","373","2017-11-24 20:29:48");
INSERT INTO views (viewer_id, viewed_id, view_date) VALUES ("20","373","2017-03-16 08:52:11");
INSERT INTO views (viewer_id, viewed_id, view_date) VALUES ("180","373","2017-07-24 22:46:41");
INSERT INTO views (viewer_id, viewed_id, view_date) VALUES ("473","373","2017-06-21 08:59:03");
INSERT INTO views (viewer_id, viewed_id, view_date) VALUES ("8","373","2017-07-11 21:28:57");
INSERT INTO views (viewer_id, viewed_id, view_date) VALUES ("111","373","2017-04-09 00:35:13");
INSERT INTO views (viewer_id, viewed_id, view_date) VALUES ("498","373","2017-08-23 18:41:17");
INSERT INTO views (viewer_id, viewed_id, view_date) VALUES ("231","373","2017-04-20 23:04:12");
INSERT INTO views (viewer_id, viewed_id, view_date) VALUES ("372","373","2017-10-06 22:32:58");
INSERT INTO views (viewer_id, viewed_id, view_date) VALUES ("6","373","2017-07-08 09:17:43");
INSERT INTO views (viewer_id, viewed_id, view_date) VALUES ("368","373","2017-08-17 13:53:09");
INSERT INTO views (viewer_id, viewed_id, view_date) VALUES ("156","373","2017-03-21 18:19:56");
INSERT INTO views (viewer_id, viewed_id, view_date) VALUES ("132","373","2017-10-10 21:14:43");
INSERT INTO views (viewer_id, viewed_id, view_date) VALUES ("312","373","2018-02-07 11:00:23");
INSERT INTO views (viewer_id, viewed_id, view_date) VALUES ("262","373","2017-02-16 17:39:55");
INSERT INTO views (viewer_id, viewed_id, view_date) VALUES ("169","373","2017-10-05 08:19:11");
INSERT INTO views (viewer_id, viewed_id, view_date) VALUES ("163","373","2017-11-06 15:58:58");
INSERT INTO views (viewer_id, viewed_id, view_date) VALUES ("309","373","2018-02-04 06:14:01");
INSERT INTO views (viewer_id, viewed_id, view_date) VALUES ("264","373","2017-10-29 09:45:45");


INSERT INTO user (id, first_name, last_name, username, email, password, birthdate, gender, orientation, bio, country, state, city, zip, file_1, file_2, file_3, file_4, file_5, score, token, token_date, active, register, created_at, updated_at) VALUES ("374","Kristy","Aufderhar","halvorsonangie","kacie.schneider@littel.com","$2y$10$8vnXgX7usIiBon/l9vAbeOJ5SQRg9W6x/AyAm9am3ryM79sAEShM.","1957-04-21 21:29:45","2","2","Enim fuga voluptas porro quas quibusdam eos. Blanditiis molestiae quas ut.","Suriname","","West Arlomouth","56045","../fixtures/female1.jpg","../fixtures/female10.jpg","../fixtures/female10.jpg","../fixtures/female8.jpg","../fixtures/female5.jpg","91","01f3dff32f103d1b89a2c6a072b5a764","1988-10-26 09:28:52","0","0","1979-09-23 10:27:43","2005-03-27 13:44:14");
INSERT INTO user_tag (user_id, tag_id) VALUES ("374","28");
INSERT INTO user_tag (user_id, tag_id) VALUES ("374","20");
INSERT INTO user_tag (user_id, tag_id) VALUES ("374","40");
INSERT INTO user_tag (user_id, tag_id) VALUES ("374","40");
INSERT INTO user_tag (user_id, tag_id) VALUES ("374","11");
INSERT INTO user_tag (user_id, tag_id) VALUES ("374","2");
INSERT INTO user_tag (user_id, tag_id) VALUES ("374","23");
INSERT INTO user_tag (user_id, tag_id) VALUES ("374","25");
INSERT INTO user_tag (user_id, tag_id) VALUES ("374","34");

INSERT INTO connected (user_id, connect_date) VALUES ("374","2017-12-09 19:33:03");
INSERT INTO likes (like_id, liked_id, like_date) VALUES ("372","374","2017-08-09 05:53:05");
INSERT INTO likes (like_id, liked_id, like_date) VALUES ("442","374","2017-07-13 02:49:36");
INSERT INTO likes (like_id, liked_id, like_date) VALUES ("305","374","2017-12-12 16:26:46");
INSERT INTO likes (like_id, liked_id, like_date) VALUES ("295","374","2017-09-08 18:37:36");
INSERT INTO likes (like_id, liked_id, like_date) VALUES ("463","374","2018-02-09 04:17:57");
INSERT INTO likes (like_id, liked_id, like_date) VALUES ("38","374","2017-09-13 19:10:27");
INSERT INTO likes (like_id, liked_id, like_date) VALUES ("473","374","2017-09-05 13:37:43");
INSERT INTO likes (like_id, liked_id, like_date) VALUES ("16","374","2017-11-27 08:52:30");
INSERT INTO likes (like_id, liked_id, like_date) VALUES ("428","374","2017-10-04 01:03:46");
INSERT INTO likes (like_id, liked_id, like_date) VALUES ("378","374","2017-11-08 04:19:09");
INSERT INTO likes (like_id, liked_id, like_date) VALUES ("161","374","2018-01-21 05:06:49");
INSERT INTO likes (like_id, liked_id, like_date) VALUES ("407","374","2017-11-29 14:08:49");
INSERT INTO views (viewer_id, viewed_id, view_date) VALUES ("495","374","2017-05-31 04:37:35");
INSERT INTO views (viewer_id, viewed_id, view_date) VALUES ("209","374","2017-05-10 23:39:17");
INSERT INTO views (viewer_id, viewed_id, view_date) VALUES ("68","374","2017-02-27 23:43:19");
INSERT INTO views (viewer_id, viewed_id, view_date) VALUES ("210","374","2017-03-29 22:38:18");
INSERT INTO views (viewer_id, viewed_id, view_date) VALUES ("247","374","2017-04-07 08:32:17");
INSERT INTO views (viewer_id, viewed_id, view_date) VALUES ("370","374","2017-03-02 02:49:19");
INSERT INTO views (viewer_id, viewed_id, view_date) VALUES ("474","374","2017-06-03 09:06:23");
INSERT INTO views (viewer_id, viewed_id, view_date) VALUES ("9","374","2017-11-05 03:29:31");
INSERT INTO views (viewer_id, viewed_id, view_date) VALUES ("465","374","2018-01-18 00:36:02");
INSERT INTO views (viewer_id, viewed_id, view_date) VALUES ("90","374","2017-04-17 10:36:58");
INSERT INTO views (viewer_id, viewed_id, view_date) VALUES ("396","374","2017-10-05 00:19:02");
INSERT INTO views (viewer_id, viewed_id, view_date) VALUES ("459","374","2017-07-08 19:51:18");
INSERT INTO views (viewer_id, viewed_id, view_date) VALUES ("79","374","2017-02-24 12:58:15");
INSERT INTO views (viewer_id, viewed_id, view_date) VALUES ("10","374","2017-04-16 12:44:22");
INSERT INTO views (viewer_id, viewed_id, view_date) VALUES ("438","374","2017-05-16 23:45:17");
INSERT INTO views (viewer_id, viewed_id, view_date) VALUES ("348","374","2018-01-29 03:22:35");
INSERT INTO views (viewer_id, viewed_id, view_date) VALUES ("18","374","2017-12-10 16:47:36");
INSERT INTO views (viewer_id, viewed_id, view_date) VALUES ("194","374","2018-01-08 11:53:20");
INSERT INTO views (viewer_id, viewed_id, view_date) VALUES ("310","374","2017-07-31 16:43:12");
INSERT INTO views (viewer_id, viewed_id, view_date) VALUES ("431","374","2017-04-05 15:29:31");
INSERT INTO views (viewer_id, viewed_id, view_date) VALUES ("447","374","2017-11-03 05:19:28");
INSERT INTO views (viewer_id, viewed_id, view_date) VALUES ("118","374","2017-07-10 03:07:08");


INSERT INTO user (id, first_name, last_name, username, email, password, birthdate, gender, orientation, bio, country, state, city, zip, file_1, file_2, file_3, file_4, file_5, score, token, token_date, active, register, created_at, updated_at) VALUES ("375","Bradford","Dicki","nathanielfunk","nedra46@gmail.com","$2y$10$pFxcTgPrspNr2mIhA4erFO1Nud3Zb8JsMK7s7bgIV2uCDi0uc642G","1991-03-31 03:13:41","1","3","Doloremque nam distinctio nostrum quos a id et. Tempora voluptatum excepturi consequuntur rerum at officiis. Quia natus atque quod voluptatem expedita aperiam.","Bahrain","","Cormierborough","38696-8575","../fixtures/male10.jpg","../fixtures/male6.jpg","","","","88","7e5b85805cc9179cea1dd9671c607673","1976-12-02 20:32:17","1","1","1987-10-27 05:01:56","1998-10-26 04:38:35");
INSERT INTO user_tag (user_id, tag_id) VALUES ("375","1");
INSERT INTO user_tag (user_id, tag_id) VALUES ("375","35");
INSERT INTO user_tag (user_id, tag_id) VALUES ("375","13");
INSERT INTO user_tag (user_id, tag_id) VALUES ("375","36");

INSERT INTO connected (user_id, connect_date) VALUES ("375","2017-09-23 05:42:05");
INSERT INTO likes (like_id, liked_id, like_date) VALUES ("256","375","2017-05-14 13:25:13");
INSERT INTO likes (like_id, liked_id, like_date) VALUES ("24","375","2017-06-03 15:08:13");
INSERT INTO likes (like_id, liked_id, like_date) VALUES ("276","375","2017-06-18 08:04:59");
INSERT INTO likes (like_id, liked_id, like_date) VALUES ("218","375","2017-04-11 16:04:24");
INSERT INTO likes (like_id, liked_id, like_date) VALUES ("95","375","2017-09-22 12:03:37");
INSERT INTO likes (like_id, liked_id, like_date) VALUES ("338","375","2017-11-26 07:18:06");
INSERT INTO likes (like_id, liked_id, like_date) VALUES ("429","375","2017-10-17 22:06:46");
INSERT INTO likes (like_id, liked_id, like_date) VALUES ("132","375","2017-07-01 20:33:50");
INSERT INTO likes (like_id, liked_id, like_date) VALUES ("394","375","2017-12-24 07:42:18");
INSERT INTO likes (like_id, liked_id, like_date) VALUES ("291","375","2017-03-17 21:35:44");
INSERT INTO likes (like_id, liked_id, like_date) VALUES ("101","375","2017-06-13 22:36:52");
INSERT INTO likes (like_id, liked_id, like_date) VALUES ("168","375","2017-03-07 01:40:42");
INSERT INTO likes (like_id, liked_id, like_date) VALUES ("20","375","2017-08-19 21:50:09");
INSERT INTO likes (like_id, liked_id, like_date) VALUES ("370","375","2017-06-16 18:20:57");
INSERT INTO views (viewer_id, viewed_id, view_date) VALUES ("414","375","2017-10-27 22:28:52");
INSERT INTO views (viewer_id, viewed_id, view_date) VALUES ("232","375","2017-09-27 04:47:02");
INSERT INTO views (viewer_id, viewed_id, view_date) VALUES ("452","375","2017-02-24 12:00:45");
INSERT INTO views (viewer_id, viewed_id, view_date) VALUES ("278","375","2017-04-25 11:02:40");
INSERT INTO views (viewer_id, viewed_id, view_date) VALUES ("488","375","2017-02-28 04:53:12");
INSERT INTO views (viewer_id, viewed_id, view_date) VALUES ("219","375","2017-06-10 15:32:28");
INSERT INTO views (viewer_id, viewed_id, view_date) VALUES ("216","375","2017-06-24 04:10:00");
INSERT INTO views (viewer_id, viewed_id, view_date) VALUES ("415","375","2017-05-04 19:52:19");
INSERT INTO views (viewer_id, viewed_id, view_date) VALUES ("391","375","2017-07-22 01:21:48");
INSERT INTO views (viewer_id, viewed_id, view_date) VALUES ("93","375","2017-02-27 16:11:10");


INSERT INTO user (id, first_name, last_name, username, email, password, birthdate, gender, orientation, bio, country, state, city, zip, file_1, file_2, file_3, file_4, file_5, score, token, token_date, active, register, created_at, updated_at) VALUES ("376","Elinore","Johnson","heaneydeshaun","koss.macie@yahoo.com","$2y$10$xhO1Di/Yltj3P3bI7o/te.9ZdgMMdlNSBxyAP.CZZYkzyTGfuzCsC","1978-06-23 20:46:43","2","3","Voluptatem dolores dolorum quia error libero aliquam. Animi laboriosam architecto et. Eum velit qui sint deserunt aliquid aut.","Sri Lanka","","Carymouth","91339","../fixtures/female3.jpg","../fixtures/female3.jpg","../fixtures/female4.jpg","","","57","933db958de2c9aa4cdb6c9ad8e1a0ca3","1994-08-09 08:58:23","0","0","2008-02-15 14:16:52","2015-07-21 01:10:13");
INSERT INTO user_tag (user_id, tag_id) VALUES ("376","2");
INSERT INTO user_tag (user_id, tag_id) VALUES ("376","27");
INSERT INTO user_tag (user_id, tag_id) VALUES ("376","11");
INSERT INTO user_tag (user_id, tag_id) VALUES ("376","41");
INSERT INTO user_tag (user_id, tag_id) VALUES ("376","25");
INSERT INTO user_tag (user_id, tag_id) VALUES ("376","31");
INSERT INTO user_tag (user_id, tag_id) VALUES ("376","35");
INSERT INTO user_tag (user_id, tag_id) VALUES ("376","31");
INSERT INTO user_tag (user_id, tag_id) VALUES ("376","6");

INSERT INTO connected (user_id, connect_date) VALUES ("376","2017-04-23 03:11:18");
INSERT INTO likes (like_id, liked_id, like_date) VALUES ("125","376","2017-08-07 03:16:21");
INSERT INTO likes (like_id, liked_id, like_date) VALUES ("447","376","2017-06-11 10:28:14");
INSERT INTO likes (like_id, liked_id, like_date) VALUES ("78","376","2018-02-03 00:07:34");
INSERT INTO likes (like_id, liked_id, like_date) VALUES ("394","376","2017-04-23 08:40:34");
INSERT INTO views (viewer_id, viewed_id, view_date) VALUES ("307","376","2017-06-13 14:54:47");
INSERT INTO views (viewer_id, viewed_id, view_date) VALUES ("63","376","2017-12-15 15:11:55");
INSERT INTO views (viewer_id, viewed_id, view_date) VALUES ("460","376","2017-10-26 00:51:55");
INSERT INTO views (viewer_id, viewed_id, view_date) VALUES ("410","376","2017-04-09 00:56:21");
INSERT INTO views (viewer_id, viewed_id, view_date) VALUES ("184","376","2017-06-14 06:40:39");
INSERT INTO views (viewer_id, viewed_id, view_date) VALUES ("277","376","2017-02-16 17:47:42");
INSERT INTO views (viewer_id, viewed_id, view_date) VALUES ("100","376","2017-11-08 03:48:55");
INSERT INTO views (viewer_id, viewed_id, view_date) VALUES ("411","376","2017-05-06 05:16:22");
INSERT INTO views (viewer_id, viewed_id, view_date) VALUES ("13","376","2017-03-18 21:50:40");
INSERT INTO views (viewer_id, viewed_id, view_date) VALUES ("433","376","2017-06-22 06:09:11");
INSERT INTO views (viewer_id, viewed_id, view_date) VALUES ("190","376","2017-04-15 07:23:05");
INSERT INTO views (viewer_id, viewed_id, view_date) VALUES ("14","376","2017-09-21 17:04:39");
INSERT INTO views (viewer_id, viewed_id, view_date) VALUES ("474","376","2017-02-26 13:05:25");
INSERT INTO views (viewer_id, viewed_id, view_date) VALUES ("393","376","2018-02-01 10:32:41");
INSERT INTO views (viewer_id, viewed_id, view_date) VALUES ("40","376","2017-07-25 09:47:29");
INSERT INTO views (viewer_id, viewed_id, view_date) VALUES ("354","376","2017-10-29 02:51:11");
INSERT INTO views (viewer_id, viewed_id, view_date) VALUES ("377","376","2017-03-29 12:58:32");
INSERT INTO views (viewer_id, viewed_id, view_date) VALUES ("443","376","2017-10-27 18:41:24");
INSERT INTO views (viewer_id, viewed_id, view_date) VALUES ("2","376","2018-02-15 11:34:00");
INSERT INTO views (viewer_id, viewed_id, view_date) VALUES ("405","376","2017-12-06 03:11:46");
INSERT INTO views (viewer_id, viewed_id, view_date) VALUES ("363","376","2017-12-29 02:46:03");
INSERT INTO views (viewer_id, viewed_id, view_date) VALUES ("205","376","2017-08-27 05:45:11");
INSERT INTO views (viewer_id, viewed_id, view_date) VALUES ("259","376","2017-09-15 18:24:32");
INSERT INTO views (viewer_id, viewed_id, view_date) VALUES ("217","376","2018-01-17 21:06:16");
INSERT INTO views (viewer_id, viewed_id, view_date) VALUES ("326","376","2017-09-23 10:23:26");
INSERT INTO views (viewer_id, viewed_id, view_date) VALUES ("97","376","2017-06-27 13:05:40");
INSERT INTO views (viewer_id, viewed_id, view_date) VALUES ("321","376","2017-08-19 22:10:23");
INSERT INTO views (viewer_id, viewed_id, view_date) VALUES ("439","376","2017-08-29 14:09:49");
INSERT INTO views (viewer_id, viewed_id, view_date) VALUES ("117","376","2017-07-16 03:26:42");
INSERT INTO views (viewer_id, viewed_id, view_date) VALUES ("432","376","2017-04-01 20:24:34");
INSERT INTO views (viewer_id, viewed_id, view_date) VALUES ("379","376","2017-08-15 06:33:16");
INSERT INTO views (viewer_id, viewed_id, view_date) VALUES ("436","376","2017-10-12 07:31:30");
INSERT INTO views (viewer_id, viewed_id, view_date) VALUES ("417","376","2018-02-10 13:04:19");
INSERT INTO views (viewer_id, viewed_id, view_date) VALUES ("244","376","2017-11-20 20:31:13");
INSERT INTO views (viewer_id, viewed_id, view_date) VALUES ("30","376","2017-10-29 12:02:29");


INSERT INTO user (id, first_name, last_name, username, email, password, birthdate, gender, orientation, bio, country, state, city, zip, file_1, file_2, file_3, file_4, file_5, score, token, token_date, active, register, created_at, updated_at) VALUES ("377","Jacinthe","Bechtelar","obogisich","keeling.kitty@gerhold.info","$2y$10$Prj8lb0cxT.ukNzg0rQP.OqKx23eSSEVvh7jUONcDZGZaxQUkBJRO","1959-05-19 10:37:03","2","3","Quia omnis accusamus rerum. Sunt repudiandae repellat autem dignissimos qui architecto tempora. Et eos assumenda iure nihil quia pariatur et reprehenderit. Molestias sunt libero excepturi blanditiis nam.","United States Minor Outlying Islands","","Katelinmouth","92798","../fixtures/female2.jpg","../fixtures/female1.jpg","../fixtures/female3.jpg","../fixtures/female1.jpg","../fixtures/female10.jpg","80","757118f26e2cedb4358b5b59ebc27024","1972-04-15 14:09:12","1","1","1994-09-20 09:35:50","1972-06-29 10:06:30");
INSERT INTO user_tag (user_id, tag_id) VALUES ("377","15");
INSERT INTO user_tag (user_id, tag_id) VALUES ("377","48");
INSERT INTO user_tag (user_id, tag_id) VALUES ("377","25");
INSERT INTO user_tag (user_id, tag_id) VALUES ("377","15");
INSERT INTO user_tag (user_id, tag_id) VALUES ("377","50");

INSERT INTO connected (user_id, connect_date) VALUES ("377","2017-10-31 11:39:11");
INSERT INTO likes (like_id, liked_id, like_date) VALUES ("38","377","2017-10-16 15:54:32");
INSERT INTO likes (like_id, liked_id, like_date) VALUES ("197","377","2017-08-05 12:35:32");
INSERT INTO likes (like_id, liked_id, like_date) VALUES ("458","377","2017-11-13 17:33:03");
INSERT INTO likes (like_id, liked_id, like_date) VALUES ("168","377","2017-06-30 02:54:53");
INSERT INTO likes (like_id, liked_id, like_date) VALUES ("295","377","2017-07-21 15:22:03");
INSERT INTO likes (like_id, liked_id, like_date) VALUES ("160","377","2017-07-29 01:50:49");
INSERT INTO likes (like_id, liked_id, like_date) VALUES ("498","377","2018-02-07 16:26:12");
INSERT INTO likes (like_id, liked_id, like_date) VALUES ("386","377","2017-05-24 06:16:19");
INSERT INTO likes (like_id, liked_id, like_date) VALUES ("119","377","2017-06-05 10:18:02");
INSERT INTO views (viewer_id, viewed_id, view_date) VALUES ("178","377","2017-09-19 19:57:11");
INSERT INTO views (viewer_id, viewed_id, view_date) VALUES ("124","377","2017-07-09 04:19:15");
INSERT INTO views (viewer_id, viewed_id, view_date) VALUES ("367","377","2018-01-24 20:54:54");
INSERT INTO views (viewer_id, viewed_id, view_date) VALUES ("427","377","2017-11-03 03:06:06");
INSERT INTO views (viewer_id, viewed_id, view_date) VALUES ("223","377","2017-10-27 01:40:11");
INSERT INTO views (viewer_id, viewed_id, view_date) VALUES ("5","377","2018-02-04 11:35:31");
INSERT INTO views (viewer_id, viewed_id, view_date) VALUES ("288","377","2017-02-22 17:22:34");
INSERT INTO views (viewer_id, viewed_id, view_date) VALUES ("313","377","2017-09-11 03:22:45");
INSERT INTO views (viewer_id, viewed_id, view_date) VALUES ("282","377","2017-12-17 09:38:41");
INSERT INTO views (viewer_id, viewed_id, view_date) VALUES ("19","377","2017-10-21 22:32:51");
INSERT INTO views (viewer_id, viewed_id, view_date) VALUES ("396","377","2017-03-06 23:50:25");
INSERT INTO views (viewer_id, viewed_id, view_date) VALUES ("111","377","2017-06-02 23:12:30");
INSERT INTO views (viewer_id, viewed_id, view_date) VALUES ("412","377","2017-08-26 00:58:15");
INSERT INTO views (viewer_id, viewed_id, view_date) VALUES ("377","377","2017-03-18 17:24:42");
INSERT INTO views (viewer_id, viewed_id, view_date) VALUES ("316","377","2017-09-12 14:49:55");


INSERT INTO user (id, first_name, last_name, username, email, password, birthdate, gender, orientation, bio, country, state, city, zip, file_1, file_2, file_3, file_4, file_5, score, token, token_date, active, register, created_at, updated_at) VALUES ("378","Dolores","Macejkovic","dpaucek","hyatt.eleanore@bauch.org","$2y$10$IUqCwTC.mln/Qui9xjF7veKg5kNjhIwN2jThSRk/qIc5YmyfVfVZG","1991-11-02 16:48:46","1","3","Et labore maxime vero ipsum rerum blanditiis magnam. Quam aliquam asperiores amet.","Ecuador","","Clementinamouth","85730","../fixtures/male7.jpg","","","","","16","53ec8ae119dc865b1c7671f4d763429b","1994-04-12 06:22:15","1","0","1994-04-10 16:44:17","2013-11-18 09:41:39");
INSERT INTO user_tag (user_id, tag_id) VALUES ("378","34");
INSERT INTO user_tag (user_id, tag_id) VALUES ("378","5");
INSERT INTO user_tag (user_id, tag_id) VALUES ("378","17");
INSERT INTO user_tag (user_id, tag_id) VALUES ("378","34");
INSERT INTO user_tag (user_id, tag_id) VALUES ("378","2");
INSERT INTO user_tag (user_id, tag_id) VALUES ("378","38");
INSERT INTO user_tag (user_id, tag_id) VALUES ("378","19");

INSERT INTO connected (user_id, connect_date) VALUES ("378","2017-05-03 06:42:14");
INSERT INTO likes (like_id, liked_id, like_date) VALUES ("490","378","2017-07-02 19:26:46");
INSERT INTO likes (like_id, liked_id, like_date) VALUES ("313","378","2017-10-06 09:36:57");
INSERT INTO likes (like_id, liked_id, like_date) VALUES ("402","378","2017-08-11 13:01:24");
INSERT INTO likes (like_id, liked_id, like_date) VALUES ("123","378","2017-07-31 00:57:24");
INSERT INTO likes (like_id, liked_id, like_date) VALUES ("125","378","2017-12-19 14:27:19");
INSERT INTO likes (like_id, liked_id, like_date) VALUES ("328","378","2017-05-31 19:19:21");
INSERT INTO likes (like_id, liked_id, like_date) VALUES ("340","378","2017-06-09 02:52:24");
INSERT INTO likes (like_id, liked_id, like_date) VALUES ("122","378","2017-12-10 04:49:03");
INSERT INTO likes (like_id, liked_id, like_date) VALUES ("80","378","2017-08-29 23:49:32");
INSERT INTO views (viewer_id, viewed_id, view_date) VALUES ("121","378","2017-12-22 11:39:16");
INSERT INTO views (viewer_id, viewed_id, view_date) VALUES ("381","378","2017-07-12 09:34:43");


INSERT INTO user (id, first_name, last_name, username, email, password, birthdate, gender, orientation, bio, country, state, city, zip, file_1, file_2, file_3, file_4, file_5, score, token, token_date, active, register, created_at, updated_at) VALUES ("379","Myron","Ward","schaefercandace","mariela16@borer.info","$2y$10$CKQAgyQFqAt40octz/6VeOyhffkvbxKQ7jjD32If2oOCT5izw9Txe","1976-12-30 11:01:06","1","2","Dolorem magnam aut eius aut ut quidem odio commodi. Nobis nihil doloribus sint neque.","Netherlands","","Modestahaven","09045","../fixtures/male4.jpg","../fixtures/male4.jpg","../fixtures/male3.jpg","","","46","1e2dac9b4222cedee3c42653da874f4f","1979-08-29 13:31:47","1","0","1983-02-23 22:26:47","2003-12-09 17:23:59");
INSERT INTO user_tag (user_id, tag_id) VALUES ("379","40");
INSERT INTO user_tag (user_id, tag_id) VALUES ("379","4");
INSERT INTO user_tag (user_id, tag_id) VALUES ("379","2");
INSERT INTO user_tag (user_id, tag_id) VALUES ("379","8");
INSERT INTO user_tag (user_id, tag_id) VALUES ("379","18");
INSERT INTO user_tag (user_id, tag_id) VALUES ("379","25");
INSERT INTO user_tag (user_id, tag_id) VALUES ("379","26");

INSERT INTO connected (user_id, connect_date) VALUES ("379","2018-01-07 05:33:39");
INSERT INTO likes (like_id, liked_id, like_date) VALUES ("44","379","2017-04-27 09:54:32");
INSERT INTO likes (like_id, liked_id, like_date) VALUES ("110","379","2017-09-10 21:46:47");
INSERT INTO likes (like_id, liked_id, like_date) VALUES ("437","379","2017-05-21 15:28:38");
INSERT INTO likes (like_id, liked_id, like_date) VALUES ("161","379","2017-05-24 21:43:36");
INSERT INTO likes (like_id, liked_id, like_date) VALUES ("122","379","2017-04-01 17:30:37");
INSERT INTO likes (like_id, liked_id, like_date) VALUES ("37","379","2017-09-14 15:27:56");
INSERT INTO likes (like_id, liked_id, like_date) VALUES ("269","379","2017-11-22 10:59:17");
INSERT INTO likes (like_id, liked_id, like_date) VALUES ("217","379","2017-07-16 15:11:20");
INSERT INTO likes (like_id, liked_id, like_date) VALUES ("263","379","2017-06-11 07:43:12");
INSERT INTO likes (like_id, liked_id, like_date) VALUES ("383","379","2017-12-15 08:15:21");
INSERT INTO likes (like_id, liked_id, like_date) VALUES ("317","379","2017-05-05 20:46:47");
INSERT INTO likes (like_id, liked_id, like_date) VALUES ("302","379","2017-11-12 16:51:08");
INSERT INTO likes (like_id, liked_id, like_date) VALUES ("149","379","2018-02-05 21:50:03");
INSERT INTO likes (like_id, liked_id, like_date) VALUES ("361","379","2017-07-20 15:09:58");
INSERT INTO likes (like_id, liked_id, like_date) VALUES ("478","379","2017-05-22 23:18:34");
INSERT INTO likes (like_id, liked_id, like_date) VALUES ("403","379","2017-04-11 20:02:05");
INSERT INTO likes (like_id, liked_id, like_date) VALUES ("462","379","2017-09-22 22:31:45");
INSERT INTO likes (like_id, liked_id, like_date) VALUES ("158","379","2017-09-14 15:20:18");
INSERT INTO views (viewer_id, viewed_id, view_date) VALUES ("321","379","2017-11-03 12:18:28");
INSERT INTO views (viewer_id, viewed_id, view_date) VALUES ("60","379","2017-09-10 12:26:13");
INSERT INTO views (viewer_id, viewed_id, view_date) VALUES ("348","379","2017-10-11 21:19:25");
INSERT INTO views (viewer_id, viewed_id, view_date) VALUES ("346","379","2017-12-26 22:16:26");
INSERT INTO views (viewer_id, viewed_id, view_date) VALUES ("331","379","2017-09-03 12:44:15");
INSERT INTO views (viewer_id, viewed_id, view_date) VALUES ("282","379","2017-10-09 20:08:29");
INSERT INTO views (viewer_id, viewed_id, view_date) VALUES ("447","379","2017-08-17 05:45:31");
INSERT INTO views (viewer_id, viewed_id, view_date) VALUES ("104","379","2017-07-29 15:45:40");
INSERT INTO views (viewer_id, viewed_id, view_date) VALUES ("489","379","2017-09-03 11:48:18");
INSERT INTO views (viewer_id, viewed_id, view_date) VALUES ("216","379","2017-04-22 16:15:17");
INSERT INTO views (viewer_id, viewed_id, view_date) VALUES ("102","379","2017-10-30 17:34:35");
INSERT INTO views (viewer_id, viewed_id, view_date) VALUES ("236","379","2017-11-03 07:26:13");


INSERT INTO user (id, first_name, last_name, username, email, password, birthdate, gender, orientation, bio, country, state, city, zip, file_1, file_2, file_3, file_4, file_5, score, token, token_date, active, register, created_at, updated_at) VALUES ("380","April","Kris","virgie13","hilda.quitzon@yahoo.com","$2y$10$JOTMH3HVfZoF.XwcHUFCbevjjDH5VYWp.T0RxN5zHwQO8O43XjnXa","1987-02-01 05:53:37","2","1","Ad qui excepturi delectus. Culpa eos id nulla quos. Laudantium quis ipsa perferendis voluptatem ut dolorem quas. Aut ut voluptas qui animi.","Cameroon","","Bradtkeland","80588-3405","../fixtures/female6.jpg","../fixtures/female10.jpg","../fixtures/female2.jpg","../fixtures/female1.jpg","../fixtures/female2.jpg","17","51af87f0a94a5d78e33ec058f47da411","2007-03-29 04:59:45","1","1","1979-03-19 00:33:42","2015-12-05 21:22:24");
INSERT INTO user_tag (user_id, tag_id) VALUES ("380","41");
INSERT INTO user_tag (user_id, tag_id) VALUES ("380","18");

INSERT INTO connected (user_id, connect_date) VALUES ("380","2017-12-13 01:36:51");
INSERT INTO likes (like_id, liked_id, like_date) VALUES ("80","380","2018-02-12 17:14:46");
INSERT INTO likes (like_id, liked_id, like_date) VALUES ("160","380","2017-03-09 23:12:49");
INSERT INTO likes (like_id, liked_id, like_date) VALUES ("101","380","2017-10-07 18:36:06");
INSERT INTO likes (like_id, liked_id, like_date) VALUES ("20","380","2018-01-19 08:27:17");
INSERT INTO likes (like_id, liked_id, like_date) VALUES ("281","380","2017-03-04 19:33:33");
INSERT INTO likes (like_id, liked_id, like_date) VALUES ("405","380","2017-09-20 20:52:19");
INSERT INTO likes (like_id, liked_id, like_date) VALUES ("233","380","2017-09-01 22:53:42");
INSERT INTO likes (like_id, liked_id, like_date) VALUES ("441","380","2017-04-04 09:20:00");
INSERT INTO likes (like_id, liked_id, like_date) VALUES ("253","380","2017-06-14 14:23:03");
INSERT INTO likes (like_id, liked_id, like_date) VALUES ("56","380","2017-06-24 21:46:36");
INSERT INTO likes (like_id, liked_id, like_date) VALUES ("107","380","2018-02-05 13:19:20");
INSERT INTO likes (like_id, liked_id, like_date) VALUES ("174","380","2017-05-14 10:45:16");
INSERT INTO views (viewer_id, viewed_id, view_date) VALUES ("78","380","2017-12-07 16:12:37");
INSERT INTO views (viewer_id, viewed_id, view_date) VALUES ("307","380","2018-01-17 09:31:10");
INSERT INTO views (viewer_id, viewed_id, view_date) VALUES ("109","380","2017-11-18 18:18:21");
INSERT INTO views (viewer_id, viewed_id, view_date) VALUES ("257","380","2017-11-11 17:06:52");
INSERT INTO views (viewer_id, viewed_id, view_date) VALUES ("349","380","2017-06-18 11:03:05");
INSERT INTO views (viewer_id, viewed_id, view_date) VALUES ("197","380","2017-10-28 20:59:42");
INSERT INTO views (viewer_id, viewed_id, view_date) VALUES ("452","380","2017-02-24 17:39:48");
INSERT INTO views (viewer_id, viewed_id, view_date) VALUES ("43","380","2017-05-13 20:13:52");
INSERT INTO views (viewer_id, viewed_id, view_date) VALUES ("480","380","2017-05-29 06:44:04");
INSERT INTO views (viewer_id, viewed_id, view_date) VALUES ("348","380","2017-02-23 08:20:46");
INSERT INTO views (viewer_id, viewed_id, view_date) VALUES ("320","380","2017-11-05 21:03:04");
INSERT INTO views (viewer_id, viewed_id, view_date) VALUES ("152","380","2017-12-08 13:40:27");
INSERT INTO views (viewer_id, viewed_id, view_date) VALUES ("57","380","2017-10-23 04:26:26");
INSERT INTO views (viewer_id, viewed_id, view_date) VALUES ("493","380","2017-11-27 22:47:25");
INSERT INTO views (viewer_id, viewed_id, view_date) VALUES ("73","380","2017-11-28 10:59:01");
INSERT INTO views (viewer_id, viewed_id, view_date) VALUES ("373","380","2017-03-28 11:14:22");
INSERT INTO views (viewer_id, viewed_id, view_date) VALUES ("428","380","2017-03-05 03:38:27");
INSERT INTO views (viewer_id, viewed_id, view_date) VALUES ("80","380","2017-02-22 01:43:24");
INSERT INTO views (viewer_id, viewed_id, view_date) VALUES ("338","380","2017-07-29 18:09:37");


INSERT INTO user (id, first_name, last_name, username, email, password, birthdate, gender, orientation, bio, country, state, city, zip, file_1, file_2, file_3, file_4, file_5, score, token, token_date, active, register, created_at, updated_at) VALUES ("381","Chesley","Simonis","zariabartell","benedict.rutherford@predovic.net","$2y$10$3XsvrX491af86HHiIanKnOGH7D3KifYDVI.uLY719L5D4m7cS7JPm","1983-05-15 02:46:45","1","3","Officia neque accusamus sint sint. Nobis aut odit repellat et beatae sit ullam. Voluptatem aut amet magnam reprehenderit dolore.","Cuba","","Waltertown","17678","../fixtures/male2.jpg","../fixtures/male10.jpg","../fixtures/male3.jpg","../fixtures/male2.jpg","","67","ce719a46dc95c2061d767a46380b8136","2007-04-10 04:23:47","0","0","1982-03-09 01:35:04","1977-10-01 07:40:23");
INSERT INTO user_tag (user_id, tag_id) VALUES ("381","26");
INSERT INTO user_tag (user_id, tag_id) VALUES ("381","11");
INSERT INTO user_tag (user_id, tag_id) VALUES ("381","2");
INSERT INTO user_tag (user_id, tag_id) VALUES ("381","45");
INSERT INTO user_tag (user_id, tag_id) VALUES ("381","47");
INSERT INTO user_tag (user_id, tag_id) VALUES ("381","17");
INSERT INTO user_tag (user_id, tag_id) VALUES ("381","16");
INSERT INTO user_tag (user_id, tag_id) VALUES ("381","21");
INSERT INTO user_tag (user_id, tag_id) VALUES ("381","30");
INSERT INTO user_tag (user_id, tag_id) VALUES ("381","24");
INSERT INTO user_tag (user_id, tag_id) VALUES ("381","15");
INSERT INTO user_tag (user_id, tag_id) VALUES ("381","26");
INSERT INTO user_tag (user_id, tag_id) VALUES ("381","35");
INSERT INTO user_tag (user_id, tag_id) VALUES ("381","13");

INSERT INTO connected (user_id, connect_date) VALUES ("381","2017-03-05 01:16:51");
INSERT INTO likes (like_id, liked_id, like_date) VALUES ("294","381","2017-09-27 00:01:48");
INSERT INTO likes (like_id, liked_id, like_date) VALUES ("208","381","2017-08-01 05:40:34");
INSERT INTO likes (like_id, liked_id, like_date) VALUES ("83","381","2017-11-08 17:25:05");
INSERT INTO likes (like_id, liked_id, like_date) VALUES ("305","381","2017-05-03 03:45:10");
INSERT INTO likes (like_id, liked_id, like_date) VALUES ("21","381","2017-08-26 21:47:07");
INSERT INTO likes (like_id, liked_id, like_date) VALUES ("149","381","2017-04-21 17:40:38");
INSERT INTO likes (like_id, liked_id, like_date) VALUES ("30","381","2017-08-24 19:20:43");
INSERT INTO likes (like_id, liked_id, like_date) VALUES ("257","381","2017-10-31 16:55:40");
INSERT INTO likes (like_id, liked_id, like_date) VALUES ("483","381","2017-09-28 13:22:28");
INSERT INTO likes (like_id, liked_id, like_date) VALUES ("84","381","2017-08-25 21:02:55");
INSERT INTO likes (like_id, liked_id, like_date) VALUES ("33","381","2017-12-31 16:56:02");
INSERT INTO views (viewer_id, viewed_id, view_date) VALUES ("76","381","2017-04-26 01:47:26");
INSERT INTO views (viewer_id, viewed_id, view_date) VALUES ("500","381","2018-01-10 15:52:07");
INSERT INTO views (viewer_id, viewed_id, view_date) VALUES ("375","381","2017-11-05 09:48:32");
INSERT INTO views (viewer_id, viewed_id, view_date) VALUES ("401","381","2017-12-19 11:55:53");
INSERT INTO views (viewer_id, viewed_id, view_date) VALUES ("430","381","2017-10-04 09:45:23");
INSERT INTO views (viewer_id, viewed_id, view_date) VALUES ("151","381","2017-08-26 08:33:00");
INSERT INTO views (viewer_id, viewed_id, view_date) VALUES ("247","381","2018-01-22 05:55:48");
INSERT INTO views (viewer_id, viewed_id, view_date) VALUES ("337","381","2017-07-08 14:14:10");
INSERT INTO views (viewer_id, viewed_id, view_date) VALUES ("159","381","2017-07-25 04:58:28");
INSERT INTO views (viewer_id, viewed_id, view_date) VALUES ("57","381","2017-05-22 21:03:51");
INSERT INTO views (viewer_id, viewed_id, view_date) VALUES ("320","381","2018-02-14 22:16:54");
INSERT INTO views (viewer_id, viewed_id, view_date) VALUES ("132","381","2017-11-13 01:43:20");
INSERT INTO views (viewer_id, viewed_id, view_date) VALUES ("252","381","2018-01-02 02:22:52");
INSERT INTO views (viewer_id, viewed_id, view_date) VALUES ("245","381","2017-07-30 22:12:27");
INSERT INTO views (viewer_id, viewed_id, view_date) VALUES ("168","381","2017-07-03 14:52:54");
INSERT INTO views (viewer_id, viewed_id, view_date) VALUES ("259","381","2017-07-19 10:29:05");
INSERT INTO views (viewer_id, viewed_id, view_date) VALUES ("62","381","2017-11-20 10:48:01");
INSERT INTO views (viewer_id, viewed_id, view_date) VALUES ("272","381","2017-03-17 15:09:12");
INSERT INTO views (viewer_id, viewed_id, view_date) VALUES ("31","381","2017-06-03 11:21:27");
INSERT INTO views (viewer_id, viewed_id, view_date) VALUES ("30","381","2017-04-01 07:12:00");


INSERT INTO user (id, first_name, last_name, username, email, password, birthdate, gender, orientation, bio, country, state, city, zip, file_1, file_2, file_3, file_4, file_5, score, token, token_date, active, register, created_at, updated_at) VALUES ("382","Kailey","Jast","savion60","paxton14@hotmail.com","$2y$10$b4lKRtOp/IyFR1dNrQxi6O50JA3pqzB41.swcZgAOOS1fmUD1fup.","1964-08-27 09:20:27","2","2","Voluptas ducimus ut blanditiis rerum doloremque quas aut quas. Eum repudiandae in hic similique quia eveniet illo. Cumque ad rerum aperiam distinctio.","Kenya","","Binsmouth","43674","../fixtures/female7.jpg","../fixtures/female4.jpg","../fixtures/female7.jpg","../fixtures/female1.jpg","../fixtures/female7.jpg","7","1069e196fe88d197cf3623062e43f525","2007-07-26 17:57:35","1","0","1971-06-19 00:11:29","1987-08-08 12:17:33");
INSERT INTO user_tag (user_id, tag_id) VALUES ("382","36");
INSERT INTO user_tag (user_id, tag_id) VALUES ("382","28");

INSERT INTO connected (user_id, connect_date) VALUES ("382","2017-12-07 20:35:57");
INSERT INTO likes (like_id, liked_id, like_date) VALUES ("256","382","2017-02-28 01:34:19");
INSERT INTO likes (like_id, liked_id, like_date) VALUES ("201","382","2017-05-08 20:34:20");
INSERT INTO likes (like_id, liked_id, like_date) VALUES ("172","382","2017-09-26 20:20:15");
INSERT INTO likes (like_id, liked_id, like_date) VALUES ("44","382","2017-09-01 17:52:30");
INSERT INTO likes (like_id, liked_id, like_date) VALUES ("260","382","2017-09-11 09:35:34");
INSERT INTO likes (like_id, liked_id, like_date) VALUES ("103","382","2018-01-20 12:11:08");
INSERT INTO likes (like_id, liked_id, like_date) VALUES ("102","382","2018-01-25 12:48:09");
INSERT INTO likes (like_id, liked_id, like_date) VALUES ("98","382","2017-08-23 22:31:50");
INSERT INTO likes (like_id, liked_id, like_date) VALUES ("143","382","2018-02-04 22:09:05");
INSERT INTO likes (like_id, liked_id, like_date) VALUES ("131","382","2017-05-27 21:06:49");
INSERT INTO likes (like_id, liked_id, like_date) VALUES ("225","382","2017-04-30 19:26:07");
INSERT INTO likes (like_id, liked_id, like_date) VALUES ("487","382","2018-01-18 23:06:11");
INSERT INTO likes (like_id, liked_id, like_date) VALUES ("18","382","2017-10-03 16:30:08");
INSERT INTO likes (like_id, liked_id, like_date) VALUES ("444","382","2017-08-07 05:38:57");
INSERT INTO likes (like_id, liked_id, like_date) VALUES ("25","382","2017-06-15 12:14:41");
INSERT INTO likes (like_id, liked_id, like_date) VALUES ("200","382","2017-12-17 21:26:02");
INSERT INTO likes (like_id, liked_id, like_date) VALUES ("102","382","2017-12-20 17:28:38");
INSERT INTO likes (like_id, liked_id, like_date) VALUES ("378","382","2017-07-13 03:23:44");
INSERT INTO likes (like_id, liked_id, like_date) VALUES ("29","382","2018-01-27 21:44:17");
INSERT INTO views (viewer_id, viewed_id, view_date) VALUES ("466","382","2018-01-12 01:59:44");
INSERT INTO views (viewer_id, viewed_id, view_date) VALUES ("499","382","2017-12-27 20:14:42");
INSERT INTO views (viewer_id, viewed_id, view_date) VALUES ("222","382","2017-03-27 09:02:39");


INSERT INTO user (id, first_name, last_name, username, email, password, birthdate, gender, orientation, bio, country, state, city, zip, file_1, file_2, file_3, file_4, file_5, score, token, token_date, active, register, created_at, updated_at) VALUES ("383","Price","Lemke","avery31","citlalli79@johnston.org","$2y$10$ThfzOMpb9GaW5vFKjrPzwuQZLMAa4KsBpxUGB1SD3Ax0ek6hr8KCG","1989-05-25 05:26:30","1","1","Soluta deleniti temporibus unde et necessitatibus et. Voluptatum quia deserunt quaerat ipsa. Id sunt nihil est neque aliquid pariatur.","British Virgin Islands","","New Lulushire","62797","../fixtures/male4.jpg","../fixtures/male7.jpg","","","","69","c21d1ce433c03748670ddac4a9e2739f","1999-03-25 06:20:08","1","1","1987-12-05 11:48:38","2007-07-07 10:01:37");
INSERT INTO user_tag (user_id, tag_id) VALUES ("383","5");
INSERT INTO user_tag (user_id, tag_id) VALUES ("383","2");
INSERT INTO user_tag (user_id, tag_id) VALUES ("383","28");
INSERT INTO user_tag (user_id, tag_id) VALUES ("383","24");
INSERT INTO user_tag (user_id, tag_id) VALUES ("383","28");
INSERT INTO user_tag (user_id, tag_id) VALUES ("383","9");
INSERT INTO user_tag (user_id, tag_id) VALUES ("383","35");
INSERT INTO user_tag (user_id, tag_id) VALUES ("383","15");
INSERT INTO user_tag (user_id, tag_id) VALUES ("383","25");
INSERT INTO user_tag (user_id, tag_id) VALUES ("383","11");
INSERT INTO user_tag (user_id, tag_id) VALUES ("383","39");
INSERT INTO user_tag (user_id, tag_id) VALUES ("383","14");
INSERT INTO user_tag (user_id, tag_id) VALUES ("383","5");
INSERT INTO user_tag (user_id, tag_id) VALUES ("383","17");
INSERT INTO user_tag (user_id, tag_id) VALUES ("383","41");

INSERT INTO connected (user_id, connect_date) VALUES ("383","2017-12-15 03:38:21");
INSERT INTO likes (like_id, liked_id, like_date) VALUES ("314","383","2017-07-01 08:03:52");
INSERT INTO likes (like_id, liked_id, like_date) VALUES ("60","383","2018-01-10 16:16:51");
INSERT INTO likes (like_id, liked_id, like_date) VALUES ("266","383","2017-03-17 19:32:38");
INSERT INTO likes (like_id, liked_id, like_date) VALUES ("416","383","2017-12-24 22:14:26");
INSERT INTO likes (like_id, liked_id, like_date) VALUES ("89","383","2017-02-20 20:24:55");
INSERT INTO views (viewer_id, viewed_id, view_date) VALUES ("495","383","2017-03-20 14:53:37");
INSERT INTO views (viewer_id, viewed_id, view_date) VALUES ("419","383","2018-01-15 21:38:11");
INSERT INTO views (viewer_id, viewed_id, view_date) VALUES ("427","383","2017-09-21 13:23:04");
INSERT INTO views (viewer_id, viewed_id, view_date) VALUES ("282","383","2017-08-12 10:02:37");
INSERT INTO views (viewer_id, viewed_id, view_date) VALUES ("408","383","2017-06-06 06:20:59");
INSERT INTO views (viewer_id, viewed_id, view_date) VALUES ("354","383","2017-11-20 09:51:37");
INSERT INTO views (viewer_id, viewed_id, view_date) VALUES ("481","383","2017-03-11 01:08:45");
INSERT INTO views (viewer_id, viewed_id, view_date) VALUES ("328","383","2017-03-17 13:24:53");
INSERT INTO views (viewer_id, viewed_id, view_date) VALUES ("110","383","2017-11-04 04:53:41");
INSERT INTO views (viewer_id, viewed_id, view_date) VALUES ("479","383","2017-11-05 06:06:55");
INSERT INTO views (viewer_id, viewed_id, view_date) VALUES ("100","383","2017-06-07 13:00:49");
INSERT INTO views (viewer_id, viewed_id, view_date) VALUES ("167","383","2017-10-15 20:09:27");
INSERT INTO views (viewer_id, viewed_id, view_date) VALUES ("405","383","2017-03-26 09:09:56");
INSERT INTO views (viewer_id, viewed_id, view_date) VALUES ("302","383","2017-11-25 10:29:31");
INSERT INTO views (viewer_id, viewed_id, view_date) VALUES ("237","383","2017-03-28 14:24:32");
INSERT INTO views (viewer_id, viewed_id, view_date) VALUES ("481","383","2017-03-15 12:00:36");
INSERT INTO views (viewer_id, viewed_id, view_date) VALUES ("127","383","2018-01-10 17:52:27");
INSERT INTO views (viewer_id, viewed_id, view_date) VALUES ("85","383","2017-06-04 15:34:20");
INSERT INTO views (viewer_id, viewed_id, view_date) VALUES ("217","383","2017-10-02 01:59:58");
INSERT INTO views (viewer_id, viewed_id, view_date) VALUES ("232","383","2018-01-12 20:46:26");
INSERT INTO views (viewer_id, viewed_id, view_date) VALUES ("97","383","2017-11-23 14:29:50");
INSERT INTO views (viewer_id, viewed_id, view_date) VALUES ("15","383","2017-03-29 20:27:59");
INSERT INTO views (viewer_id, viewed_id, view_date) VALUES ("155","383","2017-07-06 08:48:10");
INSERT INTO views (viewer_id, viewed_id, view_date) VALUES ("472","383","2017-04-12 00:51:52");
INSERT INTO views (viewer_id, viewed_id, view_date) VALUES ("366","383","2017-10-30 19:35:24");
INSERT INTO views (viewer_id, viewed_id, view_date) VALUES ("10","383","2017-06-23 17:54:03");
INSERT INTO views (viewer_id, viewed_id, view_date) VALUES ("376","383","2017-09-28 02:42:26");
INSERT INTO views (viewer_id, viewed_id, view_date) VALUES ("475","383","2017-09-23 12:30:54");
INSERT INTO views (viewer_id, viewed_id, view_date) VALUES ("267","383","2017-07-10 16:52:25");
INSERT INTO views (viewer_id, viewed_id, view_date) VALUES ("388","383","2017-03-05 01:29:40");


INSERT INTO user (id, first_name, last_name, username, email, password, birthdate, gender, orientation, bio, country, state, city, zip, file_1, file_2, file_3, file_4, file_5, score, token, token_date, active, register, created_at, updated_at) VALUES ("384","Ramona","Cole","daphnekilback","gianni67@gmail.com","$2y$10$R/SESo4kS1gtdcL/JwLLNuCRRoRLL.H.S2OemDLVemFM5FV0MY9H.","1958-10-26 15:15:58","2","1","Iusto eos magnam corrupti porro atque dolor. Perferendis deleniti molestiae exercitationem iure facilis vel reiciendis. Consequuntur dolores consectetur sed suscipit reiciendis esse sit. Tenetur quo et neque inventore.","Austria","","Ravenchester","13593","../fixtures/female1.jpg","../fixtures/female10.jpg","../fixtures/female4.jpg","../fixtures/female5.jpg","../fixtures/female2.jpg","2","cab4837557fa742d1770982eb5859add","1985-05-19 09:13:41","0","0","1983-05-10 14:56:37","1993-11-23 02:02:21");
INSERT INTO user_tag (user_id, tag_id) VALUES ("384","22");
INSERT INTO user_tag (user_id, tag_id) VALUES ("384","10");
INSERT INTO user_tag (user_id, tag_id) VALUES ("384","23");
INSERT INTO user_tag (user_id, tag_id) VALUES ("384","4");
INSERT INTO user_tag (user_id, tag_id) VALUES ("384","17");
INSERT INTO user_tag (user_id, tag_id) VALUES ("384","20");

INSERT INTO connected (user_id, connect_date) VALUES ("384","2017-09-16 20:14:33");
INSERT INTO likes (like_id, liked_id, like_date) VALUES ("396","384","2017-11-23 00:42:59");
INSERT INTO likes (like_id, liked_id, like_date) VALUES ("500","384","2018-01-20 00:11:45");
INSERT INTO likes (like_id, liked_id, like_date) VALUES ("329","384","2017-11-01 20:20:52");
INSERT INTO likes (like_id, liked_id, like_date) VALUES ("392","384","2017-10-06 08:27:55");
INSERT INTO likes (like_id, liked_id, like_date) VALUES ("100","384","2017-11-25 05:10:53");
INSERT INTO likes (like_id, liked_id, like_date) VALUES ("334","384","2018-01-28 02:47:36");
INSERT INTO likes (like_id, liked_id, like_date) VALUES ("157","384","2017-08-08 13:58:19");
INSERT INTO likes (like_id, liked_id, like_date) VALUES ("46","384","2017-09-19 08:40:00");
INSERT INTO likes (like_id, liked_id, like_date) VALUES ("42","384","2017-09-15 18:32:36");
INSERT INTO likes (like_id, liked_id, like_date) VALUES ("290","384","2017-04-02 14:17:57");
INSERT INTO views (viewer_id, viewed_id, view_date) VALUES ("391","384","2017-03-29 05:02:26");
INSERT INTO views (viewer_id, viewed_id, view_date) VALUES ("62","384","2017-07-08 08:06:14");
INSERT INTO views (viewer_id, viewed_id, view_date) VALUES ("191","384","2017-04-26 05:27:44");
INSERT INTO views (viewer_id, viewed_id, view_date) VALUES ("405","384","2017-07-09 08:43:44");
INSERT INTO views (viewer_id, viewed_id, view_date) VALUES ("233","384","2017-06-20 13:03:38");
INSERT INTO views (viewer_id, viewed_id, view_date) VALUES ("53","384","2017-04-14 03:42:48");


INSERT INTO user (id, first_name, last_name, username, email, password, birthdate, gender, orientation, bio, country, state, city, zip, file_1, file_2, file_3, file_4, file_5, score, token, token_date, active, register, created_at, updated_at) VALUES ("385","Magnus","Wolff","cloydoconnell","bleuschke@conn.com","$2y$10$4sYY2tBWlgt.UKwcLWH4fON.7lwZL2wxikRI71u6PQ3fs.VlXUsaa","1999-02-05 20:56:10","1","2","Ut sint sequi quia voluptatum id non. Modi repellat quo ea explicabo dolor est. Eaque sed placeat animi reprehenderit id et voluptatem.","Bolivia","","North Gilbertton","28756","../fixtures/male7.jpg","../fixtures/male2.jpg","../fixtures/male9.jpg","../fixtures/male9.jpg","../fixtures/male10.jpg","60","12fd1b8135931e054d7533a2b4c326d9","1995-12-06 06:14:40","0","0","1983-10-31 01:03:46","2004-02-18 07:00:54");
INSERT INTO user_tag (user_id, tag_id) VALUES ("385","27");
INSERT INTO user_tag (user_id, tag_id) VALUES ("385","19");
INSERT INTO user_tag (user_id, tag_id) VALUES ("385","10");
INSERT INTO user_tag (user_id, tag_id) VALUES ("385","37");

INSERT INTO connected (user_id, connect_date) VALUES ("385","2017-10-03 10:09:48");
INSERT INTO likes (like_id, liked_id, like_date) VALUES ("116","385","2017-06-25 14:26:37");
INSERT INTO likes (like_id, liked_id, like_date) VALUES ("189","385","2017-12-06 00:50:17");
INSERT INTO likes (like_id, liked_id, like_date) VALUES ("351","385","2017-04-12 12:04:10");
INSERT INTO likes (like_id, liked_id, like_date) VALUES ("385","385","2017-06-23 08:29:29");
INSERT INTO likes (like_id, liked_id, like_date) VALUES ("47","385","2017-05-28 06:36:28");
INSERT INTO views (viewer_id, viewed_id, view_date) VALUES ("433","385","2017-11-02 07:33:11");
INSERT INTO views (viewer_id, viewed_id, view_date) VALUES ("215","385","2017-08-22 15:34:36");
INSERT INTO views (viewer_id, viewed_id, view_date) VALUES ("352","385","2017-08-03 18:02:37");
INSERT INTO views (viewer_id, viewed_id, view_date) VALUES ("126","385","2017-06-26 15:52:31");
INSERT INTO views (viewer_id, viewed_id, view_date) VALUES ("495","385","2017-09-06 17:46:48");
INSERT INTO views (viewer_id, viewed_id, view_date) VALUES ("165","385","2017-12-19 21:21:32");
INSERT INTO views (viewer_id, viewed_id, view_date) VALUES ("219","385","2017-05-17 10:45:12");
INSERT INTO views (viewer_id, viewed_id, view_date) VALUES ("294","385","2017-05-25 23:41:05");
INSERT INTO views (viewer_id, viewed_id, view_date) VALUES ("444","385","2017-11-03 20:53:58");
INSERT INTO views (viewer_id, viewed_id, view_date) VALUES ("121","385","2017-04-09 00:42:38");
INSERT INTO views (viewer_id, viewed_id, view_date) VALUES ("249","385","2017-12-24 21:03:24");
INSERT INTO views (viewer_id, viewed_id, view_date) VALUES ("309","385","2018-01-04 12:59:26");
INSERT INTO views (viewer_id, viewed_id, view_date) VALUES ("280","385","2017-09-01 01:56:16");
INSERT INTO views (viewer_id, viewed_id, view_date) VALUES ("455","385","2018-02-14 00:01:43");
INSERT INTO views (viewer_id, viewed_id, view_date) VALUES ("78","385","2017-04-25 23:37:10");
INSERT INTO views (viewer_id, viewed_id, view_date) VALUES ("125","385","2017-08-12 17:23:21");
INSERT INTO views (viewer_id, viewed_id, view_date) VALUES ("246","385","2017-08-14 22:32:19");
INSERT INTO views (viewer_id, viewed_id, view_date) VALUES ("17","385","2017-07-03 22:47:02");
INSERT INTO views (viewer_id, viewed_id, view_date) VALUES ("207","385","2018-01-24 01:34:38");
INSERT INTO views (viewer_id, viewed_id, view_date) VALUES ("112","385","2017-08-05 10:17:58");
INSERT INTO views (viewer_id, viewed_id, view_date) VALUES ("179","385","2017-04-22 15:53:18");
INSERT INTO views (viewer_id, viewed_id, view_date) VALUES ("208","385","2017-08-29 16:51:51");
INSERT INTO views (viewer_id, viewed_id, view_date) VALUES ("415","385","2017-09-24 21:26:04");
INSERT INTO views (viewer_id, viewed_id, view_date) VALUES ("364","385","2018-01-08 20:35:06");
INSERT INTO views (viewer_id, viewed_id, view_date) VALUES ("421","385","2017-05-09 16:09:04");
INSERT INTO views (viewer_id, viewed_id, view_date) VALUES ("148","385","2017-05-24 10:56:48");
INSERT INTO views (viewer_id, viewed_id, view_date) VALUES ("254","385","2017-04-24 20:03:12");
INSERT INTO views (viewer_id, viewed_id, view_date) VALUES ("44","385","2017-08-28 20:00:19");
INSERT INTO views (viewer_id, viewed_id, view_date) VALUES ("73","385","2017-11-09 00:24:06");
INSERT INTO views (viewer_id, viewed_id, view_date) VALUES ("272","385","2017-03-24 16:17:33");
INSERT INTO views (viewer_id, viewed_id, view_date) VALUES ("433","385","2017-10-23 05:16:14");
INSERT INTO views (viewer_id, viewed_id, view_date) VALUES ("206","385","2017-06-02 09:32:33");
INSERT INTO views (viewer_id, viewed_id, view_date) VALUES ("24","385","2017-08-14 09:12:27");
INSERT INTO views (viewer_id, viewed_id, view_date) VALUES ("18","385","2017-11-18 10:41:32");
INSERT INTO views (viewer_id, viewed_id, view_date) VALUES ("345","385","2017-07-29 01:57:54");


INSERT INTO user (id, first_name, last_name, username, email, password, birthdate, gender, orientation, bio, country, state, city, zip, file_1, file_2, file_3, file_4, file_5, score, token, token_date, active, register, created_at, updated_at) VALUES ("386","Roger","Stiedemann","ashtonrohan","gjast@yahoo.com","$2y$10$Xft7o1zwW/eWs06Ne32jPujKfJmTatpWrIE/9YR8pbDYCZs6RIn7a","1975-03-09 08:45:34","2","3","Enim itaque et dolorem est quia dolor. Molestias sit autem qui sit. Est sed dolor natus qui.","Iraq","","South Laurianneshire","42830","../fixtures/female5.jpg","../fixtures/female6.jpg","../fixtures/female1.jpg","","","89","1468fa3a4f874cab78a5b452f43d48de","2002-03-29 10:41:44","0","0","1994-11-24 14:40:40","1974-07-26 08:50:09");
INSERT INTO user_tag (user_id, tag_id) VALUES ("386","35");
INSERT INTO user_tag (user_id, tag_id) VALUES ("386","30");
INSERT INTO user_tag (user_id, tag_id) VALUES ("386","16");
INSERT INTO user_tag (user_id, tag_id) VALUES ("386","37");
INSERT INTO user_tag (user_id, tag_id) VALUES ("386","7");
INSERT INTO user_tag (user_id, tag_id) VALUES ("386","23");
INSERT INTO user_tag (user_id, tag_id) VALUES ("386","15");
INSERT INTO user_tag (user_id, tag_id) VALUES ("386","14");

INSERT INTO connected (user_id, connect_date) VALUES ("386","2018-01-13 00:48:50");
INSERT INTO likes (like_id, liked_id, like_date) VALUES ("68","386","2017-07-31 04:54:38");
INSERT INTO likes (like_id, liked_id, like_date) VALUES ("74","386","2017-10-20 01:43:59");
INSERT INTO likes (like_id, liked_id, like_date) VALUES ("286","386","2017-08-21 18:39:35");
INSERT INTO likes (like_id, liked_id, like_date) VALUES ("315","386","2018-01-06 21:34:58");
INSERT INTO likes (like_id, liked_id, like_date) VALUES ("172","386","2017-05-07 01:04:26");
INSERT INTO likes (like_id, liked_id, like_date) VALUES ("133","386","2018-01-22 10:48:56");
INSERT INTO views (viewer_id, viewed_id, view_date) VALUES ("40","386","2017-05-08 12:53:12");
INSERT INTO views (viewer_id, viewed_id, view_date) VALUES ("316","386","2017-09-29 13:10:20");
INSERT INTO views (viewer_id, viewed_id, view_date) VALUES ("48","386","2017-04-18 06:52:49");
INSERT INTO views (viewer_id, viewed_id, view_date) VALUES ("201","386","2017-10-15 17:33:44");
INSERT INTO views (viewer_id, viewed_id, view_date) VALUES ("444","386","2017-06-25 13:55:05");
INSERT INTO views (viewer_id, viewed_id, view_date) VALUES ("182","386","2017-07-20 14:37:15");
INSERT INTO views (viewer_id, viewed_id, view_date) VALUES ("4","386","2017-06-08 20:37:43");
INSERT INTO views (viewer_id, viewed_id, view_date) VALUES ("430","386","2017-08-29 16:29:32");
INSERT INTO views (viewer_id, viewed_id, view_date) VALUES ("172","386","2017-05-14 13:54:01");
INSERT INTO views (viewer_id, viewed_id, view_date) VALUES ("201","386","2018-01-25 04:47:23");
INSERT INTO views (viewer_id, viewed_id, view_date) VALUES ("488","386","2017-04-29 09:18:42");
INSERT INTO views (viewer_id, viewed_id, view_date) VALUES ("118","386","2017-02-22 17:10:29");
INSERT INTO views (viewer_id, viewed_id, view_date) VALUES ("409","386","2017-04-13 18:20:27");
INSERT INTO views (viewer_id, viewed_id, view_date) VALUES ("394","386","2017-03-30 22:47:48");
INSERT INTO views (viewer_id, viewed_id, view_date) VALUES ("159","386","2017-10-17 22:43:16");
INSERT INTO views (viewer_id, viewed_id, view_date) VALUES ("308","386","2017-07-07 19:05:30");
INSERT INTO views (viewer_id, viewed_id, view_date) VALUES ("82","386","2017-11-08 13:13:09");
INSERT INTO views (viewer_id, viewed_id, view_date) VALUES ("313","386","2017-06-05 00:44:18");
INSERT INTO views (viewer_id, viewed_id, view_date) VALUES ("447","386","2018-01-17 13:13:02");
INSERT INTO views (viewer_id, viewed_id, view_date) VALUES ("174","386","2017-12-27 00:54:47");
INSERT INTO views (viewer_id, viewed_id, view_date) VALUES ("8","386","2018-01-11 03:12:53");
INSERT INTO views (viewer_id, viewed_id, view_date) VALUES ("277","386","2017-04-23 21:20:02");
INSERT INTO views (viewer_id, viewed_id, view_date) VALUES ("336","386","2017-12-25 06:29:29");
INSERT INTO views (viewer_id, viewed_id, view_date) VALUES ("485","386","2017-04-01 03:13:59");
INSERT INTO views (viewer_id, viewed_id, view_date) VALUES ("111","386","2018-01-07 04:22:09");
INSERT INTO views (viewer_id, viewed_id, view_date) VALUES ("245","386","2018-02-04 10:33:38");
INSERT INTO views (viewer_id, viewed_id, view_date) VALUES ("213","386","2017-08-21 23:37:49");
INSERT INTO views (viewer_id, viewed_id, view_date) VALUES ("134","386","2018-01-19 22:02:02");
INSERT INTO views (viewer_id, viewed_id, view_date) VALUES ("478","386","2017-09-17 14:23:24");
INSERT INTO views (viewer_id, viewed_id, view_date) VALUES ("259","386","2017-05-17 20:12:28");
INSERT INTO views (viewer_id, viewed_id, view_date) VALUES ("310","386","2017-12-07 02:32:39");
INSERT INTO views (viewer_id, viewed_id, view_date) VALUES ("355","386","2017-04-13 06:38:50");
INSERT INTO views (viewer_id, viewed_id, view_date) VALUES ("219","386","2017-09-03 10:35:17");


INSERT INTO user (id, first_name, last_name, username, email, password, birthdate, gender, orientation, bio, country, state, city, zip, file_1, file_2, file_3, file_4, file_5, score, token, token_date, active, register, created_at, updated_at) VALUES ("387","Caleb","Shields","dangelo25","denesik.walton@beahan.biz","$2y$10$Dw56yh2OpAJD8fJaGBXL2ur5RvuPMn.RYM55nwpkfx4G6TUqiast6","1974-08-19 18:50:19","1","1","Qui sapiente molestias qui. Quo dicta sapiente nam sed qui. Necessitatibus occaecati cumque et nesciunt vel.","Bulgaria","","Hansenland","34424-3049","../fixtures/male8.jpg","","","","","45","502b0b42af1d14ce6ed8a7357782ff3c","2015-04-27 11:22:25","1","0","1971-12-07 10:58:31","1974-08-30 19:40:45");
INSERT INTO user_tag (user_id, tag_id) VALUES ("387","22");
INSERT INTO user_tag (user_id, tag_id) VALUES ("387","9");
INSERT INTO user_tag (user_id, tag_id) VALUES ("387","19");
INSERT INTO user_tag (user_id, tag_id) VALUES ("387","49");
INSERT INTO user_tag (user_id, tag_id) VALUES ("387","45");
INSERT INTO user_tag (user_id, tag_id) VALUES ("387","46");
INSERT INTO user_tag (user_id, tag_id) VALUES ("387","10");
INSERT INTO user_tag (user_id, tag_id) VALUES ("387","23");
INSERT INTO user_tag (user_id, tag_id) VALUES ("387","24");
INSERT INTO user_tag (user_id, tag_id) VALUES ("387","32");
INSERT INTO user_tag (user_id, tag_id) VALUES ("387","45");

INSERT INTO connected (user_id, connect_date) VALUES ("387","2017-11-12 00:14:11");
INSERT INTO likes (like_id, liked_id, like_date) VALUES ("233","387","2017-03-29 12:20:42");
INSERT INTO likes (like_id, liked_id, like_date) VALUES ("248","387","2017-04-03 02:06:47");
INSERT INTO likes (like_id, liked_id, like_date) VALUES ("118","387","2017-02-23 05:15:03");
INSERT INTO likes (like_id, liked_id, like_date) VALUES ("254","387","2018-01-22 19:06:08");
INSERT INTO likes (like_id, liked_id, like_date) VALUES ("118","387","2017-07-07 19:54:52");
INSERT INTO likes (like_id, liked_id, like_date) VALUES ("193","387","2017-02-18 23:54:46");
INSERT INTO likes (like_id, liked_id, like_date) VALUES ("134","387","2017-02-25 21:18:04");
INSERT INTO likes (like_id, liked_id, like_date) VALUES ("361","387","2017-09-15 16:10:42");
INSERT INTO likes (like_id, liked_id, like_date) VALUES ("266","387","2017-10-04 23:01:03");
INSERT INTO views (viewer_id, viewed_id, view_date) VALUES ("62","387","2017-08-20 23:15:03");
INSERT INTO views (viewer_id, viewed_id, view_date) VALUES ("446","387","2017-12-03 11:44:43");
INSERT INTO views (viewer_id, viewed_id, view_date) VALUES ("302","387","2018-01-18 04:42:54");
INSERT INTO views (viewer_id, viewed_id, view_date) VALUES ("313","387","2017-05-28 23:44:15");
INSERT INTO views (viewer_id, viewed_id, view_date) VALUES ("151","387","2017-07-12 20:07:23");
INSERT INTO views (viewer_id, viewed_id, view_date) VALUES ("65","387","2017-09-04 11:52:36");
INSERT INTO views (viewer_id, viewed_id, view_date) VALUES ("42","387","2017-11-03 17:04:30");
INSERT INTO views (viewer_id, viewed_id, view_date) VALUES ("200","387","2017-05-04 01:58:07");
INSERT INTO views (viewer_id, viewed_id, view_date) VALUES ("262","387","2017-08-05 05:58:19");
INSERT INTO views (viewer_id, viewed_id, view_date) VALUES ("482","387","2017-06-11 05:03:01");
INSERT INTO views (viewer_id, viewed_id, view_date) VALUES ("226","387","2017-03-06 16:40:31");


INSERT INTO user (id, first_name, last_name, username, email, password, birthdate, gender, orientation, bio, country, state, city, zip, file_1, file_2, file_3, file_4, file_5, score, token, token_date, active, register, created_at, updated_at) VALUES ("388","Rowena","Rohan","alvera30","koch.brennon@ferry.com","$2y$10$/owuh3ryyjhPdhMX8d5spu.KJZ3EJPXifBSAx3tfNL8Wusn0jrYha","1991-08-17 06:29:08","1","3","Facere vel quibusdam rerum enim totam harum rerum. Excepturi vel beatae placeat et vel et aspernatur maiores. Expedita in enim ut voluptatem voluptatem quo nemo. Voluptas vero eos iusto id fuga.","French Polynesia","","Port Willowton","01289-7533","../fixtures/male6.jpg","../fixtures/male2.jpg","","","","14","55f1204b80fee3f377bc6f0f3933148a","1974-11-09 03:39:11","0","0","1973-01-04 16:59:48","2011-01-07 20:24:51");
INSERT INTO user_tag (user_id, tag_id) VALUES ("388","26");
INSERT INTO user_tag (user_id, tag_id) VALUES ("388","29");
INSERT INTO user_tag (user_id, tag_id) VALUES ("388","2");
INSERT INTO user_tag (user_id, tag_id) VALUES ("388","15");
INSERT INTO user_tag (user_id, tag_id) VALUES ("388","5");
INSERT INTO user_tag (user_id, tag_id) VALUES ("388","44");
INSERT INTO user_tag (user_id, tag_id) VALUES ("388","32");
INSERT INTO user_tag (user_id, tag_id) VALUES ("388","13");

INSERT INTO connected (user_id, connect_date) VALUES ("388","2017-09-20 10:22:15");
INSERT INTO likes (like_id, liked_id, like_date) VALUES ("462","388","2017-03-25 07:34:43");
INSERT INTO likes (like_id, liked_id, like_date) VALUES ("52","388","2017-06-09 11:50:07");
INSERT INTO likes (like_id, liked_id, like_date) VALUES ("495","388","2017-08-29 09:46:15");
INSERT INTO likes (like_id, liked_id, like_date) VALUES ("45","388","2018-01-30 21:11:30");
INSERT INTO likes (like_id, liked_id, like_date) VALUES ("25","388","2017-06-30 14:28:49");
INSERT INTO likes (like_id, liked_id, like_date) VALUES ("477","388","2017-03-06 13:23:26");
INSERT INTO likes (like_id, liked_id, like_date) VALUES ("129","388","2017-03-11 03:53:54");
INSERT INTO likes (like_id, liked_id, like_date) VALUES ("410","388","2017-10-07 14:08:57");
INSERT INTO likes (like_id, liked_id, like_date) VALUES ("403","388","2018-02-09 17:37:06");
INSERT INTO likes (like_id, liked_id, like_date) VALUES ("402","388","2017-08-31 08:39:55");
INSERT INTO likes (like_id, liked_id, like_date) VALUES ("460","388","2017-06-20 14:19:23");
INSERT INTO likes (like_id, liked_id, like_date) VALUES ("408","388","2017-08-12 02:52:37");
INSERT INTO likes (like_id, liked_id, like_date) VALUES ("432","388","2017-07-19 07:28:15");
INSERT INTO likes (like_id, liked_id, like_date) VALUES ("453","388","2017-06-08 07:27:23");
INSERT INTO likes (like_id, liked_id, like_date) VALUES ("337","388","2018-01-24 04:06:04");
INSERT INTO likes (like_id, liked_id, like_date) VALUES ("362","388","2017-06-06 17:20:17");
INSERT INTO views (viewer_id, viewed_id, view_date) VALUES ("140","388","2017-04-10 09:45:40");
INSERT INTO views (viewer_id, viewed_id, view_date) VALUES ("83","388","2017-07-05 13:42:01");
INSERT INTO views (viewer_id, viewed_id, view_date) VALUES ("107","388","2017-06-12 00:53:39");
INSERT INTO views (viewer_id, viewed_id, view_date) VALUES ("316","388","2017-07-16 16:38:22");
INSERT INTO views (viewer_id, viewed_id, view_date) VALUES ("382","388","2017-04-14 12:49:14");
INSERT INTO views (viewer_id, viewed_id, view_date) VALUES ("392","388","2018-02-12 02:03:08");
INSERT INTO views (viewer_id, viewed_id, view_date) VALUES ("121","388","2017-12-25 03:08:34");
INSERT INTO views (viewer_id, viewed_id, view_date) VALUES ("56","388","2017-03-31 20:57:43");
INSERT INTO views (viewer_id, viewed_id, view_date) VALUES ("469","388","2017-11-13 11:38:56");
INSERT INTO views (viewer_id, viewed_id, view_date) VALUES ("96","388","2017-09-10 02:51:04");
INSERT INTO views (viewer_id, viewed_id, view_date) VALUES ("141","388","2018-01-03 01:32:02");
INSERT INTO views (viewer_id, viewed_id, view_date) VALUES ("37","388","2017-04-03 05:17:32");
INSERT INTO views (viewer_id, viewed_id, view_date) VALUES ("376","388","2018-02-02 16:50:33");
INSERT INTO views (viewer_id, viewed_id, view_date) VALUES ("127","388","2017-10-14 17:19:46");
INSERT INTO views (viewer_id, viewed_id, view_date) VALUES ("55","388","2017-08-17 11:43:03");
INSERT INTO views (viewer_id, viewed_id, view_date) VALUES ("355","388","2017-10-23 09:13:53");
INSERT INTO views (viewer_id, viewed_id, view_date) VALUES ("278","388","2017-12-13 12:55:07");
INSERT INTO views (viewer_id, viewed_id, view_date) VALUES ("44","388","2017-05-30 09:21:32");
INSERT INTO views (viewer_id, viewed_id, view_date) VALUES ("59","388","2017-11-21 10:34:23");
INSERT INTO views (viewer_id, viewed_id, view_date) VALUES ("244","388","2017-02-22 00:31:46");


INSERT INTO user (id, first_name, last_name, username, email, password, birthdate, gender, orientation, bio, country, state, city, zip, file_1, file_2, file_3, file_4, file_5, score, token, token_date, active, register, created_at, updated_at) VALUES ("389","Noe","Heathcote","qstreich","beryl46@hotmail.com","$2y$10$7n.3QZMG5ur03HwDRnHWAO50FVDWH3We3fzkh2Bw1UF0PeSwGw72e","1948-05-07 10:39:20","1","3","Aperiam maxime ea suscipit dolorum ipsum ullam. Aliquam harum quis vero quibusdam laborum omnis porro veniam. Magnam placeat animi est iste recusandae ullam possimus.","Kyrgyz Republic","","North Samanthaland","80097-2609","../fixtures/male9.jpg","../fixtures/male6.jpg","../fixtures/male7.jpg","../fixtures/male8.jpg","../fixtures/male10.jpg","32","93e97f937838ca48f466f073fd0c2c9f","2008-01-15 10:31:07","0","0","2013-11-28 00:59:14","2013-11-19 05:03:34");
INSERT INTO user_tag (user_id, tag_id) VALUES ("389","19");
INSERT INTO user_tag (user_id, tag_id) VALUES ("389","34");

INSERT INTO connected (user_id, connect_date) VALUES ("389","2017-03-22 21:35:49");
INSERT INTO likes (like_id, liked_id, like_date) VALUES ("486","389","2017-02-25 08:59:07");
INSERT INTO likes (like_id, liked_id, like_date) VALUES ("486","389","2017-09-10 08:49:14");
INSERT INTO likes (like_id, liked_id, like_date) VALUES ("197","389","2017-05-23 21:36:44");
INSERT INTO likes (like_id, liked_id, like_date) VALUES ("233","389","2017-09-25 03:58:13");
INSERT INTO likes (like_id, liked_id, like_date) VALUES ("184","389","2017-06-29 18:43:03");
INSERT INTO likes (like_id, liked_id, like_date) VALUES ("452","389","2018-01-07 22:00:18");
INSERT INTO likes (like_id, liked_id, like_date) VALUES ("43","389","2017-12-09 05:49:33");
INSERT INTO likes (like_id, liked_id, like_date) VALUES ("171","389","2017-09-01 14:40:24");
INSERT INTO likes (like_id, liked_id, like_date) VALUES ("144","389","2017-05-10 08:42:48");
INSERT INTO likes (like_id, liked_id, like_date) VALUES ("374","389","2017-06-19 12:48:00");
INSERT INTO likes (like_id, liked_id, like_date) VALUES ("128","389","2017-05-06 21:10:02");
INSERT INTO views (viewer_id, viewed_id, view_date) VALUES ("423","389","2017-12-06 21:48:34");
INSERT INTO views (viewer_id, viewed_id, view_date) VALUES ("318","389","2018-02-08 00:12:12");
INSERT INTO views (viewer_id, viewed_id, view_date) VALUES ("438","389","2017-02-18 20:21:15");
INSERT INTO views (viewer_id, viewed_id, view_date) VALUES ("130","389","2018-01-09 20:52:03");
INSERT INTO views (viewer_id, viewed_id, view_date) VALUES ("109","389","2017-04-28 11:34:32");
INSERT INTO views (viewer_id, viewed_id, view_date) VALUES ("383","389","2017-07-09 16:50:01");
INSERT INTO views (viewer_id, viewed_id, view_date) VALUES ("440","389","2017-10-02 13:01:48");
INSERT INTO views (viewer_id, viewed_id, view_date) VALUES ("194","389","2017-10-22 02:39:14");
INSERT INTO views (viewer_id, viewed_id, view_date) VALUES ("119","389","2017-08-16 17:21:30");
INSERT INTO views (viewer_id, viewed_id, view_date) VALUES ("34","389","2017-12-29 20:35:46");
INSERT INTO views (viewer_id, viewed_id, view_date) VALUES ("77","389","2017-05-11 08:03:06");
INSERT INTO views (viewer_id, viewed_id, view_date) VALUES ("393","389","2018-02-01 14:35:59");
INSERT INTO views (viewer_id, viewed_id, view_date) VALUES ("238","389","2017-06-12 17:40:11");
INSERT INTO views (viewer_id, viewed_id, view_date) VALUES ("409","389","2017-10-23 06:45:13");
INSERT INTO views (viewer_id, viewed_id, view_date) VALUES ("420","389","2017-11-30 15:22:54");
INSERT INTO views (viewer_id, viewed_id, view_date) VALUES ("320","389","2017-08-24 06:42:10");
INSERT INTO views (viewer_id, viewed_id, view_date) VALUES ("219","389","2017-06-16 00:41:01");


INSERT INTO user (id, first_name, last_name, username, email, password, birthdate, gender, orientation, bio, country, state, city, zip, file_1, file_2, file_3, file_4, file_5, score, token, token_date, active, register, created_at, updated_at) VALUES ("390","Francesco","Roberts","kinggreen","shawn.greenfelder@boehm.com","$2y$10$CRNOXklFTYeH/gTRFEQzlut1hBDNUHHKlY003V7/.Ko5xcsWLoa.2","1979-08-13 16:45:57","1","1","Id natus praesentium blanditiis non. Soluta delectus quo enim voluptatem officiis qui voluptates. Aut vel esse libero recusandae.","Martinique","","Hammesfurt","39135-0564","../fixtures/male4.jpg","../fixtures/male2.jpg","../fixtures/male1.jpg","../fixtures/male4.jpg","","0","e0d6723bd18a9c2cb2eaa8850250c2c5","2001-07-25 06:07:46","0","0","1975-08-02 11:59:42","1983-06-27 21:43:59");
INSERT INTO user_tag (user_id, tag_id) VALUES ("390","23");

INSERT INTO connected (user_id, connect_date) VALUES ("390","2017-04-28 17:37:02");
INSERT INTO likes (like_id, liked_id, like_date) VALUES ("489","390","2017-04-22 17:55:38");
INSERT INTO likes (like_id, liked_id, like_date) VALUES ("210","390","2017-12-14 21:02:17");
INSERT INTO likes (like_id, liked_id, like_date) VALUES ("133","390","2017-10-27 13:08:24");
INSERT INTO likes (like_id, liked_id, like_date) VALUES ("24","390","2017-10-18 04:42:10");
INSERT INTO likes (like_id, liked_id, like_date) VALUES ("75","390","2017-06-16 17:07:59");
INSERT INTO likes (like_id, liked_id, like_date) VALUES ("390","390","2017-03-08 01:42:24");
INSERT INTO likes (like_id, liked_id, like_date) VALUES ("333","390","2017-05-27 11:09:01");
INSERT INTO likes (like_id, liked_id, like_date) VALUES ("379","390","2017-03-02 16:21:51");
INSERT INTO likes (like_id, liked_id, like_date) VALUES ("317","390","2017-08-14 13:53:47");
INSERT INTO likes (like_id, liked_id, like_date) VALUES ("487","390","2017-12-16 13:16:00");
INSERT INTO likes (like_id, liked_id, like_date) VALUES ("105","390","2017-02-24 08:58:53");
INSERT INTO views (viewer_id, viewed_id, view_date) VALUES ("355","390","2017-02-17 00:57:37");
INSERT INTO views (viewer_id, viewed_id, view_date) VALUES ("142","390","2017-06-04 12:29:54");
INSERT INTO views (viewer_id, viewed_id, view_date) VALUES ("425","390","2017-04-19 17:17:07");


INSERT INTO user (id, first_name, last_name, username, email, password, birthdate, gender, orientation, bio, country, state, city, zip, file_1, file_2, file_3, file_4, file_5, score, token, token_date, active, register, created_at, updated_at) VALUES ("391","Peter","Goyette","nevayost","sydney.herzog@yahoo.com","$2y$10$4yaybU3C1aUzNNv/A1Yeo.s7hW2FX/876cOoM.e3.kmmJJq2PKaHi","1986-03-25 10:49:18","1","2","Nesciunt fugiat debitis dolorem debitis excepturi magni. Fugit dolorem possimus inventore amet ducimus. Voluptatibus et praesentium et rem qui. Magnam atque similique omnis inventore.","Burundi","","East Simeontown","79877-2594","../fixtures/male8.jpg","../fixtures/male8.jpg","../fixtures/male6.jpg","../fixtures/male7.jpg","","10","4ea8010d5253a03c2d36063231ede775","1985-04-09 14:27:32","0","0","1976-09-17 22:47:27","1970-11-05 20:22:15");
INSERT INTO user_tag (user_id, tag_id) VALUES ("391","10");
INSERT INTO user_tag (user_id, tag_id) VALUES ("391","27");

INSERT INTO connected (user_id, connect_date) VALUES ("391","2017-08-05 00:57:25");
INSERT INTO likes (like_id, liked_id, like_date) VALUES ("499","391","2017-06-17 06:25:34");
INSERT INTO likes (like_id, liked_id, like_date) VALUES ("120","391","2017-11-26 07:19:44");
INSERT INTO likes (like_id, liked_id, like_date) VALUES ("276","391","2017-10-31 05:21:21");
INSERT INTO likes (like_id, liked_id, like_date) VALUES ("178","391","2017-09-14 19:41:06");
INSERT INTO likes (like_id, liked_id, like_date) VALUES ("2","391","2018-01-11 22:24:57");
INSERT INTO likes (like_id, liked_id, like_date) VALUES ("348","391","2017-08-15 11:45:56");
INSERT INTO likes (like_id, liked_id, like_date) VALUES ("90","391","2017-10-11 20:42:41");
INSERT INTO likes (like_id, liked_id, like_date) VALUES ("456","391","2017-07-24 12:07:31");
INSERT INTO views (viewer_id, viewed_id, view_date) VALUES ("26","391","2017-06-20 22:28:30");
INSERT INTO views (viewer_id, viewed_id, view_date) VALUES ("498","391","2017-05-13 06:08:15");
INSERT INTO views (viewer_id, viewed_id, view_date) VALUES ("439","391","2017-09-15 05:19:21");
INSERT INTO views (viewer_id, viewed_id, view_date) VALUES ("111","391","2017-12-07 16:54:55");
INSERT INTO views (viewer_id, viewed_id, view_date) VALUES ("317","391","2017-09-20 20:37:39");
INSERT INTO views (viewer_id, viewed_id, view_date) VALUES ("304","391","2017-04-18 03:49:23");
INSERT INTO views (viewer_id, viewed_id, view_date) VALUES ("317","391","2018-02-02 06:39:25");
INSERT INTO views (viewer_id, viewed_id, view_date) VALUES ("131","391","2017-10-25 09:38:14");
INSERT INTO views (viewer_id, viewed_id, view_date) VALUES ("230","391","2017-08-14 16:01:58");
INSERT INTO views (viewer_id, viewed_id, view_date) VALUES ("483","391","2017-08-26 03:41:46");
INSERT INTO views (viewer_id, viewed_id, view_date) VALUES ("266","391","2017-06-29 01:36:58");
INSERT INTO views (viewer_id, viewed_id, view_date) VALUES ("175","391","2017-09-17 07:37:09");
INSERT INTO views (viewer_id, viewed_id, view_date) VALUES ("241","391","2017-12-29 13:38:11");
INSERT INTO views (viewer_id, viewed_id, view_date) VALUES ("183","391","2017-05-06 22:05:30");
INSERT INTO views (viewer_id, viewed_id, view_date) VALUES ("398","391","2017-03-18 09:25:45");
INSERT INTO views (viewer_id, viewed_id, view_date) VALUES ("12","391","2017-09-26 01:36:33");
INSERT INTO views (viewer_id, viewed_id, view_date) VALUES ("73","391","2017-09-05 20:31:06");
INSERT INTO views (viewer_id, viewed_id, view_date) VALUES ("135","391","2017-06-23 09:26:20");
INSERT INTO views (viewer_id, viewed_id, view_date) VALUES ("130","391","2017-10-06 17:49:04");
INSERT INTO views (viewer_id, viewed_id, view_date) VALUES ("485","391","2017-08-25 06:19:24");
INSERT INTO views (viewer_id, viewed_id, view_date) VALUES ("171","391","2017-10-18 07:00:16");
INSERT INTO views (viewer_id, viewed_id, view_date) VALUES ("169","391","2017-11-07 03:33:20");
INSERT INTO views (viewer_id, viewed_id, view_date) VALUES ("480","391","2017-04-30 08:39:59");
INSERT INTO views (viewer_id, viewed_id, view_date) VALUES ("389","391","2017-02-17 02:58:09");
INSERT INTO views (viewer_id, viewed_id, view_date) VALUES ("58","391","2017-05-18 16:30:15");
INSERT INTO views (viewer_id, viewed_id, view_date) VALUES ("420","391","2017-12-26 07:30:55");
INSERT INTO views (viewer_id, viewed_id, view_date) VALUES ("345","391","2017-09-04 18:39:05");
INSERT INTO views (viewer_id, viewed_id, view_date) VALUES ("468","391","2017-12-22 23:56:45");


INSERT INTO user (id, first_name, last_name, username, email, password, birthdate, gender, orientation, bio, country, state, city, zip, file_1, file_2, file_3, file_4, file_5, score, token, token_date, active, register, created_at, updated_at) VALUES ("392","Ofelia","Haag","aaliyahlangworth","colleen.bartoletti@yahoo.com","$2y$10$OJ9MZK7Zvqsg/vB2OQCYyOlX7KZYVLb.2rD5fHFsLZ/BbrFMfNhWm","1948-06-05 07:22:15","1","2","Quia nostrum perferendis explicabo velit eos nesciunt laborum quis. Dolorem quis illo nesciunt repellendus. Cumque quidem esse occaecati.","Bhutan","","East Mayeview","41725-8187","../fixtures/male10.jpg","../fixtures/male10.jpg","../fixtures/male2.jpg","../fixtures/male3.jpg","../fixtures/male1.jpg","2","b533a426e510dc339bf3e2ecc55d8335","2002-02-23 23:30:22","1","0","1985-12-03 08:32:34","2010-05-01 17:01:40");
INSERT INTO user_tag (user_id, tag_id) VALUES ("392","12");
INSERT INTO user_tag (user_id, tag_id) VALUES ("392","1");
INSERT INTO user_tag (user_id, tag_id) VALUES ("392","4");
INSERT INTO user_tag (user_id, tag_id) VALUES ("392","17");

INSERT INTO connected (user_id, connect_date) VALUES ("392","2018-01-13 22:55:11");
INSERT INTO likes (like_id, liked_id, like_date) VALUES ("340","392","2017-04-23 11:02:38");
INSERT INTO likes (like_id, liked_id, like_date) VALUES ("151","392","2017-05-05 05:39:21");
INSERT INTO likes (like_id, liked_id, like_date) VALUES ("199","392","2017-06-25 03:30:50");
INSERT INTO likes (like_id, liked_id, like_date) VALUES ("274","392","2017-04-30 15:13:26");
INSERT INTO likes (like_id, liked_id, like_date) VALUES ("193","392","2018-01-21 15:19:54");
INSERT INTO likes (like_id, liked_id, like_date) VALUES ("163","392","2018-01-10 15:01:50");
INSERT INTO likes (like_id, liked_id, like_date) VALUES ("26","392","2017-03-18 15:09:12");
INSERT INTO likes (like_id, liked_id, like_date) VALUES ("276","392","2017-09-01 02:18:46");
INSERT INTO likes (like_id, liked_id, like_date) VALUES ("46","392","2017-10-13 01:00:03");
INSERT INTO likes (like_id, liked_id, like_date) VALUES ("82","392","2017-11-26 22:16:42");
INSERT INTO likes (like_id, liked_id, like_date) VALUES ("247","392","2017-06-17 16:16:23");
INSERT INTO likes (like_id, liked_id, like_date) VALUES ("357","392","2017-09-30 06:26:08");
INSERT INTO likes (like_id, liked_id, like_date) VALUES ("187","392","2018-01-04 11:31:39");
INSERT INTO likes (like_id, liked_id, like_date) VALUES ("240","392","2017-10-28 16:35:16");
INSERT INTO likes (like_id, liked_id, like_date) VALUES ("489","392","2017-12-05 02:05:02");
INSERT INTO likes (like_id, liked_id, like_date) VALUES ("212","392","2017-07-27 00:01:11");
INSERT INTO views (viewer_id, viewed_id, view_date) VALUES ("52","392","2017-02-23 05:02:00");
INSERT INTO views (viewer_id, viewed_id, view_date) VALUES ("181","392","2017-05-01 08:08:09");
INSERT INTO views (viewer_id, viewed_id, view_date) VALUES ("98","392","2017-03-13 02:58:34");
INSERT INTO views (viewer_id, viewed_id, view_date) VALUES ("28","392","2018-01-16 07:44:04");
INSERT INTO views (viewer_id, viewed_id, view_date) VALUES ("280","392","2017-07-01 08:46:08");
INSERT INTO views (viewer_id, viewed_id, view_date) VALUES ("108","392","2017-12-05 11:23:45");
INSERT INTO views (viewer_id, viewed_id, view_date) VALUES ("175","392","2017-04-13 03:23:51");
INSERT INTO views (viewer_id, viewed_id, view_date) VALUES ("490","392","2017-03-31 11:18:09");
INSERT INTO views (viewer_id, viewed_id, view_date) VALUES ("429","392","2017-04-01 23:22:45");
INSERT INTO views (viewer_id, viewed_id, view_date) VALUES ("408","392","2017-08-28 05:00:37");
INSERT INTO views (viewer_id, viewed_id, view_date) VALUES ("297","392","2017-11-20 18:14:36");
INSERT INTO views (viewer_id, viewed_id, view_date) VALUES ("294","392","2017-07-18 12:00:19");
INSERT INTO views (viewer_id, viewed_id, view_date) VALUES ("123","392","2017-10-12 15:25:22");
INSERT INTO views (viewer_id, viewed_id, view_date) VALUES ("358","392","2018-01-18 07:30:20");
INSERT INTO views (viewer_id, viewed_id, view_date) VALUES ("33","392","2017-05-24 02:53:03");
INSERT INTO views (viewer_id, viewed_id, view_date) VALUES ("403","392","2017-06-27 18:11:55");
INSERT INTO views (viewer_id, viewed_id, view_date) VALUES ("245","392","2017-03-06 01:36:44");
INSERT INTO views (viewer_id, viewed_id, view_date) VALUES ("497","392","2017-06-26 00:45:07");
INSERT INTO views (viewer_id, viewed_id, view_date) VALUES ("298","392","2017-12-15 09:23:53");
INSERT INTO views (viewer_id, viewed_id, view_date) VALUES ("20","392","2017-06-29 20:48:59");


INSERT INTO user (id, first_name, last_name, username, email, password, birthdate, gender, orientation, bio, country, state, city, zip, file_1, file_2, file_3, file_4, file_5, score, token, token_date, active, register, created_at, updated_at) VALUES ("393","Carleton","O'Kon","gbreitenberg","pacocha.loy@gmail.com","$2y$10$lFIXM3/Hj.Uy/uH5mWCfUOnPWjCPICqxduvp.RANDIR.AbcPU83tq","1972-02-27 11:07:42","2","2","Praesentium voluptatem qui porro ea minus. Ut quam molestiae dolorem voluptas animi. Cum ex aperiam beatae debitis est fugit. Quo maxime fuga ducimus laborum neque exercitationem eveniet.","Trinidad and Tobago","","Cortezland","69656","../fixtures/female10.jpg","../fixtures/female5.jpg","../fixtures/female7.jpg","../fixtures/female2.jpg","../fixtures/female7.jpg","87","bb9e023f2a50c9be3f46812ca91110b9","1986-03-08 23:58:47","0","0","1998-06-24 23:23:23","1986-09-11 12:55:46");
INSERT INTO user_tag (user_id, tag_id) VALUES ("393","25");
INSERT INTO user_tag (user_id, tag_id) VALUES ("393","13");
INSERT INTO user_tag (user_id, tag_id) VALUES ("393","46");

INSERT INTO connected (user_id, connect_date) VALUES ("393","2017-03-08 12:25:02");
INSERT INTO likes (like_id, liked_id, like_date) VALUES ("65","393","2017-03-06 23:02:18");
INSERT INTO likes (like_id, liked_id, like_date) VALUES ("289","393","2017-04-20 23:10:35");
INSERT INTO views (viewer_id, viewed_id, view_date) VALUES ("300","393","2017-11-11 03:34:08");
INSERT INTO views (viewer_id, viewed_id, view_date) VALUES ("181","393","2017-03-05 08:39:21");
INSERT INTO views (viewer_id, viewed_id, view_date) VALUES ("87","393","2017-10-24 13:12:59");
INSERT INTO views (viewer_id, viewed_id, view_date) VALUES ("458","393","2017-07-23 11:00:08");
INSERT INTO views (viewer_id, viewed_id, view_date) VALUES ("233","393","2017-10-07 11:39:20");
INSERT INTO views (viewer_id, viewed_id, view_date) VALUES ("483","393","2017-04-03 14:03:00");
INSERT INTO views (viewer_id, viewed_id, view_date) VALUES ("464","393","2017-08-04 01:35:34");


INSERT INTO user (id, first_name, last_name, username, email, password, birthdate, gender, orientation, bio, country, state, city, zip, file_1, file_2, file_3, file_4, file_5, score, token, token_date, active, register, created_at, updated_at) VALUES ("394","Alberta","Herzog","ukiehn","kuphal.rosetta@turner.org","$2y$10$fUpJ7tsqObBv3oOmVa.kNOWb5ezvI6nmIWaahY1D04gDt1nfHk9BW","1984-03-17 10:06:41","1","3","Et molestiae sint labore et tempora enim. In ut error quia nemo. Qui officia aliquid rerum sed culpa nemo rerum. Perferendis ea pariatur neque quia.","Pakistan","","Ednaside","05495-3828","../fixtures/male7.jpg","../fixtures/male10.jpg","../fixtures/male6.jpg","../fixtures/male4.jpg","../fixtures/male3.jpg","10","8350643e0f143f0914f3731bd340b66d","1984-02-06 18:29:41","0","0","1990-01-02 12:19:15","1973-05-07 10:02:35");
INSERT INTO user_tag (user_id, tag_id) VALUES ("394","23");
INSERT INTO user_tag (user_id, tag_id) VALUES ("394","16");
INSERT INTO user_tag (user_id, tag_id) VALUES ("394","38");

INSERT INTO connected (user_id, connect_date) VALUES ("394","2017-08-31 01:59:35");
INSERT INTO likes (like_id, liked_id, like_date) VALUES ("241","394","2017-06-06 06:23:36");
INSERT INTO likes (like_id, liked_id, like_date) VALUES ("206","394","2017-08-15 15:06:23");
INSERT INTO likes (like_id, liked_id, like_date) VALUES ("117","394","2018-01-10 11:57:10");
INSERT INTO likes (like_id, liked_id, like_date) VALUES ("348","394","2017-05-07 15:41:38");
INSERT INTO likes (like_id, liked_id, like_date) VALUES ("216","394","2017-06-16 10:03:52");
INSERT INTO likes (like_id, liked_id, like_date) VALUES ("44","394","2017-10-06 06:24:24");
INSERT INTO likes (like_id, liked_id, like_date) VALUES ("30","394","2018-01-06 06:37:24");
INSERT INTO likes (like_id, liked_id, like_date) VALUES ("404","394","2017-07-29 06:13:28");
INSERT INTO likes (like_id, liked_id, like_date) VALUES ("406","394","2017-05-14 21:22:14");
INSERT INTO likes (like_id, liked_id, like_date) VALUES ("313","394","2017-08-13 20:08:29");
INSERT INTO views (viewer_id, viewed_id, view_date) VALUES ("228","394","2017-09-09 00:46:27");
INSERT INTO views (viewer_id, viewed_id, view_date) VALUES ("122","394","2017-04-02 12:21:21");
INSERT INTO views (viewer_id, viewed_id, view_date) VALUES ("186","394","2017-03-14 21:05:41");
INSERT INTO views (viewer_id, viewed_id, view_date) VALUES ("135","394","2017-08-17 20:00:46");
INSERT INTO views (viewer_id, viewed_id, view_date) VALUES ("172","394","2017-06-13 04:33:21");
INSERT INTO views (viewer_id, viewed_id, view_date) VALUES ("436","394","2017-07-12 08:32:20");
INSERT INTO views (viewer_id, viewed_id, view_date) VALUES ("135","394","2017-05-30 09:16:51");
INSERT INTO views (viewer_id, viewed_id, view_date) VALUES ("430","394","2017-12-12 17:12:24");
INSERT INTO views (viewer_id, viewed_id, view_date) VALUES ("184","394","2017-11-29 10:35:54");
INSERT INTO views (viewer_id, viewed_id, view_date) VALUES ("352","394","2017-07-09 19:23:35");
INSERT INTO views (viewer_id, viewed_id, view_date) VALUES ("445","394","2018-01-23 06:42:34");
INSERT INTO views (viewer_id, viewed_id, view_date) VALUES ("224","394","2018-01-31 08:20:02");
INSERT INTO views (viewer_id, viewed_id, view_date) VALUES ("5","394","2017-12-10 15:44:50");
INSERT INTO views (viewer_id, viewed_id, view_date) VALUES ("328","394","2017-08-29 08:33:46");
INSERT INTO views (viewer_id, viewed_id, view_date) VALUES ("200","394","2017-07-10 14:38:25");
INSERT INTO views (viewer_id, viewed_id, view_date) VALUES ("116","394","2017-12-19 16:33:30");
INSERT INTO views (viewer_id, viewed_id, view_date) VALUES ("183","394","2017-12-09 22:20:08");
INSERT INTO views (viewer_id, viewed_id, view_date) VALUES ("473","394","2017-05-23 18:57:50");
INSERT INTO views (viewer_id, viewed_id, view_date) VALUES ("441","394","2018-01-03 11:24:17");
INSERT INTO views (viewer_id, viewed_id, view_date) VALUES ("258","394","2018-02-10 19:30:15");
INSERT INTO views (viewer_id, viewed_id, view_date) VALUES ("492","394","2017-12-19 09:39:28");
INSERT INTO views (viewer_id, viewed_id, view_date) VALUES ("322","394","2017-04-11 00:35:59");
INSERT INTO views (viewer_id, viewed_id, view_date) VALUES ("256","394","2017-05-28 12:32:48");


INSERT INTO user (id, first_name, last_name, username, email, password, birthdate, gender, orientation, bio, country, state, city, zip, file_1, file_2, file_3, file_4, file_5, score, token, token_date, active, register, created_at, updated_at) VALUES ("395","Pasquale","Thiel","gradykelli","yoshiko19@gmail.com","$2y$10$GfQKzGN6uLx8ThWqpRGDMOHTX32sZK/20yZaTlN1WQdPn5pPXfpj6","1989-01-09 12:37:23","2","2","Molestiae quisquam quidem aut voluptatibus. Eum quos laboriosam dolorum fugiat et sequi. Omnis velit blanditiis voluptatem temporibus soluta debitis. Est beatae ut optio ipsa mollitia ea sint enim.","Thailand","","Bertramside","40593","../fixtures/female4.jpg","../fixtures/female4.jpg","../fixtures/female7.jpg","../fixtures/female5.jpg","../fixtures/female3.jpg","35","e8e5b13227619088ba517896be20149b","2004-05-02 16:17:12","1","1","1970-06-06 18:46:08","1995-03-12 22:35:09");
INSERT INTO user_tag (user_id, tag_id) VALUES ("395","18");
INSERT INTO user_tag (user_id, tag_id) VALUES ("395","47");
INSERT INTO user_tag (user_id, tag_id) VALUES ("395","14");
INSERT INTO user_tag (user_id, tag_id) VALUES ("395","34");
INSERT INTO user_tag (user_id, tag_id) VALUES ("395","46");
INSERT INTO user_tag (user_id, tag_id) VALUES ("395","44");
INSERT INTO user_tag (user_id, tag_id) VALUES ("395","35");
INSERT INTO user_tag (user_id, tag_id) VALUES ("395","11");
INSERT INTO user_tag (user_id, tag_id) VALUES ("395","1");
INSERT INTO user_tag (user_id, tag_id) VALUES ("395","4");
INSERT INTO user_tag (user_id, tag_id) VALUES ("395","45");
INSERT INTO user_tag (user_id, tag_id) VALUES ("395","33");
INSERT INTO user_tag (user_id, tag_id) VALUES ("395","28");

INSERT INTO connected (user_id, connect_date) VALUES ("395","2017-07-22 19:30:52");
INSERT INTO likes (like_id, liked_id, like_date) VALUES ("490","395","2017-03-17 04:19:06");
INSERT INTO likes (like_id, liked_id, like_date) VALUES ("223","395","2017-05-09 19:16:11");
INSERT INTO likes (like_id, liked_id, like_date) VALUES ("141","395","2017-04-14 04:32:12");
INSERT INTO views (viewer_id, viewed_id, view_date) VALUES ("344","395","2017-10-21 05:28:13");
INSERT INTO views (viewer_id, viewed_id, view_date) VALUES ("208","395","2017-05-26 11:40:23");
INSERT INTO views (viewer_id, viewed_id, view_date) VALUES ("445","395","2017-12-05 23:49:28");
INSERT INTO views (viewer_id, viewed_id, view_date) VALUES ("17","395","2017-12-02 11:03:26");
INSERT INTO views (viewer_id, viewed_id, view_date) VALUES ("216","395","2017-11-13 08:58:54");
INSERT INTO views (viewer_id, viewed_id, view_date) VALUES ("297","395","2017-08-14 03:32:58");


INSERT INTO user (id, first_name, last_name, username, email, password, birthdate, gender, orientation, bio, country, state, city, zip, file_1, file_2, file_3, file_4, file_5, score, token, token_date, active, register, created_at, updated_at) VALUES ("396","Elton","Thiel","demarcoarmstrong","heidenreich.marlin@yahoo.com","$2y$10$8m5m4A0bo/7ljLnes4MLXOlZPiTXtEi7mrn1GOrxWwLBoajnYs4tK","1956-01-16 21:56:24","1","3","Dolore sit aliquam alias recusandae quibusdam accusamus eum. Velit expedita animi porro. Quo aperiam aperiam rerum voluptas non. Est repudiandae qui consectetur.","Somalia","","McCluremouth","88249-7332","../fixtures/male2.jpg","../fixtures/male9.jpg","","","","43","abc8d61d01c8650913bbd32b1cbd807c","2002-10-02 15:00:12","1","1","2005-12-01 03:06:24","2008-01-29 20:02:04");
INSERT INTO user_tag (user_id, tag_id) VALUES ("396","23");
INSERT INTO user_tag (user_id, tag_id) VALUES ("396","44");

INSERT INTO connected (user_id, connect_date) VALUES ("396","2017-10-05 02:48:02");
INSERT INTO likes (like_id, liked_id, like_date) VALUES ("365","396","2017-03-27 00:18:04");
INSERT INTO likes (like_id, liked_id, like_date) VALUES ("94","396","2017-04-30 03:39:36");
INSERT INTO likes (like_id, liked_id, like_date) VALUES ("389","396","2017-08-04 13:25:15");
INSERT INTO likes (like_id, liked_id, like_date) VALUES ("196","396","2017-08-12 07:21:40");
INSERT INTO likes (like_id, liked_id, like_date) VALUES ("309","396","2017-07-31 11:33:49");
INSERT INTO likes (like_id, liked_id, like_date) VALUES ("71","396","2017-05-23 05:19:08");
INSERT INTO likes (like_id, liked_id, like_date) VALUES ("381","396","2017-03-26 18:42:19");
INSERT INTO likes (like_id, liked_id, like_date) VALUES ("14","396","2017-10-18 07:48:45");
INSERT INTO likes (like_id, liked_id, like_date) VALUES ("186","396","2017-07-07 21:00:48");
INSERT INTO likes (like_id, liked_id, like_date) VALUES ("304","396","2017-03-31 14:07:24");
INSERT INTO likes (like_id, liked_id, like_date) VALUES ("318","396","2017-06-16 23:22:27");
INSERT INTO likes (like_id, liked_id, like_date) VALUES ("249","396","2017-02-17 18:00:03");
INSERT INTO likes (like_id, liked_id, like_date) VALUES ("493","396","2017-09-28 08:57:20");
INSERT INTO likes (like_id, liked_id, like_date) VALUES ("403","396","2017-03-29 12:49:43");
INSERT INTO likes (like_id, liked_id, like_date) VALUES ("116","396","2017-07-29 23:16:48");
INSERT INTO likes (like_id, liked_id, like_date) VALUES ("363","396","2017-11-30 22:13:42");
INSERT INTO likes (like_id, liked_id, like_date) VALUES ("458","396","2017-12-12 22:33:58");
INSERT INTO likes (like_id, liked_id, like_date) VALUES ("454","396","2017-09-04 02:16:24");
INSERT INTO views (viewer_id, viewed_id, view_date) VALUES ("415","396","2017-09-23 23:33:43");
INSERT INTO views (viewer_id, viewed_id, view_date) VALUES ("307","396","2017-09-13 21:33:11");
INSERT INTO views (viewer_id, viewed_id, view_date) VALUES ("369","396","2017-03-14 01:26:47");
INSERT INTO views (viewer_id, viewed_id, view_date) VALUES ("190","396","2017-07-25 02:19:57");
INSERT INTO views (viewer_id, viewed_id, view_date) VALUES ("156","396","2017-09-17 12:17:33");
INSERT INTO views (viewer_id, viewed_id, view_date) VALUES ("214","396","2018-01-19 16:51:24");
INSERT INTO views (viewer_id, viewed_id, view_date) VALUES ("9","396","2017-07-10 02:25:41");
INSERT INTO views (viewer_id, viewed_id, view_date) VALUES ("258","396","2017-10-11 09:09:31");
INSERT INTO views (viewer_id, viewed_id, view_date) VALUES ("464","396","2017-08-05 22:08:18");
INSERT INTO views (viewer_id, viewed_id, view_date) VALUES ("116","396","2017-12-12 17:56:12");


INSERT INTO user (id, first_name, last_name, username, email, password, birthdate, gender, orientation, bio, country, state, city, zip, file_1, file_2, file_3, file_4, file_5, score, token, token_date, active, register, created_at, updated_at) VALUES ("397","Ebba","Wisoky","stiedemanndanial","sauer.eli@yahoo.com","$2y$10$JhbS9OcKRkEmWijDMoYNLuyPzgCvHG/UAc2285Orc8RkS2rujFeFy","1955-01-18 21:30:43","1","1","Voluptatum temporibus dolores modi occaecati non consequatur. Facere non neque non temporibus. Dicta rerum accusamus eum neque illo dolor quia.","Gabon","","Weberland","98123","../fixtures/male1.jpg","../fixtures/male2.jpg","../fixtures/male5.jpg","","","30","c3c92d6c6633482c2733e33f312bc93e","1988-02-02 06:30:18","0","0","2011-08-31 18:13:42","1999-04-04 06:55:25");
INSERT INTO user_tag (user_id, tag_id) VALUES ("397","36");
INSERT INTO user_tag (user_id, tag_id) VALUES ("397","36");
INSERT INTO user_tag (user_id, tag_id) VALUES ("397","42");
INSERT INTO user_tag (user_id, tag_id) VALUES ("397","46");
INSERT INTO user_tag (user_id, tag_id) VALUES ("397","16");
INSERT INTO user_tag (user_id, tag_id) VALUES ("397","47");
INSERT INTO user_tag (user_id, tag_id) VALUES ("397","32");
INSERT INTO user_tag (user_id, tag_id) VALUES ("397","37");
INSERT INTO user_tag (user_id, tag_id) VALUES ("397","50");

INSERT INTO connected (user_id, connect_date) VALUES ("397","2017-05-22 22:51:57");
INSERT INTO likes (like_id, liked_id, like_date) VALUES ("444","397","2017-08-04 18:21:42");
INSERT INTO views (viewer_id, viewed_id, view_date) VALUES ("405","397","2017-12-02 07:41:35");
INSERT INTO views (viewer_id, viewed_id, view_date) VALUES ("445","397","2017-08-22 05:07:47");
INSERT INTO views (viewer_id, viewed_id, view_date) VALUES ("474","397","2017-05-22 16:31:43");
INSERT INTO views (viewer_id, viewed_id, view_date) VALUES ("398","397","2018-01-03 11:02:25");


INSERT INTO user (id, first_name, last_name, username, email, password, birthdate, gender, orientation, bio, country, state, city, zip, file_1, file_2, file_3, file_4, file_5, score, token, token_date, active, register, created_at, updated_at) VALUES ("398","Benton","Schimmel","biankaosinski","llittle@yahoo.com","$2y$10$tyeR58kUet4oUkLQ7Cdeuukp68wskJ30phLkuvxCcfd9YqQh9tjc6","1990-06-03 09:44:14","2","1","Quibusdam saepe omnis provident cumque sit quia optio. Officiis praesentium aspernatur distinctio animi. Aut aliquid quidem in non voluptatum facilis.","Albania","","Beerview","76615","../fixtures/female1.jpg","../fixtures/female10.jpg","../fixtures/female6.jpg","../fixtures/female10.jpg","","15","025738ee3f088c5f979c003412ebe498","1975-12-23 12:24:23","0","0","1992-11-03 17:22:22","1999-07-18 03:45:50");
INSERT INTO user_tag (user_id, tag_id) VALUES ("398","5");
INSERT INTO user_tag (user_id, tag_id) VALUES ("398","36");
INSERT INTO user_tag (user_id, tag_id) VALUES ("398","14");
INSERT INTO user_tag (user_id, tag_id) VALUES ("398","8");

INSERT INTO connected (user_id, connect_date) VALUES ("398","2017-03-31 02:22:30");
INSERT INTO likes (like_id, liked_id, like_date) VALUES ("82","398","2018-01-19 08:52:15");
INSERT INTO views (viewer_id, viewed_id, view_date) VALUES ("221","398","2017-07-27 09:50:25");
INSERT INTO views (viewer_id, viewed_id, view_date) VALUES ("366","398","2017-08-30 01:11:36");
INSERT INTO views (viewer_id, viewed_id, view_date) VALUES ("363","398","2018-01-30 19:09:10");
INSERT INTO views (viewer_id, viewed_id, view_date) VALUES ("301","398","2017-06-29 11:07:50");
INSERT INTO views (viewer_id, viewed_id, view_date) VALUES ("234","398","2017-10-20 17:05:48");
INSERT INTO views (viewer_id, viewed_id, view_date) VALUES ("227","398","2017-06-06 13:37:52");
INSERT INTO views (viewer_id, viewed_id, view_date) VALUES ("122","398","2017-05-28 10:24:34");
INSERT INTO views (viewer_id, viewed_id, view_date) VALUES ("217","398","2018-01-12 03:40:18");
INSERT INTO views (viewer_id, viewed_id, view_date) VALUES ("477","398","2017-12-09 00:57:52");
INSERT INTO views (viewer_id, viewed_id, view_date) VALUES ("73","398","2018-01-21 20:27:23");
INSERT INTO views (viewer_id, viewed_id, view_date) VALUES ("72","398","2018-01-23 07:37:59");
INSERT INTO views (viewer_id, viewed_id, view_date) VALUES ("418","398","2017-09-02 18:55:46");
INSERT INTO views (viewer_id, viewed_id, view_date) VALUES ("424","398","2017-06-26 16:31:43");
INSERT INTO views (viewer_id, viewed_id, view_date) VALUES ("324","398","2017-05-31 08:53:07");
INSERT INTO views (viewer_id, viewed_id, view_date) VALUES ("355","398","2017-11-26 21:04:23");
INSERT INTO views (viewer_id, viewed_id, view_date) VALUES ("455","398","2017-03-14 04:47:41");
INSERT INTO views (viewer_id, viewed_id, view_date) VALUES ("162","398","2017-03-02 13:25:33");
INSERT INTO views (viewer_id, viewed_id, view_date) VALUES ("156","398","2017-06-19 20:55:22");
INSERT INTO views (viewer_id, viewed_id, view_date) VALUES ("435","398","2017-11-28 06:57:25");
INSERT INTO views (viewer_id, viewed_id, view_date) VALUES ("58","398","2017-08-16 21:20:34");
INSERT INTO views (viewer_id, viewed_id, view_date) VALUES ("35","398","2017-08-07 00:50:22");
INSERT INTO views (viewer_id, viewed_id, view_date) VALUES ("256","398","2017-12-22 14:06:49");
INSERT INTO views (viewer_id, viewed_id, view_date) VALUES ("266","398","2017-07-15 06:35:14");
INSERT INTO views (viewer_id, viewed_id, view_date) VALUES ("219","398","2017-12-26 10:32:15");
INSERT INTO views (viewer_id, viewed_id, view_date) VALUES ("328","398","2017-10-14 23:11:51");
INSERT INTO views (viewer_id, viewed_id, view_date) VALUES ("114","398","2017-08-19 07:41:50");
INSERT INTO views (viewer_id, viewed_id, view_date) VALUES ("244","398","2017-04-01 21:52:31");
INSERT INTO views (viewer_id, viewed_id, view_date) VALUES ("122","398","2017-07-29 00:49:22");
INSERT INTO views (viewer_id, viewed_id, view_date) VALUES ("348","398","2018-02-03 04:28:15");


INSERT INTO user (id, first_name, last_name, username, email, password, birthdate, gender, orientation, bio, country, state, city, zip, file_1, file_2, file_3, file_4, file_5, score, token, token_date, active, register, created_at, updated_at) VALUES ("399","Dangelo","Schuppe","prempel","rosetta21@crooks.com","$2y$10$/Ln07acyrwfTkubaMpZHRueWE/Kv71ep5QF7m2wtuF/OLNAVq7ZCu","1949-09-26 15:13:06","2","1","Vel cumque eos qui fuga. Eum ipsum fugit non consequuntur in culpa. Ut aut exercitationem laudantium ducimus voluptas. Ratione minima molestiae aliquid voluptates eos sapiente.","Barbados","","New Kellie","99339-1227","../fixtures/female5.jpg","../fixtures/female6.jpg","../fixtures/female3.jpg","../fixtures/female8.jpg","","96","e307c7bd3f74f2f3cd2d354f5e41ed11","1996-12-31 07:04:26","0","0","2009-07-16 11:50:09","1974-12-26 20:54:07");
INSERT INTO user_tag (user_id, tag_id) VALUES ("399","30");
INSERT INTO user_tag (user_id, tag_id) VALUES ("399","14");
INSERT INTO user_tag (user_id, tag_id) VALUES ("399","33");
INSERT INTO user_tag (user_id, tag_id) VALUES ("399","6");

INSERT INTO connected (user_id, connect_date) VALUES ("399","2017-03-31 10:12:16");
INSERT INTO likes (like_id, liked_id, like_date) VALUES ("142","399","2017-05-14 01:47:09");
INSERT INTO likes (like_id, liked_id, like_date) VALUES ("378","399","2017-06-24 00:04:19");
INSERT INTO likes (like_id, liked_id, like_date) VALUES ("367","399","2017-08-26 17:23:18");
INSERT INTO likes (like_id, liked_id, like_date) VALUES ("214","399","2017-04-03 03:17:49");
INSERT INTO likes (like_id, liked_id, like_date) VALUES ("267","399","2017-07-01 02:01:35");
INSERT INTO likes (like_id, liked_id, like_date) VALUES ("244","399","2017-12-22 04:53:08");
INSERT INTO likes (like_id, liked_id, like_date) VALUES ("409","399","2017-03-04 13:35:31");
INSERT INTO likes (like_id, liked_id, like_date) VALUES ("147","399","2018-01-16 02:37:38");
INSERT INTO likes (like_id, liked_id, like_date) VALUES ("259","399","2017-08-13 09:44:31");
INSERT INTO likes (like_id, liked_id, like_date) VALUES ("397","399","2017-03-16 14:56:57");
INSERT INTO likes (like_id, liked_id, like_date) VALUES ("320","399","2017-04-14 03:43:36");
INSERT INTO likes (like_id, liked_id, like_date) VALUES ("317","399","2017-06-14 02:32:26");
INSERT INTO likes (like_id, liked_id, like_date) VALUES ("11","399","2017-08-11 12:02:04");
INSERT INTO likes (like_id, liked_id, like_date) VALUES ("181","399","2017-07-26 18:45:54");
INSERT INTO likes (like_id, liked_id, like_date) VALUES ("221","399","2017-05-01 12:45:40");
INSERT INTO likes (like_id, liked_id, like_date) VALUES ("313","399","2017-03-06 21:43:11");
INSERT INTO likes (like_id, liked_id, like_date) VALUES ("222","399","2017-10-13 13:29:46");
INSERT INTO views (viewer_id, viewed_id, view_date) VALUES ("433","399","2017-11-09 01:41:23");
INSERT INTO views (viewer_id, viewed_id, view_date) VALUES ("303","399","2017-02-20 23:13:27");
INSERT INTO views (viewer_id, viewed_id, view_date) VALUES ("392","399","2017-08-08 09:12:23");
INSERT INTO views (viewer_id, viewed_id, view_date) VALUES ("3","399","2017-03-08 15:59:11");
INSERT INTO views (viewer_id, viewed_id, view_date) VALUES ("321","399","2017-11-29 06:29:14");
INSERT INTO views (viewer_id, viewed_id, view_date) VALUES ("64","399","2017-10-05 07:48:34");
INSERT INTO views (viewer_id, viewed_id, view_date) VALUES ("250","399","2017-08-16 03:40:48");
INSERT INTO views (viewer_id, viewed_id, view_date) VALUES ("76","399","2018-02-12 09:26:37");
INSERT INTO views (viewer_id, viewed_id, view_date) VALUES ("95","399","2017-03-22 16:29:49");
INSERT INTO views (viewer_id, viewed_id, view_date) VALUES ("47","399","2017-04-19 09:35:56");
INSERT INTO views (viewer_id, viewed_id, view_date) VALUES ("300","399","2017-10-23 09:36:26");
INSERT INTO views (viewer_id, viewed_id, view_date) VALUES ("254","399","2017-08-09 10:42:07");
INSERT INTO views (viewer_id, viewed_id, view_date) VALUES ("226","399","2017-11-02 15:08:41");
INSERT INTO views (viewer_id, viewed_id, view_date) VALUES ("456","399","2017-10-05 02:28:30");
INSERT INTO views (viewer_id, viewed_id, view_date) VALUES ("154","399","2017-09-11 22:22:17");
INSERT INTO views (viewer_id, viewed_id, view_date) VALUES ("345","399","2017-08-10 21:41:41");
INSERT INTO views (viewer_id, viewed_id, view_date) VALUES ("133","399","2017-07-25 02:37:04");


INSERT INTO user (id, first_name, last_name, username, email, password, birthdate, gender, orientation, bio, country, state, city, zip, file_1, file_2, file_3, file_4, file_5, score, token, token_date, active, register, created_at, updated_at) VALUES ("400","Oscar","Kuhlman","daltonfadel","chyna.ritchie@yahoo.com","$2y$10$m87UsMkQZTsz.WsPwFV37.govmyfXb7gLJwBsSQhtt7vMvEDsv8PC","1956-05-22 07:42:09","2","1","Quam molestias iste molestias voluptates temporibus. Quia sit est voluptatem perspiciatis. Ab quis minus id voluptatem eum sit. Et rerum voluptatibus et qui.","Georgia","","Lindgrenport","96473-7319","../fixtures/female10.jpg","../fixtures/female3.jpg","../fixtures/female3.jpg","","","0","1f5cb5674f0070e1655dcdcd26b13842","2000-11-25 18:21:15","1","0","2008-06-30 11:21:36","1991-06-14 15:06:20");
INSERT INTO user_tag (user_id, tag_id) VALUES ("400","18");
INSERT INTO user_tag (user_id, tag_id) VALUES ("400","5");
INSERT INTO user_tag (user_id, tag_id) VALUES ("400","18");
INSERT INTO user_tag (user_id, tag_id) VALUES ("400","35");
INSERT INTO user_tag (user_id, tag_id) VALUES ("400","39");
INSERT INTO user_tag (user_id, tag_id) VALUES ("400","8");
INSERT INTO user_tag (user_id, tag_id) VALUES ("400","17");
INSERT INTO user_tag (user_id, tag_id) VALUES ("400","31");
INSERT INTO user_tag (user_id, tag_id) VALUES ("400","23");
INSERT INTO user_tag (user_id, tag_id) VALUES ("400","17");
INSERT INTO user_tag (user_id, tag_id) VALUES ("400","47");
INSERT INTO user_tag (user_id, tag_id) VALUES ("400","28");
INSERT INTO user_tag (user_id, tag_id) VALUES ("400","40");
INSERT INTO user_tag (user_id, tag_id) VALUES ("400","39");

INSERT INTO connected (user_id, connect_date) VALUES ("400","2017-07-06 20:52:01");
INSERT INTO likes (like_id, liked_id, like_date) VALUES ("133","400","2017-12-14 00:39:51");
INSERT INTO likes (like_id, liked_id, like_date) VALUES ("113","400","2017-07-21 01:38:39");
INSERT INTO likes (like_id, liked_id, like_date) VALUES ("42","400","2017-09-03 09:37:16");
INSERT INTO likes (like_id, liked_id, like_date) VALUES ("342","400","2017-11-11 13:39:21");
INSERT INTO likes (like_id, liked_id, like_date) VALUES ("170","400","2017-08-04 13:09:48");
INSERT INTO likes (like_id, liked_id, like_date) VALUES ("276","400","2017-11-12 13:25:36");
INSERT INTO likes (like_id, liked_id, like_date) VALUES ("407","400","2017-04-23 03:40:44");
INSERT INTO likes (like_id, liked_id, like_date) VALUES ("261","400","2017-08-23 02:19:49");
INSERT INTO likes (like_id, liked_id, like_date) VALUES ("63","400","2017-06-18 15:29:12");
INSERT INTO likes (like_id, liked_id, like_date) VALUES ("8","400","2017-10-21 22:26:25");
INSERT INTO likes (like_id, liked_id, like_date) VALUES ("91","400","2017-10-11 12:04:10");
INSERT INTO likes (like_id, liked_id, like_date) VALUES ("483","400","2018-02-03 00:55:54");
INSERT INTO likes (like_id, liked_id, like_date) VALUES ("5","400","2017-12-16 02:23:17");
INSERT INTO likes (like_id, liked_id, like_date) VALUES ("425","400","2017-02-21 20:12:47");
INSERT INTO likes (like_id, liked_id, like_date) VALUES ("262","400","2017-03-16 01:44:51");
INSERT INTO likes (like_id, liked_id, like_date) VALUES ("60","400","2017-05-02 13:29:56");
INSERT INTO likes (like_id, liked_id, like_date) VALUES ("389","400","2017-04-20 19:12:00");
INSERT INTO views (viewer_id, viewed_id, view_date) VALUES ("269","400","2017-02-16 14:53:42");
INSERT INTO views (viewer_id, viewed_id, view_date) VALUES ("146","400","2018-01-21 05:53:50");


INSERT INTO user (id, first_name, last_name, username, email, password, birthdate, gender, orientation, bio, country, state, city, zip, file_1, file_2, file_3, file_4, file_5, score, token, token_date, active, register, created_at, updated_at) VALUES ("401","Moses","Nicolas","ressie77","bbarrows@wisozk.com","$2y$10$.EHif1EzCoOA7Q0H9R83pe6762PCBsfDsUQ39PPtRN3M8zZY2E4sG","1992-03-02 11:07:10","2","2","Corrupti exercitationem optio aut atque. Provident tempora asperiores et expedita dolorem corporis. Aliquam aut dolor temporibus quis neque vel. Sit natus aut iste dolorem quia aut autem. Placeat fugit ea vel est distinctio deserunt.","Micronesia","","Port Elnaside","31520-3437","../fixtures/female6.jpg","../fixtures/female3.jpg","","","","98","925eb1c0906e859b7cfa641b3c45939a","1983-09-13 08:04:12","0","0","2002-09-22 07:00:17","1980-11-23 17:11:59");
INSERT INTO user_tag (user_id, tag_id) VALUES ("401","41");
INSERT INTO user_tag (user_id, tag_id) VALUES ("401","49");
INSERT INTO user_tag (user_id, tag_id) VALUES ("401","4");
INSERT INTO user_tag (user_id, tag_id) VALUES ("401","37");
INSERT INTO user_tag (user_id, tag_id) VALUES ("401","21");
INSERT INTO user_tag (user_id, tag_id) VALUES ("401","26");
INSERT INTO user_tag (user_id, tag_id) VALUES ("401","41");
INSERT INTO user_tag (user_id, tag_id) VALUES ("401","8");
INSERT INTO user_tag (user_id, tag_id) VALUES ("401","48");
INSERT INTO user_tag (user_id, tag_id) VALUES ("401","34");
INSERT INTO user_tag (user_id, tag_id) VALUES ("401","19");
INSERT INTO user_tag (user_id, tag_id) VALUES ("401","10");
INSERT INTO user_tag (user_id, tag_id) VALUES ("401","24");

INSERT INTO connected (user_id, connect_date) VALUES ("401","2017-06-15 08:17:10");
INSERT INTO likes (like_id, liked_id, like_date) VALUES ("454","401","2017-07-21 07:25:00");
INSERT INTO likes (like_id, liked_id, like_date) VALUES ("247","401","2017-10-05 10:19:18");
INSERT INTO likes (like_id, liked_id, like_date) VALUES ("354","401","2017-11-15 05:58:02");
INSERT INTO likes (like_id, liked_id, like_date) VALUES ("29","401","2017-07-21 01:00:16");
INSERT INTO likes (like_id, liked_id, like_date) VALUES ("204","401","2018-01-31 16:33:20");
INSERT INTO likes (like_id, liked_id, like_date) VALUES ("55","401","2017-03-01 12:02:02");
INSERT INTO likes (like_id, liked_id, like_date) VALUES ("375","401","2017-05-09 05:19:06");
INSERT INTO likes (like_id, liked_id, like_date) VALUES ("209","401","2017-02-19 19:25:55");
INSERT INTO likes (like_id, liked_id, like_date) VALUES ("115","401","2017-05-22 02:27:55");
INSERT INTO likes (like_id, liked_id, like_date) VALUES ("187","401","2017-03-16 03:12:10");
INSERT INTO likes (like_id, liked_id, like_date) VALUES ("275","401","2017-07-10 22:49:12");
INSERT INTO likes (like_id, liked_id, like_date) VALUES ("53","401","2017-04-06 18:51:23");
INSERT INTO likes (like_id, liked_id, like_date) VALUES ("63","401","2017-08-23 03:57:42");
INSERT INTO views (viewer_id, viewed_id, view_date) VALUES ("29","401","2018-01-28 04:26:51");
INSERT INTO views (viewer_id, viewed_id, view_date) VALUES ("325","401","2017-03-11 12:12:36");
INSERT INTO views (viewer_id, viewed_id, view_date) VALUES ("343","401","2017-08-22 08:32:30");
INSERT INTO views (viewer_id, viewed_id, view_date) VALUES ("258","401","2017-10-10 00:02:46");
INSERT INTO views (viewer_id, viewed_id, view_date) VALUES ("380","401","2017-12-30 23:13:00");
INSERT INTO views (viewer_id, viewed_id, view_date) VALUES ("476","401","2017-09-22 00:52:24");
INSERT INTO views (viewer_id, viewed_id, view_date) VALUES ("45","401","2017-07-10 18:57:24");
INSERT INTO views (viewer_id, viewed_id, view_date) VALUES ("296","401","2017-07-07 03:58:52");
INSERT INTO views (viewer_id, viewed_id, view_date) VALUES ("447","401","2017-12-30 20:40:51");
INSERT INTO views (viewer_id, viewed_id, view_date) VALUES ("297","401","2017-09-30 16:57:39");
INSERT INTO views (viewer_id, viewed_id, view_date) VALUES ("153","401","2017-04-08 19:52:09");
INSERT INTO views (viewer_id, viewed_id, view_date) VALUES ("183","401","2017-05-09 00:49:17");
INSERT INTO views (viewer_id, viewed_id, view_date) VALUES ("315","401","2017-03-08 01:06:33");
INSERT INTO views (viewer_id, viewed_id, view_date) VALUES ("485","401","2017-08-02 00:36:07");
INSERT INTO views (viewer_id, viewed_id, view_date) VALUES ("270","401","2017-03-15 10:36:27");
INSERT INTO views (viewer_id, viewed_id, view_date) VALUES ("428","401","2017-10-19 08:22:21");
INSERT INTO views (viewer_id, viewed_id, view_date) VALUES ("436","401","2017-06-09 11:16:58");
INSERT INTO views (viewer_id, viewed_id, view_date) VALUES ("336","401","2017-07-11 04:27:02");
INSERT INTO views (viewer_id, viewed_id, view_date) VALUES ("106","401","2017-10-30 05:27:08");
INSERT INTO views (viewer_id, viewed_id, view_date) VALUES ("193","401","2017-12-09 12:54:00");


INSERT INTO user (id, first_name, last_name, username, email, password, birthdate, gender, orientation, bio, country, state, city, zip, file_1, file_2, file_3, file_4, file_5, score, token, token_date, active, register, created_at, updated_at) VALUES ("402","Hobart","Gottlieb","collinsmartina","arne.schuppe@christiansen.com","$2y$10$lAuhd3GDapALOKxPIit5sOidV3fbuVig8K/gKBcRyn7l08OrX8rG6","1994-06-27 02:05:28","2","3","Qui aut dignissimos dolore excepturi ullam. Quia vitae sit optio rerum quia. Quo amet velit fuga cum consequatur. Et at ex nam voluptatem iure ab voluptate.","Bhutan","","Bernieceside","96225","../fixtures/female8.jpg","","","","","23","4573f0cea0570ff877790b1420e55762","1978-07-21 19:09:09","1","0","1980-11-15 17:21:44","1993-07-06 22:18:40");
INSERT INTO user_tag (user_id, tag_id) VALUES ("402","31");
INSERT INTO user_tag (user_id, tag_id) VALUES ("402","26");
INSERT INTO user_tag (user_id, tag_id) VALUES ("402","28");

INSERT INTO connected (user_id, connect_date) VALUES ("402","2017-10-20 16:19:35");
INSERT INTO likes (like_id, liked_id, like_date) VALUES ("197","402","2017-08-06 10:25:00");
INSERT INTO likes (like_id, liked_id, like_date) VALUES ("349","402","2017-03-28 03:16:17");
INSERT INTO likes (like_id, liked_id, like_date) VALUES ("310","402","2017-11-17 07:28:29");
INSERT INTO likes (like_id, liked_id, like_date) VALUES ("484","402","2017-12-08 23:39:16");
INSERT INTO likes (like_id, liked_id, like_date) VALUES ("36","402","2017-08-18 10:52:22");
INSERT INTO likes (like_id, liked_id, like_date) VALUES ("242","402","2017-08-10 05:06:12");
INSERT INTO likes (like_id, liked_id, like_date) VALUES ("15","402","2017-12-20 21:32:35");
INSERT INTO likes (like_id, liked_id, like_date) VALUES ("495","402","2017-07-27 12:57:29");
INSERT INTO likes (like_id, liked_id, like_date) VALUES ("406","402","2017-04-30 13:22:54");
INSERT INTO likes (like_id, liked_id, like_date) VALUES ("290","402","2018-01-20 06:59:02");
INSERT INTO likes (like_id, liked_id, like_date) VALUES ("169","402","2017-07-12 16:25:26");
INSERT INTO likes (like_id, liked_id, like_date) VALUES ("386","402","2017-03-26 06:53:40");
INSERT INTO likes (like_id, liked_id, like_date) VALUES ("63","402","2018-02-13 12:58:33");
INSERT INTO likes (like_id, liked_id, like_date) VALUES ("46","402","2018-01-09 04:04:36");
INSERT INTO likes (like_id, liked_id, like_date) VALUES ("497","402","2018-02-11 17:43:47");
INSERT INTO likes (like_id, liked_id, like_date) VALUES ("303","402","2017-06-21 19:43:34");
INSERT INTO views (viewer_id, viewed_id, view_date) VALUES ("198","402","2017-09-15 14:36:44");
INSERT INTO views (viewer_id, viewed_id, view_date) VALUES ("463","402","2017-04-26 20:54:06");
INSERT INTO views (viewer_id, viewed_id, view_date) VALUES ("201","402","2017-10-04 21:28:47");
INSERT INTO views (viewer_id, viewed_id, view_date) VALUES ("190","402","2017-05-27 21:12:38");
INSERT INTO views (viewer_id, viewed_id, view_date) VALUES ("161","402","2017-09-02 07:35:51");
INSERT INTO views (viewer_id, viewed_id, view_date) VALUES ("475","402","2017-04-26 16:58:35");
INSERT INTO views (viewer_id, viewed_id, view_date) VALUES ("138","402","2017-07-06 16:37:42");
INSERT INTO views (viewer_id, viewed_id, view_date) VALUES ("412","402","2017-12-25 04:13:47");
INSERT INTO views (viewer_id, viewed_id, view_date) VALUES ("473","402","2017-06-04 02:36:57");
INSERT INTO views (viewer_id, viewed_id, view_date) VALUES ("170","402","2017-10-07 11:51:13");
INSERT INTO views (viewer_id, viewed_id, view_date) VALUES ("389","402","2017-09-05 12:41:32");
INSERT INTO views (viewer_id, viewed_id, view_date) VALUES ("116","402","2017-08-25 21:25:46");
INSERT INTO views (viewer_id, viewed_id, view_date) VALUES ("396","402","2017-12-10 03:27:00");
INSERT INTO views (viewer_id, viewed_id, view_date) VALUES ("418","402","2017-03-19 17:52:15");
INSERT INTO views (viewer_id, viewed_id, view_date) VALUES ("349","402","2017-06-07 13:24:20");
INSERT INTO views (viewer_id, viewed_id, view_date) VALUES ("319","402","2018-01-10 00:54:28");
INSERT INTO views (viewer_id, viewed_id, view_date) VALUES ("305","402","2017-05-26 05:06:50");
INSERT INTO views (viewer_id, viewed_id, view_date) VALUES ("408","402","2017-06-20 03:08:01");
INSERT INTO views (viewer_id, viewed_id, view_date) VALUES ("138","402","2017-08-03 08:09:33");
INSERT INTO views (viewer_id, viewed_id, view_date) VALUES ("341","402","2017-12-22 15:31:57");
INSERT INTO views (viewer_id, viewed_id, view_date) VALUES ("234","402","2017-12-09 21:00:00");


INSERT INTO user (id, first_name, last_name, username, email, password, birthdate, gender, orientation, bio, country, state, city, zip, file_1, file_2, file_3, file_4, file_5, score, token, token_date, active, register, created_at, updated_at) VALUES ("403","Payton","Klein","gerholdmacy","obins@gleason.com","$2y$10$ZUEe3zBge2FffLvPIyyqWuj/6EIZoWtD3B9.ezdtIiVMpq8sgBBiG","1960-01-22 13:35:52","1","2","Magnam ut porro corrupti porro aspernatur aut et. Esse eos sequi ex non facilis repellat tempore. Qui et nemo neque.","French Guiana","","North Chadrick","17442-9024","../fixtures/male5.jpg","../fixtures/male6.jpg","","","","38","1eb0297eda145d775810266b8a99b708","1970-09-02 09:56:43","1","0","1971-09-15 19:31:21","1980-10-22 21:39:31");
INSERT INTO user_tag (user_id, tag_id) VALUES ("403","18");
INSERT INTO user_tag (user_id, tag_id) VALUES ("403","43");
INSERT INTO user_tag (user_id, tag_id) VALUES ("403","36");
INSERT INTO user_tag (user_id, tag_id) VALUES ("403","50");
INSERT INTO user_tag (user_id, tag_id) VALUES ("403","43");
INSERT INTO user_tag (user_id, tag_id) VALUES ("403","22");
INSERT INTO user_tag (user_id, tag_id) VALUES ("403","29");
INSERT INTO user_tag (user_id, tag_id) VALUES ("403","44");
INSERT INTO user_tag (user_id, tag_id) VALUES ("403","6");
INSERT INTO user_tag (user_id, tag_id) VALUES ("403","19");

INSERT INTO connected (user_id, connect_date) VALUES ("403","2017-03-20 08:09:19");
INSERT INTO likes (like_id, liked_id, like_date) VALUES ("102","403","2017-03-17 09:38:07");
INSERT INTO likes (like_id, liked_id, like_date) VALUES ("221","403","2017-09-22 05:29:51");
INSERT INTO likes (like_id, liked_id, like_date) VALUES ("437","403","2017-08-13 19:11:59");
INSERT INTO views (viewer_id, viewed_id, view_date) VALUES ("236","403","2017-05-15 00:01:50");
INSERT INTO views (viewer_id, viewed_id, view_date) VALUES ("94","403","2017-08-21 09:32:58");
INSERT INTO views (viewer_id, viewed_id, view_date) VALUES ("325","403","2017-06-07 16:08:06");
INSERT INTO views (viewer_id, viewed_id, view_date) VALUES ("129","403","2017-03-28 09:40:51");
INSERT INTO views (viewer_id, viewed_id, view_date) VALUES ("472","403","2017-06-26 15:51:30");
INSERT INTO views (viewer_id, viewed_id, view_date) VALUES ("125","403","2018-02-03 05:50:16");
INSERT INTO views (viewer_id, viewed_id, view_date) VALUES ("432","403","2017-11-09 15:28:10");
INSERT INTO views (viewer_id, viewed_id, view_date) VALUES ("447","403","2017-09-09 06:12:42");
INSERT INTO views (viewer_id, viewed_id, view_date) VALUES ("253","403","2017-09-12 21:06:11");
INSERT INTO views (viewer_id, viewed_id, view_date) VALUES ("418","403","2017-07-03 17:57:18");
INSERT INTO views (viewer_id, viewed_id, view_date) VALUES ("179","403","2017-12-13 06:34:19");
INSERT INTO views (viewer_id, viewed_id, view_date) VALUES ("364","403","2017-07-26 01:45:47");
INSERT INTO views (viewer_id, viewed_id, view_date) VALUES ("112","403","2017-10-29 02:27:32");
INSERT INTO views (viewer_id, viewed_id, view_date) VALUES ("48","403","2018-01-04 10:47:57");
INSERT INTO views (viewer_id, viewed_id, view_date) VALUES ("112","403","2017-05-09 16:09:08");
INSERT INTO views (viewer_id, viewed_id, view_date) VALUES ("495","403","2017-02-17 01:27:16");
INSERT INTO views (viewer_id, viewed_id, view_date) VALUES ("212","403","2017-05-14 08:45:23");
INSERT INTO views (viewer_id, viewed_id, view_date) VALUES ("457","403","2017-03-16 07:11:29");
INSERT INTO views (viewer_id, viewed_id, view_date) VALUES ("183","403","2017-08-28 17:35:47");
INSERT INTO views (viewer_id, viewed_id, view_date) VALUES ("417","403","2018-02-02 21:53:26");
INSERT INTO views (viewer_id, viewed_id, view_date) VALUES ("354","403","2017-11-13 07:08:29");


INSERT INTO user (id, first_name, last_name, username, email, password, birthdate, gender, orientation, bio, country, state, city, zip, file_1, file_2, file_3, file_4, file_5, score, token, token_date, active, register, created_at, updated_at) VALUES ("404","Sarah","Mertz","lonny03","dana89@gmail.com","$2y$10$V07hc1pRyZxeWU9UEFCEYepjR6HoLfshq2JJETP4bXf5lUitcZ1S2","1955-04-20 06:11:35","2","3","Hic ea rerum eligendi qui magni praesentium. Magnam saepe fugiat pariatur minima qui.","Turkmenistan","","Port Alexzander","77718-7708","../fixtures/female8.jpg","","","","","85","26d1650e9a8f9de6b6d8be68a45f601a","1991-10-01 07:32:50","0","0","2014-10-11 02:59:35","2009-02-19 21:21:50");
INSERT INTO user_tag (user_id, tag_id) VALUES ("404","10");
INSERT INTO user_tag (user_id, tag_id) VALUES ("404","38");
INSERT INTO user_tag (user_id, tag_id) VALUES ("404","9");

INSERT INTO connected (user_id, connect_date) VALUES ("404","2017-06-27 04:42:34");
INSERT INTO likes (like_id, liked_id, like_date) VALUES ("239","404","2017-05-09 10:13:22");
INSERT INTO likes (like_id, liked_id, like_date) VALUES ("280","404","2018-02-05 20:17:07");
INSERT INTO likes (like_id, liked_id, like_date) VALUES ("200","404","2017-03-12 16:30:37");
INSERT INTO likes (like_id, liked_id, like_date) VALUES ("150","404","2017-12-12 20:38:49");
INSERT INTO likes (like_id, liked_id, like_date) VALUES ("475","404","2017-05-05 21:05:12");
INSERT INTO likes (like_id, liked_id, like_date) VALUES ("150","404","2017-03-18 05:29:14");
INSERT INTO likes (like_id, liked_id, like_date) VALUES ("56","404","2017-05-02 03:52:49");
INSERT INTO likes (like_id, liked_id, like_date) VALUES ("118","404","2017-09-10 01:05:51");
INSERT INTO likes (like_id, liked_id, like_date) VALUES ("186","404","2017-07-05 17:40:31");
INSERT INTO views (viewer_id, viewed_id, view_date) VALUES ("132","404","2017-07-09 17:58:25");
INSERT INTO views (viewer_id, viewed_id, view_date) VALUES ("320","404","2017-09-26 12:39:19");
INSERT INTO views (viewer_id, viewed_id, view_date) VALUES ("400","404","2017-09-25 02:31:45");
INSERT INTO views (viewer_id, viewed_id, view_date) VALUES ("100","404","2017-10-29 17:04:03");
INSERT INTO views (viewer_id, viewed_id, view_date) VALUES ("211","404","2017-12-08 21:20:27");
INSERT INTO views (viewer_id, viewed_id, view_date) VALUES ("373","404","2017-04-17 03:11:32");
INSERT INTO views (viewer_id, viewed_id, view_date) VALUES ("322","404","2017-10-13 09:59:58");
INSERT INTO views (viewer_id, viewed_id, view_date) VALUES ("164","404","2017-12-16 06:38:30");


INSERT INTO user (id, first_name, last_name, username, email, password, birthdate, gender, orientation, bio, country, state, city, zip, file_1, file_2, file_3, file_4, file_5, score, token, token_date, active, register, created_at, updated_at) VALUES ("405","Otha","Steuber","rickey79","malcolm82@hotmail.com","$2y$10$dTIHSUcusula1SGv3uj6FeLE5R1z91X/omddgRtIYpfpjL3AGtlZm","1993-02-20 13:07:45","1","1","Consequatur quibusdam omnis aut dolor ratione blanditiis aut. Autem qui sunt reprehenderit temporibus ducimus. Unde provident ut officia perspiciatis minus.","Burkina Faso","","Gaylordfort","04776","../fixtures/male7.jpg","../fixtures/male2.jpg","../fixtures/male4.jpg","","","75","c02bc4722b14d2278e22ae3fa965384e","1986-03-10 11:17:40","0","0","1977-05-28 05:27:03","2001-05-25 06:17:07");
INSERT INTO user_tag (user_id, tag_id) VALUES ("405","30");
INSERT INTO user_tag (user_id, tag_id) VALUES ("405","10");
INSERT INTO user_tag (user_id, tag_id) VALUES ("405","3");
INSERT INTO user_tag (user_id, tag_id) VALUES ("405","26");
INSERT INTO user_tag (user_id, tag_id) VALUES ("405","46");

INSERT INTO connected (user_id, connect_date) VALUES ("405","2017-08-02 20:02:43");
INSERT INTO likes (like_id, liked_id, like_date) VALUES ("82","405","2017-06-13 21:21:35");
INSERT INTO likes (like_id, liked_id, like_date) VALUES ("316","405","2017-05-13 04:06:20");
INSERT INTO likes (like_id, liked_id, like_date) VALUES ("406","405","2017-07-06 14:12:56");
INSERT INTO likes (like_id, liked_id, like_date) VALUES ("490","405","2017-12-18 04:21:45");
INSERT INTO likes (like_id, liked_id, like_date) VALUES ("241","405","2017-04-09 16:11:45");
INSERT INTO likes (like_id, liked_id, like_date) VALUES ("146","405","2017-09-01 20:17:14");
INSERT INTO likes (like_id, liked_id, like_date) VALUES ("164","405","2017-06-07 15:00:57");
INSERT INTO likes (like_id, liked_id, like_date) VALUES ("226","405","2018-01-26 13:50:52");
INSERT INTO likes (like_id, liked_id, like_date) VALUES ("153","405","2017-03-17 23:52:09");
INSERT INTO likes (like_id, liked_id, like_date) VALUES ("499","405","2017-10-07 09:11:35");
INSERT INTO likes (like_id, liked_id, like_date) VALUES ("194","405","2017-12-09 06:18:11");
INSERT INTO likes (like_id, liked_id, like_date) VALUES ("480","405","2017-11-04 15:58:37");
INSERT INTO likes (like_id, liked_id, like_date) VALUES ("487","405","2017-07-18 11:35:29");
INSERT INTO likes (like_id, liked_id, like_date) VALUES ("105","405","2017-08-24 02:08:03");
INSERT INTO likes (like_id, liked_id, like_date) VALUES ("345","405","2018-01-31 00:41:18");
INSERT INTO likes (like_id, liked_id, like_date) VALUES ("252","405","2018-01-12 09:19:43");
INSERT INTO likes (like_id, liked_id, like_date) VALUES ("87","405","2017-11-24 00:18:04");
INSERT INTO views (viewer_id, viewed_id, view_date) VALUES ("238","405","2017-09-28 12:35:55");
INSERT INTO views (viewer_id, viewed_id, view_date) VALUES ("35","405","2017-04-05 09:29:13");
INSERT INTO views (viewer_id, viewed_id, view_date) VALUES ("135","405","2017-07-21 01:23:28");
INSERT INTO views (viewer_id, viewed_id, view_date) VALUES ("414","405","2017-04-29 22:29:35");
INSERT INTO views (viewer_id, viewed_id, view_date) VALUES ("389","405","2017-04-17 20:48:36");
INSERT INTO views (viewer_id, viewed_id, view_date) VALUES ("19","405","2018-01-23 03:14:06");
INSERT INTO views (viewer_id, viewed_id, view_date) VALUES ("124","405","2017-04-01 11:30:19");
INSERT INTO views (viewer_id, viewed_id, view_date) VALUES ("392","405","2017-10-18 01:31:50");
INSERT INTO views (viewer_id, viewed_id, view_date) VALUES ("433","405","2017-03-21 04:02:21");
INSERT INTO views (viewer_id, viewed_id, view_date) VALUES ("156","405","2017-02-17 05:15:21");
INSERT INTO views (viewer_id, viewed_id, view_date) VALUES ("258","405","2017-09-06 17:40:14");
INSERT INTO views (viewer_id, viewed_id, view_date) VALUES ("150","405","2017-10-09 17:01:20");
INSERT INTO views (viewer_id, viewed_id, view_date) VALUES ("469","405","2017-05-25 21:35:02");
INSERT INTO views (viewer_id, viewed_id, view_date) VALUES ("82","405","2018-02-13 09:44:04");
INSERT INTO views (viewer_id, viewed_id, view_date) VALUES ("4","405","2017-10-24 15:39:08");
INSERT INTO views (viewer_id, viewed_id, view_date) VALUES ("162","405","2017-05-10 07:18:54");
INSERT INTO views (viewer_id, viewed_id, view_date) VALUES ("164","405","2017-10-02 12:42:23");
INSERT INTO views (viewer_id, viewed_id, view_date) VALUES ("388","405","2017-02-15 23:09:45");
INSERT INTO views (viewer_id, viewed_id, view_date) VALUES ("423","405","2017-07-25 05:40:29");
INSERT INTO views (viewer_id, viewed_id, view_date) VALUES ("196","405","2017-07-11 22:10:46");
INSERT INTO views (viewer_id, viewed_id, view_date) VALUES ("367","405","2017-04-21 13:08:36");
INSERT INTO views (viewer_id, viewed_id, view_date) VALUES ("440","405","2017-12-09 15:16:24");
INSERT INTO views (viewer_id, viewed_id, view_date) VALUES ("278","405","2017-02-24 20:01:05");


INSERT INTO user (id, first_name, last_name, username, email, password, birthdate, gender, orientation, bio, country, state, city, zip, file_1, file_2, file_3, file_4, file_5, score, token, token_date, active, register, created_at, updated_at) VALUES ("406","Efren","Kertzmann","bernardo80","kohler.delfina@yahoo.com","$2y$10$xc3X5/hwKVxSukCoxNEXqOi/ZEtwgiPgKsmVPE07fF/8OrjIxhJs2","1950-07-28 07:31:21","1","3","Eaque saepe accusamus consequatur dolorem deserunt. Blanditiis saepe vel error esse ipsam. Ut cumque est explicabo quibusdam cumque.","Monaco","","Cummingsfurt","97818","../fixtures/male3.jpg","../fixtures/male3.jpg","../fixtures/male5.jpg","","","56","1aca5f64d898acb432aadff683dd91cf","1988-01-03 10:52:43","0","0","1978-01-03 09:41:13","2011-03-05 17:38:52");
INSERT INTO user_tag (user_id, tag_id) VALUES ("406","44");
INSERT INTO user_tag (user_id, tag_id) VALUES ("406","30");
INSERT INTO user_tag (user_id, tag_id) VALUES ("406","44");
INSERT INTO user_tag (user_id, tag_id) VALUES ("406","25");
INSERT INTO user_tag (user_id, tag_id) VALUES ("406","38");
INSERT INTO user_tag (user_id, tag_id) VALUES ("406","45");
INSERT INTO user_tag (user_id, tag_id) VALUES ("406","28");
INSERT INTO user_tag (user_id, tag_id) VALUES ("406","50");

INSERT INTO connected (user_id, connect_date) VALUES ("406","2017-04-20 10:38:31");
INSERT INTO likes (like_id, liked_id, like_date) VALUES ("81","406","2017-06-20 09:07:16");
INSERT INTO likes (like_id, liked_id, like_date) VALUES ("125","406","2018-01-28 16:54:45");
INSERT INTO likes (like_id, liked_id, like_date) VALUES ("395","406","2018-01-17 19:46:10");
INSERT INTO likes (like_id, liked_id, like_date) VALUES ("48","406","2017-03-01 11:28:53");
INSERT INTO likes (like_id, liked_id, like_date) VALUES ("54","406","2017-04-13 22:46:16");
INSERT INTO likes (like_id, liked_id, like_date) VALUES ("315","406","2017-12-29 18:16:06");
INSERT INTO likes (like_id, liked_id, like_date) VALUES ("246","406","2017-05-22 21:36:42");
INSERT INTO likes (like_id, liked_id, like_date) VALUES ("106","406","2017-03-15 12:11:12");
INSERT INTO likes (like_id, liked_id, like_date) VALUES ("338","406","2017-07-28 04:21:39");
INSERT INTO likes (like_id, liked_id, like_date) VALUES ("37","406","2017-04-22 22:47:40");
INSERT INTO likes (like_id, liked_id, like_date) VALUES ("463","406","2017-11-21 09:54:55");
INSERT INTO likes (like_id, liked_id, like_date) VALUES ("279","406","2017-06-10 05:04:12");
INSERT INTO likes (like_id, liked_id, like_date) VALUES ("372","406","2017-05-13 05:45:39");
INSERT INTO views (viewer_id, viewed_id, view_date) VALUES ("35","406","2017-05-06 23:46:06");
INSERT INTO views (viewer_id, viewed_id, view_date) VALUES ("445","406","2017-11-17 20:39:37");
INSERT INTO views (viewer_id, viewed_id, view_date) VALUES ("458","406","2017-06-25 13:30:02");
INSERT INTO views (viewer_id, viewed_id, view_date) VALUES ("41","406","2017-08-18 12:48:55");
INSERT INTO views (viewer_id, viewed_id, view_date) VALUES ("207","406","2017-03-07 04:12:41");
INSERT INTO views (viewer_id, viewed_id, view_date) VALUES ("471","406","2018-02-11 02:49:51");
INSERT INTO views (viewer_id, viewed_id, view_date) VALUES ("493","406","2017-08-06 02:02:40");
INSERT INTO views (viewer_id, viewed_id, view_date) VALUES ("38","406","2017-12-01 13:19:56");
INSERT INTO views (viewer_id, viewed_id, view_date) VALUES ("440","406","2017-04-17 19:33:14");
INSERT INTO views (viewer_id, viewed_id, view_date) VALUES ("204","406","2017-02-17 02:15:42");
INSERT INTO views (viewer_id, viewed_id, view_date) VALUES ("281","406","2018-01-24 14:39:51");
INSERT INTO views (viewer_id, viewed_id, view_date) VALUES ("245","406","2018-02-08 09:19:45");
INSERT INTO views (viewer_id, viewed_id, view_date) VALUES ("413","406","2017-08-31 01:08:06");
INSERT INTO views (viewer_id, viewed_id, view_date) VALUES ("230","406","2017-06-03 13:13:01");
INSERT INTO views (viewer_id, viewed_id, view_date) VALUES ("134","406","2017-09-25 07:32:23");
INSERT INTO views (viewer_id, viewed_id, view_date) VALUES ("22","406","2017-08-09 05:41:39");
INSERT INTO views (viewer_id, viewed_id, view_date) VALUES ("140","406","2017-08-02 05:40:59");
INSERT INTO views (viewer_id, viewed_id, view_date) VALUES ("228","406","2017-05-21 03:07:21");
INSERT INTO views (viewer_id, viewed_id, view_date) VALUES ("460","406","2017-06-01 15:58:33");
INSERT INTO views (viewer_id, viewed_id, view_date) VALUES ("65","406","2017-02-19 17:26:10");
INSERT INTO views (viewer_id, viewed_id, view_date) VALUES ("187","406","2017-11-23 13:29:44");
INSERT INTO views (viewer_id, viewed_id, view_date) VALUES ("435","406","2017-08-16 06:35:50");
INSERT INTO views (viewer_id, viewed_id, view_date) VALUES ("224","406","2017-04-04 12:16:47");
INSERT INTO views (viewer_id, viewed_id, view_date) VALUES ("74","406","2017-11-21 12:04:59");
INSERT INTO views (viewer_id, viewed_id, view_date) VALUES ("339","406","2017-10-12 05:26:17");
INSERT INTO views (viewer_id, viewed_id, view_date) VALUES ("423","406","2018-01-27 18:56:40");
INSERT INTO views (viewer_id, viewed_id, view_date) VALUES ("67","406","2017-06-01 07:21:54");


INSERT INTO user (id, first_name, last_name, username, email, password, birthdate, gender, orientation, bio, country, state, city, zip, file_1, file_2, file_3, file_4, file_5, score, token, token_date, active, register, created_at, updated_at) VALUES ("407","Celestine","Hintz","jamir82","enola.aufderhar@hotmail.com","$2y$10$7Tg75JsluZce86Og1.3umORPerVa5zDOTngWTPJKNdujUdvCA6eu6","1964-12-04 17:47:14","1","2","Sint deleniti dolor eos cupiditate voluptatibus. Tenetur praesentium modi architecto voluptas culpa quidem quo. Ut deleniti excepturi dolore magni in ut itaque recusandae. Ipsam non quam consequatur.","Jordan","","Altenwerthhaven","73444-1790","../fixtures/male5.jpg","../fixtures/male7.jpg","../fixtures/male2.jpg","../fixtures/male4.jpg","../fixtures/male7.jpg","56","2237b30fd04105862ac597d8908c54a9","1992-02-23 19:06:07","1","1","2012-04-04 01:11:48","1975-10-17 17:19:14");
INSERT INTO user_tag (user_id, tag_id) VALUES ("407","32");
INSERT INTO user_tag (user_id, tag_id) VALUES ("407","6");
INSERT INTO user_tag (user_id, tag_id) VALUES ("407","44");
INSERT INTO user_tag (user_id, tag_id) VALUES ("407","9");
INSERT INTO user_tag (user_id, tag_id) VALUES ("407","13");
INSERT INTO user_tag (user_id, tag_id) VALUES ("407","13");
INSERT INTO user_tag (user_id, tag_id) VALUES ("407","44");
INSERT INTO user_tag (user_id, tag_id) VALUES ("407","26");
INSERT INTO user_tag (user_id, tag_id) VALUES ("407","14");

INSERT INTO connected (user_id, connect_date) VALUES ("407","2018-01-29 09:49:19");
INSERT INTO likes (like_id, liked_id, like_date) VALUES ("211","407","2018-02-02 14:12:44");
INSERT INTO likes (like_id, liked_id, like_date) VALUES ("182","407","2017-05-05 05:27:27");
INSERT INTO likes (like_id, liked_id, like_date) VALUES ("161","407","2017-12-08 01:39:59");
INSERT INTO likes (like_id, liked_id, like_date) VALUES ("216","407","2017-11-07 14:38:50");
INSERT INTO likes (like_id, liked_id, like_date) VALUES ("381","407","2017-07-08 22:08:17");
INSERT INTO likes (like_id, liked_id, like_date) VALUES ("206","407","2017-06-06 23:17:08");
INSERT INTO likes (like_id, liked_id, like_date) VALUES ("14","407","2017-04-18 21:05:25");
INSERT INTO likes (like_id, liked_id, like_date) VALUES ("216","407","2017-09-21 03:22:43");
INSERT INTO likes (like_id, liked_id, like_date) VALUES ("385","407","2018-01-19 11:00:10");
INSERT INTO likes (like_id, liked_id, like_date) VALUES ("326","407","2018-01-04 10:43:00");
INSERT INTO views (viewer_id, viewed_id, view_date) VALUES ("496","407","2017-09-23 09:53:19");
INSERT INTO views (viewer_id, viewed_id, view_date) VALUES ("196","407","2017-09-10 04:54:11");
INSERT INTO views (viewer_id, viewed_id, view_date) VALUES ("250","407","2017-06-18 20:21:25");
INSERT INTO views (viewer_id, viewed_id, view_date) VALUES ("99","407","2017-08-08 09:26:36");


INSERT INTO user (id, first_name, last_name, username, email, password, birthdate, gender, orientation, bio, country, state, city, zip, file_1, file_2, file_3, file_4, file_5, score, token, token_date, active, register, created_at, updated_at) VALUES ("408","Jane","Schuster","cletaabernathy","shemar13@rowe.net","$2y$10$EsyGZr0S.m937xQ08Mj0UeTriI6BX8YAuVP4QmomLL2926WSP6RJi","1999-01-26 15:36:43","2","3","Incidunt quia et qui quis. Labore aut voluptatibus repellat labore occaecati voluptatibus et.","Northern Mariana Islands","","Port Rosetta","27648-3807","../fixtures/female3.jpg","../fixtures/female4.jpg","","","","31","4ea4aa4960ae43aa1f8c90236e58f9cd","2014-10-21 10:51:54","0","0","1973-06-12 12:21:25","2014-07-09 19:44:03");
INSERT INTO user_tag (user_id, tag_id) VALUES ("408","36");
INSERT INTO user_tag (user_id, tag_id) VALUES ("408","27");
INSERT INTO user_tag (user_id, tag_id) VALUES ("408","32");
INSERT INTO user_tag (user_id, tag_id) VALUES ("408","10");
INSERT INTO user_tag (user_id, tag_id) VALUES ("408","19");
INSERT INTO user_tag (user_id, tag_id) VALUES ("408","3");
INSERT INTO user_tag (user_id, tag_id) VALUES ("408","32");

INSERT INTO connected (user_id, connect_date) VALUES ("408","2017-04-08 13:07:09");
INSERT INTO likes (like_id, liked_id, like_date) VALUES ("467","408","2017-11-13 10:00:41");
INSERT INTO likes (like_id, liked_id, like_date) VALUES ("54","408","2017-05-23 17:29:05");
INSERT INTO likes (like_id, liked_id, like_date) VALUES ("5","408","2017-03-27 18:53:29");
INSERT INTO likes (like_id, liked_id, like_date) VALUES ("59","408","2017-03-29 22:02:35");
INSERT INTO likes (like_id, liked_id, like_date) VALUES ("275","408","2018-02-13 13:15:54");
INSERT INTO views (viewer_id, viewed_id, view_date) VALUES ("500","408","2017-02-20 02:11:20");
INSERT INTO views (viewer_id, viewed_id, view_date) VALUES ("239","408","2018-01-20 21:07:52");
INSERT INTO views (viewer_id, viewed_id, view_date) VALUES ("78","408","2017-03-15 05:24:40");


INSERT INTO user (id, first_name, last_name, username, email, password, birthdate, gender, orientation, bio, country, state, city, zip, file_1, file_2, file_3, file_4, file_5, score, token, token_date, active, register, created_at, updated_at) VALUES ("409","Tyreek","Mann","plang","greenfelder.retta@yahoo.com","$2y$10$IyzakzA/f4TUuM0HqoG37.Dfze9EgXS.ypU6cKozjPZPCPELTKdAm","1979-09-08 02:44:56","2","3","In pariatur et sed sed. Non iste ea et dicta aliquam nihil. Occaecati natus quo tempora sequi cumque sequi. Et molestiae aut ipsam asperiores.","Sao Tome and Principe","","Cummeratafurt","64649","../fixtures/female9.jpg","../fixtures/female2.jpg","../fixtures/female10.jpg","../fixtures/female8.jpg","../fixtures/female3.jpg","98","a2b54f464ac8e8ccf69086638cfd8f5f","2005-11-04 20:01:40","0","0","1994-05-18 01:08:42","1981-10-16 08:00:36");
INSERT INTO user_tag (user_id, tag_id) VALUES ("409","10");
INSERT INTO user_tag (user_id, tag_id) VALUES ("409","7");
INSERT INTO user_tag (user_id, tag_id) VALUES ("409","24");
INSERT INTO user_tag (user_id, tag_id) VALUES ("409","34");

INSERT INTO connected (user_id, connect_date) VALUES ("409","2017-11-02 01:40:24");
INSERT INTO likes (like_id, liked_id, like_date) VALUES ("135","409","2017-11-24 05:35:35");
INSERT INTO likes (like_id, liked_id, like_date) VALUES ("460","409","2017-05-21 14:26:36");
INSERT INTO likes (like_id, liked_id, like_date) VALUES ("271","409","2017-10-01 06:31:43");
INSERT INTO likes (like_id, liked_id, like_date) VALUES ("171","409","2017-08-23 14:29:49");
INSERT INTO likes (like_id, liked_id, like_date) VALUES ("434","409","2017-04-28 01:07:07");
INSERT INTO likes (like_id, liked_id, like_date) VALUES ("184","409","2017-06-10 06:31:00");
INSERT INTO likes (like_id, liked_id, like_date) VALUES ("454","409","2017-06-06 07:50:18");
INSERT INTO likes (like_id, liked_id, like_date) VALUES ("400","409","2017-11-13 06:03:39");
INSERT INTO likes (like_id, liked_id, like_date) VALUES ("96","409","2017-05-18 14:35:13");
INSERT INTO likes (like_id, liked_id, like_date) VALUES ("345","409","2017-04-07 23:43:35");
INSERT INTO likes (like_id, liked_id, like_date) VALUES ("96","409","2018-01-23 21:54:07");
INSERT INTO likes (like_id, liked_id, like_date) VALUES ("278","409","2017-08-20 09:12:48");
INSERT INTO likes (like_id, liked_id, like_date) VALUES ("26","409","2017-12-10 09:37:29");
INSERT INTO likes (like_id, liked_id, like_date) VALUES ("495","409","2017-12-21 04:00:58");
INSERT INTO likes (like_id, liked_id, like_date) VALUES ("460","409","2017-02-26 03:55:08");
INSERT INTO views (viewer_id, viewed_id, view_date) VALUES ("412","409","2017-10-15 00:56:11");
INSERT INTO views (viewer_id, viewed_id, view_date) VALUES ("277","409","2017-12-27 08:08:27");
INSERT INTO views (viewer_id, viewed_id, view_date) VALUES ("296","409","2017-04-12 05:06:41");
INSERT INTO views (viewer_id, viewed_id, view_date) VALUES ("38","409","2017-07-19 15:26:39");
INSERT INTO views (viewer_id, viewed_id, view_date) VALUES ("301","409","2017-05-03 03:44:14");
INSERT INTO views (viewer_id, viewed_id, view_date) VALUES ("147","409","2017-07-04 01:56:49");
INSERT INTO views (viewer_id, viewed_id, view_date) VALUES ("155","409","2018-01-07 13:04:58");
INSERT INTO views (viewer_id, viewed_id, view_date) VALUES ("14","409","2018-02-02 12:21:49");
INSERT INTO views (viewer_id, viewed_id, view_date) VALUES ("439","409","2017-08-13 17:25:20");
INSERT INTO views (viewer_id, viewed_id, view_date) VALUES ("153","409","2017-04-15 13:58:13");
INSERT INTO views (viewer_id, viewed_id, view_date) VALUES ("391","409","2017-06-01 18:21:25");
INSERT INTO views (viewer_id, viewed_id, view_date) VALUES ("132","409","2018-01-04 10:47:41");
INSERT INTO views (viewer_id, viewed_id, view_date) VALUES ("128","409","2018-01-05 15:17:38");
INSERT INTO views (viewer_id, viewed_id, view_date) VALUES ("178","409","2017-07-15 12:27:45");
INSERT INTO views (viewer_id, viewed_id, view_date) VALUES ("415","409","2017-07-06 22:15:24");
INSERT INTO views (viewer_id, viewed_id, view_date) VALUES ("236","409","2017-10-16 14:59:58");
INSERT INTO views (viewer_id, viewed_id, view_date) VALUES ("143","409","2017-10-02 06:31:37");
INSERT INTO views (viewer_id, viewed_id, view_date) VALUES ("370","409","2017-04-20 09:22:59");
INSERT INTO views (viewer_id, viewed_id, view_date) VALUES ("290","409","2017-11-01 06:03:32");
INSERT INTO views (viewer_id, viewed_id, view_date) VALUES ("415","409","2017-03-11 01:16:32");
INSERT INTO views (viewer_id, viewed_id, view_date) VALUES ("9","409","2017-10-26 17:24:53");
INSERT INTO views (viewer_id, viewed_id, view_date) VALUES ("360","409","2017-08-04 01:31:22");
INSERT INTO views (viewer_id, viewed_id, view_date) VALUES ("161","409","2017-10-11 14:19:44");
INSERT INTO views (viewer_id, viewed_id, view_date) VALUES ("350","409","2017-09-18 06:34:23");


INSERT INTO user (id, first_name, last_name, username, email, password, birthdate, gender, orientation, bio, country, state, city, zip, file_1, file_2, file_3, file_4, file_5, score, token, token_date, active, register, created_at, updated_at) VALUES ("410","Brain","Reichel","arvelhermiston","alek.strosin@simonis.com","$2y$10$YNMaF1CpRLOwU0o6DxwQw.qsgOkZS22D7caV03YNoF5h9IchI5noG","1949-09-14 22:15:54","2","2","Suscipit est accusantium enim. Pariatur esse amet et libero eaque id est. Illum eos quia ut ut culpa assumenda et ullam. Ducimus quidem tenetur numquam similique animi dolorem doloribus tempora.","Lebanon","","South Berenice","25335","../fixtures/female3.jpg","","","","","78","8b65931d3a418708ef22048e0188b121","2015-08-20 01:40:01","1","1","1986-02-27 02:15:46","1995-01-19 09:01:53");
INSERT INTO user_tag (user_id, tag_id) VALUES ("410","50");
INSERT INTO user_tag (user_id, tag_id) VALUES ("410","48");
INSERT INTO user_tag (user_id, tag_id) VALUES ("410","25");
INSERT INTO user_tag (user_id, tag_id) VALUES ("410","34");
INSERT INTO user_tag (user_id, tag_id) VALUES ("410","12");
INSERT INTO user_tag (user_id, tag_id) VALUES ("410","6");
INSERT INTO user_tag (user_id, tag_id) VALUES ("410","25");
INSERT INTO user_tag (user_id, tag_id) VALUES ("410","40");
INSERT INTO user_tag (user_id, tag_id) VALUES ("410","20");
INSERT INTO user_tag (user_id, tag_id) VALUES ("410","32");
INSERT INTO user_tag (user_id, tag_id) VALUES ("410","46");
INSERT INTO user_tag (user_id, tag_id) VALUES ("410","21");
INSERT INTO user_tag (user_id, tag_id) VALUES ("410","36");
INSERT INTO user_tag (user_id, tag_id) VALUES ("410","3");
INSERT INTO user_tag (user_id, tag_id) VALUES ("410","15");

INSERT INTO connected (user_id, connect_date) VALUES ("410","2017-08-11 13:09:36");
INSERT INTO likes (like_id, liked_id, like_date) VALUES ("102","410","2017-04-18 06:58:58");
INSERT INTO likes (like_id, liked_id, like_date) VALUES ("481","410","2017-10-01 23:00:28");
INSERT INTO likes (like_id, liked_id, like_date) VALUES ("256","410","2017-11-27 05:51:04");
INSERT INTO likes (like_id, liked_id, like_date) VALUES ("158","410","2017-07-11 14:01:11");
INSERT INTO likes (like_id, liked_id, like_date) VALUES ("152","410","2017-08-17 17:52:53");
INSERT INTO likes (like_id, liked_id, like_date) VALUES ("385","410","2017-09-07 17:58:38");
INSERT INTO likes (like_id, liked_id, like_date) VALUES ("145","410","2017-06-17 04:06:20");
INSERT INTO likes (like_id, liked_id, like_date) VALUES ("81","410","2017-12-02 22:15:53");
INSERT INTO likes (like_id, liked_id, like_date) VALUES ("70","410","2017-06-13 00:52:47");
INSERT INTO likes (like_id, liked_id, like_date) VALUES ("442","410","2017-12-23 14:24:25");
INSERT INTO likes (like_id, liked_id, like_date) VALUES ("403","410","2017-04-15 22:48:53");
INSERT INTO likes (like_id, liked_id, like_date) VALUES ("146","410","2017-06-14 17:45:56");
INSERT INTO views (viewer_id, viewed_id, view_date) VALUES ("378","410","2017-06-29 11:55:30");


INSERT INTO user (id, first_name, last_name, username, email, password, birthdate, gender, orientation, bio, country, state, city, zip, file_1, file_2, file_3, file_4, file_5, score, token, token_date, active, register, created_at, updated_at) VALUES ("411","Odell","Ortiz","rdaniel","shania.bernhard@marquardt.com","$2y$10$EE9nv9jhwpc2QLm7qhAsVeqipC4ZY.NeqPkN6rM1UxV3pgrQt9B7.","1991-09-14 19:56:33","2","1","Porro illo ea non cupiditate. Porro at non quod quos quis et ut. Ut quasi ipsa quia dicta aliquam. Rem perferendis officia architecto sit dicta molestiae aut hic. Quia fugiat qui nobis rerum praesentium et omnis voluptatem.","Gabon","","Hilpertborough","97854","../fixtures/female10.jpg","../fixtures/female6.jpg","../fixtures/female1.jpg","../fixtures/female6.jpg","../fixtures/female3.jpg","90","40d1c02d0e30450deb8908f556e0c9a6","2018-01-16 05:52:52","0","0","1995-08-19 00:52:33","1989-01-05 07:36:41");
INSERT INTO user_tag (user_id, tag_id) VALUES ("411","30");
INSERT INTO user_tag (user_id, tag_id) VALUES ("411","9");
INSERT INTO user_tag (user_id, tag_id) VALUES ("411","31");
INSERT INTO user_tag (user_id, tag_id) VALUES ("411","32");
INSERT INTO user_tag (user_id, tag_id) VALUES ("411","26");
INSERT INTO user_tag (user_id, tag_id) VALUES ("411","49");
INSERT INTO user_tag (user_id, tag_id) VALUES ("411","4");
INSERT INTO user_tag (user_id, tag_id) VALUES ("411","41");
INSERT INTO user_tag (user_id, tag_id) VALUES ("411","32");
INSERT INTO user_tag (user_id, tag_id) VALUES ("411","50");

INSERT INTO connected (user_id, connect_date) VALUES ("411","2017-05-21 08:52:18");
INSERT INTO likes (like_id, liked_id, like_date) VALUES ("11","411","2017-04-01 09:12:13");
INSERT INTO likes (like_id, liked_id, like_date) VALUES ("398","411","2017-08-29 06:02:28");
INSERT INTO likes (like_id, liked_id, like_date) VALUES ("187","411","2017-12-24 05:17:40");
INSERT INTO likes (like_id, liked_id, like_date) VALUES ("95","411","2017-11-11 02:37:46");
INSERT INTO likes (like_id, liked_id, like_date) VALUES ("212","411","2017-08-27 11:18:54");
INSERT INTO likes (like_id, liked_id, like_date) VALUES ("274","411","2017-07-02 08:00:15");
INSERT INTO likes (like_id, liked_id, like_date) VALUES ("447","411","2017-03-26 01:05:11");
INSERT INTO likes (like_id, liked_id, like_date) VALUES ("137","411","2017-08-20 10:45:24");
INSERT INTO likes (like_id, liked_id, like_date) VALUES ("123","411","2018-01-31 08:38:22");
INSERT INTO likes (like_id, liked_id, like_date) VALUES ("191","411","2018-01-15 03:03:03");
INSERT INTO likes (like_id, liked_id, like_date) VALUES ("359","411","2018-01-16 08:01:39");
INSERT INTO likes (like_id, liked_id, like_date) VALUES ("483","411","2017-05-18 03:23:25");
INSERT INTO likes (like_id, liked_id, like_date) VALUES ("359","411","2018-02-07 22:55:20");
INSERT INTO likes (like_id, liked_id, like_date) VALUES ("36","411","2017-07-11 03:17:40");
INSERT INTO likes (like_id, liked_id, like_date) VALUES ("410","411","2018-01-08 23:27:00");
INSERT INTO views (viewer_id, viewed_id, view_date) VALUES ("359","411","2018-01-06 00:03:23");
INSERT INTO views (viewer_id, viewed_id, view_date) VALUES ("201","411","2018-01-27 19:18:47");
INSERT INTO views (viewer_id, viewed_id, view_date) VALUES ("183","411","2017-12-08 14:33:33");
INSERT INTO views (viewer_id, viewed_id, view_date) VALUES ("312","411","2017-03-17 06:29:47");
INSERT INTO views (viewer_id, viewed_id, view_date) VALUES ("436","411","2017-03-30 06:48:10");
INSERT INTO views (viewer_id, viewed_id, view_date) VALUES ("165","411","2017-09-12 10:46:41");
INSERT INTO views (viewer_id, viewed_id, view_date) VALUES ("131","411","2017-06-22 01:06:23");
INSERT INTO views (viewer_id, viewed_id, view_date) VALUES ("359","411","2017-11-26 22:15:22");
INSERT INTO views (viewer_id, viewed_id, view_date) VALUES ("448","411","2018-01-01 16:56:50");
INSERT INTO views (viewer_id, viewed_id, view_date) VALUES ("401","411","2017-09-25 05:00:34");
INSERT INTO views (viewer_id, viewed_id, view_date) VALUES ("13","411","2017-04-14 01:28:31");
INSERT INTO views (viewer_id, viewed_id, view_date) VALUES ("108","411","2017-02-15 20:24:51");


INSERT INTO user (id, first_name, last_name, username, email, password, birthdate, gender, orientation, bio, country, state, city, zip, file_1, file_2, file_3, file_4, file_5, score, token, token_date, active, register, created_at, updated_at) VALUES ("412","Javier","Jerde","gorczanymarques","terry.nicholas@hotmail.com","$2y$10$h/WO37fGBYjyLkdIkK2vW.4OLFLEeKrODk6NYsVCRiwI8jPplyIIG","1954-05-13 01:02:38","1","1","Similique aut velit tempore corporis veritatis. Qui in cupiditate iure consequatur animi. Necessitatibus dolor doloremque odit aperiam. Nisi ab voluptatibus dolorem ut repudiandae quia dicta.","Saint Martin","","West Leonoraburgh","82890","../fixtures/male3.jpg","../fixtures/male2.jpg","","","","13","6def12e1536f784ea9556ee7c436b4d2","1988-09-20 18:30:51","1","1","2015-12-28 04:44:48","1992-11-22 20:29:26");
INSERT INTO user_tag (user_id, tag_id) VALUES ("412","40");
INSERT INTO user_tag (user_id, tag_id) VALUES ("412","23");
INSERT INTO user_tag (user_id, tag_id) VALUES ("412","42");
INSERT INTO user_tag (user_id, tag_id) VALUES ("412","27");
INSERT INTO user_tag (user_id, tag_id) VALUES ("412","20");
INSERT INTO user_tag (user_id, tag_id) VALUES ("412","1");
INSERT INTO user_tag (user_id, tag_id) VALUES ("412","3");
INSERT INTO user_tag (user_id, tag_id) VALUES ("412","43");
INSERT INTO user_tag (user_id, tag_id) VALUES ("412","7");

INSERT INTO connected (user_id, connect_date) VALUES ("412","2017-09-18 13:17:42");
INSERT INTO likes (like_id, liked_id, like_date) VALUES ("11","412","2017-05-01 03:30:54");
INSERT INTO likes (like_id, liked_id, like_date) VALUES ("143","412","2018-01-23 05:12:41");
INSERT INTO likes (like_id, liked_id, like_date) VALUES ("245","412","2017-07-01 14:49:33");
INSERT INTO likes (like_id, liked_id, like_date) VALUES ("88","412","2017-07-22 20:20:49");
INSERT INTO likes (like_id, liked_id, like_date) VALUES ("124","412","2017-08-05 21:27:50");
INSERT INTO likes (like_id, liked_id, like_date) VALUES ("7","412","2017-08-09 17:43:15");
INSERT INTO likes (like_id, liked_id, like_date) VALUES ("384","412","2017-02-19 18:51:36");
INSERT INTO likes (like_id, liked_id, like_date) VALUES ("179","412","2017-08-04 06:05:30");
INSERT INTO likes (like_id, liked_id, like_date) VALUES ("50","412","2018-02-11 00:23:17");
INSERT INTO likes (like_id, liked_id, like_date) VALUES ("31","412","2017-12-25 22:02:51");
INSERT INTO likes (like_id, liked_id, like_date) VALUES ("224","412","2017-10-01 06:10:06");
INSERT INTO views (viewer_id, viewed_id, view_date) VALUES ("353","412","2017-06-25 10:16:20");
INSERT INTO views (viewer_id, viewed_id, view_date) VALUES ("389","412","2017-03-28 23:56:49");
INSERT INTO views (viewer_id, viewed_id, view_date) VALUES ("10","412","2017-07-25 16:44:19");
INSERT INTO views (viewer_id, viewed_id, view_date) VALUES ("246","412","2017-04-23 14:41:43");


INSERT INTO user (id, first_name, last_name, username, email, password, birthdate, gender, orientation, bio, country, state, city, zip, file_1, file_2, file_3, file_4, file_5, score, token, token_date, active, register, created_at, updated_at) VALUES ("413","Coy","Roob","drobel","jakob.okon@hotmail.com","$2y$10$8Z5BGJ1cq.eWMjtdarlCb.5Fmk3uissx9BqYUgPpbPtdP5r8lxd3m","1964-07-18 17:07:42","1","3","Perferendis recusandae et dolor dolorem. Quia laboriosam velit aliquam aut odit iusto. Quibusdam maxime enim aut nihil voluptatibus. Sint cum neque eligendi adipisci.","Haiti","","East Camille","03216","../fixtures/male1.jpg","../fixtures/male6.jpg","../fixtures/male6.jpg","../fixtures/male4.jpg","","66","ad70cd3f950bce998ad049c7ac7ca303","1999-03-20 00:18:53","1","0","1989-02-15 23:52:17","1982-01-26 07:14:42");
INSERT INTO user_tag (user_id, tag_id) VALUES ("413","30");
INSERT INTO user_tag (user_id, tag_id) VALUES ("413","14");
INSERT INTO user_tag (user_id, tag_id) VALUES ("413","35");
INSERT INTO user_tag (user_id, tag_id) VALUES ("413","12");
INSERT INTO user_tag (user_id, tag_id) VALUES ("413","28");
INSERT INTO user_tag (user_id, tag_id) VALUES ("413","40");
INSERT INTO user_tag (user_id, tag_id) VALUES ("413","23");
INSERT INTO user_tag (user_id, tag_id) VALUES ("413","7");

INSERT INTO connected (user_id, connect_date) VALUES ("413","2017-06-17 01:19:57");
INSERT INTO likes (like_id, liked_id, like_date) VALUES ("367","413","2018-01-24 09:13:56");
INSERT INTO likes (like_id, liked_id, like_date) VALUES ("490","413","2017-02-25 02:17:55");
INSERT INTO likes (like_id, liked_id, like_date) VALUES ("308","413","2017-11-05 12:12:17");
INSERT INTO likes (like_id, liked_id, like_date) VALUES ("201","413","2017-12-06 08:31:25");
INSERT INTO likes (like_id, liked_id, like_date) VALUES ("180","413","2017-09-24 19:45:55");
INSERT INTO likes (like_id, liked_id, like_date) VALUES ("245","413","2017-10-16 08:40:06");
INSERT INTO likes (like_id, liked_id, like_date) VALUES ("48","413","2017-11-23 10:50:34");
INSERT INTO likes (like_id, liked_id, like_date) VALUES ("369","413","2017-06-01 14:41:01");
INSERT INTO likes (like_id, liked_id, like_date) VALUES ("117","413","2017-12-21 09:27:22");
INSERT INTO likes (like_id, liked_id, like_date) VALUES ("183","413","2017-05-15 00:59:34");
INSERT INTO views (viewer_id, viewed_id, view_date) VALUES ("492","413","2018-01-12 02:03:53");
INSERT INTO views (viewer_id, viewed_id, view_date) VALUES ("280","413","2017-12-23 18:43:58");
INSERT INTO views (viewer_id, viewed_id, view_date) VALUES ("28","413","2017-07-07 17:53:55");
INSERT INTO views (viewer_id, viewed_id, view_date) VALUES ("409","413","2017-04-13 07:22:11");
INSERT INTO views (viewer_id, viewed_id, view_date) VALUES ("91","413","2017-07-13 03:51:25");
INSERT INTO views (viewer_id, viewed_id, view_date) VALUES ("350","413","2017-06-10 16:35:00");
INSERT INTO views (viewer_id, viewed_id, view_date) VALUES ("2","413","2017-10-17 21:56:08");
INSERT INTO views (viewer_id, viewed_id, view_date) VALUES ("60","413","2017-09-22 04:59:00");
INSERT INTO views (viewer_id, viewed_id, view_date) VALUES ("145","413","2017-12-08 06:49:57");
INSERT INTO views (viewer_id, viewed_id, view_date) VALUES ("395","413","2017-06-07 15:02:53");
INSERT INTO views (viewer_id, viewed_id, view_date) VALUES ("494","413","2018-02-15 14:47:21");
INSERT INTO views (viewer_id, viewed_id, view_date) VALUES ("66","413","2017-07-03 02:52:06");
INSERT INTO views (viewer_id, viewed_id, view_date) VALUES ("182","413","2018-02-03 00:48:14");
INSERT INTO views (viewer_id, viewed_id, view_date) VALUES ("198","413","2017-10-25 09:00:59");
INSERT INTO views (viewer_id, viewed_id, view_date) VALUES ("276","413","2017-04-19 07:46:50");
INSERT INTO views (viewer_id, viewed_id, view_date) VALUES ("413","413","2017-12-28 23:44:19");
INSERT INTO views (viewer_id, viewed_id, view_date) VALUES ("213","413","2017-03-31 18:38:25");
INSERT INTO views (viewer_id, viewed_id, view_date) VALUES ("8","413","2017-12-16 21:04:28");
INSERT INTO views (viewer_id, viewed_id, view_date) VALUES ("37","413","2017-06-19 21:40:30");
INSERT INTO views (viewer_id, viewed_id, view_date) VALUES ("290","413","2017-08-07 06:22:55");
INSERT INTO views (viewer_id, viewed_id, view_date) VALUES ("277","413","2018-01-31 20:35:12");
INSERT INTO views (viewer_id, viewed_id, view_date) VALUES ("44","413","2017-06-12 21:21:23");


INSERT INTO user (id, first_name, last_name, username, email, password, birthdate, gender, orientation, bio, country, state, city, zip, file_1, file_2, file_3, file_4, file_5, score, token, token_date, active, register, created_at, updated_at) VALUES ("414","Louie","Abbott","zboncakhaskell","gschiller@hotmail.com","$2y$10$xSHaWZ51QhC3eQz.ZxJmuucHMj8SSX9jxooCr/LVhy2qjLREZ0tOu","1987-04-01 18:15:52","1","3","Voluptatem accusamus quae libero animi animi. Expedita aliquam deserunt quia maxime harum. Ut explicabo deserunt doloribus occaecati explicabo. Est quas molestiae autem eum autem maxime incidunt.","Namibia","","Hoppeberg","85208-3148","../fixtures/male7.jpg","../fixtures/male7.jpg","../fixtures/male5.jpg","","","7","6c1451f38de552785b1513cb716acd59","2010-05-23 07:56:53","0","0","1979-01-19 18:34:58","2016-12-25 05:05:15");
INSERT INTO user_tag (user_id, tag_id) VALUES ("414","38");

INSERT INTO connected (user_id, connect_date) VALUES ("414","2017-12-12 15:06:11");
INSERT INTO likes (like_id, liked_id, like_date) VALUES ("102","414","2017-04-16 20:33:45");
INSERT INTO views (viewer_id, viewed_id, view_date) VALUES ("230","414","2017-12-22 11:39:33");
INSERT INTO views (viewer_id, viewed_id, view_date) VALUES ("219","414","2017-03-19 14:10:30");
INSERT INTO views (viewer_id, viewed_id, view_date) VALUES ("5","414","2017-09-02 19:37:00");
INSERT INTO views (viewer_id, viewed_id, view_date) VALUES ("202","414","2017-11-23 14:43:26");
INSERT INTO views (viewer_id, viewed_id, view_date) VALUES ("197","414","2017-05-30 04:37:54");
INSERT INTO views (viewer_id, viewed_id, view_date) VALUES ("491","414","2017-04-26 07:00:09");
INSERT INTO views (viewer_id, viewed_id, view_date) VALUES ("389","414","2018-01-25 02:14:55");
INSERT INTO views (viewer_id, viewed_id, view_date) VALUES ("82","414","2017-06-30 22:10:03");
INSERT INTO views (viewer_id, viewed_id, view_date) VALUES ("383","414","2017-09-20 07:02:04");
INSERT INTO views (viewer_id, viewed_id, view_date) VALUES ("31","414","2017-03-27 02:30:00");
INSERT INTO views (viewer_id, viewed_id, view_date) VALUES ("472","414","2017-10-15 13:09:50");
INSERT INTO views (viewer_id, viewed_id, view_date) VALUES ("198","414","2018-01-11 15:02:53");
INSERT INTO views (viewer_id, viewed_id, view_date) VALUES ("428","414","2017-11-13 16:49:40");
INSERT INTO views (viewer_id, viewed_id, view_date) VALUES ("168","414","2017-10-13 14:17:56");
INSERT INTO views (viewer_id, viewed_id, view_date) VALUES ("263","414","2017-04-05 11:34:57");
INSERT INTO views (viewer_id, viewed_id, view_date) VALUES ("464","414","2017-08-29 04:58:07");
INSERT INTO views (viewer_id, viewed_id, view_date) VALUES ("239","414","2017-11-29 13:20:34");
INSERT INTO views (viewer_id, viewed_id, view_date) VALUES ("152","414","2017-05-17 15:18:16");
INSERT INTO views (viewer_id, viewed_id, view_date) VALUES ("112","414","2017-07-03 02:27:18");
INSERT INTO views (viewer_id, viewed_id, view_date) VALUES ("342","414","2017-10-29 11:07:22");
INSERT INTO views (viewer_id, viewed_id, view_date) VALUES ("10","414","2018-02-01 00:47:22");
INSERT INTO views (viewer_id, viewed_id, view_date) VALUES ("411","414","2018-02-03 21:45:54");
INSERT INTO views (viewer_id, viewed_id, view_date) VALUES ("78","414","2017-11-29 00:16:45");
INSERT INTO views (viewer_id, viewed_id, view_date) VALUES ("308","414","2017-02-26 07:59:03");
INSERT INTO views (viewer_id, viewed_id, view_date) VALUES ("104","414","2018-02-10 12:54:09");
INSERT INTO views (viewer_id, viewed_id, view_date) VALUES ("470","414","2017-03-26 14:16:30");
INSERT INTO views (viewer_id, viewed_id, view_date) VALUES ("344","414","2017-05-01 09:34:40");


INSERT INTO user (id, first_name, last_name, username, email, password, birthdate, gender, orientation, bio, country, state, city, zip, file_1, file_2, file_3, file_4, file_5, score, token, token_date, active, register, created_at, updated_at) VALUES ("415","Palma","Torp","steuberjoana","uveum@hotmail.com","$2y$10$FGkYtVQBAEoYmKNSPJqA8ejzsDzcByAF9g2ZBfjur0PIQ04WELLB6","1983-04-06 06:04:54","2","2","Eligendi sint ullam dolor ut incidunt. Consequatur porro animi qui. Eos consequatur cum ut deleniti velit aliquam sit. Rerum accusantium non corporis sint qui.","Sweden","","South Leonechester","58873-6420","../fixtures/female3.jpg","../fixtures/female2.jpg","","","","34","ad7a53dceb64696cac7159507b6785e2","2008-08-14 23:16:38","0","0","1987-02-28 10:48:26","1977-08-13 23:00:57");
INSERT INTO user_tag (user_id, tag_id) VALUES ("415","42");
INSERT INTO user_tag (user_id, tag_id) VALUES ("415","3");
INSERT INTO user_tag (user_id, tag_id) VALUES ("415","45");
INSERT INTO user_tag (user_id, tag_id) VALUES ("415","33");
INSERT INTO user_tag (user_id, tag_id) VALUES ("415","36");
INSERT INTO user_tag (user_id, tag_id) VALUES ("415","37");
INSERT INTO user_tag (user_id, tag_id) VALUES ("415","35");
INSERT INTO user_tag (user_id, tag_id) VALUES ("415","41");
INSERT INTO user_tag (user_id, tag_id) VALUES ("415","32");
INSERT INTO user_tag (user_id, tag_id) VALUES ("415","22");

INSERT INTO connected (user_id, connect_date) VALUES ("415","2017-08-17 11:24:20");
INSERT INTO likes (like_id, liked_id, like_date) VALUES ("133","415","2017-05-25 12:17:40");
INSERT INTO likes (like_id, liked_id, like_date) VALUES ("151","415","2017-05-31 18:50:33");
INSERT INTO likes (like_id, liked_id, like_date) VALUES ("484","415","2017-04-03 02:02:15");
INSERT INTO likes (like_id, liked_id, like_date) VALUES ("372","415","2017-08-02 09:38:03");
INSERT INTO likes (like_id, liked_id, like_date) VALUES ("168","415","2017-05-26 19:39:08");
INSERT INTO likes (like_id, liked_id, like_date) VALUES ("436","415","2017-11-11 11:36:18");
INSERT INTO likes (like_id, liked_id, like_date) VALUES ("31","415","2017-11-14 03:10:47");
INSERT INTO likes (like_id, liked_id, like_date) VALUES ("231","415","2017-03-08 10:07:41");
INSERT INTO likes (like_id, liked_id, like_date) VALUES ("26","415","2017-05-05 09:18:16");
INSERT INTO likes (like_id, liked_id, like_date) VALUES ("332","415","2017-12-18 15:11:04");
INSERT INTO likes (like_id, liked_id, like_date) VALUES ("93","415","2018-01-07 22:48:13");
INSERT INTO likes (like_id, liked_id, like_date) VALUES ("273","415","2018-01-03 13:25:46");
INSERT INTO likes (like_id, liked_id, like_date) VALUES ("132","415","2017-07-11 03:02:45");
INSERT INTO likes (like_id, liked_id, like_date) VALUES ("222","415","2017-11-19 09:58:47");
INSERT INTO likes (like_id, liked_id, like_date) VALUES ("404","415","2017-05-17 14:48:03");
INSERT INTO likes (like_id, liked_id, like_date) VALUES ("12","415","2017-11-29 17:10:39");
INSERT INTO views (viewer_id, viewed_id, view_date) VALUES ("146","415","2018-01-09 15:30:20");
INSERT INTO views (viewer_id, viewed_id, view_date) VALUES ("126","415","2017-09-19 18:20:54");
INSERT INTO views (viewer_id, viewed_id, view_date) VALUES ("296","415","2017-09-15 02:32:34");
INSERT INTO views (viewer_id, viewed_id, view_date) VALUES ("254","415","2017-12-16 01:21:44");
INSERT INTO views (viewer_id, viewed_id, view_date) VALUES ("147","415","2017-06-25 07:54:00");
INSERT INTO views (viewer_id, viewed_id, view_date) VALUES ("382","415","2017-09-04 12:50:18");
INSERT INTO views (viewer_id, viewed_id, view_date) VALUES ("230","415","2017-03-26 16:52:39");
INSERT INTO views (viewer_id, viewed_id, view_date) VALUES ("250","415","2017-08-08 01:45:50");
INSERT INTO views (viewer_id, viewed_id, view_date) VALUES ("270","415","2018-01-07 09:03:28");
INSERT INTO views (viewer_id, viewed_id, view_date) VALUES ("175","415","2017-11-06 10:43:47");
INSERT INTO views (viewer_id, viewed_id, view_date) VALUES ("121","415","2017-04-07 09:20:05");
INSERT INTO views (viewer_id, viewed_id, view_date) VALUES ("244","415","2017-08-23 18:49:59");
INSERT INTO views (viewer_id, viewed_id, view_date) VALUES ("489","415","2017-07-16 01:39:04");
INSERT INTO views (viewer_id, viewed_id, view_date) VALUES ("45","415","2017-07-30 02:46:22");
INSERT INTO views (viewer_id, viewed_id, view_date) VALUES ("191","415","2017-06-03 10:34:32");
INSERT INTO views (viewer_id, viewed_id, view_date) VALUES ("236","415","2017-08-17 13:48:47");
INSERT INTO views (viewer_id, viewed_id, view_date) VALUES ("495","415","2018-01-12 14:40:50");
INSERT INTO views (viewer_id, viewed_id, view_date) VALUES ("260","415","2017-10-29 13:56:04");
INSERT INTO views (viewer_id, viewed_id, view_date) VALUES ("148","415","2017-09-10 13:51:09");
INSERT INTO views (viewer_id, viewed_id, view_date) VALUES ("180","415","2018-01-30 14:42:27");
INSERT INTO views (viewer_id, viewed_id, view_date) VALUES ("258","415","2017-04-10 04:11:02");
INSERT INTO views (viewer_id, viewed_id, view_date) VALUES ("251","415","2017-04-07 22:50:36");
INSERT INTO views (viewer_id, viewed_id, view_date) VALUES ("180","415","2018-01-21 11:55:14");


INSERT INTO user (id, first_name, last_name, username, email, password, birthdate, gender, orientation, bio, country, state, city, zip, file_1, file_2, file_3, file_4, file_5, score, token, token_date, active, register, created_at, updated_at) VALUES ("416","Ayden","Zieme","lacy81","aboyle@hotmail.com","$2y$10$rFgCDz5v4SffG4myuDBUR.2Ra7H4oxtctyxqRIBzSw2wCUM3gFMwi","1963-01-05 08:16:03","2","1","Veniam ut soluta impedit ut magni cum. Doloremque cumque modi aut alias nihil provident. Voluptatibus provident et natus aut voluptatem magnam. Quia eveniet aut et.","Suriname","","New Kavon","88422","../fixtures/female7.jpg","../fixtures/female9.jpg","","","","22","9030fd516edabcef781db43a54ee31ae","2016-08-22 05:20:28","1","0","1995-03-09 07:18:18","2010-02-21 19:55:26");
INSERT INTO user_tag (user_id, tag_id) VALUES ("416","12");
INSERT INTO user_tag (user_id, tag_id) VALUES ("416","1");
INSERT INTO user_tag (user_id, tag_id) VALUES ("416","18");
INSERT INTO user_tag (user_id, tag_id) VALUES ("416","21");
INSERT INTO user_tag (user_id, tag_id) VALUES ("416","40");
INSERT INTO user_tag (user_id, tag_id) VALUES ("416","11");
INSERT INTO user_tag (user_id, tag_id) VALUES ("416","48");
INSERT INTO user_tag (user_id, tag_id) VALUES ("416","28");
INSERT INTO user_tag (user_id, tag_id) VALUES ("416","1");
INSERT INTO user_tag (user_id, tag_id) VALUES ("416","21");

INSERT INTO connected (user_id, connect_date) VALUES ("416","2017-12-17 11:02:10");
INSERT INTO likes (like_id, liked_id, like_date) VALUES ("99","416","2017-10-30 23:10:07");
INSERT INTO likes (like_id, liked_id, like_date) VALUES ("411","416","2017-02-16 20:30:55");
INSERT INTO likes (like_id, liked_id, like_date) VALUES ("96","416","2017-04-08 16:19:37");
INSERT INTO likes (like_id, liked_id, like_date) VALUES ("84","416","2017-06-25 03:14:01");
INSERT INTO likes (like_id, liked_id, like_date) VALUES ("169","416","2017-03-30 08:46:53");
INSERT INTO likes (like_id, liked_id, like_date) VALUES ("384","416","2017-04-15 05:02:21");
INSERT INTO likes (like_id, liked_id, like_date) VALUES ("374","416","2017-03-17 05:45:19");
INSERT INTO likes (like_id, liked_id, like_date) VALUES ("202","416","2017-10-03 21:28:54");
INSERT INTO likes (like_id, liked_id, like_date) VALUES ("197","416","2018-02-09 11:08:03");
INSERT INTO likes (like_id, liked_id, like_date) VALUES ("194","416","2017-08-05 16:32:41");
INSERT INTO likes (like_id, liked_id, like_date) VALUES ("221","416","2017-06-08 02:26:06");
INSERT INTO views (viewer_id, viewed_id, view_date) VALUES ("487","416","2017-12-08 12:26:55");
INSERT INTO views (viewer_id, viewed_id, view_date) VALUES ("241","416","2017-12-13 06:53:05");
INSERT INTO views (viewer_id, viewed_id, view_date) VALUES ("374","416","2017-10-18 12:57:18");
INSERT INTO views (viewer_id, viewed_id, view_date) VALUES ("194","416","2017-07-28 18:41:13");
INSERT INTO views (viewer_id, viewed_id, view_date) VALUES ("89","416","2018-01-12 20:31:41");
INSERT INTO views (viewer_id, viewed_id, view_date) VALUES ("436","416","2017-03-22 14:48:48");
INSERT INTO views (viewer_id, viewed_id, view_date) VALUES ("240","416","2017-12-09 20:00:27");
INSERT INTO views (viewer_id, viewed_id, view_date) VALUES ("322","416","2017-08-17 17:32:25");
INSERT INTO views (viewer_id, viewed_id, view_date) VALUES ("153","416","2017-04-12 10:42:53");
INSERT INTO views (viewer_id, viewed_id, view_date) VALUES ("295","416","2018-01-23 22:54:40");
INSERT INTO views (viewer_id, viewed_id, view_date) VALUES ("247","416","2017-05-17 12:39:38");


INSERT INTO user (id, first_name, last_name, username, email, password, birthdate, gender, orientation, bio, country, state, city, zip, file_1, file_2, file_3, file_4, file_5, score, token, token_date, active, register, created_at, updated_at) VALUES ("417","Kirstin","Pollich","evelynkunde","eglover@windler.com","$2y$10$lokIJscS9JqwqWEmSYUxXuI4Aaq85lnRaZ6Hv6JsxYQSZtMl3qiNu","1963-07-21 23:57:10","1","1","Laudantium perspiciatis sed expedita asperiores et. Eum nihil placeat asperiores velit nobis ex quo.","Iran","","Rowestad","41052-8871","../fixtures/male7.jpg","../fixtures/male2.jpg","../fixtures/male9.jpg","","","34","7ba25887f49688cfc2f292876fcb090e","1995-01-06 01:25:36","1","0","2005-01-26 08:20:00","1989-04-07 03:29:37");
INSERT INTO user_tag (user_id, tag_id) VALUES ("417","12");
INSERT INTO user_tag (user_id, tag_id) VALUES ("417","50");
INSERT INTO user_tag (user_id, tag_id) VALUES ("417","48");
INSERT INTO user_tag (user_id, tag_id) VALUES ("417","44");
INSERT INTO user_tag (user_id, tag_id) VALUES ("417","42");
INSERT INTO user_tag (user_id, tag_id) VALUES ("417","45");
INSERT INTO user_tag (user_id, tag_id) VALUES ("417","35");
INSERT INTO user_tag (user_id, tag_id) VALUES ("417","38");

INSERT INTO connected (user_id, connect_date) VALUES ("417","2017-11-21 21:03:42");
INSERT INTO likes (like_id, liked_id, like_date) VALUES ("296","417","2017-08-13 07:17:08");
INSERT INTO likes (like_id, liked_id, like_date) VALUES ("89","417","2017-03-18 01:07:06");
INSERT INTO likes (like_id, liked_id, like_date) VALUES ("27","417","2017-12-09 13:04:42");
INSERT INTO likes (like_id, liked_id, like_date) VALUES ("227","417","2017-11-22 06:27:22");
INSERT INTO likes (like_id, liked_id, like_date) VALUES ("233","417","2017-06-29 07:57:37");
INSERT INTO likes (like_id, liked_id, like_date) VALUES ("431","417","2017-07-01 17:02:25");
INSERT INTO likes (like_id, liked_id, like_date) VALUES ("366","417","2017-11-23 15:27:18");
INSERT INTO likes (like_id, liked_id, like_date) VALUES ("90","417","2017-08-05 19:11:52");
INSERT INTO views (viewer_id, viewed_id, view_date) VALUES ("313","417","2017-03-26 16:57:57");
INSERT INTO views (viewer_id, viewed_id, view_date) VALUES ("343","417","2017-09-30 13:17:47");
INSERT INTO views (viewer_id, viewed_id, view_date) VALUES ("128","417","2017-08-12 18:33:42");
INSERT INTO views (viewer_id, viewed_id, view_date) VALUES ("156","417","2017-11-06 07:00:32");
INSERT INTO views (viewer_id, viewed_id, view_date) VALUES ("169","417","2017-05-21 11:18:13");
INSERT INTO views (viewer_id, viewed_id, view_date) VALUES ("325","417","2017-03-25 20:34:32");
INSERT INTO views (viewer_id, viewed_id, view_date) VALUES ("155","417","2017-08-22 14:23:19");
INSERT INTO views (viewer_id, viewed_id, view_date) VALUES ("394","417","2017-04-22 04:33:55");
INSERT INTO views (viewer_id, viewed_id, view_date) VALUES ("424","417","2017-12-11 01:45:53");
INSERT INTO views (viewer_id, viewed_id, view_date) VALUES ("87","417","2018-01-11 10:55:45");
INSERT INTO views (viewer_id, viewed_id, view_date) VALUES ("405","417","2018-02-15 06:07:30");
INSERT INTO views (viewer_id, viewed_id, view_date) VALUES ("170","417","2017-03-14 14:37:32");
INSERT INTO views (viewer_id, viewed_id, view_date) VALUES ("210","417","2018-02-13 21:46:56");
INSERT INTO views (viewer_id, viewed_id, view_date) VALUES ("83","417","2017-04-15 03:14:52");
INSERT INTO views (viewer_id, viewed_id, view_date) VALUES ("388","417","2017-02-17 07:55:57");
INSERT INTO views (viewer_id, viewed_id, view_date) VALUES ("215","417","2017-09-26 14:53:29");


INSERT INTO user (id, first_name, last_name, username, email, password, birthdate, gender, orientation, bio, country, state, city, zip, file_1, file_2, file_3, file_4, file_5, score, token, token_date, active, register, created_at, updated_at) VALUES ("418","Raheem","O'Kon","trystanbeer","leonie.okon@gmail.com","$2y$10$n0RsTJYXSmhZvoTRR1H0vuF2p7yEgLrw2dodgHfVv2k/Ctj.OUdS.","1988-09-12 03:53:16","2","2","Quasi corporis molestiae dolores. Possimus inventore omnis placeat maxime aut quibusdam. Repellat delectus et nemo.","Uganda","","Port Verdietown","54087","../fixtures/female9.jpg","../fixtures/female8.jpg","../fixtures/female6.jpg","","","20","c062bc03aaa1516ad3dc5311f231905c","1991-04-04 01:05:26","1","1","2009-05-18 02:10:31","1982-04-10 16:06:32");
INSERT INTO user_tag (user_id, tag_id) VALUES ("418","25");
INSERT INTO user_tag (user_id, tag_id) VALUES ("418","26");
INSERT INTO user_tag (user_id, tag_id) VALUES ("418","27");
INSERT INTO user_tag (user_id, tag_id) VALUES ("418","50");
INSERT INTO user_tag (user_id, tag_id) VALUES ("418","38");
INSERT INTO user_tag (user_id, tag_id) VALUES ("418","18");
INSERT INTO user_tag (user_id, tag_id) VALUES ("418","7");
INSERT INTO user_tag (user_id, tag_id) VALUES ("418","23");
INSERT INTO user_tag (user_id, tag_id) VALUES ("418","38");
INSERT INTO user_tag (user_id, tag_id) VALUES ("418","7");
INSERT INTO user_tag (user_id, tag_id) VALUES ("418","30");
INSERT INTO user_tag (user_id, tag_id) VALUES ("418","44");
INSERT INTO user_tag (user_id, tag_id) VALUES ("418","24");

INSERT INTO connected (user_id, connect_date) VALUES ("418","2017-03-29 03:24:57");
INSERT INTO likes (like_id, liked_id, like_date) VALUES ("394","418","2017-04-21 10:25:08");
INSERT INTO likes (like_id, liked_id, like_date) VALUES ("191","418","2017-09-24 16:20:57");
INSERT INTO likes (like_id, liked_id, like_date) VALUES ("404","418","2017-07-04 04:56:39");
INSERT INTO likes (like_id, liked_id, like_date) VALUES ("289","418","2017-08-30 23:30:59");
INSERT INTO likes (like_id, liked_id, like_date) VALUES ("481","418","2017-05-25 08:15:36");
INSERT INTO likes (like_id, liked_id, like_date) VALUES ("313","418","2017-11-25 08:20:48");
INSERT INTO likes (like_id, liked_id, like_date) VALUES ("158","418","2017-07-30 15:34:17");
INSERT INTO likes (like_id, liked_id, like_date) VALUES ("230","418","2017-09-27 03:00:26");
INSERT INTO likes (like_id, liked_id, like_date) VALUES ("91","418","2017-08-09 16:03:50");
INSERT INTO views (viewer_id, viewed_id, view_date) VALUES ("193","418","2017-09-20 05:35:00");
INSERT INTO views (viewer_id, viewed_id, view_date) VALUES ("361","418","2017-06-23 03:33:14");
INSERT INTO views (viewer_id, viewed_id, view_date) VALUES ("175","418","2017-12-11 21:50:45");
INSERT INTO views (viewer_id, viewed_id, view_date) VALUES ("184","418","2017-04-09 13:46:03");
INSERT INTO views (viewer_id, viewed_id, view_date) VALUES ("394","418","2017-04-02 10:50:31");
INSERT INTO views (viewer_id, viewed_id, view_date) VALUES ("47","418","2017-06-06 11:24:00");
INSERT INTO views (viewer_id, viewed_id, view_date) VALUES ("128","418","2017-04-22 11:32:58");
INSERT INTO views (viewer_id, viewed_id, view_date) VALUES ("349","418","2017-04-26 00:35:35");
INSERT INTO views (viewer_id, viewed_id, view_date) VALUES ("49","418","2017-09-01 06:00:23");
INSERT INTO views (viewer_id, viewed_id, view_date) VALUES ("101","418","2017-12-08 19:53:00");
INSERT INTO views (viewer_id, viewed_id, view_date) VALUES ("476","418","2017-05-11 01:17:52");
INSERT INTO views (viewer_id, viewed_id, view_date) VALUES ("28","418","2017-02-21 13:27:23");
INSERT INTO views (viewer_id, viewed_id, view_date) VALUES ("124","418","2017-07-14 01:50:57");
INSERT INTO views (viewer_id, viewed_id, view_date) VALUES ("311","418","2017-06-16 12:36:12");
INSERT INTO views (viewer_id, viewed_id, view_date) VALUES ("344","418","2017-05-17 14:01:31");
INSERT INTO views (viewer_id, viewed_id, view_date) VALUES ("364","418","2017-07-23 19:00:34");
INSERT INTO views (viewer_id, viewed_id, view_date) VALUES ("8","418","2018-02-04 10:41:50");
INSERT INTO views (viewer_id, viewed_id, view_date) VALUES ("490","418","2017-11-27 21:31:21");
INSERT INTO views (viewer_id, viewed_id, view_date) VALUES ("139","418","2017-03-28 20:10:33");
INSERT INTO views (viewer_id, viewed_id, view_date) VALUES ("192","418","2017-08-17 16:38:21");
INSERT INTO views (viewer_id, viewed_id, view_date) VALUES ("360","418","2017-11-17 15:45:24");
INSERT INTO views (viewer_id, viewed_id, view_date) VALUES ("26","418","2017-10-31 02:10:55");
INSERT INTO views (viewer_id, viewed_id, view_date) VALUES ("207","418","2018-02-10 10:14:06");


INSERT INTO user (id, first_name, last_name, username, email, password, birthdate, gender, orientation, bio, country, state, city, zip, file_1, file_2, file_3, file_4, file_5, score, token, token_date, active, register, created_at, updated_at) VALUES ("419","Mia","Bogisich","alessandroritchie","bednar.madge@buckridge.net","$2y$10$v8OMhCRhMddRziAW.hUxQ.7lYS5h17D1t4vE1FCR40ffIfa2zlBwe","1959-03-18 02:58:05","2","2","Mollitia fugiat fuga cum nihil illo facilis non. Repudiandae non minima sint enim sed perspiciatis. Exercitationem aliquam laborum quia nesciunt sit.","Jordan","","East Berniece","59611-8546","../fixtures/female6.jpg","../fixtures/female6.jpg","","","","33","332e62baa4d40f7e44fcb450d7e2de2a","1980-06-03 00:38:40","1","1","1991-10-02 01:25:33","1970-08-27 13:33:37");
INSERT INTO user_tag (user_id, tag_id) VALUES ("419","11");
INSERT INTO user_tag (user_id, tag_id) VALUES ("419","22");
INSERT INTO user_tag (user_id, tag_id) VALUES ("419","4");
INSERT INTO user_tag (user_id, tag_id) VALUES ("419","27");
INSERT INTO user_tag (user_id, tag_id) VALUES ("419","21");
INSERT INTO user_tag (user_id, tag_id) VALUES ("419","13");
INSERT INTO user_tag (user_id, tag_id) VALUES ("419","33");
INSERT INTO user_tag (user_id, tag_id) VALUES ("419","9");
INSERT INTO user_tag (user_id, tag_id) VALUES ("419","39");
INSERT INTO user_tag (user_id, tag_id) VALUES ("419","40");
INSERT INTO user_tag (user_id, tag_id) VALUES ("419","46");
INSERT INTO user_tag (user_id, tag_id) VALUES ("419","25");
INSERT INTO user_tag (user_id, tag_id) VALUES ("419","34");
INSERT INTO user_tag (user_id, tag_id) VALUES ("419","25");

INSERT INTO connected (user_id, connect_date) VALUES ("419","2017-07-27 12:55:58");
INSERT INTO likes (like_id, liked_id, like_date) VALUES ("489","419","2017-10-25 14:40:04");
INSERT INTO likes (like_id, liked_id, like_date) VALUES ("254","419","2017-07-30 18:31:44");
INSERT INTO likes (like_id, liked_id, like_date) VALUES ("97","419","2017-11-05 03:05:51");
INSERT INTO likes (like_id, liked_id, like_date) VALUES ("253","419","2017-05-12 18:02:09");
INSERT INTO likes (like_id, liked_id, like_date) VALUES ("175","419","2018-01-13 07:59:52");
INSERT INTO likes (like_id, liked_id, like_date) VALUES ("385","419","2017-11-12 07:16:21");
INSERT INTO likes (like_id, liked_id, like_date) VALUES ("12","419","2017-07-30 05:34:10");
INSERT INTO likes (like_id, liked_id, like_date) VALUES ("188","419","2017-11-08 14:50:16");
INSERT INTO likes (like_id, liked_id, like_date) VALUES ("410","419","2017-03-24 14:42:11");
INSERT INTO likes (like_id, liked_id, like_date) VALUES ("154","419","2017-10-01 00:31:33");
INSERT INTO likes (like_id, liked_id, like_date) VALUES ("408","419","2017-10-25 22:26:50");
INSERT INTO likes (like_id, liked_id, like_date) VALUES ("116","419","2017-07-11 10:10:18");
INSERT INTO likes (like_id, liked_id, like_date) VALUES ("38","419","2017-12-28 00:52:30");
INSERT INTO likes (like_id, liked_id, like_date) VALUES ("404","419","2017-07-21 19:12:33");
INSERT INTO likes (like_id, liked_id, like_date) VALUES ("347","419","2018-01-05 05:33:08");
INSERT INTO likes (like_id, liked_id, like_date) VALUES ("277","419","2017-11-09 20:08:10");
INSERT INTO likes (like_id, liked_id, like_date) VALUES ("285","419","2017-12-27 06:18:30");
INSERT INTO likes (like_id, liked_id, like_date) VALUES ("213","419","2017-03-04 15:11:54");
INSERT INTO likes (like_id, liked_id, like_date) VALUES ("116","419","2017-12-20 23:52:30");
INSERT INTO views (viewer_id, viewed_id, view_date) VALUES ("74","419","2017-11-14 03:46:58");
INSERT INTO views (viewer_id, viewed_id, view_date) VALUES ("306","419","2017-02-23 03:56:22");
INSERT INTO views (viewer_id, viewed_id, view_date) VALUES ("156","419","2018-01-29 11:33:15");
INSERT INTO views (viewer_id, viewed_id, view_date) VALUES ("258","419","2017-09-08 03:36:28");
INSERT INTO views (viewer_id, viewed_id, view_date) VALUES ("96","419","2017-09-02 17:38:58");
INSERT INTO views (viewer_id, viewed_id, view_date) VALUES ("252","419","2017-07-08 19:31:32");
INSERT INTO views (viewer_id, viewed_id, view_date) VALUES ("233","419","2017-03-11 22:01:15");
INSERT INTO views (viewer_id, viewed_id, view_date) VALUES ("73","419","2017-09-27 14:58:53");
INSERT INTO views (viewer_id, viewed_id, view_date) VALUES ("230","419","2017-10-28 19:33:43");
INSERT INTO views (viewer_id, viewed_id, view_date) VALUES ("365","419","2017-12-01 02:32:54");
INSERT INTO views (viewer_id, viewed_id, view_date) VALUES ("473","419","2017-06-28 14:14:02");
INSERT INTO views (viewer_id, viewed_id, view_date) VALUES ("432","419","2017-12-10 19:55:21");
INSERT INTO views (viewer_id, viewed_id, view_date) VALUES ("205","419","2018-01-31 22:28:55");
INSERT INTO views (viewer_id, viewed_id, view_date) VALUES ("232","419","2017-04-17 02:45:56");
INSERT INTO views (viewer_id, viewed_id, view_date) VALUES ("53","419","2017-07-23 15:19:14");


INSERT INTO user (id, first_name, last_name, username, email, password, birthdate, gender, orientation, bio, country, state, city, zip, file_1, file_2, file_3, file_4, file_5, score, token, token_date, active, register, created_at, updated_at) VALUES ("420","Jeanie","O'Hara","pzulauf","xjast@gmail.com","$2y$10$LJVENW/gfQOV2386kkSxDOd2vcV/zqg9KZJRHv2YBKbmG2noX2cGC","1987-06-05 13:31:02","1","1","Tempora aut atque dolores voluptas deserunt. Et et nesciunt incidunt animi. Quae nihil dolorem dignissimos at. Totam perspiciatis eveniet occaecati cum.","Tokelau","","East Dusty","36839","../fixtures/male5.jpg","../fixtures/male1.jpg","../fixtures/male9.jpg","","","17","fe905e336cb78abd5c74dd53f48f2ee9","1974-09-15 17:14:28","0","0","1987-02-26 05:34:24","2003-04-13 03:28:03");
INSERT INTO user_tag (user_id, tag_id) VALUES ("420","17");
INSERT INTO user_tag (user_id, tag_id) VALUES ("420","30");
INSERT INTO user_tag (user_id, tag_id) VALUES ("420","1");

INSERT INTO connected (user_id, connect_date) VALUES ("420","2017-12-15 23:39:21");
INSERT INTO likes (like_id, liked_id, like_date) VALUES ("334","420","2018-01-09 03:17:23");
INSERT INTO likes (like_id, liked_id, like_date) VALUES ("306","420","2017-11-22 22:59:01");
INSERT INTO likes (like_id, liked_id, like_date) VALUES ("300","420","2017-07-18 12:57:40");
INSERT INTO likes (like_id, liked_id, like_date) VALUES ("483","420","2017-12-05 11:21:53");
INSERT INTO views (viewer_id, viewed_id, view_date) VALUES ("29","420","2017-02-27 16:54:01");
INSERT INTO views (viewer_id, viewed_id, view_date) VALUES ("358","420","2017-12-18 17:55:04");
INSERT INTO views (viewer_id, viewed_id, view_date) VALUES ("179","420","2017-05-12 17:50:45");
INSERT INTO views (viewer_id, viewed_id, view_date) VALUES ("439","420","2017-06-16 06:14:18");
INSERT INTO views (viewer_id, viewed_id, view_date) VALUES ("52","420","2017-08-24 18:27:24");
INSERT INTO views (viewer_id, viewed_id, view_date) VALUES ("39","420","2017-11-29 01:37:17");
INSERT INTO views (viewer_id, viewed_id, view_date) VALUES ("134","420","2017-06-21 12:01:51");
INSERT INTO views (viewer_id, viewed_id, view_date) VALUES ("2","420","2017-08-25 10:08:00");
INSERT INTO views (viewer_id, viewed_id, view_date) VALUES ("177","420","2017-11-20 05:54:06");
INSERT INTO views (viewer_id, viewed_id, view_date) VALUES ("277","420","2017-10-25 09:08:03");
INSERT INTO views (viewer_id, viewed_id, view_date) VALUES ("45","420","2017-07-25 05:41:04");
INSERT INTO views (viewer_id, viewed_id, view_date) VALUES ("272","420","2017-05-01 12:48:31");
INSERT INTO views (viewer_id, viewed_id, view_date) VALUES ("248","420","2017-02-23 18:30:31");
INSERT INTO views (viewer_id, viewed_id, view_date) VALUES ("11","420","2017-11-26 23:02:11");
INSERT INTO views (viewer_id, viewed_id, view_date) VALUES ("264","420","2018-01-22 11:22:45");
INSERT INTO views (viewer_id, viewed_id, view_date) VALUES ("262","420","2018-01-22 05:40:12");
INSERT INTO views (viewer_id, viewed_id, view_date) VALUES ("230","420","2017-04-05 22:02:36");
INSERT INTO views (viewer_id, viewed_id, view_date) VALUES ("31","420","2017-04-01 22:11:20");
INSERT INTO views (viewer_id, viewed_id, view_date) VALUES ("274","420","2017-09-28 12:03:54");
INSERT INTO views (viewer_id, viewed_id, view_date) VALUES ("32","420","2017-05-03 05:58:36");
INSERT INTO views (viewer_id, viewed_id, view_date) VALUES ("392","420","2017-02-16 22:41:33");


INSERT INTO user (id, first_name, last_name, username, email, password, birthdate, gender, orientation, bio, country, state, city, zip, file_1, file_2, file_3, file_4, file_5, score, token, token_date, active, register, created_at, updated_at) VALUES ("421","Opal","Koepp","kalilittel","mkuhlman@nitzsche.net","$2y$10$Xmxc6xYxZZwIy8OMpLxyzObcnRiUl4cbqY83ltiuM4dJGCs4rvsOC","1994-10-04 16:26:03","1","2","Aut cumque sint ex. Qui minima et minima enim.","Greece","","Swiftside","73820-5805","../fixtures/male8.jpg","../fixtures/male2.jpg","../fixtures/male7.jpg","../fixtures/male8.jpg","../fixtures/male2.jpg","79","ba8102fca1ec5ee98050c2212ad9badc","2006-03-09 16:47:49","1","1","1980-01-22 20:17:08","1975-06-27 05:31:50");
INSERT INTO user_tag (user_id, tag_id) VALUES ("421","41");
INSERT INTO user_tag (user_id, tag_id) VALUES ("421","37");
INSERT INTO user_tag (user_id, tag_id) VALUES ("421","11");
INSERT INTO user_tag (user_id, tag_id) VALUES ("421","42");
INSERT INTO user_tag (user_id, tag_id) VALUES ("421","2");
INSERT INTO user_tag (user_id, tag_id) VALUES ("421","28");
INSERT INTO user_tag (user_id, tag_id) VALUES ("421","34");
INSERT INTO user_tag (user_id, tag_id) VALUES ("421","23");
INSERT INTO user_tag (user_id, tag_id) VALUES ("421","35");

INSERT INTO connected (user_id, connect_date) VALUES ("421","2017-05-27 03:57:44");
INSERT INTO likes (like_id, liked_id, like_date) VALUES ("434","421","2017-11-27 19:54:54");
INSERT INTO likes (like_id, liked_id, like_date) VALUES ("352","421","2017-02-22 07:32:31");
INSERT INTO likes (like_id, liked_id, like_date) VALUES ("292","421","2017-03-29 03:25:00");
INSERT INTO likes (like_id, liked_id, like_date) VALUES ("240","421","2017-03-14 02:11:43");
INSERT INTO views (viewer_id, viewed_id, view_date) VALUES ("477","421","2017-09-11 17:05:00");
INSERT INTO views (viewer_id, viewed_id, view_date) VALUES ("5","421","2017-04-14 22:53:24");
INSERT INTO views (viewer_id, viewed_id, view_date) VALUES ("165","421","2017-10-09 21:53:50");
INSERT INTO views (viewer_id, viewed_id, view_date) VALUES ("414","421","2017-03-21 03:37:03");
INSERT INTO views (viewer_id, viewed_id, view_date) VALUES ("216","421","2018-01-31 04:09:19");
INSERT INTO views (viewer_id, viewed_id, view_date) VALUES ("340","421","2017-03-10 22:07:10");


INSERT INTO user (id, first_name, last_name, username, email, password, birthdate, gender, orientation, bio, country, state, city, zip, file_1, file_2, file_3, file_4, file_5, score, token, token_date, active, register, created_at, updated_at) VALUES ("422","Mandy","Bartell","wehnerchase","waelchi.ricky@upton.net","$2y$10$Po1OvaWSkR1ViiP7XK4OFu6Rx5tQw1TOUW4BduHoAAItIblVy2.Fy","1965-04-03 14:39:28","2","2","Et corrupti eveniet perferendis aut. Quo magnam sunt quia et.","Monaco","","East Meaghanshire","94995-3458","../fixtures/female7.jpg","","","","","65","ac7a71ead3e01d631af82182a4717fe3","2017-12-30 17:22:30","0","0","2007-01-09 07:11:20","1990-08-19 21:45:17");
INSERT INTO user_tag (user_id, tag_id) VALUES ("422","35");
INSERT INTO user_tag (user_id, tag_id) VALUES ("422","3");

INSERT INTO connected (user_id, connect_date) VALUES ("422","2017-11-24 07:05:24");
INSERT INTO likes (like_id, liked_id, like_date) VALUES ("196","422","2017-03-20 18:34:47");
INSERT INTO likes (like_id, liked_id, like_date) VALUES ("297","422","2017-10-09 19:38:00");
INSERT INTO views (viewer_id, viewed_id, view_date) VALUES ("159","422","2017-08-20 19:40:42");
INSERT INTO views (viewer_id, viewed_id, view_date) VALUES ("423","422","2017-11-27 00:42:48");
INSERT INTO views (viewer_id, viewed_id, view_date) VALUES ("343","422","2017-06-18 08:28:02");
INSERT INTO views (viewer_id, viewed_id, view_date) VALUES ("73","422","2017-07-14 12:13:59");
INSERT INTO views (viewer_id, viewed_id, view_date) VALUES ("167","422","2017-12-08 00:20:54");


INSERT INTO user (id, first_name, last_name, username, email, password, birthdate, gender, orientation, bio, country, state, city, zip, file_1, file_2, file_3, file_4, file_5, score, token, token_date, active, register, created_at, updated_at) VALUES ("423","Alberto","Cummerata","lhand","amanda08@gmail.com","$2y$10$ud/RkrHLXnl1Tq8sLuWmK.aZrUlTvf/MRtg3oVDB3tmve9WjgncdO","1994-05-08 12:52:15","2","3","Et ducimus id rem delectus ipsa tempore. Ipsum illum eum praesentium dolorem atque. Qui itaque architecto consequatur consequatur qui.","Uzbekistan","","North Maximilianhaven","52027","../fixtures/female7.jpg","../fixtures/female5.jpg","../fixtures/female10.jpg","","","3","aab5ee6cb04fea1bdc8c8b2392490108","1974-03-01 13:10:17","1","1","1972-06-30 09:02:18","2000-01-06 00:46:40");
INSERT INTO user_tag (user_id, tag_id) VALUES ("423","13");
INSERT INTO user_tag (user_id, tag_id) VALUES ("423","41");
INSERT INTO user_tag (user_id, tag_id) VALUES ("423","25");
INSERT INTO user_tag (user_id, tag_id) VALUES ("423","21");
INSERT INTO user_tag (user_id, tag_id) VALUES ("423","19");
INSERT INTO user_tag (user_id, tag_id) VALUES ("423","45");
INSERT INTO user_tag (user_id, tag_id) VALUES ("423","35");
INSERT INTO user_tag (user_id, tag_id) VALUES ("423","4");

INSERT INTO connected (user_id, connect_date) VALUES ("423","2017-09-02 21:59:43");
INSERT INTO likes (like_id, liked_id, like_date) VALUES ("353","423","2017-06-23 19:25:02");
INSERT INTO likes (like_id, liked_id, like_date) VALUES ("34","423","2017-03-26 22:43:38");
INSERT INTO likes (like_id, liked_id, like_date) VALUES ("64","423","2017-11-17 02:22:39");
INSERT INTO likes (like_id, liked_id, like_date) VALUES ("205","423","2017-02-22 04:10:10");
INSERT INTO likes (like_id, liked_id, like_date) VALUES ("68","423","2018-01-21 09:24:02");
INSERT INTO likes (like_id, liked_id, like_date) VALUES ("233","423","2017-08-20 15:51:25");
INSERT INTO likes (like_id, liked_id, like_date) VALUES ("177","423","2017-05-06 10:53:58");
INSERT INTO likes (like_id, liked_id, like_date) VALUES ("423","423","2017-09-26 05:12:19");
INSERT INTO likes (like_id, liked_id, like_date) VALUES ("1","423","2017-09-07 21:08:19");
INSERT INTO likes (like_id, liked_id, like_date) VALUES ("333","423","2017-04-09 09:54:57");
INSERT INTO likes (like_id, liked_id, like_date) VALUES ("441","423","2017-08-10 21:51:29");
INSERT INTO likes (like_id, liked_id, like_date) VALUES ("415","423","2017-05-26 03:23:31");
INSERT INTO likes (like_id, liked_id, like_date) VALUES ("112","423","2017-11-29 13:13:49");
INSERT INTO likes (like_id, liked_id, like_date) VALUES ("83","423","2017-11-18 16:17:56");
INSERT INTO likes (like_id, liked_id, like_date) VALUES ("428","423","2017-04-22 21:35:43");
INSERT INTO likes (like_id, liked_id, like_date) VALUES ("264","423","2017-03-27 19:38:12");
INSERT INTO likes (like_id, liked_id, like_date) VALUES ("295","423","2017-06-19 18:59:55");
INSERT INTO views (viewer_id, viewed_id, view_date) VALUES ("22","423","2017-10-17 06:13:03");
INSERT INTO views (viewer_id, viewed_id, view_date) VALUES ("389","423","2017-07-17 15:50:43");
INSERT INTO views (viewer_id, viewed_id, view_date) VALUES ("379","423","2018-02-03 23:49:12");
INSERT INTO views (viewer_id, viewed_id, view_date) VALUES ("272","423","2017-08-15 07:47:49");
INSERT INTO views (viewer_id, viewed_id, view_date) VALUES ("60","423","2017-11-12 09:53:00");
INSERT INTO views (viewer_id, viewed_id, view_date) VALUES ("61","423","2017-03-14 08:36:43");
INSERT INTO views (viewer_id, viewed_id, view_date) VALUES ("433","423","2017-05-10 01:28:10");
INSERT INTO views (viewer_id, viewed_id, view_date) VALUES ("478","423","2017-07-22 06:55:55");
INSERT INTO views (viewer_id, viewed_id, view_date) VALUES ("398","423","2017-12-16 09:37:10");
INSERT INTO views (viewer_id, viewed_id, view_date) VALUES ("46","423","2017-11-12 12:20:50");
INSERT INTO views (viewer_id, viewed_id, view_date) VALUES ("332","423","2017-04-04 14:42:21");
INSERT INTO views (viewer_id, viewed_id, view_date) VALUES ("13","423","2017-04-29 22:48:33");
INSERT INTO views (viewer_id, viewed_id, view_date) VALUES ("383","423","2017-06-28 03:13:43");
INSERT INTO views (viewer_id, viewed_id, view_date) VALUES ("325","423","2017-06-21 20:10:17");
INSERT INTO views (viewer_id, viewed_id, view_date) VALUES ("87","423","2017-05-20 03:52:07");
INSERT INTO views (viewer_id, viewed_id, view_date) VALUES ("248","423","2017-06-07 13:21:24");
INSERT INTO views (viewer_id, viewed_id, view_date) VALUES ("166","423","2017-09-06 02:51:22");
INSERT INTO views (viewer_id, viewed_id, view_date) VALUES ("47","423","2017-09-03 03:24:37");
INSERT INTO views (viewer_id, viewed_id, view_date) VALUES ("138","423","2018-01-10 16:07:34");
INSERT INTO views (viewer_id, viewed_id, view_date) VALUES ("349","423","2018-01-29 13:16:15");
INSERT INTO views (viewer_id, viewed_id, view_date) VALUES ("324","423","2017-02-21 19:17:27");


INSERT INTO user (id, first_name, last_name, username, email, password, birthdate, gender, orientation, bio, country, state, city, zip, file_1, file_2, file_3, file_4, file_5, score, token, token_date, active, register, created_at, updated_at) VALUES ("424","Ashly","Blanda","itzelkuhn","vita34@yahoo.com","$2y$10$99vLjfuvj7vtM7Kkqeq.2.WP4Hg0ixCTjYV5jj0U/z6sfZnYxyPJu","1973-08-04 13:10:27","2","1","Ipsam sed alias aperiam aut quam non aut. Dolor consequatur quisquam in ut expedita. Eos cupiditate et explicabo impedit. Illo dicta voluptatibus ipsa et perspiciatis molestiae. Nam nobis consequuntur architecto aut totam possimus ea ullam.","Antarctica (the territory South of 60 deg S)","","Leliachester","49394","../fixtures/female2.jpg","","","","","88","2fbc89c79593a4a67506385b1fddace5","2008-01-16 11:03:46","1","1","2006-01-28 14:19:50","1970-02-10 05:24:11");
INSERT INTO user_tag (user_id, tag_id) VALUES ("424","5");
INSERT INTO user_tag (user_id, tag_id) VALUES ("424","1");
INSERT INTO user_tag (user_id, tag_id) VALUES ("424","25");
INSERT INTO user_tag (user_id, tag_id) VALUES ("424","13");
INSERT INTO user_tag (user_id, tag_id) VALUES ("424","37");
INSERT INTO user_tag (user_id, tag_id) VALUES ("424","18");

INSERT INTO connected (user_id, connect_date) VALUES ("424","2017-03-07 23:58:37");
INSERT INTO likes (like_id, liked_id, like_date) VALUES ("299","424","2017-06-15 12:49:47");
INSERT INTO likes (like_id, liked_id, like_date) VALUES ("432","424","2017-12-13 16:50:32");
INSERT INTO likes (like_id, liked_id, like_date) VALUES ("64","424","2017-04-23 20:43:17");
INSERT INTO likes (like_id, liked_id, like_date) VALUES ("401","424","2017-07-24 03:53:43");
INSERT INTO likes (like_id, liked_id, like_date) VALUES ("448","424","2017-07-28 12:58:01");
INSERT INTO likes (like_id, liked_id, like_date) VALUES ("422","424","2017-08-24 09:52:11");
INSERT INTO likes (like_id, liked_id, like_date) VALUES ("98","424","2017-03-17 18:44:33");
INSERT INTO likes (like_id, liked_id, like_date) VALUES ("425","424","2017-04-30 05:59:52");
INSERT INTO likes (like_id, liked_id, like_date) VALUES ("217","424","2017-06-17 07:59:17");
INSERT INTO likes (like_id, liked_id, like_date) VALUES ("268","424","2017-03-07 08:17:49");
INSERT INTO likes (like_id, liked_id, like_date) VALUES ("71","424","2017-04-30 02:30:42");
INSERT INTO likes (like_id, liked_id, like_date) VALUES ("363","424","2017-09-16 05:23:08");
INSERT INTO likes (like_id, liked_id, like_date) VALUES ("285","424","2017-12-09 03:17:38");
INSERT INTO likes (like_id, liked_id, like_date) VALUES ("443","424","2017-12-29 01:41:35");
INSERT INTO views (viewer_id, viewed_id, view_date) VALUES ("290","424","2017-04-12 19:59:27");
INSERT INTO views (viewer_id, viewed_id, view_date) VALUES ("188","424","2017-04-13 01:06:54");
INSERT INTO views (viewer_id, viewed_id, view_date) VALUES ("23","424","2018-01-13 18:36:31");
INSERT INTO views (viewer_id, viewed_id, view_date) VALUES ("321","424","2017-07-20 16:57:25");
INSERT INTO views (viewer_id, viewed_id, view_date) VALUES ("155","424","2017-09-22 17:31:06");
INSERT INTO views (viewer_id, viewed_id, view_date) VALUES ("388","424","2017-07-05 09:00:33");
INSERT INTO views (viewer_id, viewed_id, view_date) VALUES ("31","424","2017-06-18 22:23:32");
INSERT INTO views (viewer_id, viewed_id, view_date) VALUES ("101","424","2017-12-17 06:22:37");
INSERT INTO views (viewer_id, viewed_id, view_date) VALUES ("279","424","2018-01-22 05:54:16");
INSERT INTO views (viewer_id, viewed_id, view_date) VALUES ("139","424","2017-07-07 01:28:00");
INSERT INTO views (viewer_id, viewed_id, view_date) VALUES ("470","424","2017-09-01 05:58:16");
INSERT INTO views (viewer_id, viewed_id, view_date) VALUES ("285","424","2017-10-01 08:13:14");
INSERT INTO views (viewer_id, viewed_id, view_date) VALUES ("436","424","2017-02-27 13:37:54");
INSERT INTO views (viewer_id, viewed_id, view_date) VALUES ("456","424","2017-11-17 12:20:03");
INSERT INTO views (viewer_id, viewed_id, view_date) VALUES ("472","424","2017-09-29 15:51:55");
INSERT INTO views (viewer_id, viewed_id, view_date) VALUES ("297","424","2018-01-28 11:11:18");


INSERT INTO user (id, first_name, last_name, username, email, password, birthdate, gender, orientation, bio, country, state, city, zip, file_1, file_2, file_3, file_4, file_5, score, token, token_date, active, register, created_at, updated_at) VALUES ("425","Blake","Koelpin","vkovacek","dooley.kevon@gmail.com","$2y$10$2/u3G.Q3hALoBLBGb0ejiOfUZzPJFAk./o6kQ0S9OWb2lyS9aquZi","1954-08-27 17:58:25","2","1","At aut expedita vel eaque aut quibusdam qui. Sapiente eligendi esse autem et error veritatis. Vel optio et optio est sed tenetur ut. At ab corporis sint neque eveniet et.","Papua New Guinea","","Addisontown","69330","../fixtures/female9.jpg","","","","","75","732ad4bc5908789d327a9839ab51897b","1992-06-10 16:55:28","1","0","1977-06-06 20:49:46","2000-05-13 23:39:48");
INSERT INTO user_tag (user_id, tag_id) VALUES ("425","41");
INSERT INTO user_tag (user_id, tag_id) VALUES ("425","27");
INSERT INTO user_tag (user_id, tag_id) VALUES ("425","32");
INSERT INTO user_tag (user_id, tag_id) VALUES ("425","33");
INSERT INTO user_tag (user_id, tag_id) VALUES ("425","11");
INSERT INTO user_tag (user_id, tag_id) VALUES ("425","29");
INSERT INTO user_tag (user_id, tag_id) VALUES ("425","35");

INSERT INTO connected (user_id, connect_date) VALUES ("425","2017-12-05 18:11:49");
INSERT INTO likes (like_id, liked_id, like_date) VALUES ("317","425","2018-01-19 07:21:54");
INSERT INTO likes (like_id, liked_id, like_date) VALUES ("349","425","2017-12-27 11:15:36");
INSERT INTO likes (like_id, liked_id, like_date) VALUES ("478","425","2017-12-18 01:59:15");
INSERT INTO likes (like_id, liked_id, like_date) VALUES ("225","425","2017-07-04 16:50:50");
INSERT INTO likes (like_id, liked_id, like_date) VALUES ("313","425","2017-02-18 13:16:11");
INSERT INTO likes (like_id, liked_id, like_date) VALUES ("254","425","2018-01-20 09:11:44");
INSERT INTO likes (like_id, liked_id, like_date) VALUES ("66","425","2017-08-28 13:15:07");
INSERT INTO likes (like_id, liked_id, like_date) VALUES ("466","425","2017-08-11 11:28:15");
INSERT INTO likes (like_id, liked_id, like_date) VALUES ("3","425","2017-07-14 20:27:57");
INSERT INTO likes (like_id, liked_id, like_date) VALUES ("389","425","2017-11-17 06:20:01");
INSERT INTO likes (like_id, liked_id, like_date) VALUES ("401","425","2017-10-26 18:23:34");
INSERT INTO likes (like_id, liked_id, like_date) VALUES ("304","425","2017-06-16 07:27:53");
INSERT INTO likes (like_id, liked_id, like_date) VALUES ("84","425","2017-11-27 14:06:28");
INSERT INTO likes (like_id, liked_id, like_date) VALUES ("365","425","2018-01-25 12:47:19");
INSERT INTO likes (like_id, liked_id, like_date) VALUES ("412","425","2017-09-23 16:27:53");
INSERT INTO likes (like_id, liked_id, like_date) VALUES ("235","425","2017-08-27 06:59:39");
INSERT INTO likes (like_id, liked_id, like_date) VALUES ("23","425","2017-05-05 22:05:46");
INSERT INTO likes (like_id, liked_id, like_date) VALUES ("196","425","2017-07-09 17:05:26");
INSERT INTO likes (like_id, liked_id, like_date) VALUES ("299","425","2017-07-23 07:44:33");
INSERT INTO likes (like_id, liked_id, like_date) VALUES ("239","425","2017-06-21 18:13:35");
INSERT INTO views (viewer_id, viewed_id, view_date) VALUES ("491","425","2018-01-13 08:15:21");
INSERT INTO views (viewer_id, viewed_id, view_date) VALUES ("413","425","2017-12-29 16:01:56");
INSERT INTO views (viewer_id, viewed_id, view_date) VALUES ("411","425","2017-10-24 01:56:08");
INSERT INTO views (viewer_id, viewed_id, view_date) VALUES ("328","425","2017-03-24 17:54:01");
INSERT INTO views (viewer_id, viewed_id, view_date) VALUES ("163","425","2018-01-10 18:13:19");
INSERT INTO views (viewer_id, viewed_id, view_date) VALUES ("289","425","2017-03-21 10:26:56");
INSERT INTO views (viewer_id, viewed_id, view_date) VALUES ("462","425","2017-06-19 15:14:15");


INSERT INTO user (id, first_name, last_name, username, email, password, birthdate, gender, orientation, bio, country, state, city, zip, file_1, file_2, file_3, file_4, file_5, score, token, token_date, active, register, created_at, updated_at) VALUES ("426","Martine","Weber","brippin","ibeer@zemlak.com","$2y$10$dBojugQZcrgsqgHNsEFvC.n.Wqv.pSm5rLBHsjWwla8EQLySQtCIy","1999-06-18 16:50:00","2","1","Dicta aut esse est eum tempora aut perferendis. Omnis ut autem distinctio ipsum molestiae. Laudantium exercitationem fugiat recusandae corrupti dolor suscipit omnis.","Dominican Republic","","West Diego","39999","../fixtures/female1.jpg","../fixtures/female1.jpg","../fixtures/female5.jpg","","","95","1cef8a35b008e4f1cb5f69cff89816da","1994-01-16 01:57:09","1","0","1986-12-15 07:15:33","1987-09-05 16:33:04");
INSERT INTO user_tag (user_id, tag_id) VALUES ("426","24");
INSERT INTO user_tag (user_id, tag_id) VALUES ("426","7");
INSERT INTO user_tag (user_id, tag_id) VALUES ("426","45");
INSERT INTO user_tag (user_id, tag_id) VALUES ("426","7");
INSERT INTO user_tag (user_id, tag_id) VALUES ("426","34");
INSERT INTO user_tag (user_id, tag_id) VALUES ("426","48");
INSERT INTO user_tag (user_id, tag_id) VALUES ("426","45");

INSERT INTO connected (user_id, connect_date) VALUES ("426","2018-01-21 19:51:13");
INSERT INTO likes (like_id, liked_id, like_date) VALUES ("51","426","2017-03-03 07:54:26");
INSERT INTO likes (like_id, liked_id, like_date) VALUES ("154","426","2017-11-26 21:52:12");
INSERT INTO likes (like_id, liked_id, like_date) VALUES ("201","426","2017-02-23 19:38:36");
INSERT INTO likes (like_id, liked_id, like_date) VALUES ("318","426","2017-11-22 16:18:47");
INSERT INTO likes (like_id, liked_id, like_date) VALUES ("249","426","2018-02-02 05:16:32");
INSERT INTO likes (like_id, liked_id, like_date) VALUES ("51","426","2017-04-30 05:17:21");
INSERT INTO views (viewer_id, viewed_id, view_date) VALUES ("432","426","2017-08-14 02:06:27");
INSERT INTO views (viewer_id, viewed_id, view_date) VALUES ("44","426","2017-11-29 17:10:21");
INSERT INTO views (viewer_id, viewed_id, view_date) VALUES ("194","426","2017-05-26 09:17:07");
INSERT INTO views (viewer_id, viewed_id, view_date) VALUES ("1","426","2017-12-20 00:27:55");
INSERT INTO views (viewer_id, viewed_id, view_date) VALUES ("430","426","2018-01-16 21:04:22");
INSERT INTO views (viewer_id, viewed_id, view_date) VALUES ("189","426","2017-05-14 15:13:08");
INSERT INTO views (viewer_id, viewed_id, view_date) VALUES ("477","426","2018-02-08 06:59:37");
INSERT INTO views (viewer_id, viewed_id, view_date) VALUES ("14","426","2017-08-07 12:42:53");
INSERT INTO views (viewer_id, viewed_id, view_date) VALUES ("42","426","2017-02-24 05:27:59");
INSERT INTO views (viewer_id, viewed_id, view_date) VALUES ("299","426","2017-07-22 22:55:45");
INSERT INTO views (viewer_id, viewed_id, view_date) VALUES ("10","426","2017-08-22 17:00:32");
INSERT INTO views (viewer_id, viewed_id, view_date) VALUES ("445","426","2017-08-21 17:03:38");
INSERT INTO views (viewer_id, viewed_id, view_date) VALUES ("13","426","2017-04-19 16:32:51");
INSERT INTO views (viewer_id, viewed_id, view_date) VALUES ("166","426","2017-08-02 07:21:40");
INSERT INTO views (viewer_id, viewed_id, view_date) VALUES ("413","426","2017-07-07 07:07:28");
INSERT INTO views (viewer_id, viewed_id, view_date) VALUES ("47","426","2017-08-07 22:36:34");
INSERT INTO views (viewer_id, viewed_id, view_date) VALUES ("321","426","2018-01-24 15:50:25");


INSERT INTO user (id, first_name, last_name, username, email, password, birthdate, gender, orientation, bio, country, state, city, zip, file_1, file_2, file_3, file_4, file_5, score, token, token_date, active, register, created_at, updated_at) VALUES ("427","Dessie","Kirlin","runolfsdottirturner","hsanford@yahoo.com","$2y$10$ph0DbKvtf9YmC9lPjOk1l.HmGYqDU7xRL/buTj8AklirbZQPeLtbW","1990-05-03 07:00:51","1","1","Sed qui qui iure excepturi ut earum earum. Quasi dolore qui ut aut consequatur quasi nesciunt. Cupiditate eum nam non id. Voluptas voluptatibus ipsa odit blanditiis. Totam minima praesentium corrupti velit.","Syrian Arab Republic","","Simonefort","72982-8597","../fixtures/male4.jpg","../fixtures/male7.jpg","../fixtures/male2.jpg","../fixtures/male4.jpg","","25","a689cb250a85e93e460d99cb4c9fc14e","1988-09-14 15:45:04","1","1","1989-06-17 10:33:05","2000-05-20 12:46:26");
INSERT INTO user_tag (user_id, tag_id) VALUES ("427","30");
INSERT INTO user_tag (user_id, tag_id) VALUES ("427","19");
INSERT INTO user_tag (user_id, tag_id) VALUES ("427","19");
INSERT INTO user_tag (user_id, tag_id) VALUES ("427","38");
INSERT INTO user_tag (user_id, tag_id) VALUES ("427","47");
INSERT INTO user_tag (user_id, tag_id) VALUES ("427","30");

INSERT INTO connected (user_id, connect_date) VALUES ("427","2017-04-29 17:11:40");
INSERT INTO likes (like_id, liked_id, like_date) VALUES ("178","427","2018-01-05 18:21:39");
INSERT INTO likes (like_id, liked_id, like_date) VALUES ("102","427","2017-11-13 05:17:33");
INSERT INTO likes (like_id, liked_id, like_date) VALUES ("283","427","2017-06-05 23:18:02");
INSERT INTO likes (like_id, liked_id, like_date) VALUES ("464","427","2017-02-25 11:02:56");
INSERT INTO likes (like_id, liked_id, like_date) VALUES ("109","427","2017-10-15 16:44:22");
INSERT INTO likes (like_id, liked_id, like_date) VALUES ("46","427","2017-06-14 09:47:53");
INSERT INTO likes (like_id, liked_id, like_date) VALUES ("394","427","2018-02-14 02:11:31");
INSERT INTO likes (like_id, liked_id, like_date) VALUES ("98","427","2017-02-17 13:57:15");
INSERT INTO likes (like_id, liked_id, like_date) VALUES ("311","427","2017-06-24 17:07:43");
INSERT INTO likes (like_id, liked_id, like_date) VALUES ("43","427","2017-07-16 09:12:27");
INSERT INTO likes (like_id, liked_id, like_date) VALUES ("128","427","2017-05-30 20:14:36");
INSERT INTO views (viewer_id, viewed_id, view_date) VALUES ("176","427","2017-08-26 13:24:19");
INSERT INTO views (viewer_id, viewed_id, view_date) VALUES ("17","427","2018-02-11 10:20:12");
INSERT INTO views (viewer_id, viewed_id, view_date) VALUES ("46","427","2017-06-17 19:35:56");
INSERT INTO views (viewer_id, viewed_id, view_date) VALUES ("449","427","2017-12-12 04:59:56");
INSERT INTO views (viewer_id, viewed_id, view_date) VALUES ("118","427","2018-01-10 12:32:34");
INSERT INTO views (viewer_id, viewed_id, view_date) VALUES ("12","427","2017-02-18 13:50:54");
INSERT INTO views (viewer_id, viewed_id, view_date) VALUES ("196","427","2017-08-07 08:25:05");


INSERT INTO user (id, first_name, last_name, username, email, password, birthdate, gender, orientation, bio, country, state, city, zip, file_1, file_2, file_3, file_4, file_5, score, token, token_date, active, register, created_at, updated_at) VALUES ("428","Liliane","McLaughlin","krisrashad","wkunde@hotmail.com","$2y$10$pX57FNKtSh236/WS222z6e9oc5HaxYBc7iI7zBONZ79mXtwCmAQ7G","1985-06-07 12:19:47","1","3","Ut odio aliquam hic eum sint adipisci qui. Qui ipsa non minima quia. Sit at recusandae dignissimos animi.","Ghana","","Lake Khalil","82270-0561","../fixtures/male7.jpg","../fixtures/male6.jpg","","","","86","566a6b066771a3a9bae7b3f6c9689cb5","1989-11-19 22:56:42","1","0","1998-05-30 17:23:00","1976-07-09 10:23:19");
INSERT INTO user_tag (user_id, tag_id) VALUES ("428","10");
INSERT INTO user_tag (user_id, tag_id) VALUES ("428","24");
INSERT INTO user_tag (user_id, tag_id) VALUES ("428","10");

INSERT INTO connected (user_id, connect_date) VALUES ("428","2017-11-20 18:16:49");
INSERT INTO likes (like_id, liked_id, like_date) VALUES ("360","428","2017-04-09 03:16:05");
INSERT INTO likes (like_id, liked_id, like_date) VALUES ("291","428","2017-05-17 01:05:30");
INSERT INTO likes (like_id, liked_id, like_date) VALUES ("393","428","2017-09-25 20:34:50");
INSERT INTO likes (like_id, liked_id, like_date) VALUES ("91","428","2017-10-22 02:04:17");
INSERT INTO likes (like_id, liked_id, like_date) VALUES ("491","428","2017-12-17 17:15:32");
INSERT INTO likes (like_id, liked_id, like_date) VALUES ("438","428","2017-10-05 07:59:07");
INSERT INTO likes (like_id, liked_id, like_date) VALUES ("44","428","2017-05-08 05:31:30");
INSERT INTO likes (like_id, liked_id, like_date) VALUES ("163","428","2017-08-09 22:05:58");
INSERT INTO likes (like_id, liked_id, like_date) VALUES ("296","428","2017-07-31 14:45:38");


INSERT INTO user (id, first_name, last_name, username, email, password, birthdate, gender, orientation, bio, country, state, city, zip, file_1, file_2, file_3, file_4, file_5, score, token, token_date, active, register, created_at, updated_at) VALUES ("429","Palma","Turcotte","cborer","katelyn50@yahoo.com","$2y$10$FlcAFpjpZXy4i9fgH3k1mOwBddnepfYeQjzBaVgxMh0W65CAryjKy","1965-08-28 04:49:05","1","1","Laborum reiciendis incidunt voluptas in sunt voluptas quae. Perspiciatis a optio ab ex incidunt. Animi quo et qui officia repellat ullam officiis enim. Et officia aut quam quia accusantium dolor velit et.","Norway","","New Florence","46054","../fixtures/male5.jpg","../fixtures/male5.jpg","../fixtures/male10.jpg","","","2","493462048be7a8ed6efb25f11bb3662f","1982-06-25 05:24:11","0","0","2000-02-23 14:10:58","1994-03-08 12:48:23");
INSERT INTO user_tag (user_id, tag_id) VALUES ("429","16");
INSERT INTO user_tag (user_id, tag_id) VALUES ("429","9");
INSERT INTO user_tag (user_id, tag_id) VALUES ("429","20");
INSERT INTO user_tag (user_id, tag_id) VALUES ("429","5");

INSERT INTO connected (user_id, connect_date) VALUES ("429","2017-04-27 07:49:38");
INSERT INTO likes (like_id, liked_id, like_date) VALUES ("81","429","2017-04-26 16:55:36");
INSERT INTO views (viewer_id, viewed_id, view_date) VALUES ("498","429","2017-09-13 05:25:31");
INSERT INTO views (viewer_id, viewed_id, view_date) VALUES ("26","429","2018-01-19 17:51:31");
INSERT INTO views (viewer_id, viewed_id, view_date) VALUES ("362","429","2017-11-30 17:34:27");
INSERT INTO views (viewer_id, viewed_id, view_date) VALUES ("354","429","2017-05-24 23:39:34");
INSERT INTO views (viewer_id, viewed_id, view_date) VALUES ("52","429","2017-07-16 01:51:39");
INSERT INTO views (viewer_id, viewed_id, view_date) VALUES ("245","429","2017-05-29 21:20:52");
INSERT INTO views (viewer_id, viewed_id, view_date) VALUES ("369","429","2018-02-03 09:50:05");
INSERT INTO views (viewer_id, viewed_id, view_date) VALUES ("366","429","2018-02-03 20:02:33");
INSERT INTO views (viewer_id, viewed_id, view_date) VALUES ("314","429","2017-09-06 09:52:55");
INSERT INTO views (viewer_id, viewed_id, view_date) VALUES ("387","429","2017-08-29 11:20:52");
INSERT INTO views (viewer_id, viewed_id, view_date) VALUES ("97","429","2017-07-22 04:50:02");
INSERT INTO views (viewer_id, viewed_id, view_date) VALUES ("435","429","2017-11-07 06:09:02");
INSERT INTO views (viewer_id, viewed_id, view_date) VALUES ("64","429","2017-04-05 07:31:08");
INSERT INTO views (viewer_id, viewed_id, view_date) VALUES ("457","429","2017-05-22 01:00:35");
INSERT INTO views (viewer_id, viewed_id, view_date) VALUES ("410","429","2017-08-21 03:36:39");


INSERT INTO user (id, first_name, last_name, username, email, password, birthdate, gender, orientation, bio, country, state, city, zip, file_1, file_2, file_3, file_4, file_5, score, token, token_date, active, register, created_at, updated_at) VALUES ("430","Johan","Lemke","zschneider","ryan63@gmail.com","$2y$10$T2NnPCEti3n0yvma78Vy/OQKfAVRX7MWzSz7UAHD2ZkJTbyHR1LXu","1952-02-11 05:07:02","1","3","Omnis id est voluptatem dolorem velit. Atque veritatis reiciendis distinctio cum voluptas est at. Sed autem quidem ad et quaerat. Esse recusandae aperiam consequatur nulla porro sit. Accusamus quis ipsam aut.","Antarctica (the territory South of 60 deg S)","","Hauckmouth","70615","../fixtures/male2.jpg","../fixtures/male6.jpg","../fixtures/male10.jpg","../fixtures/male3.jpg","","31","f7851dff5f74b9adb7f814ec0675efde","1982-11-24 01:40:51","0","0","2017-04-05 09:49:17","1992-04-24 07:39:39");
INSERT INTO user_tag (user_id, tag_id) VALUES ("430","47");
INSERT INTO user_tag (user_id, tag_id) VALUES ("430","35");
INSERT INTO user_tag (user_id, tag_id) VALUES ("430","16");
INSERT INTO user_tag (user_id, tag_id) VALUES ("430","16");
INSERT INTO user_tag (user_id, tag_id) VALUES ("430","10");
INSERT INTO user_tag (user_id, tag_id) VALUES ("430","45");
INSERT INTO user_tag (user_id, tag_id) VALUES ("430","14");
INSERT INTO user_tag (user_id, tag_id) VALUES ("430","23");
INSERT INTO user_tag (user_id, tag_id) VALUES ("430","17");
INSERT INTO user_tag (user_id, tag_id) VALUES ("430","21");
INSERT INTO user_tag (user_id, tag_id) VALUES ("430","48");

INSERT INTO connected (user_id, connect_date) VALUES ("430","2017-03-18 19:06:44");
INSERT INTO likes (like_id, liked_id, like_date) VALUES ("414","430","2017-04-02 04:45:38");
INSERT INTO likes (like_id, liked_id, like_date) VALUES ("55","430","2017-09-11 22:18:48");
INSERT INTO likes (like_id, liked_id, like_date) VALUES ("1","430","2017-07-15 01:19:23");
INSERT INTO likes (like_id, liked_id, like_date) VALUES ("428","430","2018-01-04 12:57:03");
INSERT INTO likes (like_id, liked_id, like_date) VALUES ("141","430","2018-01-09 02:14:21");
INSERT INTO likes (like_id, liked_id, like_date) VALUES ("17","430","2017-03-03 08:37:57");
INSERT INTO likes (like_id, liked_id, like_date) VALUES ("43","430","2017-05-21 07:20:06");
INSERT INTO likes (like_id, liked_id, like_date) VALUES ("380","430","2017-03-09 07:14:36");
INSERT INTO likes (like_id, liked_id, like_date) VALUES ("257","430","2018-02-04 07:15:37");
INSERT INTO likes (like_id, liked_id, like_date) VALUES ("133","430","2017-10-19 00:52:03");
INSERT INTO likes (like_id, liked_id, like_date) VALUES ("441","430","2017-06-11 10:20:14");
INSERT INTO likes (like_id, liked_id, like_date) VALUES ("474","430","2017-09-17 17:56:53");
INSERT INTO likes (like_id, liked_id, like_date) VALUES ("133","430","2017-09-14 23:33:05");


INSERT INTO user (id, first_name, last_name, username, email, password, birthdate, gender, orientation, bio, country, state, city, zip, file_1, file_2, file_3, file_4, file_5, score, token, token_date, active, register, created_at, updated_at) VALUES ("431","Ola","Champlin","rocky80","sawayn.helene@hotmail.com","$2y$10$XuPsyQk70IrehiSj1DlTWO53SrMPld6/vMWM7f.7QxTDkJWbVTu3a","1953-10-06 23:43:24","1","1","Qui voluptatem dolorum expedita numquam nulla. Fuga exercitationem repudiandae tempora eligendi ipsam. Nemo ut eligendi vitae alias quisquam eum voluptatem.","Bahamas","","West Tressiemouth","29473-7585","../fixtures/male10.jpg","../fixtures/male3.jpg","","","","63","55f6fa9a5e6718aaf47845129ddac117","1976-07-15 07:01:26","1","0","2007-10-24 16:15:24","2014-06-26 22:11:32");
INSERT INTO user_tag (user_id, tag_id) VALUES ("431","15");
INSERT INTO user_tag (user_id, tag_id) VALUES ("431","20");

INSERT INTO connected (user_id, connect_date) VALUES ("431","2017-03-18 17:24:46");
INSERT INTO likes (like_id, liked_id, like_date) VALUES ("119","431","2017-11-26 12:50:43");
INSERT INTO likes (like_id, liked_id, like_date) VALUES ("333","431","2017-03-17 09:57:37");
INSERT INTO likes (like_id, liked_id, like_date) VALUES ("176","431","2017-07-18 12:56:49");
INSERT INTO likes (like_id, liked_id, like_date) VALUES ("209","431","2017-09-25 17:14:55");
INSERT INTO likes (like_id, liked_id, like_date) VALUES ("294","431","2017-03-23 07:15:10");
INSERT INTO likes (like_id, liked_id, like_date) VALUES ("120","431","2017-09-01 14:58:30");
INSERT INTO likes (like_id, liked_id, like_date) VALUES ("278","431","2017-05-07 19:09:51");
INSERT INTO likes (like_id, liked_id, like_date) VALUES ("223","431","2017-06-04 04:13:37");
INSERT INTO likes (like_id, liked_id, like_date) VALUES ("460","431","2017-03-22 05:54:46");
INSERT INTO likes (like_id, liked_id, like_date) VALUES ("178","431","2017-05-24 07:12:04");
INSERT INTO likes (like_id, liked_id, like_date) VALUES ("395","431","2017-05-15 07:56:22");
INSERT INTO likes (like_id, liked_id, like_date) VALUES ("231","431","2017-03-08 13:03:25");
INSERT INTO likes (like_id, liked_id, like_date) VALUES ("457","431","2017-03-27 19:30:13");
INSERT INTO views (viewer_id, viewed_id, view_date) VALUES ("43","431","2017-06-26 22:53:04");
INSERT INTO views (viewer_id, viewed_id, view_date) VALUES ("115","431","2017-04-14 19:04:54");
INSERT INTO views (viewer_id, viewed_id, view_date) VALUES ("307","431","2017-04-17 11:09:40");
INSERT INTO views (viewer_id, viewed_id, view_date) VALUES ("315","431","2018-01-23 23:31:45");
INSERT INTO views (viewer_id, viewed_id, view_date) VALUES ("326","431","2017-12-26 03:50:55");


INSERT INTO user (id, first_name, last_name, username, email, password, birthdate, gender, orientation, bio, country, state, city, zip, file_1, file_2, file_3, file_4, file_5, score, token, token_date, active, register, created_at, updated_at) VALUES ("432","Regan","Schoen","mzemlak","geo.franecki@koss.org","$2y$10$hBCKtp5nGKIXOPhwSy0.jOD40gbYPxTvFdBmC4dgoIHXcBuIXgHkW","1999-09-03 02:01:05","2","3","Non ratione ratione corrupti quis dolorem ut provident. Laborum ea non optio. Velit inventore voluptate beatae consequatur velit totam qui. Tempore quaerat quod voluptate voluptatem veniam.","Puerto Rico","","East Fredabury","74436","../fixtures/female10.jpg","../fixtures/female8.jpg","","","","0","8147b0f65f4e105b85b5b648928972bd","1970-04-03 06:03:32","1","1","2002-05-11 00:06:29","1996-09-16 19:08:04");
INSERT INTO user_tag (user_id, tag_id) VALUES ("432","15");
INSERT INTO user_tag (user_id, tag_id) VALUES ("432","15");
INSERT INTO user_tag (user_id, tag_id) VALUES ("432","16");
INSERT INTO user_tag (user_id, tag_id) VALUES ("432","48");
INSERT INTO user_tag (user_id, tag_id) VALUES ("432","30");
INSERT INTO user_tag (user_id, tag_id) VALUES ("432","1");
INSERT INTO user_tag (user_id, tag_id) VALUES ("432","9");
INSERT INTO user_tag (user_id, tag_id) VALUES ("432","45");
INSERT INTO user_tag (user_id, tag_id) VALUES ("432","12");
INSERT INTO user_tag (user_id, tag_id) VALUES ("432","29");
INSERT INTO user_tag (user_id, tag_id) VALUES ("432","9");
INSERT INTO user_tag (user_id, tag_id) VALUES ("432","25");
INSERT INTO user_tag (user_id, tag_id) VALUES ("432","1");
INSERT INTO user_tag (user_id, tag_id) VALUES ("432","50");

INSERT INTO connected (user_id, connect_date) VALUES ("432","2017-08-24 08:49:23");
INSERT INTO likes (like_id, liked_id, like_date) VALUES ("21","432","2017-06-22 03:09:32");
INSERT INTO likes (like_id, liked_id, like_date) VALUES ("187","432","2017-05-09 13:12:22");
INSERT INTO likes (like_id, liked_id, like_date) VALUES ("366","432","2017-08-30 12:05:58");
INSERT INTO likes (like_id, liked_id, like_date) VALUES ("415","432","2017-08-10 04:44:48");
INSERT INTO likes (like_id, liked_id, like_date) VALUES ("231","432","2017-03-30 08:46:19");
INSERT INTO likes (like_id, liked_id, like_date) VALUES ("451","432","2017-06-23 03:24:01");
INSERT INTO likes (like_id, liked_id, like_date) VALUES ("261","432","2017-11-29 08:46:49");
INSERT INTO views (viewer_id, viewed_id, view_date) VALUES ("43","432","2017-10-28 17:35:32");
INSERT INTO views (viewer_id, viewed_id, view_date) VALUES ("219","432","2017-11-04 13:16:27");
INSERT INTO views (viewer_id, viewed_id, view_date) VALUES ("172","432","2017-07-31 19:57:31");
INSERT INTO views (viewer_id, viewed_id, view_date) VALUES ("324","432","2018-02-10 23:13:38");
INSERT INTO views (viewer_id, viewed_id, view_date) VALUES ("354","432","2017-09-13 17:49:56");
INSERT INTO views (viewer_id, viewed_id, view_date) VALUES ("406","432","2017-05-11 03:17:29");
INSERT INTO views (viewer_id, viewed_id, view_date) VALUES ("299","432","2018-01-04 06:56:58");
INSERT INTO views (viewer_id, viewed_id, view_date) VALUES ("301","432","2017-08-25 23:50:05");
INSERT INTO views (viewer_id, viewed_id, view_date) VALUES ("425","432","2017-03-13 10:14:04");
INSERT INTO views (viewer_id, viewed_id, view_date) VALUES ("226","432","2017-08-26 02:47:40");


INSERT INTO user (id, first_name, last_name, username, email, password, birthdate, gender, orientation, bio, country, state, city, zip, file_1, file_2, file_3, file_4, file_5, score, token, token_date, active, register, created_at, updated_at) VALUES ("433","Stephany","Smitham","susan29","kelvin.kerluke@johnson.org","$2y$10$1XzycalR4cmYSm..sALBc.MNw.ZwRHxwXaM5mIz9yLH/B9Y2mfEdW","1973-09-27 21:45:29","2","1","Rerum earum qui libero magni aperiam iure quod. Adipisci laborum voluptas ex reprehenderit in fugiat esse ipsa. Atque eos non qui qui nesciunt quia. Quo rerum alias aperiam placeat ut. Ipsam consequuntur ducimus aspernatur.","Iceland","","North Marietta","21769","../fixtures/female5.jpg","../fixtures/female2.jpg","../fixtures/female6.jpg","../fixtures/female2.jpg","","50","ae417f81e782bf5ef863f76aa65bd4eb","1976-01-16 14:20:25","1","0","2010-10-14 18:09:52","1987-04-11 21:51:47");
INSERT INTO user_tag (user_id, tag_id) VALUES ("433","19");

INSERT INTO connected (user_id, connect_date) VALUES ("433","2017-03-11 07:17:13");
INSERT INTO likes (like_id, liked_id, like_date) VALUES ("8","433","2017-10-18 21:47:36");
INSERT INTO likes (like_id, liked_id, like_date) VALUES ("217","433","2018-01-22 16:23:59");
INSERT INTO likes (like_id, liked_id, like_date) VALUES ("386","433","2017-06-29 12:22:29");
INSERT INTO likes (like_id, liked_id, like_date) VALUES ("416","433","2017-05-08 05:13:22");
INSERT INTO likes (like_id, liked_id, like_date) VALUES ("93","433","2017-09-03 01:20:40");
INSERT INTO likes (like_id, liked_id, like_date) VALUES ("88","433","2017-05-21 12:25:43");
INSERT INTO likes (like_id, liked_id, like_date) VALUES ("338","433","2017-08-04 22:42:18");
INSERT INTO likes (like_id, liked_id, like_date) VALUES ("286","433","2017-02-19 15:07:05");
INSERT INTO likes (like_id, liked_id, like_date) VALUES ("201","433","2017-02-17 22:05:03");
INSERT INTO likes (like_id, liked_id, like_date) VALUES ("32","433","2017-10-23 15:24:09");
INSERT INTO likes (like_id, liked_id, like_date) VALUES ("68","433","2018-01-15 06:26:32");
INSERT INTO likes (like_id, liked_id, like_date) VALUES ("230","433","2017-04-16 13:38:26");
INSERT INTO likes (like_id, liked_id, like_date) VALUES ("383","433","2017-08-19 14:17:43");
INSERT INTO likes (like_id, liked_id, like_date) VALUES ("429","433","2018-01-19 05:16:30");
INSERT INTO likes (like_id, liked_id, like_date) VALUES ("328","433","2017-06-09 14:42:13");
INSERT INTO likes (like_id, liked_id, like_date) VALUES ("296","433","2017-11-25 22:46:17");
INSERT INTO likes (like_id, liked_id, like_date) VALUES ("214","433","2017-10-20 11:19:04");
INSERT INTO views (viewer_id, viewed_id, view_date) VALUES ("135","433","2018-01-13 11:22:55");
INSERT INTO views (viewer_id, viewed_id, view_date) VALUES ("216","433","2017-10-10 06:10:41");
INSERT INTO views (viewer_id, viewed_id, view_date) VALUES ("231","433","2017-02-26 17:35:50");
INSERT INTO views (viewer_id, viewed_id, view_date) VALUES ("201","433","2017-12-31 06:13:31");
INSERT INTO views (viewer_id, viewed_id, view_date) VALUES ("446","433","2017-11-22 21:16:30");
INSERT INTO views (viewer_id, viewed_id, view_date) VALUES ("378","433","2017-12-01 07:53:09");


INSERT INTO user (id, first_name, last_name, username, email, password, birthdate, gender, orientation, bio, country, state, city, zip, file_1, file_2, file_3, file_4, file_5, score, token, token_date, active, register, created_at, updated_at) VALUES ("434","Cristobal","Towne","adurgan","langworth.ebba@hotmail.com","$2y$10$WzFXjf2XItdiPe9.4wdJY.Wklg034.12NcZUxGGVbJ9rv..hkY6.6","1972-01-02 07:20:18","2","2","Consequuntur quia non sed ex eaque dicta. Facere similique et perspiciatis ex. Distinctio ea quia officia animi impedit mollitia numquam. Porro quasi omnis illum quia quod quis.","Aruba","","Kuphalmouth","32987-3885","../fixtures/female8.jpg","../fixtures/female3.jpg","../fixtures/female4.jpg","","","74","20e29b6c74b862e3d90feb6a4ccb2829","1998-08-08 05:39:10","0","0","2013-07-17 02:08:23","2006-11-04 21:02:58");
INSERT INTO user_tag (user_id, tag_id) VALUES ("434","27");
INSERT INTO user_tag (user_id, tag_id) VALUES ("434","32");
INSERT INTO user_tag (user_id, tag_id) VALUES ("434","32");
INSERT INTO user_tag (user_id, tag_id) VALUES ("434","10");

INSERT INTO connected (user_id, connect_date) VALUES ("434","2017-05-06 19:41:35");
INSERT INTO likes (like_id, liked_id, like_date) VALUES ("69","434","2017-07-11 04:18:58");
INSERT INTO views (viewer_id, viewed_id, view_date) VALUES ("342","434","2018-02-07 10:05:08");
INSERT INTO views (viewer_id, viewed_id, view_date) VALUES ("280","434","2017-07-11 06:02:51");
INSERT INTO views (viewer_id, viewed_id, view_date) VALUES ("10","434","2017-03-08 21:43:04");
INSERT INTO views (viewer_id, viewed_id, view_date) VALUES ("490","434","2017-08-24 21:29:13");
INSERT INTO views (viewer_id, viewed_id, view_date) VALUES ("238","434","2017-06-24 00:05:10");
INSERT INTO views (viewer_id, viewed_id, view_date) VALUES ("128","434","2018-01-24 23:09:48");
INSERT INTO views (viewer_id, viewed_id, view_date) VALUES ("216","434","2017-10-13 06:51:59");
INSERT INTO views (viewer_id, viewed_id, view_date) VALUES ("277","434","2017-05-20 22:04:01");
INSERT INTO views (viewer_id, viewed_id, view_date) VALUES ("1","434","2017-04-26 17:06:58");
INSERT INTO views (viewer_id, viewed_id, view_date) VALUES ("221","434","2017-12-17 15:03:12");
INSERT INTO views (viewer_id, viewed_id, view_date) VALUES ("189","434","2017-03-03 23:29:09");
INSERT INTO views (viewer_id, viewed_id, view_date) VALUES ("265","434","2017-10-04 19:58:07");


INSERT INTO user (id, first_name, last_name, username, email, password, birthdate, gender, orientation, bio, country, state, city, zip, file_1, file_2, file_3, file_4, file_5, score, token, token_date, active, register, created_at, updated_at) VALUES ("435","Mustafa","Cronin","christelle81","bsteuber@hotmail.com","$2y$10$SgQQSRke/pZxfkhV5CFjieSWCNh.t6Or5Kd7q62y1w7NJtFLWMG8O","1951-04-26 08:15:23","1","2","Repellendus magni beatae optio at nihil ratione rerum. Et dignissimos saepe porro corrupti enim sit qui magnam. Nihil accusantium provident corrupti quae aut veniam nam non. Sed rerum vero veniam nisi aliquam.","Christmas Island","","Mosefurt","79513-7388","../fixtures/male4.jpg","../fixtures/male9.jpg","../fixtures/male3.jpg","","","69","c44af3c1c813faa757e948e0bf56c9a2","2010-11-08 16:57:06","1","0","1989-05-10 05:38:43","1992-04-17 05:10:27");
INSERT INTO user_tag (user_id, tag_id) VALUES ("435","25");
INSERT INTO user_tag (user_id, tag_id) VALUES ("435","22");
INSERT INTO user_tag (user_id, tag_id) VALUES ("435","14");
INSERT INTO user_tag (user_id, tag_id) VALUES ("435","35");

INSERT INTO connected (user_id, connect_date) VALUES ("435","2017-12-03 12:01:03");
INSERT INTO likes (like_id, liked_id, like_date) VALUES ("77","435","2017-06-05 14:56:30");
INSERT INTO likes (like_id, liked_id, like_date) VALUES ("148","435","2017-12-27 00:31:32");
INSERT INTO likes (like_id, liked_id, like_date) VALUES ("278","435","2017-08-06 09:12:59");
INSERT INTO likes (like_id, liked_id, like_date) VALUES ("34","435","2017-11-03 00:00:31");
INSERT INTO likes (like_id, liked_id, like_date) VALUES ("132","435","2017-09-24 16:38:50");
INSERT INTO likes (like_id, liked_id, like_date) VALUES ("123","435","2017-05-30 06:35:19");
INSERT INTO likes (like_id, liked_id, like_date) VALUES ("49","435","2017-08-26 07:27:46");
INSERT INTO likes (like_id, liked_id, like_date) VALUES ("169","435","2018-01-19 01:20:16");
INSERT INTO likes (like_id, liked_id, like_date) VALUES ("167","435","2017-12-11 01:12:28");
INSERT INTO likes (like_id, liked_id, like_date) VALUES ("245","435","2017-11-28 09:03:24");
INSERT INTO likes (like_id, liked_id, like_date) VALUES ("33","435","2017-08-12 02:13:43");
INSERT INTO likes (like_id, liked_id, like_date) VALUES ("36","435","2018-02-10 16:05:25");
INSERT INTO likes (like_id, liked_id, like_date) VALUES ("226","435","2017-10-18 16:31:47");
INSERT INTO likes (like_id, liked_id, like_date) VALUES ("409","435","2017-05-07 09:44:11");
INSERT INTO likes (like_id, liked_id, like_date) VALUES ("197","435","2017-06-29 01:15:38");
INSERT INTO likes (like_id, liked_id, like_date) VALUES ("185","435","2017-12-31 03:52:59");
INSERT INTO likes (like_id, liked_id, like_date) VALUES ("189","435","2017-05-19 17:41:59");
INSERT INTO likes (like_id, liked_id, like_date) VALUES ("131","435","2018-01-11 04:05:04");
INSERT INTO likes (like_id, liked_id, like_date) VALUES ("148","435","2017-03-16 01:44:22");
INSERT INTO likes (like_id, liked_id, like_date) VALUES ("81","435","2017-06-28 07:54:07");
INSERT INTO views (viewer_id, viewed_id, view_date) VALUES ("179","435","2017-12-25 20:50:54");
INSERT INTO views (viewer_id, viewed_id, view_date) VALUES ("207","435","2017-09-07 20:17:54");
INSERT INTO views (viewer_id, viewed_id, view_date) VALUES ("20","435","2017-04-22 23:44:42");
INSERT INTO views (viewer_id, viewed_id, view_date) VALUES ("79","435","2017-04-29 22:19:49");
INSERT INTO views (viewer_id, viewed_id, view_date) VALUES ("477","435","2017-09-20 06:33:09");
INSERT INTO views (viewer_id, viewed_id, view_date) VALUES ("318","435","2017-08-28 05:11:56");
INSERT INTO views (viewer_id, viewed_id, view_date) VALUES ("327","435","2017-09-30 14:49:38");


INSERT INTO user (id, first_name, last_name, username, email, password, birthdate, gender, orientation, bio, country, state, city, zip, file_1, file_2, file_3, file_4, file_5, score, token, token_date, active, register, created_at, updated_at) VALUES ("436","Zena","Bosco","autumnbrekke","guadalupe.toy@gmail.com","$2y$10$qOVDfDmWcb10FfAei6Xn3uiRa0.NnYBH4sBacBcWH5la3HrEaefZW","1993-01-13 07:34:48","2","1","Esse eos et et et quia et sit. Et in cum est et. Accusantium et est dolore omnis explicabo.","Lesotho","","West Adrian","40884","../fixtures/female7.jpg","../fixtures/female2.jpg","../fixtures/female5.jpg","../fixtures/female3.jpg","../fixtures/female9.jpg","45","385220905431d08a498f58ef2aad375a","2006-08-09 23:32:41","0","0","2012-12-20 18:31:42","2008-06-22 06:19:49");
INSERT INTO user_tag (user_id, tag_id) VALUES ("436","14");
INSERT INTO user_tag (user_id, tag_id) VALUES ("436","19");
INSERT INTO user_tag (user_id, tag_id) VALUES ("436","28");
INSERT INTO user_tag (user_id, tag_id) VALUES ("436","2");
INSERT INTO user_tag (user_id, tag_id) VALUES ("436","12");

INSERT INTO connected (user_id, connect_date) VALUES ("436","2017-04-13 09:55:15");
INSERT INTO likes (like_id, liked_id, like_date) VALUES ("131","436","2018-01-13 23:18:14");
INSERT INTO likes (like_id, liked_id, like_date) VALUES ("328","436","2018-02-07 08:27:56");
INSERT INTO likes (like_id, liked_id, like_date) VALUES ("456","436","2017-08-07 21:01:27");
INSERT INTO likes (like_id, liked_id, like_date) VALUES ("224","436","2017-09-08 01:44:13");
INSERT INTO likes (like_id, liked_id, like_date) VALUES ("385","436","2017-10-03 02:14:38");
INSERT INTO likes (like_id, liked_id, like_date) VALUES ("317","436","2017-12-07 18:15:49");
INSERT INTO likes (like_id, liked_id, like_date) VALUES ("28","436","2017-12-27 08:51:49");
INSERT INTO likes (like_id, liked_id, like_date) VALUES ("491","436","2017-06-25 08:03:38");
INSERT INTO likes (like_id, liked_id, like_date) VALUES ("201","436","2018-01-04 12:24:43");
INSERT INTO likes (like_id, liked_id, like_date) VALUES ("5","436","2017-04-30 17:20:49");
INSERT INTO likes (like_id, liked_id, like_date) VALUES ("396","436","2017-06-14 09:43:30");
INSERT INTO likes (like_id, liked_id, like_date) VALUES ("436","436","2017-11-20 16:04:15");
INSERT INTO likes (like_id, liked_id, like_date) VALUES ("317","436","2017-04-18 22:25:16");
INSERT INTO likes (like_id, liked_id, like_date) VALUES ("460","436","2017-09-20 08:28:12");
INSERT INTO likes (like_id, liked_id, like_date) VALUES ("59","436","2017-05-18 12:05:48");
INSERT INTO likes (like_id, liked_id, like_date) VALUES ("333","436","2017-12-19 09:13:21");
INSERT INTO likes (like_id, liked_id, like_date) VALUES ("191","436","2017-05-11 16:03:58");
INSERT INTO views (viewer_id, viewed_id, view_date) VALUES ("332","436","2017-02-25 08:40:53");
INSERT INTO views (viewer_id, viewed_id, view_date) VALUES ("298","436","2017-08-29 05:09:46");
INSERT INTO views (viewer_id, viewed_id, view_date) VALUES ("327","436","2017-03-11 10:21:21");
INSERT INTO views (viewer_id, viewed_id, view_date) VALUES ("368","436","2018-01-04 20:01:57");
INSERT INTO views (viewer_id, viewed_id, view_date) VALUES ("73","436","2017-05-11 04:09:34");
INSERT INTO views (viewer_id, viewed_id, view_date) VALUES ("25","436","2017-12-16 15:54:45");
INSERT INTO views (viewer_id, viewed_id, view_date) VALUES ("159","436","2017-06-21 17:50:46");
INSERT INTO views (viewer_id, viewed_id, view_date) VALUES ("394","436","2017-04-15 03:31:21");
INSERT INTO views (viewer_id, viewed_id, view_date) VALUES ("101","436","2017-03-18 02:43:31");


INSERT INTO user (id, first_name, last_name, username, email, password, birthdate, gender, orientation, bio, country, state, city, zip, file_1, file_2, file_3, file_4, file_5, score, token, token_date, active, register, created_at, updated_at) VALUES ("437","Jocelyn","Schumm","rwyman","jules.lehner@murphy.com","$2y$10$SP6n1FaHSknZngg04yVh1uKPznfroA.AtC8KB/z2CQTEHtg0Taz7.","1950-05-30 17:45:46","1","3","Pariatur enim eaque ut aut soluta corporis. Harum sunt et et quis sit aut harum ut. Consequuntur et dolor soluta accusantium est laboriosam.","Australia","","South Erickborough","88339-7214","../fixtures/male10.jpg","","","","","45","8a3f3e3e09521abd4e659a77c6666e78","1976-05-14 21:04:20","0","0","1980-12-12 04:21:19","2013-06-02 05:03:51");
INSERT INTO user_tag (user_id, tag_id) VALUES ("437","44");
INSERT INTO user_tag (user_id, tag_id) VALUES ("437","44");
INSERT INTO user_tag (user_id, tag_id) VALUES ("437","12");
INSERT INTO user_tag (user_id, tag_id) VALUES ("437","32");
INSERT INTO user_tag (user_id, tag_id) VALUES ("437","7");
INSERT INTO user_tag (user_id, tag_id) VALUES ("437","44");
INSERT INTO user_tag (user_id, tag_id) VALUES ("437","43");
INSERT INTO user_tag (user_id, tag_id) VALUES ("437","46");
INSERT INTO user_tag (user_id, tag_id) VALUES ("437","30");
INSERT INTO user_tag (user_id, tag_id) VALUES ("437","42");
INSERT INTO user_tag (user_id, tag_id) VALUES ("437","47");
INSERT INTO user_tag (user_id, tag_id) VALUES ("437","5");

INSERT INTO connected (user_id, connect_date) VALUES ("437","2017-09-29 20:28:02");
INSERT INTO likes (like_id, liked_id, like_date) VALUES ("92","437","2018-02-04 11:58:36");
INSERT INTO likes (like_id, liked_id, like_date) VALUES ("365","437","2018-01-03 10:47:08");
INSERT INTO likes (like_id, liked_id, like_date) VALUES ("61","437","2017-04-14 03:57:22");
INSERT INTO likes (like_id, liked_id, like_date) VALUES ("355","437","2017-10-03 00:16:16");
INSERT INTO likes (like_id, liked_id, like_date) VALUES ("97","437","2018-01-09 14:49:32");
INSERT INTO likes (like_id, liked_id, like_date) VALUES ("261","437","2017-12-17 19:11:33");
INSERT INTO likes (like_id, liked_id, like_date) VALUES ("232","437","2017-12-16 15:01:18");
INSERT INTO likes (like_id, liked_id, like_date) VALUES ("482","437","2017-11-30 00:39:53");
INSERT INTO likes (like_id, liked_id, like_date) VALUES ("219","437","2017-07-26 13:39:37");
INSERT INTO likes (like_id, liked_id, like_date) VALUES ("370","437","2017-12-17 08:10:01");
INSERT INTO likes (like_id, liked_id, like_date) VALUES ("284","437","2017-07-14 14:30:09");
INSERT INTO likes (like_id, liked_id, like_date) VALUES ("1","437","2017-08-26 17:34:05");
INSERT INTO views (viewer_id, viewed_id, view_date) VALUES ("314","437","2017-12-09 09:09:17");
INSERT INTO views (viewer_id, viewed_id, view_date) VALUES ("485","437","2017-10-28 01:51:12");
INSERT INTO views (viewer_id, viewed_id, view_date) VALUES ("448","437","2017-06-14 09:42:51");
INSERT INTO views (viewer_id, viewed_id, view_date) VALUES ("288","437","2018-01-23 09:27:18");
INSERT INTO views (viewer_id, viewed_id, view_date) VALUES ("467","437","2017-07-22 10:03:11");
INSERT INTO views (viewer_id, viewed_id, view_date) VALUES ("300","437","2017-05-08 16:42:01");
INSERT INTO views (viewer_id, viewed_id, view_date) VALUES ("125","437","2017-11-27 04:24:23");
INSERT INTO views (viewer_id, viewed_id, view_date) VALUES ("369","437","2017-10-21 00:46:22");
INSERT INTO views (viewer_id, viewed_id, view_date) VALUES ("488","437","2017-02-23 13:02:57");
INSERT INTO views (viewer_id, viewed_id, view_date) VALUES ("150","437","2017-12-15 06:10:17");
INSERT INTO views (viewer_id, viewed_id, view_date) VALUES ("254","437","2017-05-22 09:12:36");
INSERT INTO views (viewer_id, viewed_id, view_date) VALUES ("471","437","2017-05-27 07:08:53");
INSERT INTO views (viewer_id, viewed_id, view_date) VALUES ("427","437","2017-09-10 09:19:53");
INSERT INTO views (viewer_id, viewed_id, view_date) VALUES ("202","437","2018-01-11 08:41:57");
INSERT INTO views (viewer_id, viewed_id, view_date) VALUES ("11","437","2017-03-15 23:57:55");
INSERT INTO views (viewer_id, viewed_id, view_date) VALUES ("451","437","2017-09-17 15:34:19");
INSERT INTO views (viewer_id, viewed_id, view_date) VALUES ("116","437","2017-02-20 22:57:57");
INSERT INTO views (viewer_id, viewed_id, view_date) VALUES ("443","437","2017-08-23 18:46:53");
INSERT INTO views (viewer_id, viewed_id, view_date) VALUES ("20","437","2017-05-31 03:21:14");
INSERT INTO views (viewer_id, viewed_id, view_date) VALUES ("242","437","2017-07-25 21:35:50");
INSERT INTO views (viewer_id, viewed_id, view_date) VALUES ("132","437","2017-07-17 20:05:17");
INSERT INTO views (viewer_id, viewed_id, view_date) VALUES ("206","437","2017-03-23 13:32:40");
INSERT INTO views (viewer_id, viewed_id, view_date) VALUES ("139","437","2017-04-20 13:39:08");
INSERT INTO views (viewer_id, viewed_id, view_date) VALUES ("368","437","2018-01-09 15:09:56");


INSERT INTO user (id, first_name, last_name, username, email, password, birthdate, gender, orientation, bio, country, state, city, zip, file_1, file_2, file_3, file_4, file_5, score, token, token_date, active, register, created_at, updated_at) VALUES ("438","Miller","Hirthe","krystina73","zmetz@hotmail.com","$2y$10$YouyDBJn3r7ARxUQ93w3IeBry1yNZFFRTq4GDWhqRZ2qb2HZsQjyS","1977-04-15 12:21:18","2","3","Quasi non eos provident assumenda explicabo est eligendi. Voluptas odit tenetur voluptas ab delectus ad eos animi. Quia nisi nemo rem rerum sequi velit. Est sint et dolorem quibusdam.","Niger","","East Judd","53840-2007","../fixtures/female8.jpg","../fixtures/female1.jpg","../fixtures/female6.jpg","../fixtures/female4.jpg","../fixtures/female1.jpg","22","079643c367f031562dc38ea7c93eb1aa","1978-10-20 12:37:17","1","0","2009-01-07 20:39:42","1991-01-24 01:30:17");
INSERT INTO user_tag (user_id, tag_id) VALUES ("438","14");
INSERT INTO user_tag (user_id, tag_id) VALUES ("438","24");
INSERT INTO user_tag (user_id, tag_id) VALUES ("438","22");
INSERT INTO user_tag (user_id, tag_id) VALUES ("438","36");
INSERT INTO user_tag (user_id, tag_id) VALUES ("438","26");
INSERT INTO user_tag (user_id, tag_id) VALUES ("438","26");
INSERT INTO user_tag (user_id, tag_id) VALUES ("438","11");
INSERT INTO user_tag (user_id, tag_id) VALUES ("438","20");
INSERT INTO user_tag (user_id, tag_id) VALUES ("438","40");
INSERT INTO user_tag (user_id, tag_id) VALUES ("438","21");
INSERT INTO user_tag (user_id, tag_id) VALUES ("438","14");
INSERT INTO user_tag (user_id, tag_id) VALUES ("438","23");
INSERT INTO user_tag (user_id, tag_id) VALUES ("438","48");
INSERT INTO user_tag (user_id, tag_id) VALUES ("438","19");
INSERT INTO user_tag (user_id, tag_id) VALUES ("438","46");

INSERT INTO connected (user_id, connect_date) VALUES ("438","2018-01-23 00:04:21");
INSERT INTO likes (like_id, liked_id, like_date) VALUES ("131","438","2017-06-01 00:05:45");
INSERT INTO likes (like_id, liked_id, like_date) VALUES ("2","438","2017-03-19 19:00:54");
INSERT INTO likes (like_id, liked_id, like_date) VALUES ("198","438","2017-12-27 17:06:38");
INSERT INTO likes (like_id, liked_id, like_date) VALUES ("263","438","2017-04-14 20:04:50");
INSERT INTO likes (like_id, liked_id, like_date) VALUES ("72","438","2017-05-19 15:14:20");
INSERT INTO likes (like_id, liked_id, like_date) VALUES ("31","438","2017-11-30 13:59:52");
INSERT INTO likes (like_id, liked_id, like_date) VALUES ("151","438","2017-09-12 13:40:25");
INSERT INTO likes (like_id, liked_id, like_date) VALUES ("29","438","2017-06-24 18:08:35");
INSERT INTO likes (like_id, liked_id, like_date) VALUES ("388","438","2017-02-26 15:31:28");
INSERT INTO likes (like_id, liked_id, like_date) VALUES ("392","438","2018-01-30 06:51:59");
INSERT INTO likes (like_id, liked_id, like_date) VALUES ("149","438","2017-10-05 21:17:49");
INSERT INTO likes (like_id, liked_id, like_date) VALUES ("169","438","2018-02-13 19:54:00");
INSERT INTO likes (like_id, liked_id, like_date) VALUES ("171","438","2017-07-27 05:21:38");
INSERT INTO likes (like_id, liked_id, like_date) VALUES ("330","438","2017-04-21 13:47:16");
INSERT INTO likes (like_id, liked_id, like_date) VALUES ("290","438","2017-08-19 10:49:32");
INSERT INTO likes (like_id, liked_id, like_date) VALUES ("160","438","2017-02-28 05:58:03");
INSERT INTO likes (like_id, liked_id, like_date) VALUES ("185","438","2017-12-30 10:58:02");
INSERT INTO likes (like_id, liked_id, like_date) VALUES ("325","438","2017-07-07 16:07:19");
INSERT INTO views (viewer_id, viewed_id, view_date) VALUES ("311","438","2017-06-03 15:10:20");
INSERT INTO views (viewer_id, viewed_id, view_date) VALUES ("71","438","2017-11-30 10:45:08");
INSERT INTO views (viewer_id, viewed_id, view_date) VALUES ("101","438","2017-07-19 11:09:20");
INSERT INTO views (viewer_id, viewed_id, view_date) VALUES ("457","438","2017-08-01 22:36:20");
INSERT INTO views (viewer_id, viewed_id, view_date) VALUES ("497","438","2017-10-17 00:56:59");
INSERT INTO views (viewer_id, viewed_id, view_date) VALUES ("443","438","2017-08-17 06:41:54");
INSERT INTO views (viewer_id, viewed_id, view_date) VALUES ("1","438","2017-06-18 15:33:24");
INSERT INTO views (viewer_id, viewed_id, view_date) VALUES ("17","438","2017-03-05 20:04:28");
INSERT INTO views (viewer_id, viewed_id, view_date) VALUES ("115","438","2017-10-30 21:03:43");
INSERT INTO views (viewer_id, viewed_id, view_date) VALUES ("464","438","2017-09-24 21:52:25");
INSERT INTO views (viewer_id, viewed_id, view_date) VALUES ("179","438","2017-12-31 07:29:02");
INSERT INTO views (viewer_id, viewed_id, view_date) VALUES ("133","438","2017-11-24 02:07:04");
INSERT INTO views (viewer_id, viewed_id, view_date) VALUES ("331","438","2017-09-23 06:43:05");
INSERT INTO views (viewer_id, viewed_id, view_date) VALUES ("64","438","2017-04-29 22:54:36");
INSERT INTO views (viewer_id, viewed_id, view_date) VALUES ("73","438","2017-03-06 03:56:38");
INSERT INTO views (viewer_id, viewed_id, view_date) VALUES ("336","438","2017-08-07 10:03:43");
INSERT INTO views (viewer_id, viewed_id, view_date) VALUES ("360","438","2017-09-06 16:22:42");
INSERT INTO views (viewer_id, viewed_id, view_date) VALUES ("226","438","2017-04-03 21:28:36");
INSERT INTO views (viewer_id, viewed_id, view_date) VALUES ("440","438","2017-11-16 23:33:26");
INSERT INTO views (viewer_id, viewed_id, view_date) VALUES ("6","438","2017-09-18 14:13:01");
INSERT INTO views (viewer_id, viewed_id, view_date) VALUES ("159","438","2017-04-24 07:25:03");


INSERT INTO user (id, first_name, last_name, username, email, password, birthdate, gender, orientation, bio, country, state, city, zip, file_1, file_2, file_3, file_4, file_5, score, token, token_date, active, register, created_at, updated_at) VALUES ("439","Joseph","Mertz","maxime26","jgreenholt@yahoo.com","$2y$10$gFj9j6CcHKHDC5WEqzlWXuk3m03am1t1.HL1lXgGTMjHw09joTUDW","1961-11-05 23:36:33","1","2","Voluptas velit quaerat porro repellendus magni voluptatibus laborum. Expedita expedita sed vero et qui id. Officia veniam et qui nihil voluptatum. Quia possimus officia temporibus dolorum saepe nobis modi.","South Africa","","Roryborough","14062","../fixtures/male1.jpg","","","","","39","c5ee0713c795974715e91f5be5dbfebd","2006-06-13 08:51:26","0","0","1998-10-25 02:05:42","1996-12-13 01:24:26");
INSERT INTO user_tag (user_id, tag_id) VALUES ("439","13");
INSERT INTO user_tag (user_id, tag_id) VALUES ("439","5");
INSERT INTO user_tag (user_id, tag_id) VALUES ("439","45");
INSERT INTO user_tag (user_id, tag_id) VALUES ("439","42");
INSERT INTO user_tag (user_id, tag_id) VALUES ("439","13");
INSERT INTO user_tag (user_id, tag_id) VALUES ("439","27");
INSERT INTO user_tag (user_id, tag_id) VALUES ("439","3");
INSERT INTO user_tag (user_id, tag_id) VALUES ("439","2");
INSERT INTO user_tag (user_id, tag_id) VALUES ("439","2");
INSERT INTO user_tag (user_id, tag_id) VALUES ("439","33");
INSERT INTO user_tag (user_id, tag_id) VALUES ("439","44");
INSERT INTO user_tag (user_id, tag_id) VALUES ("439","48");
INSERT INTO user_tag (user_id, tag_id) VALUES ("439","34");
INSERT INTO user_tag (user_id, tag_id) VALUES ("439","46");
INSERT INTO user_tag (user_id, tag_id) VALUES ("439","38");

INSERT INTO connected (user_id, connect_date) VALUES ("439","2018-02-06 22:57:15");
INSERT INTO likes (like_id, liked_id, like_date) VALUES ("244","439","2017-09-09 23:19:29");
INSERT INTO likes (like_id, liked_id, like_date) VALUES ("231","439","2017-03-19 14:18:08");
INSERT INTO likes (like_id, liked_id, like_date) VALUES ("432","439","2018-01-08 13:42:36");
INSERT INTO likes (like_id, liked_id, like_date) VALUES ("29","439","2017-08-22 08:30:10");
INSERT INTO views (viewer_id, viewed_id, view_date) VALUES ("14","439","2017-11-22 05:34:24");


INSERT INTO user (id, first_name, last_name, username, email, password, birthdate, gender, orientation, bio, country, state, city, zip, file_1, file_2, file_3, file_4, file_5, score, token, token_date, active, register, created_at, updated_at) VALUES ("440","Erik","Wuckert","estrellabradtke","hartmann.arvid@gmail.com","$2y$10$Qhkt20bIUzFSD47NNq06SeWUL9BJFTq3fjCSc0dq2dhvBXeJKK5o6","1950-12-05 21:26:39","1","1","Est est saepe natus neque. Ea qui magni reprehenderit et molestiae natus. Possimus beatae dignissimos consequatur. Ea et unde aperiam voluptas dolorem sequi non.","Nauru","","Lake Leanneborough","79018","../fixtures/male6.jpg","../fixtures/male5.jpg","../fixtures/male5.jpg","","","72","c92edb534dbbe172ec066c2e64d5a3eb","2007-04-15 14:43:01","0","0","1989-02-24 03:24:37","2013-04-17 18:15:14");
INSERT INTO user_tag (user_id, tag_id) VALUES ("440","33");
INSERT INTO user_tag (user_id, tag_id) VALUES ("440","2");
INSERT INTO user_tag (user_id, tag_id) VALUES ("440","49");
INSERT INTO user_tag (user_id, tag_id) VALUES ("440","36");
INSERT INTO user_tag (user_id, tag_id) VALUES ("440","47");
INSERT INTO user_tag (user_id, tag_id) VALUES ("440","46");
INSERT INTO user_tag (user_id, tag_id) VALUES ("440","34");
INSERT INTO user_tag (user_id, tag_id) VALUES ("440","47");
INSERT INTO user_tag (user_id, tag_id) VALUES ("440","41");
INSERT INTO user_tag (user_id, tag_id) VALUES ("440","13");
INSERT INTO user_tag (user_id, tag_id) VALUES ("440","36");
INSERT INTO user_tag (user_id, tag_id) VALUES ("440","28");
INSERT INTO user_tag (user_id, tag_id) VALUES ("440","1");
INSERT INTO user_tag (user_id, tag_id) VALUES ("440","33");

INSERT INTO connected (user_id, connect_date) VALUES ("440","2018-02-12 22:50:07");
INSERT INTO likes (like_id, liked_id, like_date) VALUES ("338","440","2017-08-03 06:00:00");
INSERT INTO likes (like_id, liked_id, like_date) VALUES ("391","440","2017-08-15 02:26:44");
INSERT INTO likes (like_id, liked_id, like_date) VALUES ("183","440","2018-01-20 14:11:52");
INSERT INTO likes (like_id, liked_id, like_date) VALUES ("91","440","2017-06-18 21:16:25");
INSERT INTO likes (like_id, liked_id, like_date) VALUES ("468","440","2017-06-24 00:13:44");
INSERT INTO likes (like_id, liked_id, like_date) VALUES ("73","440","2017-08-03 14:17:42");
INSERT INTO likes (like_id, liked_id, like_date) VALUES ("52","440","2017-12-02 16:06:34");
INSERT INTO likes (like_id, liked_id, like_date) VALUES ("97","440","2017-12-18 06:46:20");
INSERT INTO likes (like_id, liked_id, like_date) VALUES ("309","440","2017-12-06 23:29:20");
INSERT INTO views (viewer_id, viewed_id, view_date) VALUES ("380","440","2017-09-21 14:42:55");
INSERT INTO views (viewer_id, viewed_id, view_date) VALUES ("325","440","2017-04-18 14:58:04");
INSERT INTO views (viewer_id, viewed_id, view_date) VALUES ("133","440","2017-06-02 13:34:02");
INSERT INTO views (viewer_id, viewed_id, view_date) VALUES ("322","440","2017-12-20 07:48:40");
INSERT INTO views (viewer_id, viewed_id, view_date) VALUES ("371","440","2017-10-19 14:23:23");
INSERT INTO views (viewer_id, viewed_id, view_date) VALUES ("47","440","2017-03-03 13:40:47");
INSERT INTO views (viewer_id, viewed_id, view_date) VALUES ("492","440","2017-10-09 13:05:10");
INSERT INTO views (viewer_id, viewed_id, view_date) VALUES ("449","440","2017-09-07 17:13:17");
INSERT INTO views (viewer_id, viewed_id, view_date) VALUES ("401","440","2018-01-10 06:16:53");
INSERT INTO views (viewer_id, viewed_id, view_date) VALUES ("13","440","2017-03-13 08:47:06");
INSERT INTO views (viewer_id, viewed_id, view_date) VALUES ("486","440","2017-03-18 01:42:56");
INSERT INTO views (viewer_id, viewed_id, view_date) VALUES ("359","440","2017-04-07 19:06:59");
INSERT INTO views (viewer_id, viewed_id, view_date) VALUES ("412","440","2017-09-30 16:09:47");
INSERT INTO views (viewer_id, viewed_id, view_date) VALUES ("481","440","2017-03-22 19:23:06");


INSERT INTO user (id, first_name, last_name, username, email, password, birthdate, gender, orientation, bio, country, state, city, zip, file_1, file_2, file_3, file_4, file_5, score, token, token_date, active, register, created_at, updated_at) VALUES ("441","Sanford","Kuhn","mathilde23","stoltenberg.adriana@hotmail.com","$2y$10$IE3d1/D4xOoTJ196Qhpm3u.aM2Ko4420TrjeVSRvIM1wj9pb04Vui","1989-07-25 01:34:56","2","1","Quia veritatis autem ratione pariatur consectetur quos. Reiciendis ipsum veniam molestias dolorem nemo tempore quaerat. Magnam sed pariatur modi eius fugiat qui ullam enim.","Solomon Islands","","West Murphyburgh","60273","../fixtures/female4.jpg","../fixtures/female10.jpg","../fixtures/female1.jpg","../fixtures/female1.jpg","","49","040c1ebfc792532b56284550de951b9b","1981-07-01 19:12:15","0","0","1982-03-31 13:40:30","1995-06-27 07:57:46");
INSERT INTO user_tag (user_id, tag_id) VALUES ("441","38");
INSERT INTO user_tag (user_id, tag_id) VALUES ("441","43");
INSERT INTO user_tag (user_id, tag_id) VALUES ("441","21");
INSERT INTO user_tag (user_id, tag_id) VALUES ("441","31");
INSERT INTO user_tag (user_id, tag_id) VALUES ("441","26");
INSERT INTO user_tag (user_id, tag_id) VALUES ("441","14");
INSERT INTO user_tag (user_id, tag_id) VALUES ("441","41");
INSERT INTO user_tag (user_id, tag_id) VALUES ("441","23");
INSERT INTO user_tag (user_id, tag_id) VALUES ("441","33");
INSERT INTO user_tag (user_id, tag_id) VALUES ("441","50");
INSERT INTO user_tag (user_id, tag_id) VALUES ("441","16");
INSERT INTO user_tag (user_id, tag_id) VALUES ("441","32");
INSERT INTO user_tag (user_id, tag_id) VALUES ("441","21");
INSERT INTO user_tag (user_id, tag_id) VALUES ("441","44");
INSERT INTO user_tag (user_id, tag_id) VALUES ("441","44");

INSERT INTO connected (user_id, connect_date) VALUES ("441","2017-07-31 12:42:21");
INSERT INTO likes (like_id, liked_id, like_date) VALUES ("90","441","2017-04-28 10:28:54");
INSERT INTO views (viewer_id, viewed_id, view_date) VALUES ("215","441","2017-05-16 23:36:33");
INSERT INTO views (viewer_id, viewed_id, view_date) VALUES ("220","441","2017-08-20 10:23:13");
INSERT INTO views (viewer_id, viewed_id, view_date) VALUES ("35","441","2017-11-03 05:01:53");
INSERT INTO views (viewer_id, viewed_id, view_date) VALUES ("55","441","2017-08-29 16:51:16");
INSERT INTO views (viewer_id, viewed_id, view_date) VALUES ("163","441","2017-08-24 16:11:35");
INSERT INTO views (viewer_id, viewed_id, view_date) VALUES ("168","441","2018-01-30 13:07:13");
INSERT INTO views (viewer_id, viewed_id, view_date) VALUES ("230","441","2017-07-22 04:52:01");
INSERT INTO views (viewer_id, viewed_id, view_date) VALUES ("290","441","2017-12-04 12:58:28");
INSERT INTO views (viewer_id, viewed_id, view_date) VALUES ("126","441","2017-03-22 04:58:00");
INSERT INTO views (viewer_id, viewed_id, view_date) VALUES ("247","441","2017-06-16 06:23:19");
INSERT INTO views (viewer_id, viewed_id, view_date) VALUES ("273","441","2017-04-13 08:52:59");
INSERT INTO views (viewer_id, viewed_id, view_date) VALUES ("120","441","2017-08-17 20:59:59");
INSERT INTO views (viewer_id, viewed_id, view_date) VALUES ("183","441","2018-01-25 15:29:10");
INSERT INTO views (viewer_id, viewed_id, view_date) VALUES ("293","441","2017-02-23 05:05:01");
INSERT INTO views (viewer_id, viewed_id, view_date) VALUES ("46","441","2017-03-31 01:32:03");
INSERT INTO views (viewer_id, viewed_id, view_date) VALUES ("175","441","2017-11-18 12:28:13");
INSERT INTO views (viewer_id, viewed_id, view_date) VALUES ("169","441","2018-01-03 16:32:14");
INSERT INTO views (viewer_id, viewed_id, view_date) VALUES ("305","441","2018-01-15 19:35:04");
INSERT INTO views (viewer_id, viewed_id, view_date) VALUES ("212","441","2017-06-22 20:53:01");
INSERT INTO views (viewer_id, viewed_id, view_date) VALUES ("279","441","2017-11-01 02:06:04");
INSERT INTO views (viewer_id, viewed_id, view_date) VALUES ("268","441","2018-02-15 10:16:00");
INSERT INTO views (viewer_id, viewed_id, view_date) VALUES ("17","441","2017-06-21 02:54:19");
INSERT INTO views (viewer_id, viewed_id, view_date) VALUES ("418","441","2017-06-28 23:50:25");
INSERT INTO views (viewer_id, viewed_id, view_date) VALUES ("73","441","2017-10-17 09:11:33");
INSERT INTO views (viewer_id, viewed_id, view_date) VALUES ("70","441","2017-04-14 03:05:08");
INSERT INTO views (viewer_id, viewed_id, view_date) VALUES ("431","441","2017-05-01 06:36:18");
INSERT INTO views (viewer_id, viewed_id, view_date) VALUES ("44","441","2017-04-07 11:49:42");
INSERT INTO views (viewer_id, viewed_id, view_date) VALUES ("22","441","2017-12-26 03:43:10");
INSERT INTO views (viewer_id, viewed_id, view_date) VALUES ("264","441","2017-02-16 11:46:06");
INSERT INTO views (viewer_id, viewed_id, view_date) VALUES ("163","441","2017-02-24 04:02:57");
INSERT INTO views (viewer_id, viewed_id, view_date) VALUES ("296","441","2018-01-20 23:07:30");
INSERT INTO views (viewer_id, viewed_id, view_date) VALUES ("393","441","2017-07-04 20:04:58");
INSERT INTO views (viewer_id, viewed_id, view_date) VALUES ("362","441","2017-04-22 08:17:34");
INSERT INTO views (viewer_id, viewed_id, view_date) VALUES ("216","441","2017-10-21 19:27:57");
INSERT INTO views (viewer_id, viewed_id, view_date) VALUES ("312","441","2017-03-29 03:37:41");


INSERT INTO user (id, first_name, last_name, username, email, password, birthdate, gender, orientation, bio, country, state, city, zip, file_1, file_2, file_3, file_4, file_5, score, token, token_date, active, register, created_at, updated_at) VALUES ("442","Augustine","Jacobs","isobel72","lwalter@hotmail.com","$2y$10$ww4NKJXV4zj8EHHgdoREK.lmtN6tz6oDk2saPf.yeIhL5acXPSWbO","1982-06-10 16:59:19","2","1","Sed et cum quo vel sit dolores cumque autem. Harum est maiores quidem neque quidem minus. Repellat est debitis praesentium praesentium explicabo officia. Ad ab itaque quibusdam odit.","Panama","","Littlestad","74752","../fixtures/female7.jpg","../fixtures/female6.jpg","","","","7","1c8e87488692dc94ed301abc1ee0ff43","2011-02-09 21:10:37","1","1","1984-10-22 16:24:05","1973-06-12 19:18:23");
INSERT INTO user_tag (user_id, tag_id) VALUES ("442","5");
INSERT INTO user_tag (user_id, tag_id) VALUES ("442","6");
INSERT INTO user_tag (user_id, tag_id) VALUES ("442","3");
INSERT INTO user_tag (user_id, tag_id) VALUES ("442","18");
INSERT INTO user_tag (user_id, tag_id) VALUES ("442","32");
INSERT INTO user_tag (user_id, tag_id) VALUES ("442","48");
INSERT INTO user_tag (user_id, tag_id) VALUES ("442","23");
INSERT INTO user_tag (user_id, tag_id) VALUES ("442","50");
INSERT INTO user_tag (user_id, tag_id) VALUES ("442","45");

INSERT INTO connected (user_id, connect_date) VALUES ("442","2017-07-08 17:37:46");
INSERT INTO likes (like_id, liked_id, like_date) VALUES ("273","442","2017-08-26 08:39:07");
INSERT INTO likes (like_id, liked_id, like_date) VALUES ("140","442","2017-02-25 14:42:06");
INSERT INTO likes (like_id, liked_id, like_date) VALUES ("361","442","2017-05-22 09:29:19");
INSERT INTO likes (like_id, liked_id, like_date) VALUES ("265","442","2017-12-05 12:00:01");
INSERT INTO likes (like_id, liked_id, like_date) VALUES ("70","442","2017-12-27 18:54:03");
INSERT INTO likes (like_id, liked_id, like_date) VALUES ("103","442","2017-08-15 12:12:35");
INSERT INTO likes (like_id, liked_id, like_date) VALUES ("125","442","2018-02-02 01:40:15");
INSERT INTO likes (like_id, liked_id, like_date) VALUES ("103","442","2017-05-25 17:16:50");
INSERT INTO likes (like_id, liked_id, like_date) VALUES ("369","442","2017-03-25 15:03:44");
INSERT INTO likes (like_id, liked_id, like_date) VALUES ("199","442","2017-11-28 19:27:44");
INSERT INTO likes (like_id, liked_id, like_date) VALUES ("209","442","2017-10-15 00:11:43");
INSERT INTO likes (like_id, liked_id, like_date) VALUES ("334","442","2017-08-24 12:22:05");
INSERT INTO views (viewer_id, viewed_id, view_date) VALUES ("371","442","2017-09-25 11:51:29");
INSERT INTO views (viewer_id, viewed_id, view_date) VALUES ("164","442","2017-07-02 15:47:31");
INSERT INTO views (viewer_id, viewed_id, view_date) VALUES ("312","442","2017-11-30 08:28:03");
INSERT INTO views (viewer_id, viewed_id, view_date) VALUES ("206","442","2017-07-06 07:51:08");
INSERT INTO views (viewer_id, viewed_id, view_date) VALUES ("283","442","2017-03-30 10:09:30");
INSERT INTO views (viewer_id, viewed_id, view_date) VALUES ("177","442","2017-10-23 23:14:15");
INSERT INTO views (viewer_id, viewed_id, view_date) VALUES ("169","442","2017-11-12 01:24:23");
INSERT INTO views (viewer_id, viewed_id, view_date) VALUES ("483","442","2017-03-07 15:29:55");
INSERT INTO views (viewer_id, viewed_id, view_date) VALUES ("325","442","2017-10-28 10:08:52");
INSERT INTO views (viewer_id, viewed_id, view_date) VALUES ("498","442","2017-04-28 01:28:46");
INSERT INTO views (viewer_id, viewed_id, view_date) VALUES ("53","442","2017-09-25 08:37:12");
INSERT INTO views (viewer_id, viewed_id, view_date) VALUES ("66","442","2017-11-06 19:55:03");
INSERT INTO views (viewer_id, viewed_id, view_date) VALUES ("224","442","2017-12-09 17:17:06");
INSERT INTO views (viewer_id, viewed_id, view_date) VALUES ("433","442","2017-03-20 06:22:56");
INSERT INTO views (viewer_id, viewed_id, view_date) VALUES ("494","442","2018-01-04 12:00:44");
INSERT INTO views (viewer_id, viewed_id, view_date) VALUES ("136","442","2017-12-25 17:22:10");
INSERT INTO views (viewer_id, viewed_id, view_date) VALUES ("337","442","2017-03-08 10:31:05");
INSERT INTO views (viewer_id, viewed_id, view_date) VALUES ("354","442","2017-11-16 07:24:26");
INSERT INTO views (viewer_id, viewed_id, view_date) VALUES ("373","442","2017-11-20 16:37:28");
INSERT INTO views (viewer_id, viewed_id, view_date) VALUES ("209","442","2017-04-26 09:05:59");
INSERT INTO views (viewer_id, viewed_id, view_date) VALUES ("9","442","2018-01-12 15:36:51");
INSERT INTO views (viewer_id, viewed_id, view_date) VALUES ("480","442","2017-05-11 21:38:28");
INSERT INTO views (viewer_id, viewed_id, view_date) VALUES ("75","442","2017-10-15 23:22:06");
INSERT INTO views (viewer_id, viewed_id, view_date) VALUES ("51","442","2017-08-04 13:46:59");
INSERT INTO views (viewer_id, viewed_id, view_date) VALUES ("413","442","2017-04-25 13:40:32");
INSERT INTO views (viewer_id, viewed_id, view_date) VALUES ("407","442","2017-06-02 04:10:41");
INSERT INTO views (viewer_id, viewed_id, view_date) VALUES ("60","442","2017-11-17 13:18:41");


INSERT INTO user (id, first_name, last_name, username, email, password, birthdate, gender, orientation, bio, country, state, city, zip, file_1, file_2, file_3, file_4, file_5, score, token, token_date, active, register, created_at, updated_at) VALUES ("443","Aurore","Pollich","kjenkins","caesar12@breitenberg.biz","$2y$10$SU2UH1Cgwhn5Jn2WSmCcbeihB3ng2e13gtR8/R05Z1Juydrdp7IJO","1972-02-10 06:27:24","2","2","Et eaque et placeat deserunt ut. Provident consequuntur explicabo qui quia dolores magni. Similique quos nemo quaerat voluptates non qui dolorem. Praesentium consectetur exercitationem illo.","Marshall Islands","","Grimesport","76281-5612","../fixtures/female7.jpg","../fixtures/female8.jpg","../fixtures/female9.jpg","../fixtures/female2.jpg","../fixtures/female5.jpg","78","fc89c2ab05950cf1c168e4cb06a315f4","2014-04-10 18:39:30","0","0","2011-06-24 04:13:09","2016-12-10 15:56:13");
INSERT INTO user_tag (user_id, tag_id) VALUES ("443","44");
INSERT INTO user_tag (user_id, tag_id) VALUES ("443","48");
INSERT INTO user_tag (user_id, tag_id) VALUES ("443","38");
INSERT INTO user_tag (user_id, tag_id) VALUES ("443","47");
INSERT INTO user_tag (user_id, tag_id) VALUES ("443","27");
INSERT INTO user_tag (user_id, tag_id) VALUES ("443","37");
INSERT INTO user_tag (user_id, tag_id) VALUES ("443","5");
INSERT INTO user_tag (user_id, tag_id) VALUES ("443","25");
INSERT INTO user_tag (user_id, tag_id) VALUES ("443","14");
INSERT INTO user_tag (user_id, tag_id) VALUES ("443","23");
INSERT INTO user_tag (user_id, tag_id) VALUES ("443","22");
INSERT INTO user_tag (user_id, tag_id) VALUES ("443","48");

INSERT INTO connected (user_id, connect_date) VALUES ("443","2017-03-27 15:58:08");
INSERT INTO likes (like_id, liked_id, like_date) VALUES ("123","443","2017-07-15 21:27:34");
INSERT INTO likes (like_id, liked_id, like_date) VALUES ("97","443","2017-03-30 22:21:06");
INSERT INTO likes (like_id, liked_id, like_date) VALUES ("264","443","2017-08-01 11:23:20");
INSERT INTO likes (like_id, liked_id, like_date) VALUES ("101","443","2017-09-27 16:13:39");
INSERT INTO likes (like_id, liked_id, like_date) VALUES ("495","443","2017-08-12 08:20:25");
INSERT INTO likes (like_id, liked_id, like_date) VALUES ("304","443","2017-03-29 15:10:05");
INSERT INTO likes (like_id, liked_id, like_date) VALUES ("326","443","2018-01-10 06:31:32");
INSERT INTO likes (like_id, liked_id, like_date) VALUES ("402","443","2017-05-04 08:44:18");
INSERT INTO likes (like_id, liked_id, like_date) VALUES ("471","443","2017-12-02 01:10:19");
INSERT INTO likes (like_id, liked_id, like_date) VALUES ("45","443","2017-05-16 22:16:07");
INSERT INTO likes (like_id, liked_id, like_date) VALUES ("16","443","2018-02-08 21:19:05");
INSERT INTO likes (like_id, liked_id, like_date) VALUES ("484","443","2017-04-19 03:50:39");
INSERT INTO likes (like_id, liked_id, like_date) VALUES ("20","443","2017-06-23 08:10:08");
INSERT INTO likes (like_id, liked_id, like_date) VALUES ("327","443","2017-07-12 11:46:15");
INSERT INTO likes (like_id, liked_id, like_date) VALUES ("343","443","2017-07-03 11:24:54");
INSERT INTO views (viewer_id, viewed_id, view_date) VALUES ("93","443","2017-04-25 03:58:24");
INSERT INTO views (viewer_id, viewed_id, view_date) VALUES ("13","443","2017-12-25 07:24:24");
INSERT INTO views (viewer_id, viewed_id, view_date) VALUES ("377","443","2017-09-06 22:33:17");
INSERT INTO views (viewer_id, viewed_id, view_date) VALUES ("455","443","2017-09-04 16:51:12");
INSERT INTO views (viewer_id, viewed_id, view_date) VALUES ("371","443","2017-08-22 17:35:05");
INSERT INTO views (viewer_id, viewed_id, view_date) VALUES ("12","443","2017-10-01 20:47:17");
INSERT INTO views (viewer_id, viewed_id, view_date) VALUES ("361","443","2018-02-09 11:36:06");
INSERT INTO views (viewer_id, viewed_id, view_date) VALUES ("8","443","2017-03-09 02:10:51");
INSERT INTO views (viewer_id, viewed_id, view_date) VALUES ("453","443","2017-06-15 02:20:11");
INSERT INTO views (viewer_id, viewed_id, view_date) VALUES ("182","443","2017-11-07 11:04:18");
INSERT INTO views (viewer_id, viewed_id, view_date) VALUES ("345","443","2017-03-04 16:56:14");
INSERT INTO views (viewer_id, viewed_id, view_date) VALUES ("248","443","2017-06-06 08:52:52");


INSERT INTO user (id, first_name, last_name, username, email, password, birthdate, gender, orientation, bio, country, state, city, zip, file_1, file_2, file_3, file_4, file_5, score, token, token_date, active, register, created_at, updated_at) VALUES ("444","Mekhi","O'Kon","gblock","hammes.flavio@hotmail.com","$2y$10$XfbPJ.WZYvqTesuw/m9w2eMQP..K7RI2B/B.RAJBbM6AET2BrO/Iu","1974-02-13 14:58:42","2","3","Minima esse nihil aut iure. Molestiae aut aliquam odio et aut ipsa in. Quos tenetur quasi quia commodi nihil repellat rerum. Debitis iste qui et accusantium voluptas.","Falkland Islands (Malvinas)","","Jacintheport","64062-8176","../fixtures/female5.jpg","../fixtures/female5.jpg","","","","39","9c3d9ed6f6db3afd89980e5aed597897","2010-07-06 17:09:31","1","1","2014-11-08 20:23:57","1977-09-10 23:58:42");
INSERT INTO user_tag (user_id, tag_id) VALUES ("444","32");
INSERT INTO user_tag (user_id, tag_id) VALUES ("444","17");
INSERT INTO user_tag (user_id, tag_id) VALUES ("444","43");
INSERT INTO user_tag (user_id, tag_id) VALUES ("444","32");
INSERT INTO user_tag (user_id, tag_id) VALUES ("444","24");
INSERT INTO user_tag (user_id, tag_id) VALUES ("444","37");
INSERT INTO user_tag (user_id, tag_id) VALUES ("444","19");

INSERT INTO connected (user_id, connect_date) VALUES ("444","2017-06-20 10:24:29");
INSERT INTO likes (like_id, liked_id, like_date) VALUES ("337","444","2017-10-15 13:51:07");
INSERT INTO likes (like_id, liked_id, like_date) VALUES ("351","444","2017-08-13 19:41:13");
INSERT INTO likes (like_id, liked_id, like_date) VALUES ("106","444","2017-06-01 17:33:08");
INSERT INTO likes (like_id, liked_id, like_date) VALUES ("232","444","2017-07-27 22:03:29");
INSERT INTO likes (like_id, liked_id, like_date) VALUES ("363","444","2017-09-29 22:06:20");
INSERT INTO likes (like_id, liked_id, like_date) VALUES ("151","444","2017-04-19 11:14:39");
INSERT INTO likes (like_id, liked_id, like_date) VALUES ("36","444","2018-02-14 20:49:45");
INSERT INTO views (viewer_id, viewed_id, view_date) VALUES ("169","444","2017-06-11 20:41:22");
INSERT INTO views (viewer_id, viewed_id, view_date) VALUES ("7","444","2017-03-30 04:08:40");
INSERT INTO views (viewer_id, viewed_id, view_date) VALUES ("28","444","2018-02-02 20:27:40");
INSERT INTO views (viewer_id, viewed_id, view_date) VALUES ("216","444","2017-10-23 10:28:57");
INSERT INTO views (viewer_id, viewed_id, view_date) VALUES ("16","444","2017-05-14 22:15:45");
INSERT INTO views (viewer_id, viewed_id, view_date) VALUES ("455","444","2017-12-19 02:19:01");
INSERT INTO views (viewer_id, viewed_id, view_date) VALUES ("245","444","2017-05-13 02:19:15");
INSERT INTO views (viewer_id, viewed_id, view_date) VALUES ("497","444","2017-11-14 03:55:07");
INSERT INTO views (viewer_id, viewed_id, view_date) VALUES ("161","444","2018-01-12 23:13:07");
INSERT INTO views (viewer_id, viewed_id, view_date) VALUES ("87","444","2017-08-19 02:05:25");
INSERT INTO views (viewer_id, viewed_id, view_date) VALUES ("100","444","2017-11-29 18:00:01");
INSERT INTO views (viewer_id, viewed_id, view_date) VALUES ("434","444","2017-04-28 14:35:14");
INSERT INTO views (viewer_id, viewed_id, view_date) VALUES ("315","444","2017-10-20 11:01:16");


INSERT INTO user (id, first_name, last_name, username, email, password, birthdate, gender, orientation, bio, country, state, city, zip, file_1, file_2, file_3, file_4, file_5, score, token, token_date, active, register, created_at, updated_at) VALUES ("445","Nasir","Wilkinson","abernathyantonio","plockman@yahoo.com","$2y$10$iD6S7prJE11k0/SA3FywDuH43BWamVEUbadkkejy1JJPN7vIDu3N6","1965-08-26 10:52:42","1","3","Voluptas est doloremque quo dolorum nihil unde. Temporibus corrupti distinctio est quibusdam maxime ducimus ea. Possimus vel sed et culpa facilis doloremque pariatur excepturi.","Chad","","Port Fredhaven","12549-8648","../fixtures/male10.jpg","../fixtures/male4.jpg","../fixtures/male3.jpg","","","50","7dd9f6bca55f27732ba9bbe9a2713f1c","2013-01-27 21:58:12","1","0","1998-09-03 03:33:57","1980-03-29 09:28:29");
INSERT INTO user_tag (user_id, tag_id) VALUES ("445","9");
INSERT INTO user_tag (user_id, tag_id) VALUES ("445","25");
INSERT INTO user_tag (user_id, tag_id) VALUES ("445","21");
INSERT INTO user_tag (user_id, tag_id) VALUES ("445","22");
INSERT INTO user_tag (user_id, tag_id) VALUES ("445","42");
INSERT INTO user_tag (user_id, tag_id) VALUES ("445","40");
INSERT INTO user_tag (user_id, tag_id) VALUES ("445","43");
INSERT INTO user_tag (user_id, tag_id) VALUES ("445","25");
INSERT INTO user_tag (user_id, tag_id) VALUES ("445","10");
INSERT INTO user_tag (user_id, tag_id) VALUES ("445","8");
INSERT INTO user_tag (user_id, tag_id) VALUES ("445","28");
INSERT INTO user_tag (user_id, tag_id) VALUES ("445","30");
INSERT INTO user_tag (user_id, tag_id) VALUES ("445","17");
INSERT INTO user_tag (user_id, tag_id) VALUES ("445","42");

INSERT INTO connected (user_id, connect_date) VALUES ("445","2018-01-30 06:13:56");
INSERT INTO likes (like_id, liked_id, like_date) VALUES ("266","445","2017-09-29 14:44:35");
INSERT INTO likes (like_id, liked_id, like_date) VALUES ("410","445","2017-12-05 05:00:45");
INSERT INTO likes (like_id, liked_id, like_date) VALUES ("246","445","2018-01-28 14:15:19");
INSERT INTO likes (like_id, liked_id, like_date) VALUES ("111","445","2017-05-01 17:07:42");
INSERT INTO likes (like_id, liked_id, like_date) VALUES ("140","445","2017-03-10 10:16:37");
INSERT INTO likes (like_id, liked_id, like_date) VALUES ("372","445","2018-01-21 18:56:33");
INSERT INTO likes (like_id, liked_id, like_date) VALUES ("373","445","2017-04-21 19:49:56");
INSERT INTO likes (like_id, liked_id, like_date) VALUES ("223","445","2018-01-14 10:51:33");
INSERT INTO likes (like_id, liked_id, like_date) VALUES ("202","445","2017-08-17 23:12:58");
INSERT INTO likes (like_id, liked_id, like_date) VALUES ("372","445","2018-01-02 12:48:34");
INSERT INTO likes (like_id, liked_id, like_date) VALUES ("266","445","2017-05-20 15:43:12");
INSERT INTO likes (like_id, liked_id, like_date) VALUES ("428","445","2017-12-04 17:37:50");
INSERT INTO likes (like_id, liked_id, like_date) VALUES ("225","445","2017-04-16 13:00:36");
INSERT INTO views (viewer_id, viewed_id, view_date) VALUES ("66","445","2017-11-26 14:25:28");
INSERT INTO views (viewer_id, viewed_id, view_date) VALUES ("6","445","2017-09-13 05:03:19");
INSERT INTO views (viewer_id, viewed_id, view_date) VALUES ("245","445","2017-08-17 17:18:46");
INSERT INTO views (viewer_id, viewed_id, view_date) VALUES ("348","445","2017-10-03 21:50:04");
INSERT INTO views (viewer_id, viewed_id, view_date) VALUES ("85","445","2017-02-22 04:35:13");
INSERT INTO views (viewer_id, viewed_id, view_date) VALUES ("186","445","2017-10-11 17:44:38");
INSERT INTO views (viewer_id, viewed_id, view_date) VALUES ("424","445","2017-12-29 06:26:33");
INSERT INTO views (viewer_id, viewed_id, view_date) VALUES ("79","445","2017-03-14 23:29:04");
INSERT INTO views (viewer_id, viewed_id, view_date) VALUES ("202","445","2017-10-12 21:49:22");
INSERT INTO views (viewer_id, viewed_id, view_date) VALUES ("180","445","2017-09-25 04:03:14");
INSERT INTO views (viewer_id, viewed_id, view_date) VALUES ("180","445","2017-06-11 20:56:04");
INSERT INTO views (viewer_id, viewed_id, view_date) VALUES ("215","445","2018-02-13 06:27:17");
INSERT INTO views (viewer_id, viewed_id, view_date) VALUES ("315","445","2017-02-20 15:14:09");
INSERT INTO views (viewer_id, viewed_id, view_date) VALUES ("154","445","2017-04-02 00:28:36");
INSERT INTO views (viewer_id, viewed_id, view_date) VALUES ("242","445","2017-05-21 21:39:31");
INSERT INTO views (viewer_id, viewed_id, view_date) VALUES ("175","445","2017-09-20 10:49:46");
INSERT INTO views (viewer_id, viewed_id, view_date) VALUES ("314","445","2017-07-02 19:27:54");
INSERT INTO views (viewer_id, viewed_id, view_date) VALUES ("201","445","2018-01-15 15:53:07");
INSERT INTO views (viewer_id, viewed_id, view_date) VALUES ("6","445","2017-03-12 10:55:26");
INSERT INTO views (viewer_id, viewed_id, view_date) VALUES ("256","445","2017-06-10 19:47:02");
INSERT INTO views (viewer_id, viewed_id, view_date) VALUES ("171","445","2017-09-14 22:33:28");
INSERT INTO views (viewer_id, viewed_id, view_date) VALUES ("173","445","2018-01-21 21:33:00");
INSERT INTO views (viewer_id, viewed_id, view_date) VALUES ("164","445","2017-09-08 23:43:56");


INSERT INTO user (id, first_name, last_name, username, email, password, birthdate, gender, orientation, bio, country, state, city, zip, file_1, file_2, file_3, file_4, file_5, score, token, token_date, active, register, created_at, updated_at) VALUES ("446","Devon","Zieme","marlin01","davis.kris@yahoo.com","$2y$10$ct7oh6YF4/HHHYF0MU1hg.lcGS5sWc7J3qrwoooxfDnQa1LZ5Mi2y","1954-09-20 00:27:43","2","3","Beatae voluptatum laboriosam rerum qui laborum voluptas cupiditate. Dolorem corporis fugiat est a. Placeat perspiciatis natus sint illum non eum. Ullam quia veniam voluptatem tempore rem dolorem.","Bolivia","","East Patricia","76110","../fixtures/female10.jpg","../fixtures/female9.jpg","../fixtures/female1.jpg","../fixtures/female6.jpg","","63","7375e3d6d91ab97ce4e356ff437aa974","2009-03-28 22:58:30","1","1","2008-04-03 18:36:57","1983-12-13 09:39:50");
INSERT INTO user_tag (user_id, tag_id) VALUES ("446","36");
INSERT INTO user_tag (user_id, tag_id) VALUES ("446","6");
INSERT INTO user_tag (user_id, tag_id) VALUES ("446","11");
INSERT INTO user_tag (user_id, tag_id) VALUES ("446","34");
INSERT INTO user_tag (user_id, tag_id) VALUES ("446","40");
INSERT INTO user_tag (user_id, tag_id) VALUES ("446","37");
INSERT INTO user_tag (user_id, tag_id) VALUES ("446","48");
INSERT INTO user_tag (user_id, tag_id) VALUES ("446","5");
INSERT INTO user_tag (user_id, tag_id) VALUES ("446","42");
INSERT INTO user_tag (user_id, tag_id) VALUES ("446","3");
INSERT INTO user_tag (user_id, tag_id) VALUES ("446","6");
INSERT INTO user_tag (user_id, tag_id) VALUES ("446","49");
INSERT INTO user_tag (user_id, tag_id) VALUES ("446","28");
INSERT INTO user_tag (user_id, tag_id) VALUES ("446","30");

INSERT INTO connected (user_id, connect_date) VALUES ("446","2017-06-26 16:38:04");
INSERT INTO likes (like_id, liked_id, like_date) VALUES ("268","446","2017-04-05 00:33:46");
INSERT INTO likes (like_id, liked_id, like_date) VALUES ("289","446","2017-10-01 05:19:48");
INSERT INTO likes (like_id, liked_id, like_date) VALUES ("268","446","2017-08-02 11:07:13");
INSERT INTO likes (like_id, liked_id, like_date) VALUES ("176","446","2017-09-10 20:48:23");
INSERT INTO likes (like_id, liked_id, like_date) VALUES ("31","446","2017-03-19 01:49:23");
INSERT INTO likes (like_id, liked_id, like_date) VALUES ("302","446","2017-09-08 19:33:43");
INSERT INTO views (viewer_id, viewed_id, view_date) VALUES ("18","446","2017-08-19 23:20:52");
INSERT INTO views (viewer_id, viewed_id, view_date) VALUES ("173","446","2017-08-04 20:46:10");
INSERT INTO views (viewer_id, viewed_id, view_date) VALUES ("416","446","2017-03-02 16:32:58");
INSERT INTO views (viewer_id, viewed_id, view_date) VALUES ("53","446","2017-11-11 19:32:56");
INSERT INTO views (viewer_id, viewed_id, view_date) VALUES ("109","446","2017-10-12 05:19:06");
INSERT INTO views (viewer_id, viewed_id, view_date) VALUES ("122","446","2018-02-01 05:11:03");
INSERT INTO views (viewer_id, viewed_id, view_date) VALUES ("464","446","2017-06-22 04:41:18");
INSERT INTO views (viewer_id, viewed_id, view_date) VALUES ("408","446","2017-05-02 07:46:30");
INSERT INTO views (viewer_id, viewed_id, view_date) VALUES ("97","446","2017-04-27 05:45:49");
INSERT INTO views (viewer_id, viewed_id, view_date) VALUES ("429","446","2017-02-23 19:02:42");
INSERT INTO views (viewer_id, viewed_id, view_date) VALUES ("42","446","2017-11-29 00:35:10");
INSERT INTO views (viewer_id, viewed_id, view_date) VALUES ("141","446","2017-12-13 19:21:36");
INSERT INTO views (viewer_id, viewed_id, view_date) VALUES ("102","446","2017-12-27 08:54:09");
INSERT INTO views (viewer_id, viewed_id, view_date) VALUES ("272","446","2017-05-27 07:36:55");
INSERT INTO views (viewer_id, viewed_id, view_date) VALUES ("69","446","2018-01-26 15:55:52");
INSERT INTO views (viewer_id, viewed_id, view_date) VALUES ("58","446","2017-04-13 06:49:49");
INSERT INTO views (viewer_id, viewed_id, view_date) VALUES ("334","446","2018-02-06 10:03:25");
INSERT INTO views (viewer_id, viewed_id, view_date) VALUES ("494","446","2017-09-19 22:16:59");
INSERT INTO views (viewer_id, viewed_id, view_date) VALUES ("253","446","2017-05-03 19:53:01");
INSERT INTO views (viewer_id, viewed_id, view_date) VALUES ("73","446","2017-08-19 09:16:33");
INSERT INTO views (viewer_id, viewed_id, view_date) VALUES ("212","446","2017-09-15 16:14:00");
INSERT INTO views (viewer_id, viewed_id, view_date) VALUES ("51","446","2017-11-06 04:13:52");
INSERT INTO views (viewer_id, viewed_id, view_date) VALUES ("379","446","2018-01-10 22:38:45");
INSERT INTO views (viewer_id, viewed_id, view_date) VALUES ("8","446","2017-08-23 04:50:33");
INSERT INTO views (viewer_id, viewed_id, view_date) VALUES ("291","446","2017-12-29 14:01:53");
INSERT INTO views (viewer_id, viewed_id, view_date) VALUES ("310","446","2017-09-06 17:34:36");
INSERT INTO views (viewer_id, viewed_id, view_date) VALUES ("488","446","2017-09-10 10:39:26");
INSERT INTO views (viewer_id, viewed_id, view_date) VALUES ("341","446","2017-07-28 17:32:36");


INSERT INTO user (id, first_name, last_name, username, email, password, birthdate, gender, orientation, bio, country, state, city, zip, file_1, file_2, file_3, file_4, file_5, score, token, token_date, active, register, created_at, updated_at) VALUES ("447","Astrid","Lindgren","yhaag","ejenkins@lindgren.biz","$2y$10$76AV5MRsXq7tpsJsEVvE1OEUwPUern5yoNMk8l.fQSKE7OAZrrd8i","1960-04-26 16:13:23","2","2","Ipsum quos illo reprehenderit quas accusantium explicabo. Facere consequatur sit laudantium ipsum repellendus reiciendis excepturi. Aut iusto sint facilis quaerat debitis nostrum fugiat. Doloribus rem facere deleniti illum.","Vietnam","","Lake Derrick","43668","../fixtures/female9.jpg","","","","","4","efc22e0e4ab469667f6115dbd2a836cc","1991-07-09 13:37:59","0","0","2015-07-30 10:14:25","1981-05-11 05:51:47");
INSERT INTO user_tag (user_id, tag_id) VALUES ("447","18");
INSERT INTO user_tag (user_id, tag_id) VALUES ("447","38");
INSERT INTO user_tag (user_id, tag_id) VALUES ("447","34");
INSERT INTO user_tag (user_id, tag_id) VALUES ("447","26");
INSERT INTO user_tag (user_id, tag_id) VALUES ("447","35");
INSERT INTO user_tag (user_id, tag_id) VALUES ("447","35");
INSERT INTO user_tag (user_id, tag_id) VALUES ("447","41");
INSERT INTO user_tag (user_id, tag_id) VALUES ("447","9");
INSERT INTO user_tag (user_id, tag_id) VALUES ("447","42");
INSERT INTO user_tag (user_id, tag_id) VALUES ("447","15");
INSERT INTO user_tag (user_id, tag_id) VALUES ("447","11");

INSERT INTO connected (user_id, connect_date) VALUES ("447","2017-09-25 16:09:01");
INSERT INTO likes (like_id, liked_id, like_date) VALUES ("195","447","2017-05-21 02:16:25");
INSERT INTO likes (like_id, liked_id, like_date) VALUES ("446","447","2017-06-12 19:49:33");
INSERT INTO likes (like_id, liked_id, like_date) VALUES ("64","447","2017-12-03 18:37:46");
INSERT INTO likes (like_id, liked_id, like_date) VALUES ("337","447","2018-01-07 03:39:51");
INSERT INTO likes (like_id, liked_id, like_date) VALUES ("247","447","2017-11-10 03:43:24");
INSERT INTO likes (like_id, liked_id, like_date) VALUES ("88","447","2018-02-04 15:29:09");
INSERT INTO likes (like_id, liked_id, like_date) VALUES ("74","447","2017-09-04 09:51:18");
INSERT INTO likes (like_id, liked_id, like_date) VALUES ("221","447","2018-02-11 13:44:31");
INSERT INTO likes (like_id, liked_id, like_date) VALUES ("136","447","2017-06-14 17:59:34");
INSERT INTO likes (like_id, liked_id, like_date) VALUES ("336","447","2018-01-21 19:20:19");
INSERT INTO likes (like_id, liked_id, like_date) VALUES ("256","447","2017-09-24 00:49:54");
INSERT INTO likes (like_id, liked_id, like_date) VALUES ("209","447","2017-08-01 07:11:01");
INSERT INTO likes (like_id, liked_id, like_date) VALUES ("34","447","2017-10-11 20:19:50");
INSERT INTO likes (like_id, liked_id, like_date) VALUES ("129","447","2017-11-05 00:41:17");
INSERT INTO likes (like_id, liked_id, like_date) VALUES ("485","447","2017-05-18 20:14:37");
INSERT INTO likes (like_id, liked_id, like_date) VALUES ("357","447","2017-05-29 10:13:16");
INSERT INTO views (viewer_id, viewed_id, view_date) VALUES ("228","447","2017-06-25 08:44:58");
INSERT INTO views (viewer_id, viewed_id, view_date) VALUES ("69","447","2017-07-09 03:27:29");
INSERT INTO views (viewer_id, viewed_id, view_date) VALUES ("242","447","2018-01-26 11:32:32");
INSERT INTO views (viewer_id, viewed_id, view_date) VALUES ("206","447","2017-11-04 19:21:09");
INSERT INTO views (viewer_id, viewed_id, view_date) VALUES ("175","447","2017-07-16 23:29:43");
INSERT INTO views (viewer_id, viewed_id, view_date) VALUES ("58","447","2017-12-25 02:57:55");
INSERT INTO views (viewer_id, viewed_id, view_date) VALUES ("497","447","2017-11-20 03:43:24");
INSERT INTO views (viewer_id, viewed_id, view_date) VALUES ("289","447","2017-02-21 23:41:17");
INSERT INTO views (viewer_id, viewed_id, view_date) VALUES ("384","447","2017-09-03 09:17:46");
INSERT INTO views (viewer_id, viewed_id, view_date) VALUES ("318","447","2017-02-21 11:05:33");
INSERT INTO views (viewer_id, viewed_id, view_date) VALUES ("98","447","2017-12-08 14:00:22");
INSERT INTO views (viewer_id, viewed_id, view_date) VALUES ("79","447","2017-06-24 02:23:21");
INSERT INTO views (viewer_id, viewed_id, view_date) VALUES ("247","447","2017-03-18 22:39:37");
INSERT INTO views (viewer_id, viewed_id, view_date) VALUES ("66","447","2017-04-22 10:23:58");
INSERT INTO views (viewer_id, viewed_id, view_date) VALUES ("496","447","2017-06-06 09:39:13");
INSERT INTO views (viewer_id, viewed_id, view_date) VALUES ("120","447","2017-11-30 16:00:35");
INSERT INTO views (viewer_id, viewed_id, view_date) VALUES ("161","447","2017-07-08 01:13:56");
INSERT INTO views (viewer_id, viewed_id, view_date) VALUES ("435","447","2017-07-14 18:06:22");


INSERT INTO user (id, first_name, last_name, username, email, password, birthdate, gender, orientation, bio, country, state, city, zip, file_1, file_2, file_3, file_4, file_5, score, token, token_date, active, register, created_at, updated_at) VALUES ("448","Chaz","Haley","nwill","parker.melody@gmail.com","$2y$10$zJPGywAUzJr6fnEJabrIm.bFw1ZbnvrA1yNJI3P2BvNrvXgNo1U7K","1959-08-23 22:51:27","1","3","Earum est aut vel dolorem est fugiat. Alias et numquam nulla expedita repellat distinctio ratione. Mollitia occaecati omnis accusantium ipsam. Vitae voluptatem iusto minima.","Uruguay","","Erdmanshire","71164-3275","../fixtures/male1.jpg","","","","","99","74c3267daa3d8b1597dee5c5fd0a1522","1994-01-21 13:26:59","1","0","1993-04-02 06:08:37","2002-02-19 12:36:15");
INSERT INTO user_tag (user_id, tag_id) VALUES ("448","42");

INSERT INTO connected (user_id, connect_date) VALUES ("448","2017-03-03 16:20:39");
INSERT INTO likes (like_id, liked_id, like_date) VALUES ("396","448","2017-06-24 18:00:17");
INSERT INTO likes (like_id, liked_id, like_date) VALUES ("137","448","2017-08-30 04:19:08");
INSERT INTO likes (like_id, liked_id, like_date) VALUES ("254","448","2017-04-14 10:31:36");
INSERT INTO likes (like_id, liked_id, like_date) VALUES ("175","448","2017-05-19 17:40:46");
INSERT INTO likes (like_id, liked_id, like_date) VALUES ("355","448","2017-10-12 04:47:37");
INSERT INTO likes (like_id, liked_id, like_date) VALUES ("134","448","2017-02-19 19:38:46");
INSERT INTO likes (like_id, liked_id, like_date) VALUES ("473","448","2017-06-30 05:57:35");
INSERT INTO likes (like_id, liked_id, like_date) VALUES ("84","448","2017-09-22 05:37:52");
INSERT INTO likes (like_id, liked_id, like_date) VALUES ("231","448","2017-04-01 19:23:33");
INSERT INTO likes (like_id, liked_id, like_date) VALUES ("333","448","2017-03-24 20:15:13");
INSERT INTO likes (like_id, liked_id, like_date) VALUES ("176","448","2017-10-03 15:16:07");
INSERT INTO likes (like_id, liked_id, like_date) VALUES ("223","448","2017-06-04 03:56:10");
INSERT INTO likes (like_id, liked_id, like_date) VALUES ("340","448","2018-01-25 21:22:52");
INSERT INTO views (viewer_id, viewed_id, view_date) VALUES ("252","448","2017-09-21 07:15:51");
INSERT INTO views (viewer_id, viewed_id, view_date) VALUES ("393","448","2017-10-17 18:21:45");
INSERT INTO views (viewer_id, viewed_id, view_date) VALUES ("150","448","2017-05-27 16:08:57");
INSERT INTO views (viewer_id, viewed_id, view_date) VALUES ("198","448","2017-05-17 01:28:25");
INSERT INTO views (viewer_id, viewed_id, view_date) VALUES ("148","448","2017-12-03 08:29:28");
INSERT INTO views (viewer_id, viewed_id, view_date) VALUES ("463","448","2017-07-31 06:11:05");
INSERT INTO views (viewer_id, viewed_id, view_date) VALUES ("272","448","2017-07-24 03:13:54");
INSERT INTO views (viewer_id, viewed_id, view_date) VALUES ("194","448","2017-05-24 20:47:13");
INSERT INTO views (viewer_id, viewed_id, view_date) VALUES ("119","448","2017-10-24 08:28:13");
INSERT INTO views (viewer_id, viewed_id, view_date) VALUES ("140","448","2017-10-21 01:47:16");
INSERT INTO views (viewer_id, viewed_id, view_date) VALUES ("261","448","2017-12-23 22:35:25");


INSERT INTO user (id, first_name, last_name, username, email, password, birthdate, gender, orientation, bio, country, state, city, zip, file_1, file_2, file_3, file_4, file_5, score, token, token_date, active, register, created_at, updated_at) VALUES ("449","Madelynn","Gottlieb","enoch77","pierre.lindgren@lockman.com","$2y$10$kf2DvlAEaWTc3T/Bv/OfM.k10UoFsX26V36ZvbTVEwN8gWkZSEeVq","1974-05-20 15:45:56","2","3","Qui qui eos hic enim et. Aut quia magnam aperiam consequatur. Nobis velit corporis voluptatem delectus ut quas. Aut officia dolore enim blanditiis deserunt eum vitae.","Macao","","New Keegan","08233-6091","../fixtures/female7.jpg","../fixtures/female7.jpg","../fixtures/female7.jpg","../fixtures/female5.jpg","../fixtures/female7.jpg","23","eb413ee47fd8f46a20281fae6e97b4ab","1977-05-15 01:55:28","0","0","2006-06-08 23:24:58","1977-09-18 22:33:45");
INSERT INTO user_tag (user_id, tag_id) VALUES ("449","20");
INSERT INTO user_tag (user_id, tag_id) VALUES ("449","25");
INSERT INTO user_tag (user_id, tag_id) VALUES ("449","20");
INSERT INTO user_tag (user_id, tag_id) VALUES ("449","13");
INSERT INTO user_tag (user_id, tag_id) VALUES ("449","41");
INSERT INTO user_tag (user_id, tag_id) VALUES ("449","3");

INSERT INTO connected (user_id, connect_date) VALUES ("449","2017-08-09 10:35:58");
INSERT INTO likes (like_id, liked_id, like_date) VALUES ("126","449","2017-12-28 15:21:23");
INSERT INTO likes (like_id, liked_id, like_date) VALUES ("428","449","2017-03-11 11:56:19");
INSERT INTO likes (like_id, liked_id, like_date) VALUES ("204","449","2017-05-20 10:54:27");
INSERT INTO likes (like_id, liked_id, like_date) VALUES ("167","449","2017-05-06 19:27:39");
INSERT INTO views (viewer_id, viewed_id, view_date) VALUES ("255","449","2017-02-22 22:56:39");
INSERT INTO views (viewer_id, viewed_id, view_date) VALUES ("106","449","2017-11-19 21:41:13");
INSERT INTO views (viewer_id, viewed_id, view_date) VALUES ("75","449","2017-09-30 03:43:42");
INSERT INTO views (viewer_id, viewed_id, view_date) VALUES ("99","449","2017-02-18 23:34:55");
INSERT INTO views (viewer_id, viewed_id, view_date) VALUES ("360","449","2017-05-27 09:14:09");
INSERT INTO views (viewer_id, viewed_id, view_date) VALUES ("141","449","2017-12-28 13:06:23");
INSERT INTO views (viewer_id, viewed_id, view_date) VALUES ("399","449","2017-03-16 19:20:54");
INSERT INTO views (viewer_id, viewed_id, view_date) VALUES ("99","449","2017-04-29 00:57:55");
INSERT INTO views (viewer_id, viewed_id, view_date) VALUES ("442","449","2017-11-03 03:42:14");
INSERT INTO views (viewer_id, viewed_id, view_date) VALUES ("14","449","2018-02-13 20:21:03");
INSERT INTO views (viewer_id, viewed_id, view_date) VALUES ("429","449","2017-08-13 19:13:59");
INSERT INTO views (viewer_id, viewed_id, view_date) VALUES ("390","449","2017-12-04 02:38:56");
INSERT INTO views (viewer_id, viewed_id, view_date) VALUES ("253","449","2017-12-08 01:21:16");
INSERT INTO views (viewer_id, viewed_id, view_date) VALUES ("135","449","2017-03-26 21:34:28");
INSERT INTO views (viewer_id, viewed_id, view_date) VALUES ("168","449","2017-09-01 08:33:02");
INSERT INTO views (viewer_id, viewed_id, view_date) VALUES ("235","449","2017-09-16 21:22:33");
INSERT INTO views (viewer_id, viewed_id, view_date) VALUES ("353","449","2017-10-26 22:22:51");
INSERT INTO views (viewer_id, viewed_id, view_date) VALUES ("397","449","2017-10-21 10:36:04");
INSERT INTO views (viewer_id, viewed_id, view_date) VALUES ("123","449","2017-07-31 14:23:03");
INSERT INTO views (viewer_id, viewed_id, view_date) VALUES ("412","449","2017-09-21 23:05:24");
INSERT INTO views (viewer_id, viewed_id, view_date) VALUES ("300","449","2017-03-23 15:55:54");
INSERT INTO views (viewer_id, viewed_id, view_date) VALUES ("142","449","2017-05-20 15:00:54");


INSERT INTO user (id, first_name, last_name, username, email, password, birthdate, gender, orientation, bio, country, state, city, zip, file_1, file_2, file_3, file_4, file_5, score, token, token_date, active, register, created_at, updated_at) VALUES ("450","Merle","Bernhard","horacegleason","zane87@hotmail.com","$2y$10$xfF3sF7RxIC6XXcBKT4/Q.nI7CG1BHSD5sqeumiTPvps0wHXEY6hq","1960-07-26 22:25:27","2","2","Libero facere quibusdam molestias vero officia eum occaecati laborum. Ex id sapiente sit esse officiis animi illum assumenda. Quaerat perferendis omnis esse unde laboriosam molestiae.","Turks and Caicos Islands","","Lurlinetown","81571-1927","../fixtures/female9.jpg","../fixtures/female4.jpg","","","","100","e47925cd4a2a8d9e73e47ad1653c31d4","2011-07-24 07:48:51","0","0","1974-07-08 00:39:41","1977-11-06 09:22:00");
INSERT INTO user_tag (user_id, tag_id) VALUES ("450","17");
INSERT INTO user_tag (user_id, tag_id) VALUES ("450","11");
INSERT INTO user_tag (user_id, tag_id) VALUES ("450","16");
INSERT INTO user_tag (user_id, tag_id) VALUES ("450","3");
INSERT INTO user_tag (user_id, tag_id) VALUES ("450","24");
INSERT INTO user_tag (user_id, tag_id) VALUES ("450","40");
INSERT INTO user_tag (user_id, tag_id) VALUES ("450","24");
INSERT INTO user_tag (user_id, tag_id) VALUES ("450","34");
INSERT INTO user_tag (user_id, tag_id) VALUES ("450","7");
INSERT INTO user_tag (user_id, tag_id) VALUES ("450","10");
INSERT INTO user_tag (user_id, tag_id) VALUES ("450","13");
INSERT INTO user_tag (user_id, tag_id) VALUES ("450","21");
INSERT INTO user_tag (user_id, tag_id) VALUES ("450","20");

INSERT INTO connected (user_id, connect_date) VALUES ("450","2017-08-05 01:10:52");
INSERT INTO likes (like_id, liked_id, like_date) VALUES ("494","450","2017-11-15 07:34:35");
INSERT INTO likes (like_id, liked_id, like_date) VALUES ("423","450","2017-05-18 03:00:35");
INSERT INTO likes (like_id, liked_id, like_date) VALUES ("382","450","2018-01-18 02:05:07");
INSERT INTO likes (like_id, liked_id, like_date) VALUES ("471","450","2017-09-09 20:39:42");
INSERT INTO likes (like_id, liked_id, like_date) VALUES ("73","450","2017-07-18 15:07:48");
INSERT INTO likes (like_id, liked_id, like_date) VALUES ("54","450","2017-12-02 02:59:16");
INSERT INTO likes (like_id, liked_id, like_date) VALUES ("448","450","2017-03-31 04:02:33");
INSERT INTO likes (like_id, liked_id, like_date) VALUES ("48","450","2017-09-09 11:52:47");
INSERT INTO likes (like_id, liked_id, like_date) VALUES ("116","450","2018-01-28 11:40:22");
INSERT INTO likes (like_id, liked_id, like_date) VALUES ("328","450","2017-11-27 14:44:47");
INSERT INTO likes (like_id, liked_id, like_date) VALUES ("158","450","2017-09-25 07:31:02");
INSERT INTO likes (like_id, liked_id, like_date) VALUES ("147","450","2017-11-01 17:30:00");
INSERT INTO likes (like_id, liked_id, like_date) VALUES ("459","450","2017-10-06 12:20:56");
INSERT INTO likes (like_id, liked_id, like_date) VALUES ("430","450","2017-12-12 15:23:21");
INSERT INTO likes (like_id, liked_id, like_date) VALUES ("318","450","2018-01-01 12:54:25");
INSERT INTO views (viewer_id, viewed_id, view_date) VALUES ("219","450","2017-09-28 17:56:50");
INSERT INTO views (viewer_id, viewed_id, view_date) VALUES ("89","450","2017-07-22 09:43:22");
INSERT INTO views (viewer_id, viewed_id, view_date) VALUES ("1","450","2017-11-02 16:27:56");
INSERT INTO views (viewer_id, viewed_id, view_date) VALUES ("5","450","2018-01-18 19:02:44");
INSERT INTO views (viewer_id, viewed_id, view_date) VALUES ("404","450","2018-01-17 05:02:24");
INSERT INTO views (viewer_id, viewed_id, view_date) VALUES ("365","450","2017-07-28 07:42:35");
INSERT INTO views (viewer_id, viewed_id, view_date) VALUES ("431","450","2017-07-06 01:47:53");
INSERT INTO views (viewer_id, viewed_id, view_date) VALUES ("86","450","2017-07-29 22:57:51");
INSERT INTO views (viewer_id, viewed_id, view_date) VALUES ("447","450","2017-09-12 18:19:47");
INSERT INTO views (viewer_id, viewed_id, view_date) VALUES ("494","450","2017-04-25 12:22:41");
INSERT INTO views (viewer_id, viewed_id, view_date) VALUES ("417","450","2017-12-23 11:40:52");
INSERT INTO views (viewer_id, viewed_id, view_date) VALUES ("490","450","2017-11-29 06:04:07");
INSERT INTO views (viewer_id, viewed_id, view_date) VALUES ("262","450","2017-03-14 13:45:01");
INSERT INTO views (viewer_id, viewed_id, view_date) VALUES ("301","450","2017-11-13 10:58:02");


INSERT INTO user (id, first_name, last_name, username, email, password, birthdate, gender, orientation, bio, country, state, city, zip, file_1, file_2, file_3, file_4, file_5, score, token, token_date, active, register, created_at, updated_at) VALUES ("451","General","McLaughlin","melbajones","bettie50@gmail.com","$2y$10$VS8UQWF7YZZCSyWD7KhWXuW.If3VyhhDUww.yzKSpZJyRj4kPTtqy","1964-12-22 19:29:31","2","2","Explicabo corrupti amet neque consequuntur. Explicabo iste itaque suscipit sit aut voluptatem dolores. Voluptate ullam et alias maiores est aut ratione. Esse fuga nihil dignissimos libero.","Guatemala","","West Emerson","27753-8305","../fixtures/female7.jpg","../fixtures/female3.jpg","../fixtures/female4.jpg","","","100","2d8b155f8957c8919ef824dc6dd71945","1976-08-26 22:46:43","0","0","1971-05-29 16:53:48","2000-08-07 23:46:09");
INSERT INTO user_tag (user_id, tag_id) VALUES ("451","34");
INSERT INTO user_tag (user_id, tag_id) VALUES ("451","7");
INSERT INTO user_tag (user_id, tag_id) VALUES ("451","38");
INSERT INTO user_tag (user_id, tag_id) VALUES ("451","50");
INSERT INTO user_tag (user_id, tag_id) VALUES ("451","47");
INSERT INTO user_tag (user_id, tag_id) VALUES ("451","8");
INSERT INTO user_tag (user_id, tag_id) VALUES ("451","13");
INSERT INTO user_tag (user_id, tag_id) VALUES ("451","6");
INSERT INTO user_tag (user_id, tag_id) VALUES ("451","45");
INSERT INTO user_tag (user_id, tag_id) VALUES ("451","47");
INSERT INTO user_tag (user_id, tag_id) VALUES ("451","41");
INSERT INTO user_tag (user_id, tag_id) VALUES ("451","32");

INSERT INTO connected (user_id, connect_date) VALUES ("451","2017-06-17 00:52:26");
INSERT INTO likes (like_id, liked_id, like_date) VALUES ("83","451","2017-12-15 15:13:16");
INSERT INTO likes (like_id, liked_id, like_date) VALUES ("82","451","2018-02-11 04:52:10");
INSERT INTO likes (like_id, liked_id, like_date) VALUES ("217","451","2017-03-23 22:42:37");
INSERT INTO likes (like_id, liked_id, like_date) VALUES ("210","451","2017-09-24 02:56:39");
INSERT INTO likes (like_id, liked_id, like_date) VALUES ("108","451","2017-06-28 02:07:19");
INSERT INTO likes (like_id, liked_id, like_date) VALUES ("377","451","2018-01-20 11:06:18");
INSERT INTO likes (like_id, liked_id, like_date) VALUES ("28","451","2017-12-02 15:20:02");
INSERT INTO likes (like_id, liked_id, like_date) VALUES ("59","451","2017-04-03 23:32:48");
INSERT INTO likes (like_id, liked_id, like_date) VALUES ("461","451","2017-05-24 06:43:22");
INSERT INTO likes (like_id, liked_id, like_date) VALUES ("291","451","2017-09-30 06:13:10");
INSERT INTO likes (like_id, liked_id, like_date) VALUES ("498","451","2017-06-24 07:20:16");
INSERT INTO likes (like_id, liked_id, like_date) VALUES ("112","451","2017-10-06 21:40:01");
INSERT INTO likes (like_id, liked_id, like_date) VALUES ("443","451","2017-06-07 19:35:19");
INSERT INTO likes (like_id, liked_id, like_date) VALUES ("112","451","2017-07-22 05:20:44");
INSERT INTO likes (like_id, liked_id, like_date) VALUES ("187","451","2017-09-16 10:43:12");
INSERT INTO likes (like_id, liked_id, like_date) VALUES ("128","451","2017-05-25 10:48:16");
INSERT INTO views (viewer_id, viewed_id, view_date) VALUES ("253","451","2017-04-30 05:52:41");
INSERT INTO views (viewer_id, viewed_id, view_date) VALUES ("196","451","2017-04-14 07:05:48");
INSERT INTO views (viewer_id, viewed_id, view_date) VALUES ("87","451","2017-08-19 13:05:29");
INSERT INTO views (viewer_id, viewed_id, view_date) VALUES ("339","451","2017-12-31 09:44:42");
INSERT INTO views (viewer_id, viewed_id, view_date) VALUES ("298","451","2017-11-10 08:55:53");
INSERT INTO views (viewer_id, viewed_id, view_date) VALUES ("259","451","2017-06-11 02:08:38");
INSERT INTO views (viewer_id, viewed_id, view_date) VALUES ("85","451","2017-07-09 01:58:03");
INSERT INTO views (viewer_id, viewed_id, view_date) VALUES ("83","451","2017-10-18 05:42:05");
INSERT INTO views (viewer_id, viewed_id, view_date) VALUES ("370","451","2018-01-04 13:52:39");
INSERT INTO views (viewer_id, viewed_id, view_date) VALUES ("333","451","2017-05-25 07:49:40");
INSERT INTO views (viewer_id, viewed_id, view_date) VALUES ("379","451","2018-01-04 02:43:30");
INSERT INTO views (viewer_id, viewed_id, view_date) VALUES ("353","451","2017-03-24 08:47:29");
INSERT INTO views (viewer_id, viewed_id, view_date) VALUES ("78","451","2017-03-03 05:52:05");
INSERT INTO views (viewer_id, viewed_id, view_date) VALUES ("431","451","2017-10-03 05:15:24");
INSERT INTO views (viewer_id, viewed_id, view_date) VALUES ("474","451","2017-06-30 17:22:34");
INSERT INTO views (viewer_id, viewed_id, view_date) VALUES ("63","451","2018-01-21 04:52:29");
INSERT INTO views (viewer_id, viewed_id, view_date) VALUES ("215","451","2017-04-22 10:06:42");


INSERT INTO user (id, first_name, last_name, username, email, password, birthdate, gender, orientation, bio, country, state, city, zip, file_1, file_2, file_3, file_4, file_5, score, token, token_date, active, register, created_at, updated_at) VALUES ("452","Beverly","Koss","kasey50","kobe03@hotmail.com","$2y$10$dN0Dpf0FUJ0c7IHqVKkPRO/vcEsUs5SpCjQvF3T3VFk59dzno7WYG","1950-08-15 19:56:09","1","2","Recusandae esse ad ducimus quidem. Nobis quas aperiam accusamus et provident. Repudiandae est accusantium est et consequuntur repellat ratione. Dolor culpa est est molestiae quia est.","Belize","","New Anne","23394-8790","../fixtures/male5.jpg","../fixtures/male3.jpg","../fixtures/male2.jpg","","","62","b785dd0ea622a29d3a351c0c85d5797d","1991-07-17 15:29:31","1","1","2014-07-11 11:38:15","1990-06-22 21:40:50");
INSERT INTO user_tag (user_id, tag_id) VALUES ("452","32");
INSERT INTO user_tag (user_id, tag_id) VALUES ("452","9");
INSERT INTO user_tag (user_id, tag_id) VALUES ("452","24");
INSERT INTO user_tag (user_id, tag_id) VALUES ("452","39");
INSERT INTO user_tag (user_id, tag_id) VALUES ("452","31");
INSERT INTO user_tag (user_id, tag_id) VALUES ("452","1");
INSERT INTO user_tag (user_id, tag_id) VALUES ("452","3");
INSERT INTO user_tag (user_id, tag_id) VALUES ("452","49");
INSERT INTO user_tag (user_id, tag_id) VALUES ("452","33");
INSERT INTO user_tag (user_id, tag_id) VALUES ("452","41");

INSERT INTO connected (user_id, connect_date) VALUES ("452","2018-01-23 00:24:59");
INSERT INTO likes (like_id, liked_id, like_date) VALUES ("491","452","2017-02-17 00:03:37");
INSERT INTO likes (like_id, liked_id, like_date) VALUES ("428","452","2017-09-30 20:53:21");
INSERT INTO likes (like_id, liked_id, like_date) VALUES ("211","452","2017-03-28 15:58:30");
INSERT INTO likes (like_id, liked_id, like_date) VALUES ("328","452","2017-10-22 15:16:12");
INSERT INTO likes (like_id, liked_id, like_date) VALUES ("58","452","2017-07-24 12:13:29");
INSERT INTO likes (like_id, liked_id, like_date) VALUES ("482","452","2017-04-26 07:14:06");
INSERT INTO likes (like_id, liked_id, like_date) VALUES ("243","452","2017-02-27 23:50:22");
INSERT INTO likes (like_id, liked_id, like_date) VALUES ("312","452","2017-05-07 17:27:01");
INSERT INTO likes (like_id, liked_id, like_date) VALUES ("93","452","2017-11-06 03:17:34");
INSERT INTO likes (like_id, liked_id, like_date) VALUES ("343","452","2017-05-07 23:16:10");
INSERT INTO likes (like_id, liked_id, like_date) VALUES ("139","452","2017-03-20 05:22:58");
INSERT INTO likes (like_id, liked_id, like_date) VALUES ("331","452","2017-12-13 22:53:47");
INSERT INTO likes (like_id, liked_id, like_date) VALUES ("447","452","2017-07-03 05:17:41");
INSERT INTO likes (like_id, liked_id, like_date) VALUES ("453","452","2017-03-27 02:55:06");
INSERT INTO likes (like_id, liked_id, like_date) VALUES ("340","452","2018-02-05 14:00:19");
INSERT INTO likes (like_id, liked_id, like_date) VALUES ("88","452","2018-02-10 05:06:52");
INSERT INTO likes (like_id, liked_id, like_date) VALUES ("434","452","2017-09-04 12:48:16");
INSERT INTO likes (like_id, liked_id, like_date) VALUES ("369","452","2017-03-12 16:32:14");
INSERT INTO likes (like_id, liked_id, like_date) VALUES ("9","452","2017-03-11 08:22:54");
INSERT INTO likes (like_id, liked_id, like_date) VALUES ("243","452","2017-09-03 10:00:08");


INSERT INTO user (id, first_name, last_name, username, email, password, birthdate, gender, orientation, bio, country, state, city, zip, file_1, file_2, file_3, file_4, file_5, score, token, token_date, active, register, created_at, updated_at) VALUES ("453","Marianna","Hauck","schowaltervince","mondricka@gmail.com","$2y$10$QIfko3AtRkanpKHTyyZzTu6bqCcOdpTAjhxiq1XYb4RcYf8BY3C/a","1986-06-05 06:13:29","2","1","Consequatur aperiam vel consequatur sit. Aut voluptatem praesentium odit nihil.","Brunei Darussalam","","New Jackie","72842-1974","../fixtures/female9.jpg","../fixtures/female6.jpg","../fixtures/female10.jpg","../fixtures/female10.jpg","","78","ebc814b6daf2f8b2b00fbf7080301eaa","1994-06-15 12:09:30","0","0","2013-11-20 09:03:42","2010-08-29 10:00:03");
INSERT INTO user_tag (user_id, tag_id) VALUES ("453","45");
INSERT INTO user_tag (user_id, tag_id) VALUES ("453","27");
INSERT INTO user_tag (user_id, tag_id) VALUES ("453","30");
INSERT INTO user_tag (user_id, tag_id) VALUES ("453","17");

INSERT INTO connected (user_id, connect_date) VALUES ("453","2017-08-11 06:58:21");
INSERT INTO likes (like_id, liked_id, like_date) VALUES ("468","453","2017-07-14 07:34:05");
INSERT INTO likes (like_id, liked_id, like_date) VALUES ("164","453","2017-03-07 17:46:43");
INSERT INTO likes (like_id, liked_id, like_date) VALUES ("27","453","2017-12-29 01:51:13");
INSERT INTO likes (like_id, liked_id, like_date) VALUES ("169","453","2017-10-27 19:35:25");
INSERT INTO likes (like_id, liked_id, like_date) VALUES ("431","453","2017-10-22 04:36:01");
INSERT INTO likes (like_id, liked_id, like_date) VALUES ("153","453","2017-08-03 23:14:37");
INSERT INTO likes (like_id, liked_id, like_date) VALUES ("374","453","2017-02-16 01:17:37");
INSERT INTO likes (like_id, liked_id, like_date) VALUES ("297","453","2017-08-14 18:02:08");
INSERT INTO likes (like_id, liked_id, like_date) VALUES ("471","453","2018-01-18 06:10:58");
INSERT INTO likes (like_id, liked_id, like_date) VALUES ("114","453","2017-11-29 20:16:02");
INSERT INTO likes (like_id, liked_id, like_date) VALUES ("237","453","2017-12-15 05:33:51");
INSERT INTO likes (like_id, liked_id, like_date) VALUES ("77","453","2017-06-21 01:08:34");
INSERT INTO likes (like_id, liked_id, like_date) VALUES ("4","453","2017-09-18 16:52:48");
INSERT INTO likes (like_id, liked_id, like_date) VALUES ("309","453","2017-03-15 11:10:44");
INSERT INTO likes (like_id, liked_id, like_date) VALUES ("314","453","2018-01-21 03:16:05");
INSERT INTO likes (like_id, liked_id, like_date) VALUES ("399","453","2017-07-26 16:54:18");
INSERT INTO likes (like_id, liked_id, like_date) VALUES ("378","453","2017-10-11 00:40:50");
INSERT INTO likes (like_id, liked_id, like_date) VALUES ("448","453","2018-02-13 23:27:51");


INSERT INTO user (id, first_name, last_name, username, email, password, birthdate, gender, orientation, bio, country, state, city, zip, file_1, file_2, file_3, file_4, file_5, score, token, token_date, active, register, created_at, updated_at) VALUES ("454","Brad","Walsh","ibauch","coy.cole@collins.com","$2y$10$ysWOdVStWvyM71LBGi8BxekgvjicR7srBjQj6rYMnnenJlD6VGqF.","1960-09-09 16:12:53","2","2","Neque distinctio asperiores omnis accusamus sit velit exercitationem. Cumque nemo minus error quis maxime vel ut.","Albania","","South Josephtown","28228-9105","../fixtures/female8.jpg","","","","","85","7c16d3a5a606487a53fd7c102d692273","2007-02-24 14:30:57","0","0","1989-02-04 04:32:34","1986-06-26 07:51:30");
INSERT INTO user_tag (user_id, tag_id) VALUES ("454","31");
INSERT INTO user_tag (user_id, tag_id) VALUES ("454","16");

INSERT INTO connected (user_id, connect_date) VALUES ("454","2017-11-10 16:59:07");
INSERT INTO likes (like_id, liked_id, like_date) VALUES ("30","454","2017-07-28 23:41:14");
INSERT INTO likes (like_id, liked_id, like_date) VALUES ("416","454","2017-06-07 07:28:38");
INSERT INTO likes (like_id, liked_id, like_date) VALUES ("229","454","2018-01-27 13:41:33");
INSERT INTO likes (like_id, liked_id, like_date) VALUES ("40","454","2017-12-29 19:57:32");
INSERT INTO likes (like_id, liked_id, like_date) VALUES ("462","454","2017-05-15 08:12:42");
INSERT INTO likes (like_id, liked_id, like_date) VALUES ("68","454","2017-12-06 11:57:19");
INSERT INTO likes (like_id, liked_id, like_date) VALUES ("439","454","2017-05-30 14:27:33");
INSERT INTO likes (like_id, liked_id, like_date) VALUES ("103","454","2017-03-06 22:47:10");
INSERT INTO likes (like_id, liked_id, like_date) VALUES ("354","454","2017-02-22 19:41:28");
INSERT INTO likes (like_id, liked_id, like_date) VALUES ("233","454","2017-10-06 23:40:50");
INSERT INTO likes (like_id, liked_id, like_date) VALUES ("330","454","2017-08-05 16:55:45");
INSERT INTO likes (like_id, liked_id, like_date) VALUES ("52","454","2017-04-19 05:10:31");
INSERT INTO likes (like_id, liked_id, like_date) VALUES ("183","454","2018-01-05 01:17:47");
INSERT INTO likes (like_id, liked_id, like_date) VALUES ("436","454","2017-05-24 21:22:34");
INSERT INTO views (viewer_id, viewed_id, view_date) VALUES ("158","454","2017-06-05 14:26:41");
INSERT INTO views (viewer_id, viewed_id, view_date) VALUES ("346","454","2017-05-13 06:38:48");
INSERT INTO views (viewer_id, viewed_id, view_date) VALUES ("175","454","2017-07-23 05:04:59");
INSERT INTO views (viewer_id, viewed_id, view_date) VALUES ("204","454","2017-11-10 05:55:04");
INSERT INTO views (viewer_id, viewed_id, view_date) VALUES ("373","454","2017-06-15 06:55:03");
INSERT INTO views (viewer_id, viewed_id, view_date) VALUES ("59","454","2017-12-05 17:01:22");
INSERT INTO views (viewer_id, viewed_id, view_date) VALUES ("148","454","2017-10-04 04:27:49");
INSERT INTO views (viewer_id, viewed_id, view_date) VALUES ("357","454","2017-05-22 16:15:48");
INSERT INTO views (viewer_id, viewed_id, view_date) VALUES ("254","454","2017-09-15 20:00:38");
INSERT INTO views (viewer_id, viewed_id, view_date) VALUES ("312","454","2017-04-16 20:38:14");
INSERT INTO views (viewer_id, viewed_id, view_date) VALUES ("453","454","2018-01-11 01:51:16");
INSERT INTO views (viewer_id, viewed_id, view_date) VALUES ("298","454","2017-04-26 16:59:11");
INSERT INTO views (viewer_id, viewed_id, view_date) VALUES ("87","454","2018-02-06 02:25:26");
INSERT INTO views (viewer_id, viewed_id, view_date) VALUES ("404","454","2018-02-10 08:22:56");
INSERT INTO views (viewer_id, viewed_id, view_date) VALUES ("155","454","2017-04-15 23:47:55");
INSERT INTO views (viewer_id, viewed_id, view_date) VALUES ("128","454","2017-08-19 22:12:01");
INSERT INTO views (viewer_id, viewed_id, view_date) VALUES ("486","454","2017-08-22 19:10:23");
INSERT INTO views (viewer_id, viewed_id, view_date) VALUES ("356","454","2017-04-14 09:29:38");
INSERT INTO views (viewer_id, viewed_id, view_date) VALUES ("66","454","2017-03-23 02:10:36");
INSERT INTO views (viewer_id, viewed_id, view_date) VALUES ("191","454","2017-04-12 18:05:49");
INSERT INTO views (viewer_id, viewed_id, view_date) VALUES ("80","454","2017-07-10 04:39:51");
INSERT INTO views (viewer_id, viewed_id, view_date) VALUES ("297","454","2017-12-20 20:16:04");
INSERT INTO views (viewer_id, viewed_id, view_date) VALUES ("295","454","2017-09-18 16:28:14");
INSERT INTO views (viewer_id, viewed_id, view_date) VALUES ("70","454","2017-07-31 01:54:16");
INSERT INTO views (viewer_id, viewed_id, view_date) VALUES ("242","454","2017-12-05 23:06:47");


INSERT INTO user (id, first_name, last_name, username, email, password, birthdate, gender, orientation, bio, country, state, city, zip, file_1, file_2, file_3, file_4, file_5, score, token, token_date, active, register, created_at, updated_at) VALUES ("455","Tyrell","Lehner","lilla74","dooley.loraine@hotmail.com","$2y$10$.lOShNWAnqjzHkkXNqB0JO7yPcKQid8BRj57KRqSy7Xptxr.buxbu","1978-01-08 00:29:36","2","2","Ea quos qui qui quia dignissimos. Dolore a et recusandae voluptate et et molestias. Unde sit architecto qui sed quam.","Maldives","","East Waltermouth","19607-6047","../fixtures/female2.jpg","../fixtures/female2.jpg","../fixtures/female10.jpg","","","42","4b1eb8693425fc4b59ad19c442f7ab8c","1988-11-21 08:14:15","1","1","1979-04-28 10:00:11","1997-08-02 19:12:26");
INSERT INTO user_tag (user_id, tag_id) VALUES ("455","7");
INSERT INTO user_tag (user_id, tag_id) VALUES ("455","4");
INSERT INTO user_tag (user_id, tag_id) VALUES ("455","35");
INSERT INTO user_tag (user_id, tag_id) VALUES ("455","43");
INSERT INTO user_tag (user_id, tag_id) VALUES ("455","39");
INSERT INTO user_tag (user_id, tag_id) VALUES ("455","1");
INSERT INTO user_tag (user_id, tag_id) VALUES ("455","25");
INSERT INTO user_tag (user_id, tag_id) VALUES ("455","38");
INSERT INTO user_tag (user_id, tag_id) VALUES ("455","31");
INSERT INTO user_tag (user_id, tag_id) VALUES ("455","24");
INSERT INTO user_tag (user_id, tag_id) VALUES ("455","24");

INSERT INTO connected (user_id, connect_date) VALUES ("455","2017-10-31 11:20:37");
INSERT INTO likes (like_id, liked_id, like_date) VALUES ("249","455","2017-12-12 22:02:18");
INSERT INTO likes (like_id, liked_id, like_date) VALUES ("281","455","2017-04-22 16:03:35");
INSERT INTO likes (like_id, liked_id, like_date) VALUES ("78","455","2017-04-28 15:45:51");
INSERT INTO likes (like_id, liked_id, like_date) VALUES ("373","455","2017-03-17 18:19:49");
INSERT INTO likes (like_id, liked_id, like_date) VALUES ("5","455","2017-08-07 06:51:25");
INSERT INTO likes (like_id, liked_id, like_date) VALUES ("140","455","2017-07-27 18:22:59");
INSERT INTO likes (like_id, liked_id, like_date) VALUES ("446","455","2017-04-16 22:51:52");
INSERT INTO likes (like_id, liked_id, like_date) VALUES ("179","455","2017-06-04 08:34:07");
INSERT INTO likes (like_id, liked_id, like_date) VALUES ("498","455","2017-06-01 12:37:44");
INSERT INTO likes (like_id, liked_id, like_date) VALUES ("451","455","2017-12-19 11:24:59");
INSERT INTO likes (like_id, liked_id, like_date) VALUES ("427","455","2017-12-31 05:38:05");
INSERT INTO likes (like_id, liked_id, like_date) VALUES ("150","455","2017-09-19 17:20:50");
INSERT INTO likes (like_id, liked_id, like_date) VALUES ("272","455","2017-03-13 23:12:13");
INSERT INTO likes (like_id, liked_id, like_date) VALUES ("2","455","2017-03-13 11:20:09");
INSERT INTO likes (like_id, liked_id, like_date) VALUES ("458","455","2017-04-23 18:08:05");
INSERT INTO likes (like_id, liked_id, like_date) VALUES ("91","455","2017-04-18 05:20:48");
INSERT INTO likes (like_id, liked_id, like_date) VALUES ("4","455","2017-09-17 16:04:06");
INSERT INTO likes (like_id, liked_id, like_date) VALUES ("177","455","2018-02-13 07:19:26");
INSERT INTO likes (like_id, liked_id, like_date) VALUES ("219","455","2017-06-25 10:06:39");
INSERT INTO views (viewer_id, viewed_id, view_date) VALUES ("320","455","2017-06-24 15:49:04");
INSERT INTO views (viewer_id, viewed_id, view_date) VALUES ("138","455","2017-03-26 08:35:44");
INSERT INTO views (viewer_id, viewed_id, view_date) VALUES ("224","455","2017-04-11 23:53:49");


INSERT INTO user (id, first_name, last_name, username, email, password, birthdate, gender, orientation, bio, country, state, city, zip, file_1, file_2, file_3, file_4, file_5, score, token, token_date, active, register, created_at, updated_at) VALUES ("456","Keshaun","McKenzie","jordybins","easton72@yahoo.com","$2y$10$1CIpNDmFtA6pyRouxyL8SuIP0smv5bzc5fweWeFsvrN5pphI46oVK","1949-02-08 18:49:08","2","2","Dolorum ut non quidem. Voluptatem perspiciatis mollitia doloribus sit sit aut libero. Optio non maiores et ad. Quis harum consequuntur hic odio.","American Samoa","","West Lennie","39462","../fixtures/female2.jpg","../fixtures/female10.jpg","","","","73","0976039745c4a52a2539173f104ba7c9","1987-01-04 14:20:07","0","0","1994-06-17 23:52:58","2002-11-08 06:28:18");
INSERT INTO user_tag (user_id, tag_id) VALUES ("456","9");
INSERT INTO user_tag (user_id, tag_id) VALUES ("456","4");
INSERT INTO user_tag (user_id, tag_id) VALUES ("456","50");
INSERT INTO user_tag (user_id, tag_id) VALUES ("456","29");
INSERT INTO user_tag (user_id, tag_id) VALUES ("456","43");
INSERT INTO user_tag (user_id, tag_id) VALUES ("456","31");
INSERT INTO user_tag (user_id, tag_id) VALUES ("456","37");
INSERT INTO user_tag (user_id, tag_id) VALUES ("456","22");
INSERT INTO user_tag (user_id, tag_id) VALUES ("456","14");
INSERT INTO user_tag (user_id, tag_id) VALUES ("456","11");
INSERT INTO user_tag (user_id, tag_id) VALUES ("456","22");
INSERT INTO user_tag (user_id, tag_id) VALUES ("456","25");
INSERT INTO user_tag (user_id, tag_id) VALUES ("456","7");

INSERT INTO connected (user_id, connect_date) VALUES ("456","2017-11-01 00:51:39");
INSERT INTO likes (like_id, liked_id, like_date) VALUES ("180","456","2017-05-19 23:49:48");
INSERT INTO likes (like_id, liked_id, like_date) VALUES ("472","456","2017-09-02 22:45:41");
INSERT INTO likes (like_id, liked_id, like_date) VALUES ("352","456","2018-02-13 09:51:57");
INSERT INTO likes (like_id, liked_id, like_date) VALUES ("388","456","2017-04-07 22:33:47");
INSERT INTO likes (like_id, liked_id, like_date) VALUES ("337","456","2017-02-16 17:37:52");
INSERT INTO likes (like_id, liked_id, like_date) VALUES ("361","456","2017-11-04 14:20:07");
INSERT INTO likes (like_id, liked_id, like_date) VALUES ("75","456","2017-03-25 07:37:57");
INSERT INTO likes (like_id, liked_id, like_date) VALUES ("46","456","2017-09-16 12:29:13");
INSERT INTO likes (like_id, liked_id, like_date) VALUES ("39","456","2017-08-01 11:59:59");
INSERT INTO likes (like_id, liked_id, like_date) VALUES ("153","456","2017-11-05 06:22:07");
INSERT INTO likes (like_id, liked_id, like_date) VALUES ("29","456","2018-01-27 20:23:21");
INSERT INTO likes (like_id, liked_id, like_date) VALUES ("327","456","2017-12-29 15:30:18");
INSERT INTO views (viewer_id, viewed_id, view_date) VALUES ("248","456","2017-02-26 13:11:16");
INSERT INTO views (viewer_id, viewed_id, view_date) VALUES ("221","456","2017-07-10 12:08:35");
INSERT INTO views (viewer_id, viewed_id, view_date) VALUES ("239","456","2017-03-18 03:10:18");
INSERT INTO views (viewer_id, viewed_id, view_date) VALUES ("430","456","2017-08-22 17:39:02");
INSERT INTO views (viewer_id, viewed_id, view_date) VALUES ("354","456","2017-03-21 02:58:03");
INSERT INTO views (viewer_id, viewed_id, view_date) VALUES ("44","456","2017-07-19 16:34:47");
INSERT INTO views (viewer_id, viewed_id, view_date) VALUES ("411","456","2017-11-14 21:08:26");
INSERT INTO views (viewer_id, viewed_id, view_date) VALUES ("288","456","2017-10-30 21:01:02");
INSERT INTO views (viewer_id, viewed_id, view_date) VALUES ("461","456","2017-05-16 19:02:38");
INSERT INTO views (viewer_id, viewed_id, view_date) VALUES ("50","456","2017-03-22 15:26:30");


INSERT INTO user (id, first_name, last_name, username, email, password, birthdate, gender, orientation, bio, country, state, city, zip, file_1, file_2, file_3, file_4, file_5, score, token, token_date, active, register, created_at, updated_at) VALUES ("457","Griffin","Johnson","katarinavolkman","dashawn10@yahoo.com","$2y$10$n85qlXL9znWEK7NmjmgEdOQANW2shJuIUQ7IGdq/iN.q7J8DKbmhi","1978-04-13 09:14:03","1","1","Laudantium corrupti rem incidunt quaerat praesentium aspernatur officiis. Consequatur voluptates voluptas sit impedit est sunt est. Voluptatibus qui dolor voluptas et nam similique quia. Voluptatem quaerat numquam tempora delectus nulla et et quia. Voluptatem omnis hic nesciunt est temporibus.","Equatorial Guinea","","New Damarismouth","82951","../fixtures/male2.jpg","","","","","41","dbdc8496f31e19b50ba96de767d426e9","2004-08-05 01:49:29","0","0","2008-06-02 14:43:43","1988-03-07 13:42:50");
INSERT INTO user_tag (user_id, tag_id) VALUES ("457","24");
INSERT INTO user_tag (user_id, tag_id) VALUES ("457","39");
INSERT INTO user_tag (user_id, tag_id) VALUES ("457","35");
INSERT INTO user_tag (user_id, tag_id) VALUES ("457","4");
INSERT INTO user_tag (user_id, tag_id) VALUES ("457","31");
INSERT INTO user_tag (user_id, tag_id) VALUES ("457","4");
INSERT INTO user_tag (user_id, tag_id) VALUES ("457","49");
INSERT INTO user_tag (user_id, tag_id) VALUES ("457","42");
INSERT INTO user_tag (user_id, tag_id) VALUES ("457","1");
INSERT INTO user_tag (user_id, tag_id) VALUES ("457","50");
INSERT INTO user_tag (user_id, tag_id) VALUES ("457","6");
INSERT INTO user_tag (user_id, tag_id) VALUES ("457","47");

INSERT INTO connected (user_id, connect_date) VALUES ("457","2017-08-22 23:37:59");
INSERT INTO likes (like_id, liked_id, like_date) VALUES ("94","457","2017-07-12 08:05:12");
INSERT INTO likes (like_id, liked_id, like_date) VALUES ("15","457","2017-12-14 21:49:45");
INSERT INTO likes (like_id, liked_id, like_date) VALUES ("496","457","2018-02-10 11:57:43");
INSERT INTO likes (like_id, liked_id, like_date) VALUES ("250","457","2017-04-06 00:07:20");
INSERT INTO likes (like_id, liked_id, like_date) VALUES ("275","457","2017-08-08 23:52:53");
INSERT INTO likes (like_id, liked_id, like_date) VALUES ("48","457","2017-04-04 17:10:19");
INSERT INTO likes (like_id, liked_id, like_date) VALUES ("37","457","2018-01-15 21:18:36");
INSERT INTO likes (like_id, liked_id, like_date) VALUES ("493","457","2017-11-09 09:34:11");
INSERT INTO likes (like_id, liked_id, like_date) VALUES ("185","457","2017-08-03 15:40:02");
INSERT INTO likes (like_id, liked_id, like_date) VALUES ("118","457","2018-02-03 09:40:49");
INSERT INTO likes (like_id, liked_id, like_date) VALUES ("17","457","2018-02-11 01:27:08");
INSERT INTO likes (like_id, liked_id, like_date) VALUES ("479","457","2017-10-29 11:46:56");
INSERT INTO likes (like_id, liked_id, like_date) VALUES ("86","457","2018-01-31 11:52:02");
INSERT INTO likes (like_id, liked_id, like_date) VALUES ("282","457","2018-01-30 01:08:47");
INSERT INTO likes (like_id, liked_id, like_date) VALUES ("163","457","2017-08-24 21:14:34");
INSERT INTO likes (like_id, liked_id, like_date) VALUES ("4","457","2017-07-21 18:59:07");
INSERT INTO likes (like_id, liked_id, like_date) VALUES ("429","457","2017-11-16 08:14:44");
INSERT INTO likes (like_id, liked_id, like_date) VALUES ("61","457","2017-04-18 03:01:02");
INSERT INTO likes (like_id, liked_id, like_date) VALUES ("165","457","2017-09-10 23:36:20");
INSERT INTO views (viewer_id, viewed_id, view_date) VALUES ("199","457","2017-11-22 00:59:01");
INSERT INTO views (viewer_id, viewed_id, view_date) VALUES ("79","457","2017-07-14 23:06:01");
INSERT INTO views (viewer_id, viewed_id, view_date) VALUES ("138","457","2017-04-04 22:22:37");
INSERT INTO views (viewer_id, viewed_id, view_date) VALUES ("63","457","2018-02-11 16:32:17");
INSERT INTO views (viewer_id, viewed_id, view_date) VALUES ("377","457","2017-05-24 17:51:52");
INSERT INTO views (viewer_id, viewed_id, view_date) VALUES ("229","457","2017-04-02 08:01:52");
INSERT INTO views (viewer_id, viewed_id, view_date) VALUES ("330","457","2017-04-10 14:15:43");
INSERT INTO views (viewer_id, viewed_id, view_date) VALUES ("131","457","2017-11-04 17:16:30");
INSERT INTO views (viewer_id, viewed_id, view_date) VALUES ("405","457","2017-07-03 03:52:01");
INSERT INTO views (viewer_id, viewed_id, view_date) VALUES ("172","457","2017-03-15 00:59:12");
INSERT INTO views (viewer_id, viewed_id, view_date) VALUES ("109","457","2017-05-08 14:16:30");
INSERT INTO views (viewer_id, viewed_id, view_date) VALUES ("95","457","2018-01-23 11:44:53");
INSERT INTO views (viewer_id, viewed_id, view_date) VALUES ("24","457","2017-08-30 06:40:29");


INSERT INTO user (id, first_name, last_name, username, email, password, birthdate, gender, orientation, bio, country, state, city, zip, file_1, file_2, file_3, file_4, file_5, score, token, token_date, active, register, created_at, updated_at) VALUES ("458","Maxie","Schoen","ford12","ressie28@conroy.com","$2y$10$XWGOCoXmrby7zS7TRZI2ROkB5r6fENr/up9GJEayLwlRjX17fdafW","1970-01-24 03:23:04","1","2","Qui qui assumenda sapiente ut perferendis rerum recusandae maiores. Ut provident iusto quia non facere velit hic harum.","United States Minor Outlying Islands","","East Gisselleberg","08425-6617","../fixtures/male1.jpg","","","","","10","08d2e4a905f0250d6b6eb17f9097dd5b","1983-11-08 01:43:49","1","0","1988-09-14 07:08:37","2009-03-16 14:44:40");
INSERT INTO user_tag (user_id, tag_id) VALUES ("458","41");

INSERT INTO connected (user_id, connect_date) VALUES ("458","2017-12-17 04:37:52");
INSERT INTO likes (like_id, liked_id, like_date) VALUES ("398","458","2017-04-21 02:23:08");
INSERT INTO likes (like_id, liked_id, like_date) VALUES ("108","458","2017-08-12 02:54:51");
INSERT INTO likes (like_id, liked_id, like_date) VALUES ("422","458","2017-08-19 12:20:12");
INSERT INTO likes (like_id, liked_id, like_date) VALUES ("3","458","2017-09-30 07:10:28");
INSERT INTO likes (like_id, liked_id, like_date) VALUES ("456","458","2017-09-06 21:57:48");
INSERT INTO likes (like_id, liked_id, like_date) VALUES ("377","458","2017-10-05 06:28:47");
INSERT INTO likes (like_id, liked_id, like_date) VALUES ("27","458","2017-05-13 08:27:05");
INSERT INTO likes (like_id, liked_id, like_date) VALUES ("435","458","2017-12-24 09:53:30");
INSERT INTO likes (like_id, liked_id, like_date) VALUES ("260","458","2018-02-03 14:39:50");
INSERT INTO likes (like_id, liked_id, like_date) VALUES ("311","458","2017-12-09 03:40:42");
INSERT INTO likes (like_id, liked_id, like_date) VALUES ("44","458","2017-04-25 22:11:47");
INSERT INTO likes (like_id, liked_id, like_date) VALUES ("171","458","2017-12-10 03:41:01");
INSERT INTO likes (like_id, liked_id, like_date) VALUES ("261","458","2017-09-18 14:23:39");
INSERT INTO likes (like_id, liked_id, like_date) VALUES ("390","458","2017-07-14 14:41:45");
INSERT INTO likes (like_id, liked_id, like_date) VALUES ("190","458","2017-07-27 05:48:06");
INSERT INTO likes (like_id, liked_id, like_date) VALUES ("49","458","2017-07-29 13:07:12");
INSERT INTO likes (like_id, liked_id, like_date) VALUES ("162","458","2018-01-22 16:29:13");
INSERT INTO likes (like_id, liked_id, like_date) VALUES ("215","458","2017-11-19 12:15:09");
INSERT INTO likes (like_id, liked_id, like_date) VALUES ("129","458","2018-01-22 09:42:18");
INSERT INTO views (viewer_id, viewed_id, view_date) VALUES ("152","458","2017-10-17 12:08:58");
INSERT INTO views (viewer_id, viewed_id, view_date) VALUES ("166","458","2018-01-09 23:09:34");
INSERT INTO views (viewer_id, viewed_id, view_date) VALUES ("363","458","2017-06-16 13:58:47");
INSERT INTO views (viewer_id, viewed_id, view_date) VALUES ("264","458","2017-10-27 22:06:26");
INSERT INTO views (viewer_id, viewed_id, view_date) VALUES ("297","458","2017-03-13 10:41:36");
INSERT INTO views (viewer_id, viewed_id, view_date) VALUES ("438","458","2017-11-25 08:07:59");
INSERT INTO views (viewer_id, viewed_id, view_date) VALUES ("374","458","2017-11-13 18:21:03");
INSERT INTO views (viewer_id, viewed_id, view_date) VALUES ("119","458","2018-02-04 11:59:46");
INSERT INTO views (viewer_id, viewed_id, view_date) VALUES ("72","458","2017-05-20 20:16:42");
INSERT INTO views (viewer_id, viewed_id, view_date) VALUES ("95","458","2017-07-19 09:07:02");
INSERT INTO views (viewer_id, viewed_id, view_date) VALUES ("315","458","2017-12-04 00:55:48");
INSERT INTO views (viewer_id, viewed_id, view_date) VALUES ("491","458","2017-03-20 21:49:27");
INSERT INTO views (viewer_id, viewed_id, view_date) VALUES ("277","458","2017-08-07 03:52:14");


INSERT INTO user (id, first_name, last_name, username, email, password, birthdate, gender, orientation, bio, country, state, city, zip, file_1, file_2, file_3, file_4, file_5, score, token, token_date, active, register, created_at, updated_at) VALUES ("459","Alta","DuBuque","corenejacobi","emilia69@hotmail.com","$2y$10$Z5HkWSMdzrJmUKU10Afcgugg7a2G0rc6xG1cba869Whw67xOLBCfy","1988-08-31 15:32:18","1","1","Et et quae vel magni possimus. Et dicta aperiam deleniti ut nemo vero delectus. Cum et ipsum ea et cumque dolores.","Italy","","Opheliaville","76316","../fixtures/male4.jpg","../fixtures/male5.jpg","","","","69","c9fbc3af255b27ad563dbd18970f65e3","1992-05-19 15:22:32","1","0","1996-07-07 23:09:41","1981-11-12 22:11:31");
INSERT INTO user_tag (user_id, tag_id) VALUES ("459","11");
INSERT INTO user_tag (user_id, tag_id) VALUES ("459","28");
INSERT INTO user_tag (user_id, tag_id) VALUES ("459","1");
INSERT INTO user_tag (user_id, tag_id) VALUES ("459","27");
INSERT INTO user_tag (user_id, tag_id) VALUES ("459","13");
INSERT INTO user_tag (user_id, tag_id) VALUES ("459","7");

INSERT INTO connected (user_id, connect_date) VALUES ("459","2017-08-04 14:52:26");
INSERT INTO likes (like_id, liked_id, like_date) VALUES ("79","459","2018-01-03 09:49:38");
INSERT INTO likes (like_id, liked_id, like_date) VALUES ("4","459","2017-06-06 06:33:22");
INSERT INTO likes (like_id, liked_id, like_date) VALUES ("195","459","2017-07-07 08:21:59");
INSERT INTO likes (like_id, liked_id, like_date) VALUES ("480","459","2017-10-27 10:43:19");
INSERT INTO likes (like_id, liked_id, like_date) VALUES ("339","459","2018-01-16 03:59:13");
INSERT INTO likes (like_id, liked_id, like_date) VALUES ("323","459","2017-11-30 01:29:27");
INSERT INTO likes (like_id, liked_id, like_date) VALUES ("129","459","2017-05-29 21:17:00");
INSERT INTO likes (like_id, liked_id, like_date) VALUES ("230","459","2018-01-03 17:10:56");
INSERT INTO likes (like_id, liked_id, like_date) VALUES ("297","459","2018-01-31 05:01:54");
INSERT INTO likes (like_id, liked_id, like_date) VALUES ("138","459","2017-04-26 12:40:15");
INSERT INTO likes (like_id, liked_id, like_date) VALUES ("26","459","2017-12-29 15:25:30");
INSERT INTO likes (like_id, liked_id, like_date) VALUES ("47","459","2017-10-25 16:44:35");
INSERT INTO views (viewer_id, viewed_id, view_date) VALUES ("136","459","2017-03-29 05:40:19");
INSERT INTO views (viewer_id, viewed_id, view_date) VALUES ("456","459","2017-02-23 16:24:26");
INSERT INTO views (viewer_id, viewed_id, view_date) VALUES ("28","459","2017-12-24 08:10:10");
INSERT INTO views (viewer_id, viewed_id, view_date) VALUES ("475","459","2018-01-20 11:55:25");
INSERT INTO views (viewer_id, viewed_id, view_date) VALUES ("303","459","2017-08-20 16:29:25");
INSERT INTO views (viewer_id, viewed_id, view_date) VALUES ("296","459","2017-10-18 19:18:54");
INSERT INTO views (viewer_id, viewed_id, view_date) VALUES ("140","459","2017-05-19 18:09:23");
INSERT INTO views (viewer_id, viewed_id, view_date) VALUES ("103","459","2017-10-20 18:41:39");
INSERT INTO views (viewer_id, viewed_id, view_date) VALUES ("97","459","2017-06-23 08:15:10");
INSERT INTO views (viewer_id, viewed_id, view_date) VALUES ("211","459","2018-02-04 08:43:12");
INSERT INTO views (viewer_id, viewed_id, view_date) VALUES ("288","459","2017-07-28 07:55:32");
INSERT INTO views (viewer_id, viewed_id, view_date) VALUES ("349","459","2017-04-11 08:40:30");
INSERT INTO views (viewer_id, viewed_id, view_date) VALUES ("351","459","2017-09-29 07:59:26");
INSERT INTO views (viewer_id, viewed_id, view_date) VALUES ("76","459","2017-08-09 18:24:30");


INSERT INTO user (id, first_name, last_name, username, email, password, birthdate, gender, orientation, bio, country, state, city, zip, file_1, file_2, file_3, file_4, file_5, score, token, token_date, active, register, created_at, updated_at) VALUES ("460","Green","Walker","evelynoberbrunner","lori.connelly@hotmail.com","$2y$10$8cb.kuWnzEGucKjHaXv24e91jlQduBJa6lxhyHWQZRUikemA4DEvC","1962-01-24 16:50:46","1","3","Possimus quam qui sint enim voluptatem. Aut quo dolor illo numquam. Rerum molestiae temporibus quod assumenda.","Madagascar","","Kuhnmouth","38853-9000","../fixtures/male6.jpg","../fixtures/male1.jpg","../fixtures/male7.jpg","../fixtures/male3.jpg","","36","5466c6475d23875b4ee40d6bd63fa34d","1995-07-21 03:48:33","1","1","2017-09-28 14:59:33","1996-12-05 09:12:36");
INSERT INTO user_tag (user_id, tag_id) VALUES ("460","44");
INSERT INTO user_tag (user_id, tag_id) VALUES ("460","35");
INSERT INTO user_tag (user_id, tag_id) VALUES ("460","45");
INSERT INTO user_tag (user_id, tag_id) VALUES ("460","26");
INSERT INTO user_tag (user_id, tag_id) VALUES ("460","27");
INSERT INTO user_tag (user_id, tag_id) VALUES ("460","49");
INSERT INTO user_tag (user_id, tag_id) VALUES ("460","27");
INSERT INTO user_tag (user_id, tag_id) VALUES ("460","2");
INSERT INTO user_tag (user_id, tag_id) VALUES ("460","11");
INSERT INTO user_tag (user_id, tag_id) VALUES ("460","16");
INSERT INTO user_tag (user_id, tag_id) VALUES ("460","17");

INSERT INTO connected (user_id, connect_date) VALUES ("460","2017-09-03 20:14:53");
INSERT INTO likes (like_id, liked_id, like_date) VALUES ("108","460","2017-10-18 23:21:29");
INSERT INTO likes (like_id, liked_id, like_date) VALUES ("437","460","2017-10-13 11:40:03");
INSERT INTO likes (like_id, liked_id, like_date) VALUES ("119","460","2017-04-15 03:05:17");
INSERT INTO likes (like_id, liked_id, like_date) VALUES ("386","460","2017-08-31 14:37:48");
INSERT INTO likes (like_id, liked_id, like_date) VALUES ("54","460","2017-08-03 05:54:47");
INSERT INTO likes (like_id, liked_id, like_date) VALUES ("195","460","2017-03-30 02:12:15");
INSERT INTO likes (like_id, liked_id, like_date) VALUES ("82","460","2017-12-08 01:27:06");
INSERT INTO likes (like_id, liked_id, like_date) VALUES ("24","460","2017-03-16 06:07:57");
INSERT INTO likes (like_id, liked_id, like_date) VALUES ("474","460","2017-03-10 17:03:25");
INSERT INTO likes (like_id, liked_id, like_date) VALUES ("217","460","2017-10-04 18:14:22");
INSERT INTO likes (like_id, liked_id, like_date) VALUES ("66","460","2017-09-16 06:34:37");
INSERT INTO likes (like_id, liked_id, like_date) VALUES ("483","460","2017-06-11 10:32:42");
INSERT INTO likes (like_id, liked_id, like_date) VALUES ("111","460","2017-08-14 22:10:31");
INSERT INTO likes (like_id, liked_id, like_date) VALUES ("266","460","2017-05-08 08:51:24");
INSERT INTO likes (like_id, liked_id, like_date) VALUES ("457","460","2017-02-24 11:52:35");
INSERT INTO views (viewer_id, viewed_id, view_date) VALUES ("476","460","2018-01-10 21:04:36");
INSERT INTO views (viewer_id, viewed_id, view_date) VALUES ("427","460","2017-10-18 01:08:37");
INSERT INTO views (viewer_id, viewed_id, view_date) VALUES ("55","460","2017-08-16 03:02:43");
INSERT INTO views (viewer_id, viewed_id, view_date) VALUES ("330","460","2017-09-24 22:21:01");
INSERT INTO views (viewer_id, viewed_id, view_date) VALUES ("400","460","2017-04-29 18:18:45");
INSERT INTO views (viewer_id, viewed_id, view_date) VALUES ("412","460","2017-09-13 18:49:33");
INSERT INTO views (viewer_id, viewed_id, view_date) VALUES ("410","460","2018-02-07 20:44:51");


INSERT INTO user (id, first_name, last_name, username, email, password, birthdate, gender, orientation, bio, country, state, city, zip, file_1, file_2, file_3, file_4, file_5, score, token, token_date, active, register, created_at, updated_at) VALUES ("461","Elza","Wyman","rossschuppe","schmitt.harry@yahoo.com","$2y$10$UKwDgA1r6yt/6hQqWTwX7ufOiguk15RP/yiAKAEIeanv3NGlMvB52","1973-12-08 23:38:48","1","3","Ratione expedita doloremque molestias maxime. Rerum enim beatae quibusdam consequatur corrupti. Quas sit et dolorum accusamus id quis omnis blanditiis. Cupiditate totam rerum aliquid sit cum. Est soluta aspernatur modi ex.","Tajikistan","","Lake Darion","44609","../fixtures/male4.jpg","../fixtures/male2.jpg","","","","62","9f33303a1ece3252dd7708128a8224b8","1985-03-04 09:35:10","1","1","2007-09-22 19:39:25","1981-01-27 21:08:24");
INSERT INTO user_tag (user_id, tag_id) VALUES ("461","28");
INSERT INTO user_tag (user_id, tag_id) VALUES ("461","23");
INSERT INTO user_tag (user_id, tag_id) VALUES ("461","12");
INSERT INTO user_tag (user_id, tag_id) VALUES ("461","30");
INSERT INTO user_tag (user_id, tag_id) VALUES ("461","17");
INSERT INTO user_tag (user_id, tag_id) VALUES ("461","38");
INSERT INTO user_tag (user_id, tag_id) VALUES ("461","5");
INSERT INTO user_tag (user_id, tag_id) VALUES ("461","12");

INSERT INTO connected (user_id, connect_date) VALUES ("461","2017-06-10 13:28:36");
INSERT INTO likes (like_id, liked_id, like_date) VALUES ("457","461","2017-10-05 07:13:20");
INSERT INTO likes (like_id, liked_id, like_date) VALUES ("33","461","2017-07-07 15:32:41");
INSERT INTO likes (like_id, liked_id, like_date) VALUES ("238","461","2017-10-02 09:39:27");
INSERT INTO likes (like_id, liked_id, like_date) VALUES ("369","461","2017-12-12 16:57:39");
INSERT INTO likes (like_id, liked_id, like_date) VALUES ("499","461","2018-01-29 09:01:57");
INSERT INTO likes (like_id, liked_id, like_date) VALUES ("203","461","2017-05-10 14:11:20");
INSERT INTO likes (like_id, liked_id, like_date) VALUES ("475","461","2017-10-21 18:30:53");
INSERT INTO likes (like_id, liked_id, like_date) VALUES ("12","461","2017-11-29 04:08:23");
INSERT INTO likes (like_id, liked_id, like_date) VALUES ("139","461","2017-10-15 01:54:43");
INSERT INTO likes (like_id, liked_id, like_date) VALUES ("4","461","2017-12-20 01:01:02");
INSERT INTO likes (like_id, liked_id, like_date) VALUES ("40","461","2018-01-12 02:37:36");
INSERT INTO likes (like_id, liked_id, like_date) VALUES ("58","461","2017-10-22 08:00:41");
INSERT INTO views (viewer_id, viewed_id, view_date) VALUES ("54","461","2017-02-26 12:03:35");
INSERT INTO views (viewer_id, viewed_id, view_date) VALUES ("481","461","2017-05-12 02:33:50");
INSERT INTO views (viewer_id, viewed_id, view_date) VALUES ("469","461","2017-09-29 21:47:16");
INSERT INTO views (viewer_id, viewed_id, view_date) VALUES ("315","461","2017-06-18 13:42:13");
INSERT INTO views (viewer_id, viewed_id, view_date) VALUES ("129","461","2017-05-21 22:51:11");
INSERT INTO views (viewer_id, viewed_id, view_date) VALUES ("466","461","2017-09-10 11:58:02");
INSERT INTO views (viewer_id, viewed_id, view_date) VALUES ("406","461","2017-07-01 03:27:10");
INSERT INTO views (viewer_id, viewed_id, view_date) VALUES ("58","461","2017-09-24 16:52:49");
INSERT INTO views (viewer_id, viewed_id, view_date) VALUES ("49","461","2017-09-25 03:14:18");
INSERT INTO views (viewer_id, viewed_id, view_date) VALUES ("176","461","2017-04-10 12:45:11");
INSERT INTO views (viewer_id, viewed_id, view_date) VALUES ("112","461","2017-07-25 19:00:12");
INSERT INTO views (viewer_id, viewed_id, view_date) VALUES ("498","461","2017-07-16 08:51:46");
INSERT INTO views (viewer_id, viewed_id, view_date) VALUES ("449","461","2017-02-16 23:05:35");
INSERT INTO views (viewer_id, viewed_id, view_date) VALUES ("378","461","2017-05-15 20:06:03");
INSERT INTO views (viewer_id, viewed_id, view_date) VALUES ("345","461","2017-10-03 11:12:48");
INSERT INTO views (viewer_id, viewed_id, view_date) VALUES ("173","461","2017-08-22 23:12:54");
INSERT INTO views (viewer_id, viewed_id, view_date) VALUES ("73","461","2017-12-27 15:59:04");
INSERT INTO views (viewer_id, viewed_id, view_date) VALUES ("111","461","2017-05-02 04:46:03");
INSERT INTO views (viewer_id, viewed_id, view_date) VALUES ("237","461","2017-11-26 16:09:59");
INSERT INTO views (viewer_id, viewed_id, view_date) VALUES ("177","461","2017-02-28 05:01:20");
INSERT INTO views (viewer_id, viewed_id, view_date) VALUES ("485","461","2017-10-01 23:53:39");
INSERT INTO views (viewer_id, viewed_id, view_date) VALUES ("330","461","2017-04-22 12:27:13");
INSERT INTO views (viewer_id, viewed_id, view_date) VALUES ("122","461","2017-08-18 18:43:56");
INSERT INTO views (viewer_id, viewed_id, view_date) VALUES ("309","461","2017-09-20 23:23:47");
INSERT INTO views (viewer_id, viewed_id, view_date) VALUES ("464","461","2017-08-01 22:07:22");


INSERT INTO user (id, first_name, last_name, username, email, password, birthdate, gender, orientation, bio, country, state, city, zip, file_1, file_2, file_3, file_4, file_5, score, token, token_date, active, register, created_at, updated_at) VALUES ("462","Emma","Crona","lauriannehuel","bauch.bailey@goldner.biz","$2y$10$MCMD.zrE3hoUq5wrzXKHPuxJdotePZhQtUXjUKCS/lmxNtn7WtlUW","1963-06-09 02:08:19","1","1","Aut voluptate suscipit quae quasi quia suscipit voluptates repellat. Quaerat dignissimos porro voluptatem aut vel debitis. Ut molestias eum magnam officia. Rem voluptas consequuntur voluptatem.","United States Virgin Islands","","Bernierville","98104-8624","../fixtures/male9.jpg","../fixtures/male8.jpg","../fixtures/male1.jpg","../fixtures/male10.jpg","../fixtures/male5.jpg","3","770cd86b4e59347e0c9aee412026f716","1999-09-22 04:06:54","1","0","1995-05-09 14:29:46","2005-01-23 20:47:10");
INSERT INTO user_tag (user_id, tag_id) VALUES ("462","13");
INSERT INTO user_tag (user_id, tag_id) VALUES ("462","10");
INSERT INTO user_tag (user_id, tag_id) VALUES ("462","6");
INSERT INTO user_tag (user_id, tag_id) VALUES ("462","3");
INSERT INTO user_tag (user_id, tag_id) VALUES ("462","32");

INSERT INTO connected (user_id, connect_date) VALUES ("462","2017-02-21 03:00:35");
INSERT INTO likes (like_id, liked_id, like_date) VALUES ("331","462","2017-07-27 15:27:30");
INSERT INTO likes (like_id, liked_id, like_date) VALUES ("152","462","2017-03-03 06:57:52");
INSERT INTO likes (like_id, liked_id, like_date) VALUES ("403","462","2017-04-17 20:04:58");
INSERT INTO likes (like_id, liked_id, like_date) VALUES ("299","462","2018-01-16 10:19:41");
INSERT INTO likes (like_id, liked_id, like_date) VALUES ("308","462","2017-07-13 15:34:49");
INSERT INTO likes (like_id, liked_id, like_date) VALUES ("493","462","2017-10-06 08:39:35");
INSERT INTO likes (like_id, liked_id, like_date) VALUES ("29","462","2017-08-15 09:16:15");
INSERT INTO likes (like_id, liked_id, like_date) VALUES ("425","462","2018-01-22 13:21:14");
INSERT INTO likes (like_id, liked_id, like_date) VALUES ("81","462","2017-03-20 00:31:07");
INSERT INTO likes (like_id, liked_id, like_date) VALUES ("373","462","2017-07-29 08:37:44");
INSERT INTO likes (like_id, liked_id, like_date) VALUES ("229","462","2017-09-07 04:51:40");
INSERT INTO likes (like_id, liked_id, like_date) VALUES ("499","462","2017-11-01 09:17:12");
INSERT INTO views (viewer_id, viewed_id, view_date) VALUES ("32","462","2017-11-14 03:32:16");
INSERT INTO views (viewer_id, viewed_id, view_date) VALUES ("119","462","2017-11-22 00:53:00");
INSERT INTO views (viewer_id, viewed_id, view_date) VALUES ("313","462","2017-06-11 07:40:01");
INSERT INTO views (viewer_id, viewed_id, view_date) VALUES ("214","462","2017-04-17 11:31:41");
INSERT INTO views (viewer_id, viewed_id, view_date) VALUES ("55","462","2017-12-09 22:52:41");
INSERT INTO views (viewer_id, viewed_id, view_date) VALUES ("184","462","2017-06-10 11:37:18");
INSERT INTO views (viewer_id, viewed_id, view_date) VALUES ("387","462","2017-11-01 11:24:20");
INSERT INTO views (viewer_id, viewed_id, view_date) VALUES ("184","462","2018-01-30 23:06:42");
INSERT INTO views (viewer_id, viewed_id, view_date) VALUES ("24","462","2018-02-14 08:20:33");
INSERT INTO views (viewer_id, viewed_id, view_date) VALUES ("77","462","2017-02-16 07:31:22");
INSERT INTO views (viewer_id, viewed_id, view_date) VALUES ("430","462","2017-06-19 17:03:32");
INSERT INTO views (viewer_id, viewed_id, view_date) VALUES ("266","462","2017-04-18 10:45:15");
INSERT INTO views (viewer_id, viewed_id, view_date) VALUES ("238","462","2017-09-16 23:27:29");
INSERT INTO views (viewer_id, viewed_id, view_date) VALUES ("107","462","2017-09-14 17:07:37");
INSERT INTO views (viewer_id, viewed_id, view_date) VALUES ("200","462","2017-11-23 12:22:18");
INSERT INTO views (viewer_id, viewed_id, view_date) VALUES ("19","462","2017-06-08 09:14:58");
INSERT INTO views (viewer_id, viewed_id, view_date) VALUES ("88","462","2018-01-06 10:47:12");
INSERT INTO views (viewer_id, viewed_id, view_date) VALUES ("233","462","2017-02-18 02:10:58");
INSERT INTO views (viewer_id, viewed_id, view_date) VALUES ("77","462","2017-05-18 05:09:27");
INSERT INTO views (viewer_id, viewed_id, view_date) VALUES ("319","462","2018-01-18 13:54:44");
INSERT INTO views (viewer_id, viewed_id, view_date) VALUES ("200","462","2017-10-22 11:28:31");
INSERT INTO views (viewer_id, viewed_id, view_date) VALUES ("376","462","2017-09-04 22:33:00");


INSERT INTO user (id, first_name, last_name, username, email, password, birthdate, gender, orientation, bio, country, state, city, zip, file_1, file_2, file_3, file_4, file_5, score, token, token_date, active, register, created_at, updated_at) VALUES ("463","Ashlynn","Collins","stephon61","stoltenberg.paige@gmail.com","$2y$10$YMOZlLrfI5lG8B6Nl96hfujnVQ5xcWcgjNFvZVzvpDzZT.lYklQau","1977-09-01 10:36:17","2","2","Itaque libero consectetur tempora earum aperiam quas perspiciatis. Aut aliquid recusandae quam est non. Facere consectetur nemo quo est at et. Laboriosam unde ipsa laudantium hic earum.","Belize","","New Laury","89476","../fixtures/female9.jpg","../fixtures/female1.jpg","../fixtures/female8.jpg","../fixtures/female3.jpg","../fixtures/female9.jpg","40","04221f68b0dd315e94e16066ade67b88","2003-05-11 06:46:41","0","0","1991-04-20 03:19:15","1998-03-25 14:01:58");
INSERT INTO user_tag (user_id, tag_id) VALUES ("463","2");
INSERT INTO user_tag (user_id, tag_id) VALUES ("463","37");
INSERT INTO user_tag (user_id, tag_id) VALUES ("463","29");

INSERT INTO connected (user_id, connect_date) VALUES ("463","2017-05-29 08:18:23");
INSERT INTO likes (like_id, liked_id, like_date) VALUES ("456","463","2018-01-24 23:13:11");
INSERT INTO likes (like_id, liked_id, like_date) VALUES ("6","463","2017-11-23 16:12:51");
INSERT INTO likes (like_id, liked_id, like_date) VALUES ("176","463","2017-10-09 17:11:46");
INSERT INTO likes (like_id, liked_id, like_date) VALUES ("420","463","2017-08-28 16:50:12");
INSERT INTO likes (like_id, liked_id, like_date) VALUES ("396","463","2017-05-18 22:03:58");
INSERT INTO likes (like_id, liked_id, like_date) VALUES ("381","463","2017-10-13 02:51:58");
INSERT INTO views (viewer_id, viewed_id, view_date) VALUES ("65","463","2017-02-16 06:29:36");
INSERT INTO views (viewer_id, viewed_id, view_date) VALUES ("422","463","2018-01-19 22:41:16");
INSERT INTO views (viewer_id, viewed_id, view_date) VALUES ("172","463","2017-03-26 21:56:38");
INSERT INTO views (viewer_id, viewed_id, view_date) VALUES ("4","463","2017-12-01 14:28:54");
INSERT INTO views (viewer_id, viewed_id, view_date) VALUES ("283","463","2017-04-06 19:06:31");
INSERT INTO views (viewer_id, viewed_id, view_date) VALUES ("394","463","2017-10-25 10:24:05");
INSERT INTO views (viewer_id, viewed_id, view_date) VALUES ("344","463","2017-07-20 07:59:05");
INSERT INTO views (viewer_id, viewed_id, view_date) VALUES ("401","463","2017-04-22 17:09:44");
INSERT INTO views (viewer_id, viewed_id, view_date) VALUES ("221","463","2017-04-21 02:53:28");
INSERT INTO views (viewer_id, viewed_id, view_date) VALUES ("295","463","2017-03-12 22:36:32");
INSERT INTO views (viewer_id, viewed_id, view_date) VALUES ("382","463","2017-11-01 19:44:15");
INSERT INTO views (viewer_id, viewed_id, view_date) VALUES ("163","463","2017-09-29 00:48:34");
INSERT INTO views (viewer_id, viewed_id, view_date) VALUES ("52","463","2017-06-02 13:07:01");
INSERT INTO views (viewer_id, viewed_id, view_date) VALUES ("499","463","2017-05-13 22:57:48");
INSERT INTO views (viewer_id, viewed_id, view_date) VALUES ("43","463","2017-05-09 12:19:51");
INSERT INTO views (viewer_id, viewed_id, view_date) VALUES ("339","463","2017-09-21 21:32:26");
INSERT INTO views (viewer_id, viewed_id, view_date) VALUES ("417","463","2017-07-31 09:25:53");
INSERT INTO views (viewer_id, viewed_id, view_date) VALUES ("224","463","2017-08-31 13:28:03");
INSERT INTO views (viewer_id, viewed_id, view_date) VALUES ("125","463","2018-01-17 18:31:07");


INSERT INTO user (id, first_name, last_name, username, email, password, birthdate, gender, orientation, bio, country, state, city, zip, file_1, file_2, file_3, file_4, file_5, score, token, token_date, active, register, created_at, updated_at) VALUES ("464","Kendra","Ward","vjaskolski","larson.baylee@yahoo.com","$2y$10$cIHnUJjH6neFiVeJjV4oje4Br92naIDhdSHdapLmjM.srmfw/ZEJu","1960-07-06 17:55:39","1","3","Commodi modi blanditiis aliquam qui. Sed hic itaque est ea dolorum eum. Enim itaque est et quod labore voluptas. Nihil accusamus quaerat nemo vel. Quia adipisci in quisquam odit perferendis asperiores voluptatem.","Liechtenstein","","Rowemouth","53996-4877","../fixtures/male6.jpg","","","","","54","de9a03eed3a526770bc6808abfb16d52","2004-06-30 14:31:25","0","0","2005-07-22 14:28:59","1984-02-16 22:32:17");
INSERT INTO user_tag (user_id, tag_id) VALUES ("464","23");

INSERT INTO connected (user_id, connect_date) VALUES ("464","2017-09-14 03:17:21");
INSERT INTO likes (like_id, liked_id, like_date) VALUES ("310","464","2017-11-25 05:01:54");
INSERT INTO likes (like_id, liked_id, like_date) VALUES ("221","464","2017-03-22 13:27:28");
INSERT INTO likes (like_id, liked_id, like_date) VALUES ("275","464","2017-07-02 14:51:41");
INSERT INTO likes (like_id, liked_id, like_date) VALUES ("198","464","2017-09-25 17:28:45");
INSERT INTO likes (like_id, liked_id, like_date) VALUES ("92","464","2017-12-31 23:35:08");
INSERT INTO likes (like_id, liked_id, like_date) VALUES ("170","464","2017-11-08 06:11:25");
INSERT INTO likes (like_id, liked_id, like_date) VALUES ("152","464","2017-09-18 00:37:57");
INSERT INTO likes (like_id, liked_id, like_date) VALUES ("45","464","2017-09-08 21:17:58");
INSERT INTO likes (like_id, liked_id, like_date) VALUES ("123","464","2017-09-07 22:45:42");
INSERT INTO likes (like_id, liked_id, like_date) VALUES ("495","464","2018-02-08 11:58:17");
INSERT INTO likes (like_id, liked_id, like_date) VALUES ("53","464","2017-10-12 09:14:59");
INSERT INTO likes (like_id, liked_id, like_date) VALUES ("129","464","2017-07-31 02:16:30");
INSERT INTO likes (like_id, liked_id, like_date) VALUES ("247","464","2017-12-13 07:58:23");
INSERT INTO likes (like_id, liked_id, like_date) VALUES ("494","464","2017-05-05 12:21:51");
INSERT INTO likes (like_id, liked_id, like_date) VALUES ("469","464","2017-04-07 20:09:49");
INSERT INTO likes (like_id, liked_id, like_date) VALUES ("51","464","2017-07-23 07:45:50");
INSERT INTO likes (like_id, liked_id, like_date) VALUES ("71","464","2017-02-19 11:11:35");
INSERT INTO likes (like_id, liked_id, like_date) VALUES ("197","464","2017-08-04 20:35:58");
INSERT INTO likes (like_id, liked_id, like_date) VALUES ("86","464","2017-09-30 05:44:16");
INSERT INTO likes (like_id, liked_id, like_date) VALUES ("218","464","2017-04-07 07:25:05");
INSERT INTO views (viewer_id, viewed_id, view_date) VALUES ("270","464","2017-04-01 12:40:40");
INSERT INTO views (viewer_id, viewed_id, view_date) VALUES ("499","464","2017-06-03 19:41:03");
INSERT INTO views (viewer_id, viewed_id, view_date) VALUES ("425","464","2017-06-19 21:08:36");
INSERT INTO views (viewer_id, viewed_id, view_date) VALUES ("15","464","2017-06-08 17:17:15");
INSERT INTO views (viewer_id, viewed_id, view_date) VALUES ("484","464","2017-07-31 21:12:57");


INSERT INTO user (id, first_name, last_name, username, email, password, birthdate, gender, orientation, bio, country, state, city, zip, file_1, file_2, file_3, file_4, file_5, score, token, token_date, active, register, created_at, updated_at) VALUES ("465","Helga","Johnston","armandschroeder","morton95@kessler.org","$2y$10$FAairX8.pIi8olYqrTvyquMu/QMuA6oZzvx9SxWtX2grauH8FkCaO","1972-05-01 16:15:26","1","1","Est et fugiat modi qui rerum voluptatem. Libero et molestiae quia. Modi nostrum qui tenetur cum saepe. Est a saepe ut praesentium.","Indonesia","","Boehmburgh","04719-3236","../fixtures/male8.jpg","../fixtures/male1.jpg","../fixtures/male4.jpg","","","93","b5556c72b31cd5c86ea72f9fcc6db929","2006-01-18 10:37:42","1","1","1996-01-07 11:17:42","2014-11-22 02:27:33");
INSERT INTO user_tag (user_id, tag_id) VALUES ("465","40");
INSERT INTO user_tag (user_id, tag_id) VALUES ("465","37");

INSERT INTO connected (user_id, connect_date) VALUES ("465","2018-02-02 20:42:53");
INSERT INTO likes (like_id, liked_id, like_date) VALUES ("207","465","2018-01-09 21:05:39");
INSERT INTO likes (like_id, liked_id, like_date) VALUES ("316","465","2017-10-02 01:38:03");
INSERT INTO likes (like_id, liked_id, like_date) VALUES ("218","465","2018-01-18 11:26:39");
INSERT INTO likes (like_id, liked_id, like_date) VALUES ("406","465","2017-07-07 01:09:55");
INSERT INTO likes (like_id, liked_id, like_date) VALUES ("245","465","2017-12-01 00:23:51");
INSERT INTO likes (like_id, liked_id, like_date) VALUES ("61","465","2018-01-29 10:05:32");
INSERT INTO likes (like_id, liked_id, like_date) VALUES ("211","465","2018-02-05 07:33:38");
INSERT INTO likes (like_id, liked_id, like_date) VALUES ("248","465","2017-07-12 15:06:22");
INSERT INTO likes (like_id, liked_id, like_date) VALUES ("92","465","2017-03-06 19:33:25");
INSERT INTO likes (like_id, liked_id, like_date) VALUES ("312","465","2017-10-07 01:44:09");
INSERT INTO likes (like_id, liked_id, like_date) VALUES ("54","465","2017-02-27 01:09:30");
INSERT INTO likes (like_id, liked_id, like_date) VALUES ("305","465","2017-04-18 02:30:32");
INSERT INTO likes (like_id, liked_id, like_date) VALUES ("126","465","2017-03-08 14:00:36");
INSERT INTO views (viewer_id, viewed_id, view_date) VALUES ("341","465","2017-12-09 03:49:32");
INSERT INTO views (viewer_id, viewed_id, view_date) VALUES ("213","465","2017-06-21 21:28:14");
INSERT INTO views (viewer_id, viewed_id, view_date) VALUES ("88","465","2018-01-01 06:00:28");
INSERT INTO views (viewer_id, viewed_id, view_date) VALUES ("302","465","2018-01-22 13:42:52");
INSERT INTO views (viewer_id, viewed_id, view_date) VALUES ("338","465","2017-09-28 19:44:09");
INSERT INTO views (viewer_id, viewed_id, view_date) VALUES ("448","465","2017-06-21 01:59:30");
INSERT INTO views (viewer_id, viewed_id, view_date) VALUES ("362","465","2017-08-10 22:02:57");
INSERT INTO views (viewer_id, viewed_id, view_date) VALUES ("161","465","2017-09-11 21:36:18");
INSERT INTO views (viewer_id, viewed_id, view_date) VALUES ("175","465","2017-12-23 05:03:30");


INSERT INTO user (id, first_name, last_name, username, email, password, birthdate, gender, orientation, bio, country, state, city, zip, file_1, file_2, file_3, file_4, file_5, score, token, token_date, active, register, created_at, updated_at) VALUES ("466","Johann","Dooley","jacynthe12","spencer.lilyan@weimann.org","$2y$10$DEOR8nV964ATDWjnf0ZS6Os7WNWzXoa.Ra3srnXMHJm7Jcol4NXae","1975-02-13 11:52:39","2","2","Qui delectus qui nesciunt nulla eligendi et aspernatur ducimus. Eaque occaecati vero assumenda exercitationem in ad dolores. Eaque molestiae similique omnis.","Ecuador","","East Russell","42606","../fixtures/female5.jpg","../fixtures/female8.jpg","../fixtures/female4.jpg","../fixtures/female6.jpg","../fixtures/female10.jpg","40","c672eb88aa1eec61450029b53f2a136c","1993-09-25 02:06:45","1","0","1992-04-10 13:31:36","1982-06-20 12:12:24");
INSERT INTO user_tag (user_id, tag_id) VALUES ("466","25");
INSERT INTO user_tag (user_id, tag_id) VALUES ("466","29");
INSERT INTO user_tag (user_id, tag_id) VALUES ("466","24");
INSERT INTO user_tag (user_id, tag_id) VALUES ("466","28");
INSERT INTO user_tag (user_id, tag_id) VALUES ("466","16");
INSERT INTO user_tag (user_id, tag_id) VALUES ("466","32");
INSERT INTO user_tag (user_id, tag_id) VALUES ("466","41");
INSERT INTO user_tag (user_id, tag_id) VALUES ("466","35");
INSERT INTO user_tag (user_id, tag_id) VALUES ("466","3");
INSERT INTO user_tag (user_id, tag_id) VALUES ("466","28");
INSERT INTO user_tag (user_id, tag_id) VALUES ("466","33");
INSERT INTO user_tag (user_id, tag_id) VALUES ("466","33");
INSERT INTO user_tag (user_id, tag_id) VALUES ("466","8");

INSERT INTO connected (user_id, connect_date) VALUES ("466","2017-03-05 07:08:37");
INSERT INTO likes (like_id, liked_id, like_date) VALUES ("212","466","2017-06-19 12:09:15");
INSERT INTO likes (like_id, liked_id, like_date) VALUES ("125","466","2017-08-22 22:37:48");
INSERT INTO likes (like_id, liked_id, like_date) VALUES ("272","466","2018-01-02 05:59:38");
INSERT INTO likes (like_id, liked_id, like_date) VALUES ("356","466","2017-11-08 00:18:47");
INSERT INTO likes (like_id, liked_id, like_date) VALUES ("66","466","2017-05-29 21:18:35");
INSERT INTO likes (like_id, liked_id, like_date) VALUES ("132","466","2017-08-03 20:51:14");
INSERT INTO likes (like_id, liked_id, like_date) VALUES ("142","466","2017-07-08 07:29:59");
INSERT INTO likes (like_id, liked_id, like_date) VALUES ("404","466","2017-10-01 22:16:40");
INSERT INTO likes (like_id, liked_id, like_date) VALUES ("488","466","2017-04-06 12:18:12");
INSERT INTO likes (like_id, liked_id, like_date) VALUES ("185","466","2018-01-13 11:22:58");
INSERT INTO likes (like_id, liked_id, like_date) VALUES ("426","466","2017-10-08 18:12:01");
INSERT INTO likes (like_id, liked_id, like_date) VALUES ("304","466","2017-12-25 06:52:43");
INSERT INTO likes (like_id, liked_id, like_date) VALUES ("136","466","2017-06-09 21:34:47");
INSERT INTO likes (like_id, liked_id, like_date) VALUES ("388","466","2017-11-28 01:14:12");
INSERT INTO likes (like_id, liked_id, like_date) VALUES ("31","466","2017-12-07 09:03:26");
INSERT INTO likes (like_id, liked_id, like_date) VALUES ("44","466","2017-05-09 10:38:08");
INSERT INTO views (viewer_id, viewed_id, view_date) VALUES ("316","466","2017-05-14 01:44:37");
INSERT INTO views (viewer_id, viewed_id, view_date) VALUES ("474","466","2017-05-29 12:56:47");
INSERT INTO views (viewer_id, viewed_id, view_date) VALUES ("141","466","2017-08-18 00:15:07");


INSERT INTO user (id, first_name, last_name, username, email, password, birthdate, gender, orientation, bio, country, state, city, zip, file_1, file_2, file_3, file_4, file_5, score, token, token_date, active, register, created_at, updated_at) VALUES ("467","Aliya","Bogan","deckowanastacio","kutch.loma@gmail.com","$2y$10$7NHzRmHF81hgLj.1cfPKGuue9ulDQzU0ZtaJOHvmw.osL3t/ldQym","1985-07-19 00:47:49","2","1","Ipsum non sit voluptatem amet incidunt et. Sunt quam amet ipsa est.","Angola","","West Garnet","47792","../fixtures/female6.jpg","../fixtures/female10.jpg","../fixtures/female7.jpg","../fixtures/female10.jpg","../fixtures/female9.jpg","5","af9fbad16b07ed8e2278a0817a9b90be","1998-03-21 14:18:27","0","0","1984-02-24 21:28:19","1982-09-10 03:49:32");
INSERT INTO user_tag (user_id, tag_id) VALUES ("467","6");
INSERT INTO user_tag (user_id, tag_id) VALUES ("467","35");
INSERT INTO user_tag (user_id, tag_id) VALUES ("467","32");
INSERT INTO user_tag (user_id, tag_id) VALUES ("467","47");
INSERT INTO user_tag (user_id, tag_id) VALUES ("467","26");
INSERT INTO user_tag (user_id, tag_id) VALUES ("467","23");
INSERT INTO user_tag (user_id, tag_id) VALUES ("467","18");
INSERT INTO user_tag (user_id, tag_id) VALUES ("467","49");
INSERT INTO user_tag (user_id, tag_id) VALUES ("467","25");
INSERT INTO user_tag (user_id, tag_id) VALUES ("467","45");

INSERT INTO connected (user_id, connect_date) VALUES ("467","2017-07-09 00:32:32");
INSERT INTO likes (like_id, liked_id, like_date) VALUES ("67","467","2017-03-05 18:49:35");
INSERT INTO likes (like_id, liked_id, like_date) VALUES ("129","467","2018-01-06 14:32:36");
INSERT INTO views (viewer_id, viewed_id, view_date) VALUES ("66","467","2017-02-20 06:40:36");
INSERT INTO views (viewer_id, viewed_id, view_date) VALUES ("117","467","2017-04-03 18:41:32");
INSERT INTO views (viewer_id, viewed_id, view_date) VALUES ("77","467","2017-03-20 21:12:13");
INSERT INTO views (viewer_id, viewed_id, view_date) VALUES ("69","467","2018-02-03 21:52:33");
INSERT INTO views (viewer_id, viewed_id, view_date) VALUES ("165","467","2018-01-28 21:56:23");
INSERT INTO views (viewer_id, viewed_id, view_date) VALUES ("404","467","2017-08-21 02:27:09");
INSERT INTO views (viewer_id, viewed_id, view_date) VALUES ("247","467","2017-06-28 17:46:49");
INSERT INTO views (viewer_id, viewed_id, view_date) VALUES ("450","467","2017-11-06 21:55:59");
INSERT INTO views (viewer_id, viewed_id, view_date) VALUES ("313","467","2018-01-25 16:54:08");
INSERT INTO views (viewer_id, viewed_id, view_date) VALUES ("317","467","2017-06-06 13:20:21");
INSERT INTO views (viewer_id, viewed_id, view_date) VALUES ("128","467","2017-03-22 19:04:17");
INSERT INTO views (viewer_id, viewed_id, view_date) VALUES ("26","467","2017-04-28 01:38:55");
INSERT INTO views (viewer_id, viewed_id, view_date) VALUES ("485","467","2017-03-28 19:04:18");
INSERT INTO views (viewer_id, viewed_id, view_date) VALUES ("43","467","2018-01-16 16:04:45");
INSERT INTO views (viewer_id, viewed_id, view_date) VALUES ("444","467","2017-11-04 15:45:27");
INSERT INTO views (viewer_id, viewed_id, view_date) VALUES ("201","467","2017-07-13 09:31:08");
INSERT INTO views (viewer_id, viewed_id, view_date) VALUES ("484","467","2017-06-27 14:24:59");
INSERT INTO views (viewer_id, viewed_id, view_date) VALUES ("394","467","2017-08-20 03:35:30");
INSERT INTO views (viewer_id, viewed_id, view_date) VALUES ("4","467","2017-07-12 12:28:51");
INSERT INTO views (viewer_id, viewed_id, view_date) VALUES ("3","467","2017-03-18 20:23:16");
INSERT INTO views (viewer_id, viewed_id, view_date) VALUES ("33","467","2017-06-24 10:04:42");
INSERT INTO views (viewer_id, viewed_id, view_date) VALUES ("48","467","2017-12-07 03:11:54");
INSERT INTO views (viewer_id, viewed_id, view_date) VALUES ("219","467","2017-05-25 05:37:23");
INSERT INTO views (viewer_id, viewed_id, view_date) VALUES ("154","467","2017-08-19 11:18:15");
INSERT INTO views (viewer_id, viewed_id, view_date) VALUES ("315","467","2017-07-18 07:09:41");
INSERT INTO views (viewer_id, viewed_id, view_date) VALUES ("242","467","2017-02-19 10:49:58");
INSERT INTO views (viewer_id, viewed_id, view_date) VALUES ("210","467","2017-04-21 01:22:16");


INSERT INTO user (id, first_name, last_name, username, email, password, birthdate, gender, orientation, bio, country, state, city, zip, file_1, file_2, file_3, file_4, file_5, score, token, token_date, active, register, created_at, updated_at) VALUES ("468","Zack","Stroman","kenyatta01","ykshlerin@gmail.com","$2y$10$xlrmUyNeczL3OCfoF0VtQ.1H6E9PjG7.sawhEEcmL3pZRJ1nP9f3W","1994-05-27 06:47:14","2","1","Eligendi aut cum est. Quaerat dolor error id velit. Officia sunt aut quis eveniet voluptatem vel voluptas. Vel ipsa cumque eos sit corporis omnis ipsam sapiente.","Mongolia","","Raumouth","77276","../fixtures/female1.jpg","../fixtures/female3.jpg","","","","27","745308670b174d34e588d0920350720c","1995-11-10 06:43:34","1","0","2013-06-29 19:05:02","2018-02-11 14:30:57");
INSERT INTO user_tag (user_id, tag_id) VALUES ("468","10");
INSERT INTO user_tag (user_id, tag_id) VALUES ("468","4");
INSERT INTO user_tag (user_id, tag_id) VALUES ("468","34");
INSERT INTO user_tag (user_id, tag_id) VALUES ("468","26");
INSERT INTO user_tag (user_id, tag_id) VALUES ("468","3");
INSERT INTO user_tag (user_id, tag_id) VALUES ("468","45");
INSERT INTO user_tag (user_id, tag_id) VALUES ("468","39");
INSERT INTO user_tag (user_id, tag_id) VALUES ("468","36");
INSERT INTO user_tag (user_id, tag_id) VALUES ("468","48");
INSERT INTO user_tag (user_id, tag_id) VALUES ("468","11");
INSERT INTO user_tag (user_id, tag_id) VALUES ("468","29");
INSERT INTO user_tag (user_id, tag_id) VALUES ("468","16");
INSERT INTO user_tag (user_id, tag_id) VALUES ("468","50");
INSERT INTO user_tag (user_id, tag_id) VALUES ("468","31");
INSERT INTO user_tag (user_id, tag_id) VALUES ("468","1");

INSERT INTO connected (user_id, connect_date) VALUES ("468","2017-09-21 21:12:15");
INSERT INTO likes (like_id, liked_id, like_date) VALUES ("136","468","2018-02-03 08:15:50");
INSERT INTO likes (like_id, liked_id, like_date) VALUES ("464","468","2017-06-30 20:39:50");
INSERT INTO likes (like_id, liked_id, like_date) VALUES ("2","468","2017-11-08 14:55:03");
INSERT INTO likes (like_id, liked_id, like_date) VALUES ("422","468","2017-05-07 09:14:01");
INSERT INTO likes (like_id, liked_id, like_date) VALUES ("33","468","2017-08-26 07:02:18");
INSERT INTO likes (like_id, liked_id, like_date) VALUES ("82","468","2017-06-11 20:52:22");
INSERT INTO likes (like_id, liked_id, like_date) VALUES ("438","468","2017-08-13 00:23:59");
INSERT INTO likes (like_id, liked_id, like_date) VALUES ("94","468","2017-06-21 11:24:47");
INSERT INTO likes (like_id, liked_id, like_date) VALUES ("202","468","2017-06-17 06:22:21");
INSERT INTO likes (like_id, liked_id, like_date) VALUES ("383","468","2018-01-12 06:41:05");
INSERT INTO likes (like_id, liked_id, like_date) VALUES ("3","468","2017-03-19 09:44:00");
INSERT INTO likes (like_id, liked_id, like_date) VALUES ("455","468","2017-02-28 17:56:19");
INSERT INTO likes (like_id, liked_id, like_date) VALUES ("79","468","2018-02-04 12:15:57");
INSERT INTO likes (like_id, liked_id, like_date) VALUES ("230","468","2017-08-14 17:17:58");
INSERT INTO likes (like_id, liked_id, like_date) VALUES ("43","468","2018-01-08 13:04:06");
INSERT INTO likes (like_id, liked_id, like_date) VALUES ("203","468","2017-07-04 00:41:26");
INSERT INTO likes (like_id, liked_id, like_date) VALUES ("351","468","2017-08-12 07:58:32");
INSERT INTO likes (like_id, liked_id, like_date) VALUES ("431","468","2018-01-04 02:09:30");
INSERT INTO views (viewer_id, viewed_id, view_date) VALUES ("221","468","2017-12-14 05:29:53");
INSERT INTO views (viewer_id, viewed_id, view_date) VALUES ("149","468","2017-04-14 21:03:02");
INSERT INTO views (viewer_id, viewed_id, view_date) VALUES ("22","468","2017-08-08 04:47:35");
INSERT INTO views (viewer_id, viewed_id, view_date) VALUES ("314","468","2017-07-08 10:01:18");
INSERT INTO views (viewer_id, viewed_id, view_date) VALUES ("224","468","2017-04-07 23:19:34");
INSERT INTO views (viewer_id, viewed_id, view_date) VALUES ("469","468","2017-03-07 04:05:21");
INSERT INTO views (viewer_id, viewed_id, view_date) VALUES ("354","468","2017-07-03 20:10:35");
INSERT INTO views (viewer_id, viewed_id, view_date) VALUES ("391","468","2017-03-12 00:00:00");
INSERT INTO views (viewer_id, viewed_id, view_date) VALUES ("500","468","2017-03-21 08:35:27");
INSERT INTO views (viewer_id, viewed_id, view_date) VALUES ("303","468","2017-05-27 04:11:40");
INSERT INTO views (viewer_id, viewed_id, view_date) VALUES ("219","468","2017-12-25 06:52:46");
INSERT INTO views (viewer_id, viewed_id, view_date) VALUES ("349","468","2017-07-30 06:03:03");
INSERT INTO views (viewer_id, viewed_id, view_date) VALUES ("231","468","2017-04-17 03:17:00");
INSERT INTO views (viewer_id, viewed_id, view_date) VALUES ("61","468","2017-09-18 03:31:10");
INSERT INTO views (viewer_id, viewed_id, view_date) VALUES ("283","468","2017-05-28 20:20:46");


INSERT INTO user (id, first_name, last_name, username, email, password, birthdate, gender, orientation, bio, country, state, city, zip, file_1, file_2, file_3, file_4, file_5, score, token, token_date, active, register, created_at, updated_at) VALUES ("469","Casper","King","kylee90","larkin.gertrude@gmail.com","$2y$10$hUo8xQd/Y/d4QFD67gyccuE5m40DbKcCc9v6rwyvP.5OY.6feDoLS","1965-11-12 23:44:00","1","2","Praesentium sed suscipit porro quo aliquam commodi ut doloremque. Unde sed illo laudantium voluptatum. Molestias autem ut pariatur.","San Marino","","Annaliseview","24917-8371","../fixtures/male4.jpg","../fixtures/male8.jpg","../fixtures/male8.jpg","../fixtures/male3.jpg","../fixtures/male1.jpg","70","47b75d36207b4b1496fd8454371db426","1987-09-03 13:01:50","1","1","1997-06-24 23:50:57","1988-06-25 23:58:21");
INSERT INTO user_tag (user_id, tag_id) VALUES ("469","30");
INSERT INTO user_tag (user_id, tag_id) VALUES ("469","32");
INSERT INTO user_tag (user_id, tag_id) VALUES ("469","1");
INSERT INTO user_tag (user_id, tag_id) VALUES ("469","24");
INSERT INTO user_tag (user_id, tag_id) VALUES ("469","19");
INSERT INTO user_tag (user_id, tag_id) VALUES ("469","12");
INSERT INTO user_tag (user_id, tag_id) VALUES ("469","7");
INSERT INTO user_tag (user_id, tag_id) VALUES ("469","11");
INSERT INTO user_tag (user_id, tag_id) VALUES ("469","22");
INSERT INTO user_tag (user_id, tag_id) VALUES ("469","24");
INSERT INTO user_tag (user_id, tag_id) VALUES ("469","43");
INSERT INTO user_tag (user_id, tag_id) VALUES ("469","5");
INSERT INTO user_tag (user_id, tag_id) VALUES ("469","45");

INSERT INTO connected (user_id, connect_date) VALUES ("469","2018-01-13 09:44:09");
INSERT INTO likes (like_id, liked_id, like_date) VALUES ("209","469","2017-10-13 23:17:09");
INSERT INTO likes (like_id, liked_id, like_date) VALUES ("71","469","2017-11-02 13:33:46");
INSERT INTO likes (like_id, liked_id, like_date) VALUES ("437","469","2017-07-19 06:42:54");
INSERT INTO likes (like_id, liked_id, like_date) VALUES ("266","469","2017-11-15 11:21:56");
INSERT INTO likes (like_id, liked_id, like_date) VALUES ("500","469","2017-03-25 12:13:03");
INSERT INTO likes (like_id, liked_id, like_date) VALUES ("25","469","2017-11-06 20:23:10");
INSERT INTO likes (like_id, liked_id, like_date) VALUES ("286","469","2017-05-26 18:16:29");
INSERT INTO likes (like_id, liked_id, like_date) VALUES ("111","469","2017-08-24 21:48:54");
INSERT INTO likes (like_id, liked_id, like_date) VALUES ("301","469","2017-04-20 11:28:15");
INSERT INTO likes (like_id, liked_id, like_date) VALUES ("13","469","2017-02-20 14:22:37");
INSERT INTO likes (like_id, liked_id, like_date) VALUES ("259","469","2017-07-17 13:14:06");
INSERT INTO likes (like_id, liked_id, like_date) VALUES ("385","469","2017-10-21 17:08:24");
INSERT INTO likes (like_id, liked_id, like_date) VALUES ("218","469","2017-09-15 22:45:37");
INSERT INTO likes (like_id, liked_id, like_date) VALUES ("342","469","2017-04-14 00:30:34");
INSERT INTO likes (like_id, liked_id, like_date) VALUES ("71","469","2017-10-05 09:14:04");
INSERT INTO likes (like_id, liked_id, like_date) VALUES ("378","469","2017-07-21 23:59:11");
INSERT INTO likes (like_id, liked_id, like_date) VALUES ("395","469","2018-02-06 06:29:22");
INSERT INTO likes (like_id, liked_id, like_date) VALUES ("122","469","2017-10-17 22:56:20");
INSERT INTO views (viewer_id, viewed_id, view_date) VALUES ("107","469","2017-09-22 12:06:53");
INSERT INTO views (viewer_id, viewed_id, view_date) VALUES ("476","469","2017-04-15 18:57:25");
INSERT INTO views (viewer_id, viewed_id, view_date) VALUES ("171","469","2017-11-29 17:33:13");
INSERT INTO views (viewer_id, viewed_id, view_date) VALUES ("500","469","2017-10-13 23:22:54");
INSERT INTO views (viewer_id, viewed_id, view_date) VALUES ("441","469","2017-06-01 05:42:31");
INSERT INTO views (viewer_id, viewed_id, view_date) VALUES ("70","469","2018-01-06 14:23:58");
INSERT INTO views (viewer_id, viewed_id, view_date) VALUES ("153","469","2018-01-20 10:06:05");
INSERT INTO views (viewer_id, viewed_id, view_date) VALUES ("482","469","2017-07-03 05:51:01");
INSERT INTO views (viewer_id, viewed_id, view_date) VALUES ("166","469","2017-12-08 19:30:29");
INSERT INTO views (viewer_id, viewed_id, view_date) VALUES ("253","469","2017-03-07 13:53:26");


INSERT INTO user (id, first_name, last_name, username, email, password, birthdate, gender, orientation, bio, country, state, city, zip, file_1, file_2, file_3, file_4, file_5, score, token, token_date, active, register, created_at, updated_at) VALUES ("470","Destini","Turner","kristinaweimann","qoconner@vonrueden.net","$2y$10$qxX2rAx4PoOt9MERvkveH.QWI.Gjsk9PB1lwKDvlBZRoqyfxaqEO2","1968-12-25 06:05:46","2","3","Quisquam aspernatur magni quo. Quia voluptas ratione rerum adipisci totam.","Belize","","Jaquelinville","03525-5096","../fixtures/female3.jpg","","","","","49","0a1433f2509e9b96578f299ec37ef4bd","2008-06-07 18:46:02","0","0","1970-07-16 11:46:03","1988-04-14 22:34:22");
INSERT INTO user_tag (user_id, tag_id) VALUES ("470","24");
INSERT INTO user_tag (user_id, tag_id) VALUES ("470","29");
INSERT INTO user_tag (user_id, tag_id) VALUES ("470","35");
INSERT INTO user_tag (user_id, tag_id) VALUES ("470","47");
INSERT INTO user_tag (user_id, tag_id) VALUES ("470","40");
INSERT INTO user_tag (user_id, tag_id) VALUES ("470","45");
INSERT INTO user_tag (user_id, tag_id) VALUES ("470","41");
INSERT INTO user_tag (user_id, tag_id) VALUES ("470","50");
INSERT INTO user_tag (user_id, tag_id) VALUES ("470","11");
INSERT INTO user_tag (user_id, tag_id) VALUES ("470","35");
INSERT INTO user_tag (user_id, tag_id) VALUES ("470","9");
INSERT INTO user_tag (user_id, tag_id) VALUES ("470","13");
INSERT INTO user_tag (user_id, tag_id) VALUES ("470","23");
INSERT INTO user_tag (user_id, tag_id) VALUES ("470","46");

INSERT INTO connected (user_id, connect_date) VALUES ("470","2017-06-21 15:42:42");
INSERT INTO likes (like_id, liked_id, like_date) VALUES ("295","470","2018-01-05 04:33:38");
INSERT INTO views (viewer_id, viewed_id, view_date) VALUES ("431","470","2017-07-02 14:47:13");
INSERT INTO views (viewer_id, viewed_id, view_date) VALUES ("440","470","2017-11-02 06:38:55");
INSERT INTO views (viewer_id, viewed_id, view_date) VALUES ("27","470","2017-06-22 09:58:44");
INSERT INTO views (viewer_id, viewed_id, view_date) VALUES ("334","470","2017-11-09 00:01:59");
INSERT INTO views (viewer_id, viewed_id, view_date) VALUES ("453","470","2017-11-27 23:37:48");
INSERT INTO views (viewer_id, viewed_id, view_date) VALUES ("407","470","2017-05-16 16:27:03");
INSERT INTO views (viewer_id, viewed_id, view_date) VALUES ("308","470","2017-11-04 03:59:52");
INSERT INTO views (viewer_id, viewed_id, view_date) VALUES ("104","470","2017-09-28 09:20:10");
INSERT INTO views (viewer_id, viewed_id, view_date) VALUES ("493","470","2017-02-28 15:31:11");
INSERT INTO views (viewer_id, viewed_id, view_date) VALUES ("134","470","2017-10-21 10:53:59");
INSERT INTO views (viewer_id, viewed_id, view_date) VALUES ("52","470","2017-07-09 08:17:37");
INSERT INTO views (viewer_id, viewed_id, view_date) VALUES ("300","470","2017-08-08 09:29:30");
INSERT INTO views (viewer_id, viewed_id, view_date) VALUES ("158","470","2017-06-25 08:57:10");
INSERT INTO views (viewer_id, viewed_id, view_date) VALUES ("127","470","2017-11-29 14:58:23");
INSERT INTO views (viewer_id, viewed_id, view_date) VALUES ("320","470","2017-04-08 07:10:08");


INSERT INTO user (id, first_name, last_name, username, email, password, birthdate, gender, orientation, bio, country, state, city, zip, file_1, file_2, file_3, file_4, file_5, score, token, token_date, active, register, created_at, updated_at) VALUES ("471","Koby","Lebsack","vmarquardt","ohowe@gmail.com","$2y$10$ER11BdpzUwXc0H5URSCdHuA.DoxUhUzSLyfzmYi.acoaULGYanXfW","1953-06-01 08:49:44","1","2","Tempore earum et minus ut sit unde. Culpa exercitationem cumque odit molestiae nihil velit. Corrupti est et quidem a aut.","Singapore","","Ritchieport","09306-9214","../fixtures/male7.jpg","../fixtures/male4.jpg","../fixtures/male2.jpg","","","71","ee512a91a781be3ebf0717d0281e3a28","1971-10-26 18:44:10","0","0","1980-01-13 00:07:07","1997-11-30 09:39:41");
INSERT INTO user_tag (user_id, tag_id) VALUES ("471","30");
INSERT INTO user_tag (user_id, tag_id) VALUES ("471","42");
INSERT INTO user_tag (user_id, tag_id) VALUES ("471","7");
INSERT INTO user_tag (user_id, tag_id) VALUES ("471","31");
INSERT INTO user_tag (user_id, tag_id) VALUES ("471","43");
INSERT INTO user_tag (user_id, tag_id) VALUES ("471","3");
INSERT INTO user_tag (user_id, tag_id) VALUES ("471","31");
INSERT INTO user_tag (user_id, tag_id) VALUES ("471","40");
INSERT INTO user_tag (user_id, tag_id) VALUES ("471","4");
INSERT INTO user_tag (user_id, tag_id) VALUES ("471","32");
INSERT INTO user_tag (user_id, tag_id) VALUES ("471","44");
INSERT INTO user_tag (user_id, tag_id) VALUES ("471","43");
INSERT INTO user_tag (user_id, tag_id) VALUES ("471","47");
INSERT INTO user_tag (user_id, tag_id) VALUES ("471","32");
INSERT INTO user_tag (user_id, tag_id) VALUES ("471","15");

INSERT INTO connected (user_id, connect_date) VALUES ("471","2017-11-09 00:18:13");
INSERT INTO likes (like_id, liked_id, like_date) VALUES ("482","471","2017-11-06 13:35:09");
INSERT INTO likes (like_id, liked_id, like_date) VALUES ("155","471","2017-07-04 09:18:27");
INSERT INTO likes (like_id, liked_id, like_date) VALUES ("309","471","2017-07-14 22:37:38");
INSERT INTO likes (like_id, liked_id, like_date) VALUES ("275","471","2017-10-06 12:46:39");
INSERT INTO likes (like_id, liked_id, like_date) VALUES ("52","471","2017-06-02 06:42:58");
INSERT INTO likes (like_id, liked_id, like_date) VALUES ("150","471","2017-11-26 00:16:44");
INSERT INTO likes (like_id, liked_id, like_date) VALUES ("234","471","2017-02-26 13:49:01");
INSERT INTO likes (like_id, liked_id, like_date) VALUES ("409","471","2017-10-18 18:32:06");
INSERT INTO likes (like_id, liked_id, like_date) VALUES ("26","471","2017-02-26 17:26:56");
INSERT INTO likes (like_id, liked_id, like_date) VALUES ("326","471","2017-03-22 05:39:53");
INSERT INTO likes (like_id, liked_id, like_date) VALUES ("167","471","2017-04-11 14:15:58");
INSERT INTO likes (like_id, liked_id, like_date) VALUES ("367","471","2017-09-30 19:25:57");
INSERT INTO likes (like_id, liked_id, like_date) VALUES ("405","471","2017-08-23 17:56:53");
INSERT INTO likes (like_id, liked_id, like_date) VALUES ("183","471","2017-06-04 00:51:34");
INSERT INTO likes (like_id, liked_id, like_date) VALUES ("32","471","2017-08-29 00:01:27");
INSERT INTO likes (like_id, liked_id, like_date) VALUES ("20","471","2017-05-20 06:00:47");
INSERT INTO likes (like_id, liked_id, like_date) VALUES ("53","471","2017-07-06 08:50:49");
INSERT INTO likes (like_id, liked_id, like_date) VALUES ("358","471","2017-07-06 06:39:43");
INSERT INTO views (viewer_id, viewed_id, view_date) VALUES ("71","471","2017-10-29 16:48:06");
INSERT INTO views (viewer_id, viewed_id, view_date) VALUES ("237","471","2017-04-09 21:26:20");
INSERT INTO views (viewer_id, viewed_id, view_date) VALUES ("120","471","2017-05-30 00:07:24");
INSERT INTO views (viewer_id, viewed_id, view_date) VALUES ("474","471","2017-03-06 17:50:55");


INSERT INTO user (id, first_name, last_name, username, email, password, birthdate, gender, orientation, bio, country, state, city, zip, file_1, file_2, file_3, file_4, file_5, score, token, token_date, active, register, created_at, updated_at) VALUES ("472","Dante","Padberg","olsonjohan","dubuque.sharon@yahoo.com","$2y$10$4/9UgGBII/Vqj1MroN322.ySoZ5bz9dCIEHf3i3RUysYPGBLi4w/O","1957-08-22 04:50:43","2","3","Cum quia velit corporis et illo ut voluptatem voluptatem. Aut fuga dolorum ut ea aut. Odit voluptatem accusamus odio. Et sapiente illum facilis aut sapiente amet.","Afghanistan","","South Mustafa","79435-5934","../fixtures/female1.jpg","../fixtures/female2.jpg","../fixtures/female4.jpg","../fixtures/female4.jpg","../fixtures/female3.jpg","93","5843fb72bc7fb13b8b1c4d986cc2cee9","2015-07-31 22:34:12","1","1","2005-04-01 10:38:23","2000-02-12 11:28:01");
INSERT INTO user_tag (user_id, tag_id) VALUES ("472","22");
INSERT INTO user_tag (user_id, tag_id) VALUES ("472","44");
INSERT INTO user_tag (user_id, tag_id) VALUES ("472","30");
INSERT INTO user_tag (user_id, tag_id) VALUES ("472","27");
INSERT INTO user_tag (user_id, tag_id) VALUES ("472","28");
INSERT INTO user_tag (user_id, tag_id) VALUES ("472","49");
INSERT INTO user_tag (user_id, tag_id) VALUES ("472","50");
INSERT INTO user_tag (user_id, tag_id) VALUES ("472","40");
INSERT INTO user_tag (user_id, tag_id) VALUES ("472","24");
INSERT INTO user_tag (user_id, tag_id) VALUES ("472","29");

INSERT INTO connected (user_id, connect_date) VALUES ("472","2017-11-26 07:34:48");
INSERT INTO likes (like_id, liked_id, like_date) VALUES ("314","472","2017-02-27 09:01:30");
INSERT INTO likes (like_id, liked_id, like_date) VALUES ("354","472","2017-04-15 21:50:14");
INSERT INTO likes (like_id, liked_id, like_date) VALUES ("476","472","2017-03-06 22:28:17");
INSERT INTO views (viewer_id, viewed_id, view_date) VALUES ("184","472","2017-11-01 12:12:26");
INSERT INTO views (viewer_id, viewed_id, view_date) VALUES ("31","472","2017-08-05 10:56:46");
INSERT INTO views (viewer_id, viewed_id, view_date) VALUES ("429","472","2018-01-27 04:25:48");
INSERT INTO views (viewer_id, viewed_id, view_date) VALUES ("13","472","2018-01-04 08:50:51");
INSERT INTO views (viewer_id, viewed_id, view_date) VALUES ("231","472","2017-11-03 23:13:22");
INSERT INTO views (viewer_id, viewed_id, view_date) VALUES ("483","472","2017-11-03 22:32:20");
INSERT INTO views (viewer_id, viewed_id, view_date) VALUES ("291","472","2017-09-26 06:45:48");
INSERT INTO views (viewer_id, viewed_id, view_date) VALUES ("163","472","2017-12-22 23:38:08");
INSERT INTO views (viewer_id, viewed_id, view_date) VALUES ("313","472","2017-06-03 02:15:58");
INSERT INTO views (viewer_id, viewed_id, view_date) VALUES ("370","472","2017-04-02 01:13:26");
INSERT INTO views (viewer_id, viewed_id, view_date) VALUES ("391","472","2017-12-02 22:10:33");
INSERT INTO views (viewer_id, viewed_id, view_date) VALUES ("202","472","2017-09-14 08:54:00");
INSERT INTO views (viewer_id, viewed_id, view_date) VALUES ("489","472","2017-04-04 17:42:15");


INSERT INTO user (id, first_name, last_name, username, email, password, birthdate, gender, orientation, bio, country, state, city, zip, file_1, file_2, file_3, file_4, file_5, score, token, token_date, active, register, created_at, updated_at) VALUES ("473","Alford","McLaughlin","edmundpredovic","jast.sandra@reynolds.com","$2y$10$gf6rC.DfifyEMTK.gcRrdeougymr/YdyPGSXR..8ihZDuln7R5Bvm","1951-01-28 10:19:48","2","3","Nisi a reprehenderit nihil nisi beatae odio commodi. Minus sit cum voluptatum doloribus. Qui maxime necessitatibus consequatur voluptas non repellat quia pariatur.","Mayotte","","Laurentown","18953-4160","../fixtures/female8.jpg","../fixtures/female4.jpg","../fixtures/female4.jpg","../fixtures/female1.jpg","../fixtures/female7.jpg","9","9e243e940b2905ce7e6b8392aae22b05","1986-03-20 00:12:55","0","0","1981-08-31 17:28:49","2005-10-25 11:23:07");
INSERT INTO user_tag (user_id, tag_id) VALUES ("473","20");
INSERT INTO user_tag (user_id, tag_id) VALUES ("473","26");
INSERT INTO user_tag (user_id, tag_id) VALUES ("473","25");
INSERT INTO user_tag (user_id, tag_id) VALUES ("473","24");
INSERT INTO user_tag (user_id, tag_id) VALUES ("473","48");

INSERT INTO connected (user_id, connect_date) VALUES ("473","2017-12-13 02:32:18");
INSERT INTO likes (like_id, liked_id, like_date) VALUES ("345","473","2017-07-13 05:57:04");
INSERT INTO likes (like_id, liked_id, like_date) VALUES ("103","473","2017-08-12 09:59:27");
INSERT INTO likes (like_id, liked_id, like_date) VALUES ("387","473","2017-07-19 22:33:44");
INSERT INTO likes (like_id, liked_id, like_date) VALUES ("225","473","2017-03-30 23:54:06");
INSERT INTO likes (like_id, liked_id, like_date) VALUES ("489","473","2017-03-21 22:10:40");
INSERT INTO likes (like_id, liked_id, like_date) VALUES ("77","473","2017-08-08 10:15:51");
INSERT INTO likes (like_id, liked_id, like_date) VALUES ("287","473","2018-01-11 15:57:33");
INSERT INTO likes (like_id, liked_id, like_date) VALUES ("448","473","2017-07-17 12:32:32");
INSERT INTO likes (like_id, liked_id, like_date) VALUES ("46","473","2017-03-03 14:51:36");
INSERT INTO likes (like_id, liked_id, like_date) VALUES ("179","473","2017-03-21 17:51:56");
INSERT INTO likes (like_id, liked_id, like_date) VALUES ("277","473","2017-02-28 08:16:51");
INSERT INTO likes (like_id, liked_id, like_date) VALUES ("114","473","2018-01-05 07:43:20");
INSERT INTO views (viewer_id, viewed_id, view_date) VALUES ("213","473","2017-12-22 12:28:36");
INSERT INTO views (viewer_id, viewed_id, view_date) VALUES ("438","473","2017-06-09 15:37:07");
INSERT INTO views (viewer_id, viewed_id, view_date) VALUES ("371","473","2017-09-21 03:28:40");
INSERT INTO views (viewer_id, viewed_id, view_date) VALUES ("352","473","2017-08-22 01:37:38");
INSERT INTO views (viewer_id, viewed_id, view_date) VALUES ("270","473","2018-01-10 13:58:53");
INSERT INTO views (viewer_id, viewed_id, view_date) VALUES ("484","473","2017-03-22 06:08:37");
INSERT INTO views (viewer_id, viewed_id, view_date) VALUES ("54","473","2017-11-05 21:09:25");
INSERT INTO views (viewer_id, viewed_id, view_date) VALUES ("477","473","2017-07-07 03:32:40");
INSERT INTO views (viewer_id, viewed_id, view_date) VALUES ("428","473","2018-01-15 06:20:27");
INSERT INTO views (viewer_id, viewed_id, view_date) VALUES ("252","473","2017-05-17 09:25:08");


INSERT INTO user (id, first_name, last_name, username, email, password, birthdate, gender, orientation, bio, country, state, city, zip, file_1, file_2, file_3, file_4, file_5, score, token, token_date, active, register, created_at, updated_at) VALUES ("474","Frederick","Gerlach","mbraun","pschumm@yahoo.com","$2y$10$IFMVuJ7vHve23gGHNZdIRuxzgrU3o1WOx.by.d0JqmvVx.3UzhJ3a","1974-08-13 16:59:46","1","2","Repellendus esse ut maxime ut quis dolor et. Debitis dolore velit delectus delectus nostrum vel. Aut et quasi debitis molestiae. Qui qui qui accusantium.","Suriname","","Davisburgh","83290","../fixtures/male4.jpg","../fixtures/male8.jpg","../fixtures/male5.jpg","../fixtures/male3.jpg","../fixtures/male9.jpg","39","42db41f670bb7ee881909137eb1024a5","1992-05-22 21:14:32","1","0","1994-08-29 04:07:16","1972-09-28 23:14:39");
INSERT INTO user_tag (user_id, tag_id) VALUES ("474","37");
INSERT INTO user_tag (user_id, tag_id) VALUES ("474","42");
INSERT INTO user_tag (user_id, tag_id) VALUES ("474","12");

INSERT INTO connected (user_id, connect_date) VALUES ("474","2017-12-14 10:25:49");
INSERT INTO likes (like_id, liked_id, like_date) VALUES ("66","474","2017-03-20 03:14:51");
INSERT INTO likes (like_id, liked_id, like_date) VALUES ("409","474","2018-02-13 00:22:08");
INSERT INTO likes (like_id, liked_id, like_date) VALUES ("466","474","2017-08-22 21:46:53");
INSERT INTO likes (like_id, liked_id, like_date) VALUES ("4","474","2017-05-30 18:03:17");
INSERT INTO likes (like_id, liked_id, like_date) VALUES ("403","474","2017-06-09 15:09:56");
INSERT INTO likes (like_id, liked_id, like_date) VALUES ("242","474","2017-07-14 06:29:03");
INSERT INTO likes (like_id, liked_id, like_date) VALUES ("185","474","2017-12-30 02:07:57");
INSERT INTO likes (like_id, liked_id, like_date) VALUES ("228","474","2017-04-09 17:10:03");
INSERT INTO likes (like_id, liked_id, like_date) VALUES ("379","474","2017-03-21 11:14:11");
INSERT INTO likes (like_id, liked_id, like_date) VALUES ("266","474","2017-03-27 16:39:54");
INSERT INTO views (viewer_id, viewed_id, view_date) VALUES ("196","474","2017-06-06 07:14:28");
INSERT INTO views (viewer_id, viewed_id, view_date) VALUES ("454","474","2018-01-11 05:42:58");
INSERT INTO views (viewer_id, viewed_id, view_date) VALUES ("146","474","2017-10-01 18:17:18");
INSERT INTO views (viewer_id, viewed_id, view_date) VALUES ("104","474","2017-08-02 16:53:48");
INSERT INTO views (viewer_id, viewed_id, view_date) VALUES ("7","474","2017-11-05 16:20:39");
INSERT INTO views (viewer_id, viewed_id, view_date) VALUES ("68","474","2018-02-07 18:28:02");
INSERT INTO views (viewer_id, viewed_id, view_date) VALUES ("63","474","2017-05-12 21:46:31");
INSERT INTO views (viewer_id, viewed_id, view_date) VALUES ("216","474","2017-10-29 05:38:29");
INSERT INTO views (viewer_id, viewed_id, view_date) VALUES ("321","474","2017-07-06 02:58:31");
INSERT INTO views (viewer_id, viewed_id, view_date) VALUES ("159","474","2017-04-07 16:41:55");
INSERT INTO views (viewer_id, viewed_id, view_date) VALUES ("35","474","2017-07-23 19:11:18");
INSERT INTO views (viewer_id, viewed_id, view_date) VALUES ("7","474","2017-06-16 04:24:06");
INSERT INTO views (viewer_id, viewed_id, view_date) VALUES ("41","474","2017-11-12 11:04:47");


INSERT INTO user (id, first_name, last_name, username, email, password, birthdate, gender, orientation, bio, country, state, city, zip, file_1, file_2, file_3, file_4, file_5, score, token, token_date, active, register, created_at, updated_at) VALUES ("475","Vince","Gislason","torpdarren","emoen@yahoo.com","$2y$10$yS19C0Df4IZHDUjvrB.XbeWeIyIgvK/JaPYt5/a/7ygaLjjBOzwl2","1952-04-03 22:37:19","1","2","Odit sit consequatur dolores. Mollitia voluptatum in soluta hic eos eos. Dolorum voluptas odio voluptas in. Consequatur doloribus aperiam quaerat aut et dicta enim.","Oman","","East Hiltonbury","35965-0903","../fixtures/male3.jpg","../fixtures/male8.jpg","../fixtures/male4.jpg","../fixtures/male6.jpg","../fixtures/male5.jpg","30","17a216717e20caa4abbcd4dd42f35cac","1976-05-24 18:27:35","0","0","2013-03-13 02:40:27","1986-11-03 16:39:20");
INSERT INTO user_tag (user_id, tag_id) VALUES ("475","5");
INSERT INTO user_tag (user_id, tag_id) VALUES ("475","2");
INSERT INTO user_tag (user_id, tag_id) VALUES ("475","30");
INSERT INTO user_tag (user_id, tag_id) VALUES ("475","7");
INSERT INTO user_tag (user_id, tag_id) VALUES ("475","2");
INSERT INTO user_tag (user_id, tag_id) VALUES ("475","22");
INSERT INTO user_tag (user_id, tag_id) VALUES ("475","42");
INSERT INTO user_tag (user_id, tag_id) VALUES ("475","1");
INSERT INTO user_tag (user_id, tag_id) VALUES ("475","22");
INSERT INTO user_tag (user_id, tag_id) VALUES ("475","6");
INSERT INTO user_tag (user_id, tag_id) VALUES ("475","27");
INSERT INTO user_tag (user_id, tag_id) VALUES ("475","4");
INSERT INTO user_tag (user_id, tag_id) VALUES ("475","8");
INSERT INTO user_tag (user_id, tag_id) VALUES ("475","22");
INSERT INTO user_tag (user_id, tag_id) VALUES ("475","41");

INSERT INTO connected (user_id, connect_date) VALUES ("475","2017-10-10 10:06:13");
INSERT INTO likes (like_id, liked_id, like_date) VALUES ("330","475","2017-09-27 05:14:56");
INSERT INTO likes (like_id, liked_id, like_date) VALUES ("441","475","2017-03-21 04:43:04");
INSERT INTO likes (like_id, liked_id, like_date) VALUES ("100","475","2017-10-04 10:25:56");
INSERT INTO likes (like_id, liked_id, like_date) VALUES ("247","475","2018-02-14 06:58:17");
INSERT INTO likes (like_id, liked_id, like_date) VALUES ("409","475","2017-11-28 06:27:05");
INSERT INTO likes (like_id, liked_id, like_date) VALUES ("169","475","2017-04-14 16:13:47");
INSERT INTO views (viewer_id, viewed_id, view_date) VALUES ("220","475","2017-08-24 21:21:46");
INSERT INTO views (viewer_id, viewed_id, view_date) VALUES ("74","475","2018-01-30 03:09:39");
INSERT INTO views (viewer_id, viewed_id, view_date) VALUES ("333","475","2017-02-18 00:54:55");
INSERT INTO views (viewer_id, viewed_id, view_date) VALUES ("225","475","2017-10-16 09:13:19");
INSERT INTO views (viewer_id, viewed_id, view_date) VALUES ("26","475","2017-07-17 20:25:06");
INSERT INTO views (viewer_id, viewed_id, view_date) VALUES ("239","475","2017-08-18 03:50:54");
INSERT INTO views (viewer_id, viewed_id, view_date) VALUES ("301","475","2018-01-19 06:46:38");
INSERT INTO views (viewer_id, viewed_id, view_date) VALUES ("43","475","2017-06-09 13:04:34");
INSERT INTO views (viewer_id, viewed_id, view_date) VALUES ("399","475","2017-05-23 03:19:39");
INSERT INTO views (viewer_id, viewed_id, view_date) VALUES ("411","475","2017-03-10 10:27:59");
INSERT INTO views (viewer_id, viewed_id, view_date) VALUES ("103","475","2017-04-01 12:23:20");
INSERT INTO views (viewer_id, viewed_id, view_date) VALUES ("93","475","2017-10-18 22:08:14");
INSERT INTO views (viewer_id, viewed_id, view_date) VALUES ("145","475","2017-07-09 21:30:07");
INSERT INTO views (viewer_id, viewed_id, view_date) VALUES ("64","475","2017-11-16 22:32:54");
INSERT INTO views (viewer_id, viewed_id, view_date) VALUES ("307","475","2017-12-04 12:28:10");


INSERT INTO user (id, first_name, last_name, username, email, password, birthdate, gender, orientation, bio, country, state, city, zip, file_1, file_2, file_3, file_4, file_5, score, token, token_date, active, register, created_at, updated_at) VALUES ("476","Maegan","Botsford","kristopherkreiger","eloisa.goodwin@goldner.com","$2y$10$OBcokRXjmkbXYkZlYwP2eOE0SQb3.5kL/5yB2useeho3tTYYpBwCW","1973-07-07 00:18:07","2","2","Adipisci voluptas sit qui dolor consequatur. Eveniet debitis recusandae totam quasi vitae deleniti. Doloremque est qui iusto voluptas nam dolorem. Eligendi voluptate exercitationem veritatis amet repellat natus sint sit.","French Guiana","","Turnerberg","38686-3432","../fixtures/female6.jpg","../fixtures/female4.jpg","../fixtures/female1.jpg","../fixtures/female1.jpg","../fixtures/female1.jpg","29","3787c9c30627258081d88e6c8c61be86","1997-10-24 16:20:49","0","0","2003-10-30 08:02:45","1984-12-29 14:34:15");
INSERT INTO user_tag (user_id, tag_id) VALUES ("476","4");
INSERT INTO user_tag (user_id, tag_id) VALUES ("476","9");
INSERT INTO user_tag (user_id, tag_id) VALUES ("476","7");
INSERT INTO user_tag (user_id, tag_id) VALUES ("476","48");
INSERT INTO user_tag (user_id, tag_id) VALUES ("476","11");
INSERT INTO user_tag (user_id, tag_id) VALUES ("476","1");
INSERT INTO user_tag (user_id, tag_id) VALUES ("476","28");
INSERT INTO user_tag (user_id, tag_id) VALUES ("476","39");
INSERT INTO user_tag (user_id, tag_id) VALUES ("476","19");
INSERT INTO user_tag (user_id, tag_id) VALUES ("476","46");
INSERT INTO user_tag (user_id, tag_id) VALUES ("476","25");
INSERT INTO user_tag (user_id, tag_id) VALUES ("476","15");
INSERT INTO user_tag (user_id, tag_id) VALUES ("476","32");

INSERT INTO connected (user_id, connect_date) VALUES ("476","2017-11-11 09:34:34");
INSERT INTO likes (like_id, liked_id, like_date) VALUES ("125","476","2017-02-20 01:51:18");
INSERT INTO likes (like_id, liked_id, like_date) VALUES ("100","476","2017-12-31 19:01:59");
INSERT INTO likes (like_id, liked_id, like_date) VALUES ("101","476","2017-09-12 23:54:58");
INSERT INTO likes (like_id, liked_id, like_date) VALUES ("286","476","2018-02-05 12:51:24");
INSERT INTO likes (like_id, liked_id, like_date) VALUES ("297","476","2017-02-25 00:37:38");
INSERT INTO likes (like_id, liked_id, like_date) VALUES ("476","476","2018-01-01 14:43:08");
INSERT INTO likes (like_id, liked_id, like_date) VALUES ("482","476","2017-12-24 05:49:27");
INSERT INTO likes (like_id, liked_id, like_date) VALUES ("198","476","2017-03-27 01:49:03");
INSERT INTO likes (like_id, liked_id, like_date) VALUES ("104","476","2017-04-06 03:00:10");
INSERT INTO views (viewer_id, viewed_id, view_date) VALUES ("167","476","2017-08-29 05:06:42");
INSERT INTO views (viewer_id, viewed_id, view_date) VALUES ("125","476","2017-08-10 14:00:33");
INSERT INTO views (viewer_id, viewed_id, view_date) VALUES ("185","476","2017-08-20 08:15:27");
INSERT INTO views (viewer_id, viewed_id, view_date) VALUES ("493","476","2017-07-14 23:42:32");
INSERT INTO views (viewer_id, viewed_id, view_date) VALUES ("360","476","2017-12-22 15:29:29");
INSERT INTO views (viewer_id, viewed_id, view_date) VALUES ("398","476","2017-10-30 07:29:19");
INSERT INTO views (viewer_id, viewed_id, view_date) VALUES ("57","476","2018-01-11 13:29:14");
INSERT INTO views (viewer_id, viewed_id, view_date) VALUES ("233","476","2017-11-15 20:40:16");


INSERT INTO user (id, first_name, last_name, username, email, password, birthdate, gender, orientation, bio, country, state, city, zip, file_1, file_2, file_3, file_4, file_5, score, token, token_date, active, register, created_at, updated_at) VALUES ("477","Emile","Donnelly","wilmer18","qkiehn@yahoo.com","$2y$10$tHwsBE6/t88WBlMJEGyEWOS5WhidTcHnQT92NjHK09JzJQbsbGbPS","1953-03-07 08:10:53","2","3","Assumenda impedit quod tempore impedit consequuntur aut. Fuga nihil iste eaque est. Et consequatur consequatur ab aut tenetur ut ut saepe. Iure fugiat occaecati voluptates qui. Qui dignissimos praesentium assumenda delectus.","Lao People's Democratic Republic","","Dibberthaven","15824","../fixtures/female5.jpg","../fixtures/female1.jpg","../fixtures/female1.jpg","../fixtures/female2.jpg","","92","dd83d1bd7b64550490068b26c2893ac1","1982-10-31 23:44:58","1","0","2010-02-24 21:19:44","1988-04-16 12:54:17");
INSERT INTO user_tag (user_id, tag_id) VALUES ("477","45");

INSERT INTO connected (user_id, connect_date) VALUES ("477","2017-03-13 01:47:04");
INSERT INTO likes (like_id, liked_id, like_date) VALUES ("236","477","2017-06-02 01:29:52");
INSERT INTO likes (like_id, liked_id, like_date) VALUES ("454","477","2018-01-19 15:21:00");
INSERT INTO likes (like_id, liked_id, like_date) VALUES ("90","477","2017-10-15 01:13:49");
INSERT INTO likes (like_id, liked_id, like_date) VALUES ("344","477","2017-06-07 03:07:33");
INSERT INTO likes (like_id, liked_id, like_date) VALUES ("418","477","2017-04-08 03:44:30");
INSERT INTO likes (like_id, liked_id, like_date) VALUES ("55","477","2017-11-12 03:59:25");
INSERT INTO likes (like_id, liked_id, like_date) VALUES ("431","477","2017-12-13 03:01:32");
INSERT INTO likes (like_id, liked_id, like_date) VALUES ("43","477","2017-02-28 03:52:06");
INSERT INTO likes (like_id, liked_id, like_date) VALUES ("32","477","2017-03-30 17:10:01");
INSERT INTO likes (like_id, liked_id, like_date) VALUES ("375","477","2017-10-18 10:22:36");
INSERT INTO likes (like_id, liked_id, like_date) VALUES ("46","477","2017-09-26 02:53:51");
INSERT INTO likes (like_id, liked_id, like_date) VALUES ("95","477","2017-07-17 07:30:12");
INSERT INTO likes (like_id, liked_id, like_date) VALUES ("283","477","2017-09-20 01:00:58");
INSERT INTO likes (like_id, liked_id, like_date) VALUES ("309","477","2018-01-06 09:48:56");
INSERT INTO likes (like_id, liked_id, like_date) VALUES ("392","477","2017-12-23 14:17:45");
INSERT INTO likes (like_id, liked_id, like_date) VALUES ("24","477","2017-08-15 22:53:13");
INSERT INTO likes (like_id, liked_id, like_date) VALUES ("374","477","2017-10-04 04:37:40");
INSERT INTO views (viewer_id, viewed_id, view_date) VALUES ("181","477","2017-09-27 00:18:45");
INSERT INTO views (viewer_id, viewed_id, view_date) VALUES ("59","477","2017-12-09 23:56:48");
INSERT INTO views (viewer_id, viewed_id, view_date) VALUES ("22","477","2017-05-06 14:41:16");
INSERT INTO views (viewer_id, viewed_id, view_date) VALUES ("100","477","2017-07-29 22:48:48");
INSERT INTO views (viewer_id, viewed_id, view_date) VALUES ("418","477","2017-09-14 04:33:41");
INSERT INTO views (viewer_id, viewed_id, view_date) VALUES ("95","477","2017-10-31 15:16:18");
INSERT INTO views (viewer_id, viewed_id, view_date) VALUES ("474","477","2017-06-05 12:24:49");
INSERT INTO views (viewer_id, viewed_id, view_date) VALUES ("142","477","2017-06-07 16:18:39");
INSERT INTO views (viewer_id, viewed_id, view_date) VALUES ("110","477","2017-05-25 07:18:29");
INSERT INTO views (viewer_id, viewed_id, view_date) VALUES ("231","477","2017-06-23 09:32:37");
INSERT INTO views (viewer_id, viewed_id, view_date) VALUES ("162","477","2017-03-03 11:17:49");
INSERT INTO views (viewer_id, viewed_id, view_date) VALUES ("33","477","2017-05-08 02:30:35");
INSERT INTO views (viewer_id, viewed_id, view_date) VALUES ("282","477","2017-06-09 22:01:17");
INSERT INTO views (viewer_id, viewed_id, view_date) VALUES ("197","477","2017-10-04 13:12:43");
INSERT INTO views (viewer_id, viewed_id, view_date) VALUES ("147","477","2017-08-18 06:00:25");
INSERT INTO views (viewer_id, viewed_id, view_date) VALUES ("37","477","2017-12-17 19:13:50");
INSERT INTO views (viewer_id, viewed_id, view_date) VALUES ("286","477","2017-11-23 00:41:41");
INSERT INTO views (viewer_id, viewed_id, view_date) VALUES ("278","477","2017-09-28 06:38:43");
INSERT INTO views (viewer_id, viewed_id, view_date) VALUES ("260","477","2017-07-05 09:49:46");
INSERT INTO views (viewer_id, viewed_id, view_date) VALUES ("154","477","2017-11-21 00:43:29");
INSERT INTO views (viewer_id, viewed_id, view_date) VALUES ("4","477","2017-08-17 00:31:49");


INSERT INTO user (id, first_name, last_name, username, email, password, birthdate, gender, orientation, bio, country, state, city, zip, file_1, file_2, file_3, file_4, file_5, score, token, token_date, active, register, created_at, updated_at) VALUES ("478","Kip","Considine","jhermiston","mcclure.lilla@yahoo.com","$2y$10$MBPrNQfFUKQj1cElNfV8QOk.QKf2D/lhuRmpQ5NGyoI..c.emcjJq","1973-05-01 05:34:25","2","2","Necessitatibus eligendi quisquam reprehenderit veritatis accusantium. Mollitia culpa earum omnis omnis reiciendis. Sequi rerum maiores repellendus et et. Harum nostrum alias dolorem magnam iusto. Sequi ut soluta voluptatem et aperiam non.","Serbia","","New Ashley","17516","../fixtures/female4.jpg","","","","","36","4f15b2c6a0354b5f8e3e935a513af027","1975-05-10 15:08:35","1","0","1972-05-01 23:45:55","1984-05-24 09:23:33");
INSERT INTO user_tag (user_id, tag_id) VALUES ("478","35");
INSERT INTO user_tag (user_id, tag_id) VALUES ("478","47");
INSERT INTO user_tag (user_id, tag_id) VALUES ("478","40");
INSERT INTO user_tag (user_id, tag_id) VALUES ("478","21");
INSERT INTO user_tag (user_id, tag_id) VALUES ("478","47");
INSERT INTO user_tag (user_id, tag_id) VALUES ("478","9");

INSERT INTO connected (user_id, connect_date) VALUES ("478","2017-12-13 20:15:16");
INSERT INTO likes (like_id, liked_id, like_date) VALUES ("118","478","2017-12-11 21:32:10");
INSERT INTO likes (like_id, liked_id, like_date) VALUES ("4","478","2017-03-10 05:34:44");
INSERT INTO likes (like_id, liked_id, like_date) VALUES ("296","478","2017-05-20 03:48:59");
INSERT INTO likes (like_id, liked_id, like_date) VALUES ("53","478","2017-08-30 07:27:56");
INSERT INTO likes (like_id, liked_id, like_date) VALUES ("100","478","2017-04-11 23:25:02");
INSERT INTO likes (like_id, liked_id, like_date) VALUES ("349","478","2017-05-15 08:23:12");
INSERT INTO views (viewer_id, viewed_id, view_date) VALUES ("392","478","2017-06-10 10:53:12");
INSERT INTO views (viewer_id, viewed_id, view_date) VALUES ("82","478","2017-02-16 09:32:21");
INSERT INTO views (viewer_id, viewed_id, view_date) VALUES ("24","478","2017-05-15 13:04:19");
INSERT INTO views (viewer_id, viewed_id, view_date) VALUES ("470","478","2017-12-20 16:39:07");
INSERT INTO views (viewer_id, viewed_id, view_date) VALUES ("197","478","2017-12-08 17:15:06");
INSERT INTO views (viewer_id, viewed_id, view_date) VALUES ("179","478","2018-01-30 22:56:37");
INSERT INTO views (viewer_id, viewed_id, view_date) VALUES ("184","478","2018-01-26 04:12:49");
INSERT INTO views (viewer_id, viewed_id, view_date) VALUES ("143","478","2017-06-30 09:22:30");
INSERT INTO views (viewer_id, viewed_id, view_date) VALUES ("105","478","2017-08-17 08:55:05");
INSERT INTO views (viewer_id, viewed_id, view_date) VALUES ("391","478","2017-03-30 02:57:33");
INSERT INTO views (viewer_id, viewed_id, view_date) VALUES ("234","478","2017-11-04 23:22:59");
INSERT INTO views (viewer_id, viewed_id, view_date) VALUES ("310","478","2017-11-28 21:32:43");
INSERT INTO views (viewer_id, viewed_id, view_date) VALUES ("469","478","2017-08-25 05:46:17");
INSERT INTO views (viewer_id, viewed_id, view_date) VALUES ("499","478","2017-05-01 05:36:44");
INSERT INTO views (viewer_id, viewed_id, view_date) VALUES ("91","478","2018-01-26 00:06:58");
INSERT INTO views (viewer_id, viewed_id, view_date) VALUES ("393","478","2017-04-13 13:59:31");
INSERT INTO views (viewer_id, viewed_id, view_date) VALUES ("250","478","2017-05-12 02:05:00");
INSERT INTO views (viewer_id, viewed_id, view_date) VALUES ("482","478","2017-07-09 09:06:41");


INSERT INTO user (id, first_name, last_name, username, email, password, birthdate, gender, orientation, bio, country, state, city, zip, file_1, file_2, file_3, file_4, file_5, score, token, token_date, active, register, created_at, updated_at) VALUES ("479","Marvin","Witting","starkcassie","pollich.heaven@stamm.com","$2y$10$susmSuESQ5nd93Yetlfb/./2sVooBr4MkCKLoUmb0ldd7cY7XBDTq","1952-07-12 06:47:36","1","2","Ab omnis dolorum et inventore repellat. Occaecati aspernatur ducimus sunt est nemo temporibus modi. Voluptates sequi autem aperiam minima.","Moldova","","Loybury","85033-4188","../fixtures/male1.jpg","../fixtures/male3.jpg","","","","80","75ddb3fa48ba1f6053fbd4139430b4a6","2000-09-24 14:33:01","1","0","1985-12-24 17:16:59","1997-05-17 05:44:50");
INSERT INTO user_tag (user_id, tag_id) VALUES ("479","39");
INSERT INTO user_tag (user_id, tag_id) VALUES ("479","30");
INSERT INTO user_tag (user_id, tag_id) VALUES ("479","33");
INSERT INTO user_tag (user_id, tag_id) VALUES ("479","9");
INSERT INTO user_tag (user_id, tag_id) VALUES ("479","19");
INSERT INTO user_tag (user_id, tag_id) VALUES ("479","2");
INSERT INTO user_tag (user_id, tag_id) VALUES ("479","2");

INSERT INTO connected (user_id, connect_date) VALUES ("479","2018-01-23 21:22:14");
INSERT INTO likes (like_id, liked_id, like_date) VALUES ("202","479","2017-07-01 07:29:10");
INSERT INTO likes (like_id, liked_id, like_date) VALUES ("208","479","2017-09-03 04:41:09");
INSERT INTO likes (like_id, liked_id, like_date) VALUES ("29","479","2018-01-11 14:53:42");
INSERT INTO likes (like_id, liked_id, like_date) VALUES ("203","479","2017-09-09 15:27:34");
INSERT INTO likes (like_id, liked_id, like_date) VALUES ("393","479","2017-03-10 22:34:36");
INSERT INTO likes (like_id, liked_id, like_date) VALUES ("63","479","2017-07-01 03:12:56");
INSERT INTO likes (like_id, liked_id, like_date) VALUES ("162","479","2017-11-12 11:42:37");
INSERT INTO likes (like_id, liked_id, like_date) VALUES ("378","479","2017-11-12 11:47:30");
INSERT INTO likes (like_id, liked_id, like_date) VALUES ("303","479","2017-08-24 05:00:41");
INSERT INTO likes (like_id, liked_id, like_date) VALUES ("285","479","2017-04-20 03:53:09");
INSERT INTO likes (like_id, liked_id, like_date) VALUES ("286","479","2018-01-04 21:47:04");
INSERT INTO likes (like_id, liked_id, like_date) VALUES ("407","479","2017-04-25 21:08:03");
INSERT INTO likes (like_id, liked_id, like_date) VALUES ("471","479","2018-01-29 00:32:10");
INSERT INTO views (viewer_id, viewed_id, view_date) VALUES ("465","479","2017-10-19 08:15:03");
INSERT INTO views (viewer_id, viewed_id, view_date) VALUES ("19","479","2017-08-03 11:57:22");
INSERT INTO views (viewer_id, viewed_id, view_date) VALUES ("388","479","2017-11-02 10:22:25");
INSERT INTO views (viewer_id, viewed_id, view_date) VALUES ("22","479","2017-10-16 08:02:19");
INSERT INTO views (viewer_id, viewed_id, view_date) VALUES ("6","479","2017-11-05 01:33:37");
INSERT INTO views (viewer_id, viewed_id, view_date) VALUES ("432","479","2017-06-09 17:13:39");
INSERT INTO views (viewer_id, viewed_id, view_date) VALUES ("301","479","2018-01-22 17:54:04");
INSERT INTO views (viewer_id, viewed_id, view_date) VALUES ("371","479","2017-08-04 11:12:32");
INSERT INTO views (viewer_id, viewed_id, view_date) VALUES ("71","479","2017-05-02 09:39:40");
INSERT INTO views (viewer_id, viewed_id, view_date) VALUES ("119","479","2017-03-04 02:26:25");
INSERT INTO views (viewer_id, viewed_id, view_date) VALUES ("104","479","2017-06-25 10:12:39");
INSERT INTO views (viewer_id, viewed_id, view_date) VALUES ("47","479","2017-04-06 09:57:50");
INSERT INTO views (viewer_id, viewed_id, view_date) VALUES ("167","479","2017-08-17 01:17:02");
INSERT INTO views (viewer_id, viewed_id, view_date) VALUES ("96","479","2017-10-27 16:40:28");


INSERT INTO user (id, first_name, last_name, username, email, password, birthdate, gender, orientation, bio, country, state, city, zip, file_1, file_2, file_3, file_4, file_5, score, token, token_date, active, register, created_at, updated_at) VALUES ("480","Jarod","Rutherford","lurline65","yoshiko62@tremblay.info","$2y$10$48.tyNf46YNhbZpLREgBe.5Eynb6UG7mOXi/Dpn0NuHtZrBOaY0Te","1982-08-23 11:38:26","2","2","Magnam consequatur molestiae perferendis eos molestiae. Aut laborum eum aut repudiandae quia est.","Burkina Faso","","Cristopherburgh","10832-8813","../fixtures/female6.jpg","../fixtures/female2.jpg","../fixtures/female1.jpg","../fixtures/female3.jpg","","63","b3d030b6de3ac0b39eec273dcd3595ab","1981-01-10 13:44:18","0","0","1978-02-07 12:58:04","1974-05-10 15:15:17");
INSERT INTO user_tag (user_id, tag_id) VALUES ("480","24");
INSERT INTO user_tag (user_id, tag_id) VALUES ("480","34");
INSERT INTO user_tag (user_id, tag_id) VALUES ("480","37");

INSERT INTO connected (user_id, connect_date) VALUES ("480","2017-12-30 16:24:06");
INSERT INTO likes (like_id, liked_id, like_date) VALUES ("464","480","2017-04-29 04:35:49");
INSERT INTO likes (like_id, liked_id, like_date) VALUES ("248","480","2017-04-07 18:09:53");
INSERT INTO likes (like_id, liked_id, like_date) VALUES ("432","480","2018-02-14 23:23:17");
INSERT INTO likes (like_id, liked_id, like_date) VALUES ("76","480","2017-05-14 02:24:44");
INSERT INTO likes (like_id, liked_id, like_date) VALUES ("103","480","2017-08-29 14:42:47");
INSERT INTO likes (like_id, liked_id, like_date) VALUES ("272","480","2017-03-29 21:07:54");
INSERT INTO likes (like_id, liked_id, like_date) VALUES ("430","480","2017-11-15 23:25:50");
INSERT INTO likes (like_id, liked_id, like_date) VALUES ("220","480","2017-08-06 18:36:51");
INSERT INTO views (viewer_id, viewed_id, view_date) VALUES ("82","480","2018-02-12 04:53:47");
INSERT INTO views (viewer_id, viewed_id, view_date) VALUES ("221","480","2017-06-28 16:14:38");
INSERT INTO views (viewer_id, viewed_id, view_date) VALUES ("437","480","2017-05-14 07:23:15");
INSERT INTO views (viewer_id, viewed_id, view_date) VALUES ("413","480","2017-12-25 00:04:08");
INSERT INTO views (viewer_id, viewed_id, view_date) VALUES ("355","480","2017-04-19 17:22:34");
INSERT INTO views (viewer_id, viewed_id, view_date) VALUES ("57","480","2017-04-05 16:50:27");
INSERT INTO views (viewer_id, viewed_id, view_date) VALUES ("14","480","2017-09-26 00:55:48");
INSERT INTO views (viewer_id, viewed_id, view_date) VALUES ("251","480","2017-03-14 15:27:52");
INSERT INTO views (viewer_id, viewed_id, view_date) VALUES ("296","480","2017-10-16 10:26:56");
INSERT INTO views (viewer_id, viewed_id, view_date) VALUES ("271","480","2017-07-10 23:06:35");
INSERT INTO views (viewer_id, viewed_id, view_date) VALUES ("142","480","2017-10-05 02:18:07");
INSERT INTO views (viewer_id, viewed_id, view_date) VALUES ("346","480","2017-12-29 03:36:37");
INSERT INTO views (viewer_id, viewed_id, view_date) VALUES ("295","480","2017-10-05 19:48:44");
INSERT INTO views (viewer_id, viewed_id, view_date) VALUES ("463","480","2017-06-15 00:30:45");
INSERT INTO views (viewer_id, viewed_id, view_date) VALUES ("206","480","2018-01-12 16:57:46");
INSERT INTO views (viewer_id, viewed_id, view_date) VALUES ("7","480","2017-07-12 19:45:21");
INSERT INTO views (viewer_id, viewed_id, view_date) VALUES ("243","480","2017-12-04 21:51:33");
INSERT INTO views (viewer_id, viewed_id, view_date) VALUES ("224","480","2017-11-17 11:34:23");
INSERT INTO views (viewer_id, viewed_id, view_date) VALUES ("422","480","2017-09-19 03:06:31");


INSERT INTO user (id, first_name, last_name, username, email, password, birthdate, gender, orientation, bio, country, state, city, zip, file_1, file_2, file_3, file_4, file_5, score, token, token_date, active, register, created_at, updated_at) VALUES ("481","George","Crooks","wwiegand","schmidt.naomie@okon.info","$2y$10$TwIXEpTDQnSRBYxxUb0bquleBqfObe8Z6OKu5z36glemUEJh6VhTq","1982-12-20 01:41:53","1","3","Odit ducimus ea sed. Sapiente deserunt aut non quae voluptatem quaerat veritatis dolores. Inventore iste unde impedit consectetur. Voluptas labore sit est tempore nostrum quis. Qui velit alias alias qui ut sed nobis.","Hong Kong","","East Jalonfort","48338-4203","../fixtures/male6.jpg","../fixtures/male8.jpg","","","","30","849a1b5c270992cd5ee8dbe7119295dc","1989-12-26 02:33:01","1","0","2005-02-04 06:13:32","1988-08-31 15:18:40");
INSERT INTO user_tag (user_id, tag_id) VALUES ("481","37");
INSERT INTO user_tag (user_id, tag_id) VALUES ("481","44");
INSERT INTO user_tag (user_id, tag_id) VALUES ("481","3");
INSERT INTO user_tag (user_id, tag_id) VALUES ("481","33");
INSERT INTO user_tag (user_id, tag_id) VALUES ("481","2");
INSERT INTO user_tag (user_id, tag_id) VALUES ("481","1");
INSERT INTO user_tag (user_id, tag_id) VALUES ("481","17");
INSERT INTO user_tag (user_id, tag_id) VALUES ("481","26");
INSERT INTO user_tag (user_id, tag_id) VALUES ("481","44");
INSERT INTO user_tag (user_id, tag_id) VALUES ("481","50");
INSERT INTO user_tag (user_id, tag_id) VALUES ("481","7");
INSERT INTO user_tag (user_id, tag_id) VALUES ("481","46");
INSERT INTO user_tag (user_id, tag_id) VALUES ("481","50");
INSERT INTO user_tag (user_id, tag_id) VALUES ("481","29");

INSERT INTO connected (user_id, connect_date) VALUES ("481","2017-09-09 02:08:08");
INSERT INTO likes (like_id, liked_id, like_date) VALUES ("284","481","2017-08-03 10:08:53");
INSERT INTO likes (like_id, liked_id, like_date) VALUES ("85","481","2017-03-19 14:40:58");
INSERT INTO likes (like_id, liked_id, like_date) VALUES ("373","481","2017-12-11 16:24:36");
INSERT INTO views (viewer_id, viewed_id, view_date) VALUES ("491","481","2017-02-24 01:40:16");
INSERT INTO views (viewer_id, viewed_id, view_date) VALUES ("323","481","2017-11-21 08:19:26");
INSERT INTO views (viewer_id, viewed_id, view_date) VALUES ("293","481","2017-03-17 00:52:41");
INSERT INTO views (viewer_id, viewed_id, view_date) VALUES ("421","481","2018-02-09 08:06:09");
INSERT INTO views (viewer_id, viewed_id, view_date) VALUES ("150","481","2017-11-02 03:29:12");


INSERT INTO user (id, first_name, last_name, username, email, password, birthdate, gender, orientation, bio, country, state, city, zip, file_1, file_2, file_3, file_4, file_5, score, token, token_date, active, register, created_at, updated_at) VALUES ("482","Meghan","Stokes","hammesmagnolia","gulgowski.nicolette@gmail.com","$2y$10$NW9MjNDAgeKmJu8kpxYjyOsqIs99.RJyIk8ZcX4fq7c4itMBIoo3W","1960-06-12 01:36:05","1","1","Enim possimus suscipit omnis eos sint. Tempora sunt praesentium voluptatibus labore ex. Illo eum ipsum inventore ab repellat facere.","Syrian Arab Republic","","Jonesville","52399-8156","../fixtures/male8.jpg","../fixtures/male9.jpg","","","","14","ab1c6b57333316da3c3bef9a07e84153","1999-12-27 22:28:56","1","0","1979-11-23 08:18:17","1999-11-12 02:37:08");
INSERT INTO user_tag (user_id, tag_id) VALUES ("482","44");
INSERT INTO user_tag (user_id, tag_id) VALUES ("482","49");

INSERT INTO connected (user_id, connect_date) VALUES ("482","2017-11-18 06:09:53");
INSERT INTO likes (like_id, liked_id, like_date) VALUES ("469","482","2017-03-31 17:40:42");
INSERT INTO views (viewer_id, viewed_id, view_date) VALUES ("388","482","2017-02-22 19:13:06");
INSERT INTO views (viewer_id, viewed_id, view_date) VALUES ("119","482","2017-10-15 13:13:34");
INSERT INTO views (viewer_id, viewed_id, view_date) VALUES ("275","482","2017-04-16 06:17:15");
INSERT INTO views (viewer_id, viewed_id, view_date) VALUES ("169","482","2017-04-25 03:47:31");
INSERT INTO views (viewer_id, viewed_id, view_date) VALUES ("145","482","2018-01-14 07:31:17");
INSERT INTO views (viewer_id, viewed_id, view_date) VALUES ("431","482","2017-11-15 02:12:36");
INSERT INTO views (viewer_id, viewed_id, view_date) VALUES ("469","482","2017-07-02 17:20:39");
INSERT INTO views (viewer_id, viewed_id, view_date) VALUES ("272","482","2017-05-04 21:28:08");
INSERT INTO views (viewer_id, viewed_id, view_date) VALUES ("282","482","2017-07-07 14:31:14");
INSERT INTO views (viewer_id, viewed_id, view_date) VALUES ("382","482","2017-05-23 02:43:52");
INSERT INTO views (viewer_id, viewed_id, view_date) VALUES ("36","482","2017-04-04 19:33:03");
INSERT INTO views (viewer_id, viewed_id, view_date) VALUES ("267","482","2018-01-18 01:20:56");
INSERT INTO views (viewer_id, viewed_id, view_date) VALUES ("105","482","2017-12-15 09:06:01");
INSERT INTO views (viewer_id, viewed_id, view_date) VALUES ("32","482","2017-12-07 06:09:48");
INSERT INTO views (viewer_id, viewed_id, view_date) VALUES ("217","482","2017-06-29 06:27:00");
INSERT INTO views (viewer_id, viewed_id, view_date) VALUES ("331","482","2017-09-13 10:24:04");
INSERT INTO views (viewer_id, viewed_id, view_date) VALUES ("217","482","2017-07-05 00:11:38");
INSERT INTO views (viewer_id, viewed_id, view_date) VALUES ("150","482","2017-03-28 20:37:42");
INSERT INTO views (viewer_id, viewed_id, view_date) VALUES ("384","482","2018-01-30 18:54:25");
INSERT INTO views (viewer_id, viewed_id, view_date) VALUES ("53","482","2017-05-26 15:34:42");
INSERT INTO views (viewer_id, viewed_id, view_date) VALUES ("347","482","2017-02-26 11:01:14");
INSERT INTO views (viewer_id, viewed_id, view_date) VALUES ("173","482","2017-08-11 16:36:16");
INSERT INTO views (viewer_id, viewed_id, view_date) VALUES ("483","482","2017-11-02 06:49:32");
INSERT INTO views (viewer_id, viewed_id, view_date) VALUES ("187","482","2017-02-15 19:17:43");
INSERT INTO views (viewer_id, viewed_id, view_date) VALUES ("79","482","2017-03-06 16:27:43");
INSERT INTO views (viewer_id, viewed_id, view_date) VALUES ("233","482","2017-11-22 09:36:24");
INSERT INTO views (viewer_id, viewed_id, view_date) VALUES ("281","482","2018-01-03 05:21:56");
INSERT INTO views (viewer_id, viewed_id, view_date) VALUES ("424","482","2017-10-07 01:28:10");
INSERT INTO views (viewer_id, viewed_id, view_date) VALUES ("366","482","2017-11-18 14:59:41");
INSERT INTO views (viewer_id, viewed_id, view_date) VALUES ("348","482","2017-06-15 22:25:16");
INSERT INTO views (viewer_id, viewed_id, view_date) VALUES ("214","482","2018-01-30 01:46:55");
INSERT INTO views (viewer_id, viewed_id, view_date) VALUES ("139","482","2017-08-26 02:19:25");
INSERT INTO views (viewer_id, viewed_id, view_date) VALUES ("63","482","2017-11-20 23:22:17");
INSERT INTO views (viewer_id, viewed_id, view_date) VALUES ("37","482","2017-05-17 01:53:30");
INSERT INTO views (viewer_id, viewed_id, view_date) VALUES ("78","482","2017-09-22 01:52:54");
INSERT INTO views (viewer_id, viewed_id, view_date) VALUES ("451","482","2017-09-18 04:09:23");
INSERT INTO views (viewer_id, viewed_id, view_date) VALUES ("392","482","2017-10-24 14:49:36");
INSERT INTO views (viewer_id, viewed_id, view_date) VALUES ("347","482","2017-05-01 14:06:00");
INSERT INTO views (viewer_id, viewed_id, view_date) VALUES ("460","482","2017-08-23 09:54:09");


INSERT INTO user (id, first_name, last_name, username, email, password, birthdate, gender, orientation, bio, country, state, city, zip, file_1, file_2, file_3, file_4, file_5, score, token, token_date, active, register, created_at, updated_at) VALUES ("483","Alverta","Orn","kevon98","flueilwitz@murphy.info","$2y$10$EKsVWgipdBImH.vLOyl7J.mnOk1q1kmQzsHyXFm5Eqx7tqKXdZsvW","1977-12-15 15:55:07","2","1","Est nihil veniam odit aperiam. Qui est voluptates facilis rerum facilis ipsam voluptates. Quam dicta ab sed voluptas. Ut vitae qui ex omnis incidunt hic.","Falkland Islands (Malvinas)","","Port Vedafort","17493-6907","../fixtures/female6.jpg","../fixtures/female2.jpg","","","","12","5f1a474defbafa3b154fc0012eed49c0","1982-05-27 10:36:35","0","0","2010-03-22 10:56:44","1996-09-15 07:38:20");
INSERT INTO user_tag (user_id, tag_id) VALUES ("483","7");
INSERT INTO user_tag (user_id, tag_id) VALUES ("483","43");
INSERT INTO user_tag (user_id, tag_id) VALUES ("483","9");
INSERT INTO user_tag (user_id, tag_id) VALUES ("483","41");
INSERT INTO user_tag (user_id, tag_id) VALUES ("483","21");
INSERT INTO user_tag (user_id, tag_id) VALUES ("483","49");
INSERT INTO user_tag (user_id, tag_id) VALUES ("483","34");
INSERT INTO user_tag (user_id, tag_id) VALUES ("483","34");
INSERT INTO user_tag (user_id, tag_id) VALUES ("483","8");
INSERT INTO user_tag (user_id, tag_id) VALUES ("483","50");

INSERT INTO connected (user_id, connect_date) VALUES ("483","2017-04-03 17:31:06");
INSERT INTO likes (like_id, liked_id, like_date) VALUES ("125","483","2017-08-27 15:23:38");
INSERT INTO likes (like_id, liked_id, like_date) VALUES ("454","483","2017-02-23 09:41:24");
INSERT INTO views (viewer_id, viewed_id, view_date) VALUES ("131","483","2017-07-16 01:54:31");
INSERT INTO views (viewer_id, viewed_id, view_date) VALUES ("388","483","2017-05-29 02:31:36");
INSERT INTO views (viewer_id, viewed_id, view_date) VALUES ("330","483","2017-08-05 01:43:43");
INSERT INTO views (viewer_id, viewed_id, view_date) VALUES ("493","483","2017-09-29 14:27:22");
INSERT INTO views (viewer_id, viewed_id, view_date) VALUES ("404","483","2017-04-03 17:04:52");
INSERT INTO views (viewer_id, viewed_id, view_date) VALUES ("27","483","2017-11-21 16:23:17");
INSERT INTO views (viewer_id, viewed_id, view_date) VALUES ("467","483","2017-10-21 23:23:33");
INSERT INTO views (viewer_id, viewed_id, view_date) VALUES ("17","483","2017-10-27 23:45:32");
INSERT INTO views (viewer_id, viewed_id, view_date) VALUES ("325","483","2017-03-20 11:15:41");
INSERT INTO views (viewer_id, viewed_id, view_date) VALUES ("466","483","2017-05-15 03:50:10");
INSERT INTO views (viewer_id, viewed_id, view_date) VALUES ("449","483","2018-02-05 04:17:51");
INSERT INTO views (viewer_id, viewed_id, view_date) VALUES ("284","483","2018-01-19 12:25:50");
INSERT INTO views (viewer_id, viewed_id, view_date) VALUES ("88","483","2017-03-24 03:47:14");
INSERT INTO views (viewer_id, viewed_id, view_date) VALUES ("78","483","2017-07-13 23:07:45");
INSERT INTO views (viewer_id, viewed_id, view_date) VALUES ("348","483","2017-08-27 10:06:53");
INSERT INTO views (viewer_id, viewed_id, view_date) VALUES ("477","483","2017-05-23 11:33:11");
INSERT INTO views (viewer_id, viewed_id, view_date) VALUES ("441","483","2017-04-23 07:50:13");
INSERT INTO views (viewer_id, viewed_id, view_date) VALUES ("451","483","2017-06-10 22:16:01");
INSERT INTO views (viewer_id, viewed_id, view_date) VALUES ("382","483","2017-08-21 01:10:38");
INSERT INTO views (viewer_id, viewed_id, view_date) VALUES ("106","483","2018-01-19 22:22:09");
INSERT INTO views (viewer_id, viewed_id, view_date) VALUES ("162","483","2017-07-06 02:13:13");
INSERT INTO views (viewer_id, viewed_id, view_date) VALUES ("445","483","2017-03-10 16:16:05");
INSERT INTO views (viewer_id, viewed_id, view_date) VALUES ("414","483","2018-01-23 20:55:00");
INSERT INTO views (viewer_id, viewed_id, view_date) VALUES ("216","483","2018-02-13 08:33:04");
INSERT INTO views (viewer_id, viewed_id, view_date) VALUES ("248","483","2017-03-12 22:12:07");
INSERT INTO views (viewer_id, viewed_id, view_date) VALUES ("178","483","2017-04-05 03:17:36");
INSERT INTO views (viewer_id, viewed_id, view_date) VALUES ("31","483","2018-01-11 12:08:22");
INSERT INTO views (viewer_id, viewed_id, view_date) VALUES ("472","483","2017-08-23 14:17:10");
INSERT INTO views (viewer_id, viewed_id, view_date) VALUES ("312","483","2017-08-12 12:38:21");
INSERT INTO views (viewer_id, viewed_id, view_date) VALUES ("253","483","2017-11-27 01:20:29");


INSERT INTO user (id, first_name, last_name, username, email, password, birthdate, gender, orientation, bio, country, state, city, zip, file_1, file_2, file_3, file_4, file_5, score, token, token_date, active, register, created_at, updated_at) VALUES ("484","William","Schulist","abdul58","sage.ziemann@fay.com","$2y$10$wPyslo4g.Dr0NXV1oLlD/uWNGXokJ5e51GEyPitR6JTmyKbxzErTe","1966-03-06 20:34:21","1","1","Incidunt excepturi deleniti quas corporis commodi. Id ipsa eveniet ducimus dolor ut officia alias minima. Non et omnis soluta. Ut ipsa dolore aut labore.","South Georgia and the South Sandwich Islands","","New Rodgerton","12189","../fixtures/male1.jpg","../fixtures/male10.jpg","../fixtures/male9.jpg","","","60","05bfa85dce03417479f97b0e1331df3b","2002-11-13 12:39:15","1","1","1991-10-23 07:45:39","1993-08-05 12:55:16");
INSERT INTO user_tag (user_id, tag_id) VALUES ("484","21");
INSERT INTO user_tag (user_id, tag_id) VALUES ("484","50");
INSERT INTO user_tag (user_id, tag_id) VALUES ("484","25");
INSERT INTO user_tag (user_id, tag_id) VALUES ("484","24");
INSERT INTO user_tag (user_id, tag_id) VALUES ("484","29");
INSERT INTO user_tag (user_id, tag_id) VALUES ("484","23");
INSERT INTO user_tag (user_id, tag_id) VALUES ("484","3");
INSERT INTO user_tag (user_id, tag_id) VALUES ("484","50");
INSERT INTO user_tag (user_id, tag_id) VALUES ("484","48");
INSERT INTO user_tag (user_id, tag_id) VALUES ("484","2");

INSERT INTO connected (user_id, connect_date) VALUES ("484","2017-05-08 16:20:41");
INSERT INTO likes (like_id, liked_id, like_date) VALUES ("423","484","2017-08-09 15:10:49");
INSERT INTO likes (like_id, liked_id, like_date) VALUES ("261","484","2017-08-28 10:58:19");
INSERT INTO likes (like_id, liked_id, like_date) VALUES ("208","484","2017-06-27 20:28:09");
INSERT INTO likes (like_id, liked_id, like_date) VALUES ("220","484","2017-04-11 05:15:38");
INSERT INTO likes (like_id, liked_id, like_date) VALUES ("358","484","2017-08-04 19:31:10");
INSERT INTO likes (like_id, liked_id, like_date) VALUES ("347","484","2017-04-23 18:43:20");
INSERT INTO likes (like_id, liked_id, like_date) VALUES ("321","484","2017-03-05 13:49:20");
INSERT INTO likes (like_id, liked_id, like_date) VALUES ("170","484","2017-07-09 07:31:30");
INSERT INTO likes (like_id, liked_id, like_date) VALUES ("158","484","2017-09-02 08:50:14");
INSERT INTO likes (like_id, liked_id, like_date) VALUES ("180","484","2017-09-14 15:58:55");
INSERT INTO likes (like_id, liked_id, like_date) VALUES ("120","484","2017-10-25 03:01:58");
INSERT INTO likes (like_id, liked_id, like_date) VALUES ("355","484","2017-11-24 11:23:56");
INSERT INTO likes (like_id, liked_id, like_date) VALUES ("41","484","2017-10-08 00:45:09");
INSERT INTO likes (like_id, liked_id, like_date) VALUES ("301","484","2017-02-20 06:04:41");
INSERT INTO likes (like_id, liked_id, like_date) VALUES ("239","484","2017-08-29 16:12:27");
INSERT INTO views (viewer_id, viewed_id, view_date) VALUES ("58","484","2017-12-12 04:20:09");
INSERT INTO views (viewer_id, viewed_id, view_date) VALUES ("365","484","2017-08-25 20:55:52");
INSERT INTO views (viewer_id, viewed_id, view_date) VALUES ("140","484","2017-05-11 06:21:32");
INSERT INTO views (viewer_id, viewed_id, view_date) VALUES ("316","484","2017-10-08 09:53:58");
INSERT INTO views (viewer_id, viewed_id, view_date) VALUES ("485","484","2017-12-19 07:25:17");
INSERT INTO views (viewer_id, viewed_id, view_date) VALUES ("485","484","2017-09-24 00:31:24");
INSERT INTO views (viewer_id, viewed_id, view_date) VALUES ("208","484","2017-10-29 09:59:45");
INSERT INTO views (viewer_id, viewed_id, view_date) VALUES ("109","484","2018-01-06 03:41:48");
INSERT INTO views (viewer_id, viewed_id, view_date) VALUES ("421","484","2017-08-14 16:48:55");
INSERT INTO views (viewer_id, viewed_id, view_date) VALUES ("296","484","2017-04-18 10:27:08");
INSERT INTO views (viewer_id, viewed_id, view_date) VALUES ("37","484","2017-07-26 23:22:16");
INSERT INTO views (viewer_id, viewed_id, view_date) VALUES ("122","484","2017-06-21 15:53:50");
INSERT INTO views (viewer_id, viewed_id, view_date) VALUES ("240","484","2017-09-21 21:42:40");
INSERT INTO views (viewer_id, viewed_id, view_date) VALUES ("3","484","2017-07-26 21:33:12");
INSERT INTO views (viewer_id, viewed_id, view_date) VALUES ("54","484","2017-11-05 12:20:37");
INSERT INTO views (viewer_id, viewed_id, view_date) VALUES ("360","484","2017-08-03 06:01:23");
INSERT INTO views (viewer_id, viewed_id, view_date) VALUES ("211","484","2017-06-17 15:44:30");
INSERT INTO views (viewer_id, viewed_id, view_date) VALUES ("24","484","2017-10-25 01:36:19");


INSERT INTO user (id, first_name, last_name, username, email, password, birthdate, gender, orientation, bio, country, state, city, zip, file_1, file_2, file_3, file_4, file_5, score, token, token_date, active, register, created_at, updated_at) VALUES ("485","Barton","Beatty","simturcotte","ybergnaum@spinka.com","$2y$10$g901o36mLtv90kqhU6kHEuzIEIZgGjTsv3O/96sc6wlx/YyvnAcL6","1998-08-26 07:03:11","2","1","Consectetur voluptas consequatur impedit saepe nam esse sed. Occaecati incidunt dignissimos veniam totam. Nobis nisi eligendi non corporis ipsa provident velit. Aspernatur ullam nostrum libero veritatis quas non.","Romania","","Ewellshire","51288-1138","../fixtures/female10.jpg","../fixtures/female2.jpg","","","","8","e31f4149adc27569a1a72999d39d554f","2017-10-08 16:59:59","1","1","2017-10-31 00:22:30","1982-12-13 03:46:12");
INSERT INTO user_tag (user_id, tag_id) VALUES ("485","19");
INSERT INTO user_tag (user_id, tag_id) VALUES ("485","47");
INSERT INTO user_tag (user_id, tag_id) VALUES ("485","16");
INSERT INTO user_tag (user_id, tag_id) VALUES ("485","30");
INSERT INTO user_tag (user_id, tag_id) VALUES ("485","46");

INSERT INTO connected (user_id, connect_date) VALUES ("485","2017-03-02 01:29:30");
INSERT INTO likes (like_id, liked_id, like_date) VALUES ("276","485","2017-11-19 21:29:18");
INSERT INTO likes (like_id, liked_id, like_date) VALUES ("148","485","2017-11-11 11:52:54");
INSERT INTO likes (like_id, liked_id, like_date) VALUES ("150","485","2017-08-18 09:00:03");
INSERT INTO likes (like_id, liked_id, like_date) VALUES ("295","485","2017-05-03 12:34:11");
INSERT INTO likes (like_id, liked_id, like_date) VALUES ("370","485","2017-05-12 04:54:32");
INSERT INTO likes (like_id, liked_id, like_date) VALUES ("168","485","2017-09-28 16:41:29");
INSERT INTO likes (like_id, liked_id, like_date) VALUES ("137","485","2018-01-17 10:40:42");
INSERT INTO likes (like_id, liked_id, like_date) VALUES ("132","485","2017-10-02 08:57:51");
INSERT INTO likes (like_id, liked_id, like_date) VALUES ("290","485","2017-03-13 17:37:27");
INSERT INTO likes (like_id, liked_id, like_date) VALUES ("355","485","2017-11-17 03:24:23");
INSERT INTO views (viewer_id, viewed_id, view_date) VALUES ("476","485","2017-11-09 05:30:22");
INSERT INTO views (viewer_id, viewed_id, view_date) VALUES ("477","485","2017-02-24 07:26:21");
INSERT INTO views (viewer_id, viewed_id, view_date) VALUES ("449","485","2018-02-07 17:56:57");
INSERT INTO views (viewer_id, viewed_id, view_date) VALUES ("294","485","2017-12-10 02:04:10");
INSERT INTO views (viewer_id, viewed_id, view_date) VALUES ("443","485","2017-05-26 02:19:28");
INSERT INTO views (viewer_id, viewed_id, view_date) VALUES ("31","485","2017-03-13 19:12:26");
INSERT INTO views (viewer_id, viewed_id, view_date) VALUES ("132","485","2017-10-08 09:10:37");
INSERT INTO views (viewer_id, viewed_id, view_date) VALUES ("121","485","2017-12-18 10:58:32");
INSERT INTO views (viewer_id, viewed_id, view_date) VALUES ("165","485","2017-06-22 13:55:10");
INSERT INTO views (viewer_id, viewed_id, view_date) VALUES ("349","485","2017-05-29 20:07:16");
INSERT INTO views (viewer_id, viewed_id, view_date) VALUES ("326","485","2017-07-01 14:02:42");
INSERT INTO views (viewer_id, viewed_id, view_date) VALUES ("22","485","2017-04-02 08:47:44");
INSERT INTO views (viewer_id, viewed_id, view_date) VALUES ("407","485","2018-02-01 08:53:16");
INSERT INTO views (viewer_id, viewed_id, view_date) VALUES ("126","485","2017-04-25 01:34:51");
INSERT INTO views (viewer_id, viewed_id, view_date) VALUES ("162","485","2017-08-26 13:10:56");
INSERT INTO views (viewer_id, viewed_id, view_date) VALUES ("91","485","2017-04-18 11:12:31");
INSERT INTO views (viewer_id, viewed_id, view_date) VALUES ("12","485","2018-01-31 07:50:04");
INSERT INTO views (viewer_id, viewed_id, view_date) VALUES ("113","485","2017-08-09 13:27:13");
INSERT INTO views (viewer_id, viewed_id, view_date) VALUES ("159","485","2018-01-25 10:29:04");


INSERT INTO user (id, first_name, last_name, username, email, password, birthdate, gender, orientation, bio, country, state, city, zip, file_1, file_2, file_3, file_4, file_5, score, token, token_date, active, register, created_at, updated_at) VALUES ("486","Torrey","Pfannerstill","wehnerdalton","skiles.johnathan@yahoo.com","$2y$10$Zr3b.H347OG7fYUYIt3yIek4PnpDKyB/jz.Cnxi6W6zqhYir/0JEe","1955-04-03 18:34:12","1","3","Quia veritatis nisi ea molestiae consequuntur dolor eum. Officiis enim non quos accusantium possimus aut. Similique nobis aspernatur dolorem possimus mollitia corrupti ut. Asperiores sit rerum quo provident mollitia ducimus animi sed. Officiis quidem sapiente dolore porro accusantium rerum impedit.","Belize","","Norenefort","27210","../fixtures/male9.jpg","","","","","40","c629574ced22d4e545c8a448d1ffefc9","2010-03-23 06:14:39","0","0","2014-06-07 09:57:30","2017-11-08 03:01:27");
INSERT INTO user_tag (user_id, tag_id) VALUES ("486","23");

INSERT INTO connected (user_id, connect_date) VALUES ("486","2017-09-21 17:01:45");
INSERT INTO likes (like_id, liked_id, like_date) VALUES ("291","486","2017-10-15 07:08:49");
INSERT INTO likes (like_id, liked_id, like_date) VALUES ("318","486","2017-11-22 00:16:53");
INSERT INTO views (viewer_id, viewed_id, view_date) VALUES ("317","486","2017-07-11 07:12:44");
INSERT INTO views (viewer_id, viewed_id, view_date) VALUES ("99","486","2017-11-12 04:28:35");
INSERT INTO views (viewer_id, viewed_id, view_date) VALUES ("53","486","2017-04-08 03:04:25");
INSERT INTO views (viewer_id, viewed_id, view_date) VALUES ("437","486","2017-09-02 00:04:00");
INSERT INTO views (viewer_id, viewed_id, view_date) VALUES ("280","486","2018-01-28 07:26:55");
INSERT INTO views (viewer_id, viewed_id, view_date) VALUES ("192","486","2018-01-12 15:24:48");
INSERT INTO views (viewer_id, viewed_id, view_date) VALUES ("396","486","2017-08-25 12:48:28");
INSERT INTO views (viewer_id, viewed_id, view_date) VALUES ("343","486","2017-04-09 20:38:45");
INSERT INTO views (viewer_id, viewed_id, view_date) VALUES ("383","486","2017-03-05 09:48:24");
INSERT INTO views (viewer_id, viewed_id, view_date) VALUES ("197","486","2017-06-30 13:14:25");
INSERT INTO views (viewer_id, viewed_id, view_date) VALUES ("50","486","2017-12-09 00:46:13");
INSERT INTO views (viewer_id, viewed_id, view_date) VALUES ("1","486","2018-01-31 15:48:38");
INSERT INTO views (viewer_id, viewed_id, view_date) VALUES ("434","486","2017-03-12 04:34:49");
INSERT INTO views (viewer_id, viewed_id, view_date) VALUES ("9","486","2017-08-09 00:14:29");
INSERT INTO views (viewer_id, viewed_id, view_date) VALUES ("29","486","2017-12-17 03:12:53");
INSERT INTO views (viewer_id, viewed_id, view_date) VALUES ("231","486","2018-01-21 10:24:56");
INSERT INTO views (viewer_id, viewed_id, view_date) VALUES ("433","486","2017-06-10 16:31:59");
INSERT INTO views (viewer_id, viewed_id, view_date) VALUES ("171","486","2017-12-11 21:32:22");
INSERT INTO views (viewer_id, viewed_id, view_date) VALUES ("419","486","2017-11-03 01:03:10");
INSERT INTO views (viewer_id, viewed_id, view_date) VALUES ("70","486","2017-10-15 12:53:56");
INSERT INTO views (viewer_id, viewed_id, view_date) VALUES ("280","486","2017-04-30 18:18:29");
INSERT INTO views (viewer_id, viewed_id, view_date) VALUES ("35","486","2017-12-06 04:56:30");
INSERT INTO views (viewer_id, viewed_id, view_date) VALUES ("401","486","2017-03-12 06:12:36");
INSERT INTO views (viewer_id, viewed_id, view_date) VALUES ("96","486","2017-04-11 11:51:56");
INSERT INTO views (viewer_id, viewed_id, view_date) VALUES ("251","486","2018-01-12 20:11:56");
INSERT INTO views (viewer_id, viewed_id, view_date) VALUES ("294","486","2017-07-09 13:55:01");
INSERT INTO views (viewer_id, viewed_id, view_date) VALUES ("334","486","2018-02-15 00:10:45");
INSERT INTO views (viewer_id, viewed_id, view_date) VALUES ("139","486","2017-12-12 05:53:15");
INSERT INTO views (viewer_id, viewed_id, view_date) VALUES ("333","486","2018-02-02 03:36:13");
INSERT INTO views (viewer_id, viewed_id, view_date) VALUES ("245","486","2018-01-17 19:09:07");
INSERT INTO views (viewer_id, viewed_id, view_date) VALUES ("499","486","2017-03-11 16:00:36");
INSERT INTO views (viewer_id, viewed_id, view_date) VALUES ("93","486","2017-05-05 10:56:00");
INSERT INTO views (viewer_id, viewed_id, view_date) VALUES ("110","486","2017-10-08 18:14:00");
INSERT INTO views (viewer_id, viewed_id, view_date) VALUES ("156","486","2017-05-28 09:02:20");


INSERT INTO user (id, first_name, last_name, username, email, password, birthdate, gender, orientation, bio, country, state, city, zip, file_1, file_2, file_3, file_4, file_5, score, token, token_date, active, register, created_at, updated_at) VALUES ("487","Alvina","Hauck","warren71","lmitchell@kutch.biz","$2y$10$mgHM/PTK/m0OJ/WvdU68seLYtrFdBS9sJYknbo3sMRg38Ad8mH/Uy","1987-02-20 14:52:50","2","1","Et sed sit voluptas officia dolore. Magni recusandae sunt ducimus dolorem. Eaque ut repudiandae recusandae sed.","Algeria","","New Alexandreabury","35011","../fixtures/female5.jpg","../fixtures/female8.jpg","../fixtures/female2.jpg","../fixtures/female6.jpg","../fixtures/female10.jpg","90","8ce71259d6d3491369c7dac649fad9a3","1983-11-24 22:10:10","0","0","2001-04-29 15:06:35","2000-02-20 14:17:11");
INSERT INTO user_tag (user_id, tag_id) VALUES ("487","8");
INSERT INTO user_tag (user_id, tag_id) VALUES ("487","40");
INSERT INTO user_tag (user_id, tag_id) VALUES ("487","34");
INSERT INTO user_tag (user_id, tag_id) VALUES ("487","21");
INSERT INTO user_tag (user_id, tag_id) VALUES ("487","39");
INSERT INTO user_tag (user_id, tag_id) VALUES ("487","30");
INSERT INTO user_tag (user_id, tag_id) VALUES ("487","18");
INSERT INTO user_tag (user_id, tag_id) VALUES ("487","28");
INSERT INTO user_tag (user_id, tag_id) VALUES ("487","21");
INSERT INTO user_tag (user_id, tag_id) VALUES ("487","35");
INSERT INTO user_tag (user_id, tag_id) VALUES ("487","29");
INSERT INTO user_tag (user_id, tag_id) VALUES ("487","15");

INSERT INTO connected (user_id, connect_date) VALUES ("487","2017-06-16 11:01:27");
INSERT INTO likes (like_id, liked_id, like_date) VALUES ("127","487","2018-01-14 21:20:16");
INSERT INTO likes (like_id, liked_id, like_date) VALUES ("287","487","2017-03-22 18:59:15");
INSERT INTO likes (like_id, liked_id, like_date) VALUES ("440","487","2017-03-06 05:13:33");
INSERT INTO likes (like_id, liked_id, like_date) VALUES ("404","487","2017-10-16 11:18:27");
INSERT INTO likes (like_id, liked_id, like_date) VALUES ("113","487","2017-07-10 09:03:19");
INSERT INTO likes (like_id, liked_id, like_date) VALUES ("323","487","2017-08-26 21:30:02");
INSERT INTO likes (like_id, liked_id, like_date) VALUES ("70","487","2017-06-05 04:20:25");
INSERT INTO likes (like_id, liked_id, like_date) VALUES ("156","487","2017-03-06 15:32:49");
INSERT INTO likes (like_id, liked_id, like_date) VALUES ("417","487","2017-12-27 22:10:51");
INSERT INTO likes (like_id, liked_id, like_date) VALUES ("500","487","2017-05-20 07:01:44");
INSERT INTO likes (like_id, liked_id, like_date) VALUES ("111","487","2017-12-12 23:18:42");
INSERT INTO likes (like_id, liked_id, like_date) VALUES ("96","487","2017-12-01 05:48:22");
INSERT INTO likes (like_id, liked_id, like_date) VALUES ("137","487","2017-04-30 05:23:41");
INSERT INTO likes (like_id, liked_id, like_date) VALUES ("373","487","2018-01-30 02:03:07");
INSERT INTO likes (like_id, liked_id, like_date) VALUES ("339","487","2017-10-14 20:06:17");
INSERT INTO likes (like_id, liked_id, like_date) VALUES ("420","487","2017-10-02 20:13:21");
INSERT INTO likes (like_id, liked_id, like_date) VALUES ("11","487","2017-04-17 03:51:25");
INSERT INTO likes (like_id, liked_id, like_date) VALUES ("324","487","2017-08-20 18:47:46");
INSERT INTO likes (like_id, liked_id, like_date) VALUES ("292","487","2017-05-01 08:39:20");
INSERT INTO views (viewer_id, viewed_id, view_date) VALUES ("275","487","2017-12-21 21:24:15");
INSERT INTO views (viewer_id, viewed_id, view_date) VALUES ("297","487","2017-04-24 19:10:43");
INSERT INTO views (viewer_id, viewed_id, view_date) VALUES ("220","487","2017-11-19 15:11:21");
INSERT INTO views (viewer_id, viewed_id, view_date) VALUES ("251","487","2017-11-26 08:02:48");
INSERT INTO views (viewer_id, viewed_id, view_date) VALUES ("224","487","2017-08-28 07:49:32");
INSERT INTO views (viewer_id, viewed_id, view_date) VALUES ("44","487","2017-06-04 20:47:40");
INSERT INTO views (viewer_id, viewed_id, view_date) VALUES ("37","487","2018-01-23 10:26:42");
INSERT INTO views (viewer_id, viewed_id, view_date) VALUES ("125","487","2017-07-26 06:11:35");
INSERT INTO views (viewer_id, viewed_id, view_date) VALUES ("338","487","2017-04-04 22:05:21");
INSERT INTO views (viewer_id, viewed_id, view_date) VALUES ("182","487","2017-11-25 16:30:33");
INSERT INTO views (viewer_id, viewed_id, view_date) VALUES ("48","487","2017-06-08 20:34:10");
INSERT INTO views (viewer_id, viewed_id, view_date) VALUES ("411","487","2017-12-07 10:09:40");
INSERT INTO views (viewer_id, viewed_id, view_date) VALUES ("458","487","2017-11-14 09:36:49");


INSERT INTO user (id, first_name, last_name, username, email, password, birthdate, gender, orientation, bio, country, state, city, zip, file_1, file_2, file_3, file_4, file_5, score, token, token_date, active, register, created_at, updated_at) VALUES ("488","Ross","Maggio","roman80","sidney.kreiger@yahoo.com","$2y$10$OqwNOwxCVWGbyVPTk68tauo5nZcTsgOHcNym/7C8fYn99mBgzo9Q.","1996-02-02 04:17:19","1","2","Illo repudiandae optio in nisi. Quidem quidem laborum est veniam.","Chad","","Cecilstad","84406","../fixtures/male4.jpg","../fixtures/male7.jpg","../fixtures/male3.jpg","../fixtures/male1.jpg","","57","a2c8d86bcde777a745977e63a9c44061","2001-01-15 12:38:55","0","0","2001-11-29 04:23:36","1983-03-31 13:10:15");
INSERT INTO user_tag (user_id, tag_id) VALUES ("488","39");
INSERT INTO user_tag (user_id, tag_id) VALUES ("488","34");

INSERT INTO connected (user_id, connect_date) VALUES ("488","2017-05-07 19:51:22");
INSERT INTO likes (like_id, liked_id, like_date) VALUES ("88","488","2018-02-09 03:08:04");
INSERT INTO likes (like_id, liked_id, like_date) VALUES ("349","488","2017-07-17 06:59:33");
INSERT INTO likes (like_id, liked_id, like_date) VALUES ("61","488","2017-08-23 04:51:39");
INSERT INTO likes (like_id, liked_id, like_date) VALUES ("125","488","2017-09-07 14:04:34");
INSERT INTO views (viewer_id, viewed_id, view_date) VALUES ("32","488","2017-09-09 20:00:22");
INSERT INTO views (viewer_id, viewed_id, view_date) VALUES ("205","488","2017-09-07 15:06:31");
INSERT INTO views (viewer_id, viewed_id, view_date) VALUES ("480","488","2017-12-14 19:39:12");
INSERT INTO views (viewer_id, viewed_id, view_date) VALUES ("86","488","2017-08-27 20:01:36");
INSERT INTO views (viewer_id, viewed_id, view_date) VALUES ("272","488","2017-03-21 03:17:05");
INSERT INTO views (viewer_id, viewed_id, view_date) VALUES ("133","488","2017-12-07 04:02:37");
INSERT INTO views (viewer_id, viewed_id, view_date) VALUES ("291","488","2017-05-25 02:03:46");
INSERT INTO views (viewer_id, viewed_id, view_date) VALUES ("135","488","2017-09-24 14:16:50");
INSERT INTO views (viewer_id, viewed_id, view_date) VALUES ("343","488","2017-11-01 23:30:31");
INSERT INTO views (viewer_id, viewed_id, view_date) VALUES ("461","488","2017-05-22 02:16:17");
INSERT INTO views (viewer_id, viewed_id, view_date) VALUES ("192","488","2017-07-13 12:45:19");
INSERT INTO views (viewer_id, viewed_id, view_date) VALUES ("411","488","2017-10-27 16:08:18");
INSERT INTO views (viewer_id, viewed_id, view_date) VALUES ("149","488","2017-09-13 07:20:57");
INSERT INTO views (viewer_id, viewed_id, view_date) VALUES ("327","488","2017-08-05 04:00:25");
INSERT INTO views (viewer_id, viewed_id, view_date) VALUES ("144","488","2017-10-16 16:04:04");
INSERT INTO views (viewer_id, viewed_id, view_date) VALUES ("232","488","2017-04-02 04:27:42");
INSERT INTO views (viewer_id, viewed_id, view_date) VALUES ("435","488","2017-12-21 05:09:06");
INSERT INTO views (viewer_id, viewed_id, view_date) VALUES ("379","488","2017-07-14 06:50:15");
INSERT INTO views (viewer_id, viewed_id, view_date) VALUES ("128","488","2017-08-30 09:52:01");
INSERT INTO views (viewer_id, viewed_id, view_date) VALUES ("427","488","2017-05-24 04:20:43");
INSERT INTO views (viewer_id, viewed_id, view_date) VALUES ("181","488","2017-03-30 09:38:58");
INSERT INTO views (viewer_id, viewed_id, view_date) VALUES ("376","488","2018-02-03 20:42:36");
INSERT INTO views (viewer_id, viewed_id, view_date) VALUES ("444","488","2018-01-11 13:28:58");
INSERT INTO views (viewer_id, viewed_id, view_date) VALUES ("404","488","2017-08-30 14:03:23");
INSERT INTO views (viewer_id, viewed_id, view_date) VALUES ("159","488","2017-12-10 17:02:59");


INSERT INTO user (id, first_name, last_name, username, email, password, birthdate, gender, orientation, bio, country, state, city, zip, file_1, file_2, file_3, file_4, file_5, score, token, token_date, active, register, created_at, updated_at) VALUES ("489","Piper","Aufderhar","effertzjulie","devyn66@glover.biz","$2y$10$/nNClhr2O78HssyOvuSz8ecQKT/XyvSlrJSEHOzo1q4y5b.4c0JVi","1992-05-20 11:54:38","2","2","Asperiores earum commodi voluptatem. Ut earum numquam quam totam et et. Delectus aut quidem eius quibusdam sint atque. Iste error asperiores consequatur numquam quos corporis.","Kiribati","","Gibsonstad","64745","../fixtures/female9.jpg","../fixtures/female8.jpg","../fixtures/female10.jpg","../fixtures/female3.jpg","../fixtures/female1.jpg","70","bb198a13eb97c5a4c3e077b969cb218a","1984-07-25 07:07:41","0","0","1982-04-23 20:10:01","1983-03-03 11:25:05");
INSERT INTO user_tag (user_id, tag_id) VALUES ("489","24");
INSERT INTO user_tag (user_id, tag_id) VALUES ("489","24");
INSERT INTO user_tag (user_id, tag_id) VALUES ("489","7");
INSERT INTO user_tag (user_id, tag_id) VALUES ("489","15");
INSERT INTO user_tag (user_id, tag_id) VALUES ("489","47");
INSERT INTO user_tag (user_id, tag_id) VALUES ("489","29");
INSERT INTO user_tag (user_id, tag_id) VALUES ("489","6");
INSERT INTO user_tag (user_id, tag_id) VALUES ("489","8");
INSERT INTO user_tag (user_id, tag_id) VALUES ("489","22");
INSERT INTO user_tag (user_id, tag_id) VALUES ("489","31");
INSERT INTO user_tag (user_id, tag_id) VALUES ("489","38");
INSERT INTO user_tag (user_id, tag_id) VALUES ("489","20");

INSERT INTO connected (user_id, connect_date) VALUES ("489","2017-03-12 10:32:41");
INSERT INTO likes (like_id, liked_id, like_date) VALUES ("215","489","2017-12-30 00:34:32");
INSERT INTO likes (like_id, liked_id, like_date) VALUES ("277","489","2017-07-18 17:34:12");
INSERT INTO likes (like_id, liked_id, like_date) VALUES ("328","489","2018-02-11 17:50:28");
INSERT INTO likes (like_id, liked_id, like_date) VALUES ("487","489","2017-05-09 05:44:26");
INSERT INTO views (viewer_id, viewed_id, view_date) VALUES ("253","489","2017-07-15 12:09:36");
INSERT INTO views (viewer_id, viewed_id, view_date) VALUES ("237","489","2018-01-19 17:00:19");
INSERT INTO views (viewer_id, viewed_id, view_date) VALUES ("490","489","2017-08-27 02:49:58");
INSERT INTO views (viewer_id, viewed_id, view_date) VALUES ("94","489","2017-09-07 03:34:06");
INSERT INTO views (viewer_id, viewed_id, view_date) VALUES ("213","489","2017-05-28 08:51:43");
INSERT INTO views (viewer_id, viewed_id, view_date) VALUES ("498","489","2017-03-15 00:24:56");
INSERT INTO views (viewer_id, viewed_id, view_date) VALUES ("148","489","2017-08-12 14:45:47");
INSERT INTO views (viewer_id, viewed_id, view_date) VALUES ("401","489","2017-03-23 07:26:24");
INSERT INTO views (viewer_id, viewed_id, view_date) VALUES ("321","489","2017-09-17 03:21:01");
INSERT INTO views (viewer_id, viewed_id, view_date) VALUES ("119","489","2017-05-21 22:30:31");
INSERT INTO views (viewer_id, viewed_id, view_date) VALUES ("108","489","2017-11-13 17:25:19");
INSERT INTO views (viewer_id, viewed_id, view_date) VALUES ("264","489","2017-10-06 14:05:59");
INSERT INTO views (viewer_id, viewed_id, view_date) VALUES ("258","489","2017-05-11 23:18:04");
INSERT INTO views (viewer_id, viewed_id, view_date) VALUES ("436","489","2017-03-23 00:51:02");
INSERT INTO views (viewer_id, viewed_id, view_date) VALUES ("146","489","2017-09-08 19:14:06");
INSERT INTO views (viewer_id, viewed_id, view_date) VALUES ("168","489","2018-02-07 00:06:29");
INSERT INTO views (viewer_id, viewed_id, view_date) VALUES ("122","489","2017-05-24 02:46:09");
INSERT INTO views (viewer_id, viewed_id, view_date) VALUES ("15","489","2017-03-18 21:15:53");
INSERT INTO views (viewer_id, viewed_id, view_date) VALUES ("53","489","2017-02-19 18:03:15");
INSERT INTO views (viewer_id, viewed_id, view_date) VALUES ("19","489","2018-02-14 00:23:50");
INSERT INTO views (viewer_id, viewed_id, view_date) VALUES ("226","489","2017-04-17 15:11:23");
INSERT INTO views (viewer_id, viewed_id, view_date) VALUES ("318","489","2017-03-03 00:02:08");
INSERT INTO views (viewer_id, viewed_id, view_date) VALUES ("282","489","2017-08-01 08:27:40");
INSERT INTO views (viewer_id, viewed_id, view_date) VALUES ("187","489","2017-12-25 12:38:09");
INSERT INTO views (viewer_id, viewed_id, view_date) VALUES ("403","489","2017-10-26 19:13:19");
INSERT INTO views (viewer_id, viewed_id, view_date) VALUES ("60","489","2017-09-25 02:32:41");
INSERT INTO views (viewer_id, viewed_id, view_date) VALUES ("283","489","2017-05-20 07:05:48");
INSERT INTO views (viewer_id, viewed_id, view_date) VALUES ("245","489","2017-02-16 17:46:32");
INSERT INTO views (viewer_id, viewed_id, view_date) VALUES ("223","489","2017-11-08 17:01:42");
INSERT INTO views (viewer_id, viewed_id, view_date) VALUES ("453","489","2017-11-08 02:50:07");
INSERT INTO views (viewer_id, viewed_id, view_date) VALUES ("372","489","2017-07-03 19:51:24");
INSERT INTO views (viewer_id, viewed_id, view_date) VALUES ("257","489","2017-04-16 23:00:48");
INSERT INTO views (viewer_id, viewed_id, view_date) VALUES ("132","489","2017-08-24 13:55:45");
INSERT INTO views (viewer_id, viewed_id, view_date) VALUES ("100","489","2017-05-20 23:16:56");
INSERT INTO views (viewer_id, viewed_id, view_date) VALUES ("148","489","2017-05-12 21:16:40");


INSERT INTO user (id, first_name, last_name, username, email, password, birthdate, gender, orientation, bio, country, state, city, zip, file_1, file_2, file_3, file_4, file_5, score, token, token_date, active, register, created_at, updated_at) VALUES ("490","Lionel","Zboncak","uhermann","evans.metz@yahoo.com","$2y$10$3RyP6TYIkHAVd5U37obomORTSmlPy0NHfZWbU5KeaXeT9sc/pbbBC","1968-01-30 01:22:05","1","1","Omnis cum ducimus et eligendi numquam repellat. Aliquid qui deleniti sed.","Pakistan","","Port Xanderport","04224-5089","../fixtures/male5.jpg","../fixtures/male8.jpg","../fixtures/male2.jpg","../fixtures/male5.jpg","","35","7bfc8dc7ff395d535ba72a00cce927ee","1975-07-05 07:51:47","0","0","2003-03-24 09:29:07","1997-12-14 11:19:59");
INSERT INTO user_tag (user_id, tag_id) VALUES ("490","40");
INSERT INTO user_tag (user_id, tag_id) VALUES ("490","49");
INSERT INTO user_tag (user_id, tag_id) VALUES ("490","10");
INSERT INTO user_tag (user_id, tag_id) VALUES ("490","20");
INSERT INTO user_tag (user_id, tag_id) VALUES ("490","15");

INSERT INTO connected (user_id, connect_date) VALUES ("490","2017-07-20 10:19:07");
INSERT INTO likes (like_id, liked_id, like_date) VALUES ("319","490","2017-06-06 22:08:29");
INSERT INTO likes (like_id, liked_id, like_date) VALUES ("118","490","2018-01-02 08:00:47");
INSERT INTO likes (like_id, liked_id, like_date) VALUES ("394","490","2017-08-13 15:55:29");
INSERT INTO likes (like_id, liked_id, like_date) VALUES ("19","490","2017-07-19 15:34:40");
INSERT INTO likes (like_id, liked_id, like_date) VALUES ("105","490","2017-05-24 23:18:13");
INSERT INTO likes (like_id, liked_id, like_date) VALUES ("422","490","2017-07-16 15:32:06");
INSERT INTO likes (like_id, liked_id, like_date) VALUES ("142","490","2017-06-23 10:20:22");
INSERT INTO likes (like_id, liked_id, like_date) VALUES ("173","490","2017-06-13 17:51:22");
INSERT INTO likes (like_id, liked_id, like_date) VALUES ("119","490","2017-06-09 05:50:57");
INSERT INTO likes (like_id, liked_id, like_date) VALUES ("330","490","2017-08-05 17:48:23");
INSERT INTO views (viewer_id, viewed_id, view_date) VALUES ("350","490","2017-03-24 12:29:40");
INSERT INTO views (viewer_id, viewed_id, view_date) VALUES ("469","490","2018-02-06 19:00:27");
INSERT INTO views (viewer_id, viewed_id, view_date) VALUES ("438","490","2017-11-08 21:09:00");
INSERT INTO views (viewer_id, viewed_id, view_date) VALUES ("64","490","2017-11-15 08:48:24");
INSERT INTO views (viewer_id, viewed_id, view_date) VALUES ("280","490","2017-03-27 09:13:12");
INSERT INTO views (viewer_id, viewed_id, view_date) VALUES ("14","490","2017-06-03 21:35:59");
INSERT INTO views (viewer_id, viewed_id, view_date) VALUES ("214","490","2017-06-13 10:22:50");
INSERT INTO views (viewer_id, viewed_id, view_date) VALUES ("123","490","2017-04-12 00:10:38");
INSERT INTO views (viewer_id, viewed_id, view_date) VALUES ("349","490","2017-03-21 05:31:16");
INSERT INTO views (viewer_id, viewed_id, view_date) VALUES ("37","490","2017-05-16 15:45:33");
INSERT INTO views (viewer_id, viewed_id, view_date) VALUES ("37","490","2017-07-23 11:28:49");
INSERT INTO views (viewer_id, viewed_id, view_date) VALUES ("38","490","2018-01-02 07:01:54");
INSERT INTO views (viewer_id, viewed_id, view_date) VALUES ("380","490","2017-08-08 14:25:21");
INSERT INTO views (viewer_id, viewed_id, view_date) VALUES ("405","490","2017-05-10 13:46:08");
INSERT INTO views (viewer_id, viewed_id, view_date) VALUES ("496","490","2017-11-12 00:59:34");
INSERT INTO views (viewer_id, viewed_id, view_date) VALUES ("479","490","2017-12-30 12:15:50");
INSERT INTO views (viewer_id, viewed_id, view_date) VALUES ("103","490","2017-10-20 12:17:19");


INSERT INTO user (id, first_name, last_name, username, email, password, birthdate, gender, orientation, bio, country, state, city, zip, file_1, file_2, file_3, file_4, file_5, score, token, token_date, active, register, created_at, updated_at) VALUES ("491","Zoie","Rosenbaum","medhurstwalker","zcasper@hotmail.com","$2y$10$be.mJN9ItryvFtoomLg/e.g2PFtheEEjNi1XEMNTCuXVS16ygJHCu","1959-09-14 16:55:41","1","2","Harum accusamus non accusantium voluptas aut. Occaecati et ducimus sint aut. Odit ut quis quod ex tenetur reprehenderit. Illum ullam veniam aut tempora. Id nemo est maiores maxime aut.","American Samoa","","Boehmville","13734","../fixtures/male2.jpg","../fixtures/male6.jpg","../fixtures/male8.jpg","../fixtures/male7.jpg","../fixtures/male5.jpg","39","982dab4f9f37cbc011207f34ece2dabc","2001-07-05 02:45:50","1","0","1979-04-22 11:50:45","1992-11-08 11:40:17");
INSERT INTO user_tag (user_id, tag_id) VALUES ("491","9");
INSERT INTO user_tag (user_id, tag_id) VALUES ("491","21");
INSERT INTO user_tag (user_id, tag_id) VALUES ("491","39");
INSERT INTO user_tag (user_id, tag_id) VALUES ("491","42");
INSERT INTO user_tag (user_id, tag_id) VALUES ("491","18");
INSERT INTO user_tag (user_id, tag_id) VALUES ("491","24");
INSERT INTO user_tag (user_id, tag_id) VALUES ("491","42");
INSERT INTO user_tag (user_id, tag_id) VALUES ("491","12");
INSERT INTO user_tag (user_id, tag_id) VALUES ("491","40");

INSERT INTO connected (user_id, connect_date) VALUES ("491","2018-01-06 05:57:44");
INSERT INTO likes (like_id, liked_id, like_date) VALUES ("288","491","2017-05-28 00:17:32");
INSERT INTO likes (like_id, liked_id, like_date) VALUES ("196","491","2017-10-24 21:48:35");
INSERT INTO likes (like_id, liked_id, like_date) VALUES ("51","491","2017-12-01 12:51:07");
INSERT INTO likes (like_id, liked_id, like_date) VALUES ("376","491","2017-06-16 02:25:33");
INSERT INTO likes (like_id, liked_id, like_date) VALUES ("14","491","2017-11-02 08:57:29");
INSERT INTO likes (like_id, liked_id, like_date) VALUES ("143","491","2017-08-19 03:25:00");
INSERT INTO views (viewer_id, viewed_id, view_date) VALUES ("138","491","2017-10-12 16:11:32");
INSERT INTO views (viewer_id, viewed_id, view_date) VALUES ("481","491","2017-08-09 04:43:00");
INSERT INTO views (viewer_id, viewed_id, view_date) VALUES ("58","491","2017-12-18 16:29:49");
INSERT INTO views (viewer_id, viewed_id, view_date) VALUES ("313","491","2017-12-08 08:50:23");
INSERT INTO views (viewer_id, viewed_id, view_date) VALUES ("338","491","2017-08-07 15:30:48");


INSERT INTO user (id, first_name, last_name, username, email, password, birthdate, gender, orientation, bio, country, state, city, zip, file_1, file_2, file_3, file_4, file_5, score, token, token_date, active, register, created_at, updated_at) VALUES ("492","Remington","Fisher","lesley45","jreilly@gmail.com","$2y$10$AkSR12EdWTVEbq9ddi4x4.Q7oA/xxQK.0x6gqX85I3V/ombmbEtT.","1985-09-17 20:46:36","1","3","Eligendi fuga consectetur labore perferendis nisi maxime consequatur. Vero enim asperiores illum praesentium. Commodi magni ipsam voluptas laboriosam neque. Non quam possimus voluptas quos.","Djibouti","","Fisherhaven","25536","../fixtures/male1.jpg","../fixtures/male1.jpg","../fixtures/male6.jpg","../fixtures/male3.jpg","../fixtures/male6.jpg","79","2a60e87a3e895065b4d085619e968985","2001-06-14 12:23:29","0","0","2017-06-17 03:29:43","1994-12-15 23:33:21");
INSERT INTO user_tag (user_id, tag_id) VALUES ("492","37");
INSERT INTO user_tag (user_id, tag_id) VALUES ("492","45");

INSERT INTO connected (user_id, connect_date) VALUES ("492","2017-08-13 14:45:45");
INSERT INTO likes (like_id, liked_id, like_date) VALUES ("237","492","2017-07-28 21:42:47");
INSERT INTO likes (like_id, liked_id, like_date) VALUES ("215","492","2017-12-19 21:06:05");
INSERT INTO likes (like_id, liked_id, like_date) VALUES ("440","492","2017-03-20 10:53:42");
INSERT INTO likes (like_id, liked_id, like_date) VALUES ("405","492","2017-10-29 14:29:48");
INSERT INTO likes (like_id, liked_id, like_date) VALUES ("499","492","2017-10-31 01:28:26");
INSERT INTO likes (like_id, liked_id, like_date) VALUES ("80","492","2017-12-02 04:16:33");
INSERT INTO likes (like_id, liked_id, like_date) VALUES ("199","492","2017-12-22 14:03:11");
INSERT INTO likes (like_id, liked_id, like_date) VALUES ("209","492","2017-10-21 12:33:46");
INSERT INTO likes (like_id, liked_id, like_date) VALUES ("26","492","2018-01-21 01:21:08");
INSERT INTO likes (like_id, liked_id, like_date) VALUES ("448","492","2017-09-07 13:06:03");
INSERT INTO likes (like_id, liked_id, like_date) VALUES ("227","492","2017-06-22 10:00:27");
INSERT INTO likes (like_id, liked_id, like_date) VALUES ("364","492","2017-05-24 12:08:11");
INSERT INTO likes (like_id, liked_id, like_date) VALUES ("393","492","2018-01-18 16:13:28");
INSERT INTO likes (like_id, liked_id, like_date) VALUES ("457","492","2017-08-14 10:33:09");
INSERT INTO likes (like_id, liked_id, like_date) VALUES ("169","492","2017-06-15 07:03:29");
INSERT INTO likes (like_id, liked_id, like_date) VALUES ("102","492","2017-03-16 23:29:32");
INSERT INTO likes (like_id, liked_id, like_date) VALUES ("423","492","2017-04-25 23:09:33");
INSERT INTO views (viewer_id, viewed_id, view_date) VALUES ("102","492","2017-10-20 09:04:26");


INSERT INTO user (id, first_name, last_name, username, email, password, birthdate, gender, orientation, bio, country, state, city, zip, file_1, file_2, file_3, file_4, file_5, score, token, token_date, active, register, created_at, updated_at) VALUES ("493","Felipe","Zulauf","laurenceturcotte","dboehm@bartoletti.com","$2y$10$CvCKnt550LHEfHik4s8IPuWLe6gL5lp2Z.MHeyEJbgBl7Ird04Abe","1949-08-14 01:12:44","1","2","Maiores impedit neque sed ut. Esse accusamus totam sed voluptatum autem repudiandae vel laborum. Quia accusamus quis deserunt. Eaque sint sequi alias ut porro ut amet. Officia in a eaque esse ut.","Chad","","Hodkiewiczborough","39961","../fixtures/male2.jpg","../fixtures/male2.jpg","../fixtures/male8.jpg","../fixtures/male1.jpg","","70","0aa40fe35eb09275f60e90efdf86a6de","2015-07-30 10:20:12","0","0","2010-11-28 14:33:27","1993-08-29 12:18:06");
INSERT INTO user_tag (user_id, tag_id) VALUES ("493","29");
INSERT INTO user_tag (user_id, tag_id) VALUES ("493","32");
INSERT INTO user_tag (user_id, tag_id) VALUES ("493","19");
INSERT INTO user_tag (user_id, tag_id) VALUES ("493","10");
INSERT INTO user_tag (user_id, tag_id) VALUES ("493","45");
INSERT INTO user_tag (user_id, tag_id) VALUES ("493","27");
INSERT INTO user_tag (user_id, tag_id) VALUES ("493","14");
INSERT INTO user_tag (user_id, tag_id) VALUES ("493","2");
INSERT INTO user_tag (user_id, tag_id) VALUES ("493","19");
INSERT INTO user_tag (user_id, tag_id) VALUES ("493","24");
INSERT INTO user_tag (user_id, tag_id) VALUES ("493","32");
INSERT INTO user_tag (user_id, tag_id) VALUES ("493","21");
INSERT INTO user_tag (user_id, tag_id) VALUES ("493","33");
INSERT INTO user_tag (user_id, tag_id) VALUES ("493","44");

INSERT INTO connected (user_id, connect_date) VALUES ("493","2017-08-15 09:35:23");
INSERT INTO likes (like_id, liked_id, like_date) VALUES ("223","493","2017-11-20 20:02:53");
INSERT INTO likes (like_id, liked_id, like_date) VALUES ("144","493","2017-10-24 23:46:02");
INSERT INTO likes (like_id, liked_id, like_date) VALUES ("237","493","2017-09-23 20:14:45");
INSERT INTO likes (like_id, liked_id, like_date) VALUES ("290","493","2017-10-21 20:12:25");
INSERT INTO views (viewer_id, viewed_id, view_date) VALUES ("75","493","2017-12-22 14:31:08");
INSERT INTO views (viewer_id, viewed_id, view_date) VALUES ("485","493","2017-12-20 14:21:26");
INSERT INTO views (viewer_id, viewed_id, view_date) VALUES ("291","493","2017-05-17 04:35:57");
INSERT INTO views (viewer_id, viewed_id, view_date) VALUES ("246","493","2017-09-23 10:31:55");
INSERT INTO views (viewer_id, viewed_id, view_date) VALUES ("399","493","2017-07-26 22:50:39");
INSERT INTO views (viewer_id, viewed_id, view_date) VALUES ("473","493","2018-01-28 11:59:25");
INSERT INTO views (viewer_id, viewed_id, view_date) VALUES ("65","493","2017-08-10 04:00:30");
INSERT INTO views (viewer_id, viewed_id, view_date) VALUES ("315","493","2017-09-09 22:51:56");
INSERT INTO views (viewer_id, viewed_id, view_date) VALUES ("276","493","2017-04-26 12:22:49");
INSERT INTO views (viewer_id, viewed_id, view_date) VALUES ("386","493","2017-07-09 08:20:56");
INSERT INTO views (viewer_id, viewed_id, view_date) VALUES ("279","493","2017-06-02 13:27:31");
INSERT INTO views (viewer_id, viewed_id, view_date) VALUES ("302","493","2018-01-14 22:16:08");
INSERT INTO views (viewer_id, viewed_id, view_date) VALUES ("424","493","2017-05-15 06:33:27");
INSERT INTO views (viewer_id, viewed_id, view_date) VALUES ("177","493","2017-06-14 15:32:38");
INSERT INTO views (viewer_id, viewed_id, view_date) VALUES ("203","493","2017-11-24 06:51:34");
INSERT INTO views (viewer_id, viewed_id, view_date) VALUES ("59","493","2017-06-01 22:27:47");
INSERT INTO views (viewer_id, viewed_id, view_date) VALUES ("191","493","2017-07-26 22:19:32");
INSERT INTO views (viewer_id, viewed_id, view_date) VALUES ("480","493","2017-12-13 06:56:32");
INSERT INTO views (viewer_id, viewed_id, view_date) VALUES ("11","493","2017-05-18 23:37:17");
INSERT INTO views (viewer_id, viewed_id, view_date) VALUES ("319","493","2017-05-03 20:24:36");
INSERT INTO views (viewer_id, viewed_id, view_date) VALUES ("329","493","2017-12-01 15:04:09");
INSERT INTO views (viewer_id, viewed_id, view_date) VALUES ("434","493","2017-03-22 17:09:33");
INSERT INTO views (viewer_id, viewed_id, view_date) VALUES ("292","493","2017-05-03 20:32:43");
INSERT INTO views (viewer_id, viewed_id, view_date) VALUES ("440","493","2017-07-08 16:16:17");
INSERT INTO views (viewer_id, viewed_id, view_date) VALUES ("269","493","2017-04-24 08:19:14");
INSERT INTO views (viewer_id, viewed_id, view_date) VALUES ("398","493","2017-06-06 00:19:26");
INSERT INTO views (viewer_id, viewed_id, view_date) VALUES ("409","493","2017-06-04 08:12:01");
INSERT INTO views (viewer_id, viewed_id, view_date) VALUES ("97","493","2017-04-19 12:23:53");
INSERT INTO views (viewer_id, viewed_id, view_date) VALUES ("87","493","2017-10-02 06:28:05");
INSERT INTO views (viewer_id, viewed_id, view_date) VALUES ("133","493","2018-01-07 22:13:44");
INSERT INTO views (viewer_id, viewed_id, view_date) VALUES ("53","493","2017-08-27 02:10:00");
INSERT INTO views (viewer_id, viewed_id, view_date) VALUES ("18","493","2017-06-19 06:44:49");
INSERT INTO views (viewer_id, viewed_id, view_date) VALUES ("308","493","2017-02-23 02:54:19");


INSERT INTO user (id, first_name, last_name, username, email, password, birthdate, gender, orientation, bio, country, state, city, zip, file_1, file_2, file_3, file_4, file_5, score, token, token_date, active, register, created_at, updated_at) VALUES ("494","Johnny","McGlynn","rmurray","rroberts@hotmail.com","$2y$10$L/7qi96Rk0HyRI.rE6hHcem0kzs985/JpwrbiBHp3Vf1hdemJjAzm","1973-02-14 07:36:32","1","1","Consequatur optio molestiae quisquam quidem qui minus. Maiores qui deserunt iusto neque. Quisquam aut omnis totam repellendus ipsa et. Aut illum perspiciatis rerum occaecati sunt vel dolores.","Afghanistan","","Mozelltown","55965","../fixtures/male6.jpg","../fixtures/male7.jpg","","","","95","d19a658e0357fd10c756022bf52e79ae","1972-04-17 18:54:16","0","0","1993-02-21 22:29:50","1981-09-16 12:21:42");
INSERT INTO user_tag (user_id, tag_id) VALUES ("494","45");
INSERT INTO user_tag (user_id, tag_id) VALUES ("494","14");
INSERT INTO user_tag (user_id, tag_id) VALUES ("494","42");
INSERT INTO user_tag (user_id, tag_id) VALUES ("494","23");
INSERT INTO user_tag (user_id, tag_id) VALUES ("494","35");

INSERT INTO connected (user_id, connect_date) VALUES ("494","2017-07-27 00:16:17");
INSERT INTO likes (like_id, liked_id, like_date) VALUES ("128","494","2017-07-10 14:08:34");
INSERT INTO likes (like_id, liked_id, like_date) VALUES ("343","494","2017-12-27 13:11:32");
INSERT INTO likes (like_id, liked_id, like_date) VALUES ("483","494","2017-11-19 22:40:57");
INSERT INTO likes (like_id, liked_id, like_date) VALUES ("103","494","2017-04-27 06:57:03");
INSERT INTO likes (like_id, liked_id, like_date) VALUES ("281","494","2017-05-20 20:11:53");
INSERT INTO likes (like_id, liked_id, like_date) VALUES ("132","494","2018-01-18 01:06:25");
INSERT INTO likes (like_id, liked_id, like_date) VALUES ("183","494","2017-06-25 10:10:41");
INSERT INTO likes (like_id, liked_id, like_date) VALUES ("225","494","2018-01-26 13:55:17");
INSERT INTO likes (like_id, liked_id, like_date) VALUES ("387","494","2017-09-25 07:02:52");
INSERT INTO likes (like_id, liked_id, like_date) VALUES ("313","494","2018-01-29 06:16:35");
INSERT INTO likes (like_id, liked_id, like_date) VALUES ("378","494","2017-04-01 20:01:02");
INSERT INTO likes (like_id, liked_id, like_date) VALUES ("28","494","2017-11-05 21:33:11");
INSERT INTO likes (like_id, liked_id, like_date) VALUES ("335","494","2017-05-20 19:28:06");
INSERT INTO likes (like_id, liked_id, like_date) VALUES ("227","494","2017-11-09 16:06:17");
INSERT INTO likes (like_id, liked_id, like_date) VALUES ("487","494","2017-11-10 10:07:25");
INSERT INTO views (viewer_id, viewed_id, view_date) VALUES ("267","494","2017-10-10 13:10:05");
INSERT INTO views (viewer_id, viewed_id, view_date) VALUES ("471","494","2018-01-28 12:53:36");
INSERT INTO views (viewer_id, viewed_id, view_date) VALUES ("297","494","2017-07-25 02:24:19");
INSERT INTO views (viewer_id, viewed_id, view_date) VALUES ("321","494","2017-04-18 08:36:07");
INSERT INTO views (viewer_id, viewed_id, view_date) VALUES ("250","494","2017-12-04 19:30:33");
INSERT INTO views (viewer_id, viewed_id, view_date) VALUES ("331","494","2018-01-10 21:23:31");
INSERT INTO views (viewer_id, viewed_id, view_date) VALUES ("74","494","2017-03-11 13:00:56");
INSERT INTO views (viewer_id, viewed_id, view_date) VALUES ("108","494","2017-06-21 20:06:17");
INSERT INTO views (viewer_id, viewed_id, view_date) VALUES ("445","494","2017-10-05 14:38:08");
INSERT INTO views (viewer_id, viewed_id, view_date) VALUES ("10","494","2018-02-03 15:39:51");
INSERT INTO views (viewer_id, viewed_id, view_date) VALUES ("143","494","2017-11-07 08:21:54");
INSERT INTO views (viewer_id, viewed_id, view_date) VALUES ("393","494","2017-08-17 08:48:25");
INSERT INTO views (viewer_id, viewed_id, view_date) VALUES ("214","494","2018-02-10 03:15:45");
INSERT INTO views (viewer_id, viewed_id, view_date) VALUES ("53","494","2017-08-17 13:52:13");
INSERT INTO views (viewer_id, viewed_id, view_date) VALUES ("279","494","2017-10-31 20:30:50");
INSERT INTO views (viewer_id, viewed_id, view_date) VALUES ("190","494","2017-03-07 17:48:18");
INSERT INTO views (viewer_id, viewed_id, view_date) VALUES ("315","494","2017-02-21 03:04:22");
INSERT INTO views (viewer_id, viewed_id, view_date) VALUES ("422","494","2017-07-12 00:01:24");


INSERT INTO user (id, first_name, last_name, username, email, password, birthdate, gender, orientation, bio, country, state, city, zip, file_1, file_2, file_3, file_4, file_5, score, token, token_date, active, register, created_at, updated_at) VALUES ("495","Earlene","Rath","hleannon","grimes.laura@yahoo.com","$2y$10$8S5mkQ0Lz6t9YOG7BRzCje/IXvrApLuHXjQhUSCYA/o1A9SWHifDO","1967-10-27 01:01:16","1","3","Dolores expedita voluptatem quibusdam consequatur qui non sunt. Ut illo explicabo repudiandae eveniet sequi fuga quaerat et.","Holy See (Vatican City State)","","Rickeyville","21444","../fixtures/male2.jpg","../fixtures/male4.jpg","","","","83","381a7a90248cc4f70853d5d56acc1500","2017-01-22 17:16:39","0","0","2000-12-10 08:41:22","1990-09-05 19:43:09");
INSERT INTO user_tag (user_id, tag_id) VALUES ("495","3");
INSERT INTO user_tag (user_id, tag_id) VALUES ("495","19");
INSERT INTO user_tag (user_id, tag_id) VALUES ("495","19");
INSERT INTO user_tag (user_id, tag_id) VALUES ("495","20");
INSERT INTO user_tag (user_id, tag_id) VALUES ("495","34");

INSERT INTO connected (user_id, connect_date) VALUES ("495","2017-03-28 15:46:24");
INSERT INTO likes (like_id, liked_id, like_date) VALUES ("378","495","2017-02-23 17:47:49");
INSERT INTO likes (like_id, liked_id, like_date) VALUES ("342","495","2017-12-04 23:01:45");
INSERT INTO views (viewer_id, viewed_id, view_date) VALUES ("200","495","2017-05-13 08:53:33");
INSERT INTO views (viewer_id, viewed_id, view_date) VALUES ("276","495","2017-05-04 09:21:09");
INSERT INTO views (viewer_id, viewed_id, view_date) VALUES ("223","495","2017-12-13 20:47:54");
INSERT INTO views (viewer_id, viewed_id, view_date) VALUES ("322","495","2017-03-02 18:30:31");
INSERT INTO views (viewer_id, viewed_id, view_date) VALUES ("345","495","2017-05-27 22:19:53");
INSERT INTO views (viewer_id, viewed_id, view_date) VALUES ("130","495","2017-10-27 00:43:18");
INSERT INTO views (viewer_id, viewed_id, view_date) VALUES ("339","495","2017-05-11 16:34:44");
INSERT INTO views (viewer_id, viewed_id, view_date) VALUES ("191","495","2018-01-20 13:35:21");
INSERT INTO views (viewer_id, viewed_id, view_date) VALUES ("17","495","2017-04-16 18:30:45");
INSERT INTO views (viewer_id, viewed_id, view_date) VALUES ("387","495","2017-12-31 21:26:09");
INSERT INTO views (viewer_id, viewed_id, view_date) VALUES ("395","495","2017-10-25 16:21:19");
INSERT INTO views (viewer_id, viewed_id, view_date) VALUES ("107","495","2017-10-23 06:50:19");
INSERT INTO views (viewer_id, viewed_id, view_date) VALUES ("323","495","2017-10-06 15:12:30");
INSERT INTO views (viewer_id, viewed_id, view_date) VALUES ("180","495","2017-10-06 07:28:00");
INSERT INTO views (viewer_id, viewed_id, view_date) VALUES ("182","495","2017-03-23 14:18:52");
INSERT INTO views (viewer_id, viewed_id, view_date) VALUES ("176","495","2017-07-30 06:55:52");
INSERT INTO views (viewer_id, viewed_id, view_date) VALUES ("346","495","2017-03-18 07:50:36");
INSERT INTO views (viewer_id, viewed_id, view_date) VALUES ("140","495","2017-08-21 00:55:26");
INSERT INTO views (viewer_id, viewed_id, view_date) VALUES ("87","495","2017-04-19 01:28:05");
INSERT INTO views (viewer_id, viewed_id, view_date) VALUES ("391","495","2017-05-24 03:10:05");
INSERT INTO views (viewer_id, viewed_id, view_date) VALUES ("93","495","2017-05-28 23:14:12");
INSERT INTO views (viewer_id, viewed_id, view_date) VALUES ("359","495","2017-08-08 06:00:32");
INSERT INTO views (viewer_id, viewed_id, view_date) VALUES ("240","495","2017-05-25 22:45:57");
INSERT INTO views (viewer_id, viewed_id, view_date) VALUES ("101","495","2017-02-21 17:05:54");
INSERT INTO views (viewer_id, viewed_id, view_date) VALUES ("186","495","2017-03-15 07:56:24");
INSERT INTO views (viewer_id, viewed_id, view_date) VALUES ("86","495","2017-07-23 19:10:41");
INSERT INTO views (viewer_id, viewed_id, view_date) VALUES ("409","495","2017-11-11 14:42:28");
INSERT INTO views (viewer_id, viewed_id, view_date) VALUES ("130","495","2017-05-04 09:05:56");
INSERT INTO views (viewer_id, viewed_id, view_date) VALUES ("190","495","2017-11-19 18:08:09");
INSERT INTO views (viewer_id, viewed_id, view_date) VALUES ("125","495","2018-01-05 07:20:00");
INSERT INTO views (viewer_id, viewed_id, view_date) VALUES ("491","495","2017-06-02 17:29:02");
INSERT INTO views (viewer_id, viewed_id, view_date) VALUES ("442","495","2017-10-27 06:01:07");
INSERT INTO views (viewer_id, viewed_id, view_date) VALUES ("177","495","2017-03-04 22:47:37");
INSERT INTO views (viewer_id, viewed_id, view_date) VALUES ("225","495","2017-08-29 20:56:51");
INSERT INTO views (viewer_id, viewed_id, view_date) VALUES ("395","495","2018-01-20 01:58:08");
INSERT INTO views (viewer_id, viewed_id, view_date) VALUES ("188","495","2017-12-19 16:36:56");
INSERT INTO views (viewer_id, viewed_id, view_date) VALUES ("342","495","2018-01-28 15:45:25");
INSERT INTO views (viewer_id, viewed_id, view_date) VALUES ("346","495","2017-05-27 11:22:20");


INSERT INTO user (id, first_name, last_name, username, email, password, birthdate, gender, orientation, bio, country, state, city, zip, file_1, file_2, file_3, file_4, file_5, score, token, token_date, active, register, created_at, updated_at) VALUES ("496","Vaughn","Thiel","wkiehn","rath.herta@gmail.com","$2y$10$sCGB6rvJNeTzU6RFInJ29eJKQKnjWvMMU913oBmXSFHFVnJL1FVwq","1997-09-06 14:19:52","2","2","Aut et quas similique praesentium neque et repudiandae officia. Voluptas qui nostrum voluptatibus alias incidunt aliquam. Et laboriosam provident odio sequi similique.","Moldova","","New Blairland","13235-6913","../fixtures/female1.jpg","../fixtures/female2.jpg","","","","51","3083bda4c84917cc0d19f88045c5b4d7","1987-06-17 22:26:54","0","0","1985-05-07 15:30:13","1971-06-27 01:53:35");
INSERT INTO user_tag (user_id, tag_id) VALUES ("496","12");
INSERT INTO user_tag (user_id, tag_id) VALUES ("496","12");
INSERT INTO user_tag (user_id, tag_id) VALUES ("496","6");
INSERT INTO user_tag (user_id, tag_id) VALUES ("496","41");
INSERT INTO user_tag (user_id, tag_id) VALUES ("496","25");
INSERT INTO user_tag (user_id, tag_id) VALUES ("496","43");

INSERT INTO connected (user_id, connect_date) VALUES ("496","2017-09-30 11:10:22");
INSERT INTO likes (like_id, liked_id, like_date) VALUES ("120","496","2018-01-20 03:03:47");
INSERT INTO likes (like_id, liked_id, like_date) VALUES ("126","496","2017-05-02 05:56:15");
INSERT INTO likes (like_id, liked_id, like_date) VALUES ("486","496","2017-09-21 01:02:25");
INSERT INTO views (viewer_id, viewed_id, view_date) VALUES ("4","496","2017-03-12 10:40:12");
INSERT INTO views (viewer_id, viewed_id, view_date) VALUES ("438","496","2017-06-07 03:01:37");
INSERT INTO views (viewer_id, viewed_id, view_date) VALUES ("140","496","2017-05-06 05:27:45");
INSERT INTO views (viewer_id, viewed_id, view_date) VALUES ("396","496","2017-12-24 19:34:36");
INSERT INTO views (viewer_id, viewed_id, view_date) VALUES ("49","496","2017-07-05 11:15:28");


INSERT INTO user (id, first_name, last_name, username, email, password, birthdate, gender, orientation, bio, country, state, city, zip, file_1, file_2, file_3, file_4, file_5, score, token, token_date, active, register, created_at, updated_at) VALUES ("497","Tyrese","Johns","wiegandorlo","boyer.kennith@gmail.com","$2y$10$fyZ.ChZVuMsKeDXBHIKffeUySzxiOtKrHLwgvv88N5CvzSzFr8lwS","1949-07-16 23:14:30","2","2","Voluptatem beatae quo pariatur commodi voluptas. Rerum at reiciendis quisquam. Nesciunt repellendus architecto dolor aut officia quae non quo. Nulla eos ipsa dolor recusandae facere nisi.","United Arab Emirates","","Lake Judsonport","71982","../fixtures/female5.jpg","","","","","47","d10c09b29850577b5f9a331cfb32cba3","1996-10-03 13:34:52","1","0","1981-09-06 04:42:59","1997-03-02 02:10:30");
INSERT INTO user_tag (user_id, tag_id) VALUES ("497","21");
INSERT INTO user_tag (user_id, tag_id) VALUES ("497","26");
INSERT INTO user_tag (user_id, tag_id) VALUES ("497","35");
INSERT INTO user_tag (user_id, tag_id) VALUES ("497","3");
INSERT INTO user_tag (user_id, tag_id) VALUES ("497","20");
INSERT INTO user_tag (user_id, tag_id) VALUES ("497","48");
INSERT INTO user_tag (user_id, tag_id) VALUES ("497","24");
INSERT INTO user_tag (user_id, tag_id) VALUES ("497","17");
INSERT INTO user_tag (user_id, tag_id) VALUES ("497","33");
INSERT INTO user_tag (user_id, tag_id) VALUES ("497","2");

INSERT INTO connected (user_id, connect_date) VALUES ("497","2017-08-06 21:36:54");
INSERT INTO likes (like_id, liked_id, like_date) VALUES ("422","497","2017-02-24 03:41:23");
INSERT INTO views (viewer_id, viewed_id, view_date) VALUES ("285","497","2017-09-16 12:18:48");
INSERT INTO views (viewer_id, viewed_id, view_date) VALUES ("163","497","2017-06-09 12:04:27");
INSERT INTO views (viewer_id, viewed_id, view_date) VALUES ("118","497","2017-05-22 01:32:33");
INSERT INTO views (viewer_id, viewed_id, view_date) VALUES ("366","497","2017-12-19 21:45:09");
INSERT INTO views (viewer_id, viewed_id, view_date) VALUES ("45","497","2017-05-12 21:40:19");
INSERT INTO views (viewer_id, viewed_id, view_date) VALUES ("226","497","2017-10-08 10:19:43");
INSERT INTO views (viewer_id, viewed_id, view_date) VALUES ("279","497","2017-10-15 23:42:49");
INSERT INTO views (viewer_id, viewed_id, view_date) VALUES ("17","497","2017-08-29 13:43:49");
INSERT INTO views (viewer_id, viewed_id, view_date) VALUES ("246","497","2018-02-09 23:10:51");
INSERT INTO views (viewer_id, viewed_id, view_date) VALUES ("343","497","2017-09-22 22:44:18");
INSERT INTO views (viewer_id, viewed_id, view_date) VALUES ("12","497","2017-04-07 17:47:29");
INSERT INTO views (viewer_id, viewed_id, view_date) VALUES ("271","497","2017-08-24 05:06:57");
INSERT INTO views (viewer_id, viewed_id, view_date) VALUES ("142","497","2017-04-16 08:56:07");
INSERT INTO views (viewer_id, viewed_id, view_date) VALUES ("320","497","2017-08-29 00:48:32");
INSERT INTO views (viewer_id, viewed_id, view_date) VALUES ("92","497","2017-11-27 06:27:08");
INSERT INTO views (viewer_id, viewed_id, view_date) VALUES ("104","497","2017-11-07 03:45:05");
INSERT INTO views (viewer_id, viewed_id, view_date) VALUES ("216","497","2017-07-23 23:09:07");
INSERT INTO views (viewer_id, viewed_id, view_date) VALUES ("252","497","2017-07-14 07:31:07");
INSERT INTO views (viewer_id, viewed_id, view_date) VALUES ("48","497","2017-05-06 08:11:06");
INSERT INTO views (viewer_id, viewed_id, view_date) VALUES ("473","497","2017-08-27 06:19:35");


INSERT INTO user (id, first_name, last_name, username, email, password, birthdate, gender, orientation, bio, country, state, city, zip, file_1, file_2, file_3, file_4, file_5, score, token, token_date, active, register, created_at, updated_at) VALUES ("498","Emory","Tillman","dmitchell","jborer@gmail.com","$2y$10$H1PNDMnOX9.0eOP3LkFQKuvSgZirmegZFmh65WnNlika4oLN4xybK","1950-07-30 23:09:34","2","1","Unde veniam dolore praesentium enim expedita. Quia aperiam explicabo rerum quos cupiditate. Aperiam est earum ipsa iste ut sed quo.","French Southern Territories","","Hilpertport","97699","../fixtures/female2.jpg","../fixtures/female5.jpg","","","","72","8db51880d369ac7618f63950431ea1eb","2001-03-03 23:06:08","0","0","1972-01-26 15:43:25","1996-08-19 06:49:10");
INSERT INTO user_tag (user_id, tag_id) VALUES ("498","21");
INSERT INTO user_tag (user_id, tag_id) VALUES ("498","45");
INSERT INTO user_tag (user_id, tag_id) VALUES ("498","48");
INSERT INTO user_tag (user_id, tag_id) VALUES ("498","26");
INSERT INTO user_tag (user_id, tag_id) VALUES ("498","17");

INSERT INTO connected (user_id, connect_date) VALUES ("498","2017-10-05 15:05:17");
INSERT INTO likes (like_id, liked_id, like_date) VALUES ("59","498","2017-05-22 13:16:31");
INSERT INTO likes (like_id, liked_id, like_date) VALUES ("498","498","2017-06-07 10:59:25");
INSERT INTO likes (like_id, liked_id, like_date) VALUES ("46","498","2017-11-21 14:40:51");
INSERT INTO likes (like_id, liked_id, like_date) VALUES ("330","498","2017-12-21 21:32:09");
INSERT INTO likes (like_id, liked_id, like_date) VALUES ("382","498","2017-05-06 11:22:29");
INSERT INTO likes (like_id, liked_id, like_date) VALUES ("79","498","2017-11-27 03:02:25");
INSERT INTO views (viewer_id, viewed_id, view_date) VALUES ("416","498","2017-04-01 11:12:08");
INSERT INTO views (viewer_id, viewed_id, view_date) VALUES ("298","498","2017-04-27 08:31:20");
INSERT INTO views (viewer_id, viewed_id, view_date) VALUES ("291","498","2018-02-08 07:59:11");
INSERT INTO views (viewer_id, viewed_id, view_date) VALUES ("134","498","2017-09-27 22:25:07");
INSERT INTO views (viewer_id, viewed_id, view_date) VALUES ("159","498","2017-02-22 06:59:22");
INSERT INTO views (viewer_id, viewed_id, view_date) VALUES ("142","498","2017-11-30 02:25:10");
INSERT INTO views (viewer_id, viewed_id, view_date) VALUES ("311","498","2017-05-25 14:52:11");
INSERT INTO views (viewer_id, viewed_id, view_date) VALUES ("467","498","2017-05-31 08:46:45");
INSERT INTO views (viewer_id, viewed_id, view_date) VALUES ("187","498","2017-03-23 04:26:07");
INSERT INTO views (viewer_id, viewed_id, view_date) VALUES ("267","498","2017-07-12 15:11:21");
INSERT INTO views (viewer_id, viewed_id, view_date) VALUES ("332","498","2017-05-29 03:01:18");
INSERT INTO views (viewer_id, viewed_id, view_date) VALUES ("369","498","2017-11-10 03:25:06");
INSERT INTO views (viewer_id, viewed_id, view_date) VALUES ("200","498","2017-09-10 17:23:20");
INSERT INTO views (viewer_id, viewed_id, view_date) VALUES ("419","498","2017-04-26 06:56:08");


INSERT INTO user (id, first_name, last_name, username, email, password, birthdate, gender, orientation, bio, country, state, city, zip, file_1, file_2, file_3, file_4, file_5, score, token, token_date, active, register, created_at, updated_at) VALUES ("499","Rubie","Ebert","dareannabell","krajcik.abe@gmail.com","$2y$10$cbOZkHhJNcsOsCVQFHZmYOw7QDqBdyJrakRx4.zcRKMpUtg294lkm","1954-07-04 17:51:10","1","3","Harum voluptatem ut accusamus ad. Doloremque corrupti accusamus iusto quia consectetur. Ad officia rerum eligendi minima sed odio culpa rerum.","Dominica","","Lake Tessside","94410","../fixtures/male8.jpg","","","","","4","700687bc6c960626bb90102ce67997a7","1978-07-11 11:59:30","0","0","1979-12-22 14:19:11","2000-10-26 18:15:29");
INSERT INTO user_tag (user_id, tag_id) VALUES ("499","34");
INSERT INTO user_tag (user_id, tag_id) VALUES ("499","42");

INSERT INTO connected (user_id, connect_date) VALUES ("499","2017-09-07 07:46:52");
INSERT INTO likes (like_id, liked_id, like_date) VALUES ("12","499","2017-04-07 22:17:18");
INSERT INTO likes (like_id, liked_id, like_date) VALUES ("230","499","2017-03-19 06:32:10");
INSERT INTO likes (like_id, liked_id, like_date) VALUES ("100","499","2017-07-31 15:50:17");
INSERT INTO likes (like_id, liked_id, like_date) VALUES ("16","499","2017-03-19 09:34:32");
INSERT INTO likes (like_id, liked_id, like_date) VALUES ("382","499","2017-08-31 16:52:09");
INSERT INTO likes (like_id, liked_id, like_date) VALUES ("68","499","2017-08-04 14:05:00");
INSERT INTO likes (like_id, liked_id, like_date) VALUES ("225","499","2017-09-06 02:31:45");
INSERT INTO likes (like_id, liked_id, like_date) VALUES ("16","499","2017-11-16 16:28:51");
INSERT INTO likes (like_id, liked_id, like_date) VALUES ("328","499","2017-03-30 19:58:13");
INSERT INTO likes (like_id, liked_id, like_date) VALUES ("272","499","2017-02-24 07:38:00");
INSERT INTO likes (like_id, liked_id, like_date) VALUES ("194","499","2017-10-16 21:05:24");
INSERT INTO likes (like_id, liked_id, like_date) VALUES ("87","499","2018-02-05 07:25:07");
INSERT INTO likes (like_id, liked_id, like_date) VALUES ("315","499","2017-08-11 13:01:46");
INSERT INTO likes (like_id, liked_id, like_date) VALUES ("460","499","2017-09-25 10:53:59");
INSERT INTO likes (like_id, liked_id, like_date) VALUES ("447","499","2017-12-11 05:38:44");
INSERT INTO views (viewer_id, viewed_id, view_date) VALUES ("119","499","2017-09-22 03:00:07");
INSERT INTO views (viewer_id, viewed_id, view_date) VALUES ("468","499","2018-01-28 08:40:57");


INSERT INTO user (id, first_name, last_name, username, email, password, birthdate, gender, orientation, bio, country, state, city, zip, file_1, file_2, file_3, file_4, file_5, score, token, token_date, active, register, created_at, updated_at) VALUES ("500","Nella","Hansen","dolly26","kirsten.kihn@keeling.com","$2y$10$3XTpKAkZHSMRjGSwvKUpf.J79o/7jXGG7mKurpftz6SBpuslyzSiO","1979-02-24 01:39:05","1","2","Architecto quia rerum occaecati magnam animi sunt asperiores omnis. Non sed soluta fugit et animi id sed.","Dominican Republic","","Mauricebury","62604-6888","../fixtures/male1.jpg","../fixtures/male5.jpg","../fixtures/male5.jpg","","","70","e56bd03254a5b2b378565f3e0842cf0d","1989-03-31 09:10:18","0","0","1987-03-17 13:44:55","1982-06-18 11:44:24");
INSERT INTO user_tag (user_id, tag_id) VALUES ("500","29");
INSERT INTO user_tag (user_id, tag_id) VALUES ("500","28");
INSERT INTO user_tag (user_id, tag_id) VALUES ("500","50");
INSERT INTO user_tag (user_id, tag_id) VALUES ("500","20");
INSERT INTO user_tag (user_id, tag_id) VALUES ("500","10");
INSERT INTO user_tag (user_id, tag_id) VALUES ("500","26");

INSERT INTO connected (user_id, connect_date) VALUES ("500","2017-11-22 17:08:11");
INSERT INTO likes (like_id, liked_id, like_date) VALUES ("37","500","2018-02-12 15:42:43");
INSERT INTO likes (like_id, liked_id, like_date) VALUES ("468","500","2017-10-21 13:42:56");
INSERT INTO likes (like_id, liked_id, like_date) VALUES ("438","500","2017-05-15 19:03:53");
INSERT INTO likes (like_id, liked_id, like_date) VALUES ("207","500","2017-12-13 03:25:04");
INSERT INTO likes (like_id, liked_id, like_date) VALUES ("98","500","2017-05-06 13:29:21");
INSERT INTO likes (like_id, liked_id, like_date) VALUES ("63","500","2017-03-08 02:41:22");
INSERT INTO likes (like_id, liked_id, like_date) VALUES ("72","500","2017-07-19 15:18:17");
INSERT INTO likes (like_id, liked_id, like_date) VALUES ("148","500","2017-08-29 06:40:04");
INSERT INTO likes (like_id, liked_id, like_date) VALUES ("188","500","2017-11-02 16:29:55");
INSERT INTO likes (like_id, liked_id, like_date) VALUES ("284","500","2017-09-07 04:14:12");
INSERT INTO likes (like_id, liked_id, like_date) VALUES ("162","500","2017-09-17 12:51:06");
INSERT INTO likes (like_id, liked_id, like_date) VALUES ("278","500","2017-12-18 09:06:19");
INSERT INTO likes (like_id, liked_id, like_date) VALUES ("297","500","2017-12-27 18:49:22");
INSERT INTO likes (like_id, liked_id, like_date) VALUES ("77","500","2017-10-27 17:50:16");
INSERT INTO likes (like_id, liked_id, like_date) VALUES ("172","500","2017-05-02 08:23:14");
INSERT INTO likes (like_id, liked_id, like_date) VALUES ("135","500","2017-11-23 10:11:57");
INSERT INTO likes (like_id, liked_id, like_date) VALUES ("98","500","2017-06-09 01:12:43");
INSERT INTO likes (like_id, liked_id, like_date) VALUES ("91","500","2017-04-01 14:27:31");
INSERT INTO likes (like_id, liked_id, like_date) VALUES ("398","500","2017-08-16 06:39:36");
INSERT INTO likes (like_id, liked_id, like_date) VALUES ("67","500","2017-11-05 12:44:47");
INSERT INTO views (viewer_id, viewed_id, view_date) VALUES ("132","500","2017-04-07 10:18:57");
INSERT INTO views (viewer_id, viewed_id, view_date) VALUES ("467","500","2017-03-03 04:14:03");
INSERT INTO views (viewer_id, viewed_id, view_date) VALUES ("24","500","2017-04-15 22:55:12");
INSERT INTO views (viewer_id, viewed_id, view_date) VALUES ("425","500","2018-01-03 15:49:46");
INSERT INTO views (viewer_id, viewed_id, view_date) VALUES ("150","500","2017-03-16 08:38:13");
INSERT INTO views (viewer_id, viewed_id, view_date) VALUES ("198","500","2017-08-30 16:25:51");
INSERT INTO views (viewer_id, viewed_id, view_date) VALUES ("328","500","2018-02-13 04:03:06");
INSERT INTO views (viewer_id, viewed_id, view_date) VALUES ("353","500","2018-01-26 13:49:52");


